semana,tienda,region,tipo_tienda,departamento,festivo,ventas_usd,unidades,margen
2024-01-05,T01,Sur,Supercenter,Alimentacion,0,107637.3,13011,0.254
2024-01-05,T01,Sur,Supercenter,Electronica,0,96172.12,2821,0.224
2024-01-05,T01,Sur,Supercenter,Hogar,0,56905.71,1959,0.226
2024-01-05,T01,Sur,Supercenter,Ropa,0,39243.77,1198,0.288
2024-01-05,T01,Sur,Supercenter,Juguetes,0,37892.25,1043,0.248
2024-01-05,T01,Sur,Supercenter,Farmacia,0,45164.65,1574,0.28
2024-01-05,T01,Sur,Supercenter,Jardin,0,20959.78,867,0.283
2024-01-12,T01,Sur,Supercenter,Alimentacion,0,124069.14,3134,0.183
2024-01-12,T01,Sur,Supercenter,Electronica,0,64322.56,3493,0.247
2024-01-12,T01,Sur,Supercenter,Hogar,0,64012.02,2237,0.248
2024-01-12,T01,Sur,Supercenter,Ropa,0,56083.94,2434,0.263
2024-01-12,T01,Sur,Supercenter,Juguetes,0,29178.66,3300,0.221
2024-01-12,T01,Sur,Supercenter,Farmacia,0,49595.93,1976,0.217
2024-01-12,T01,Sur,Supercenter,Jardin,0,29190.25,2140,0.262
2024-01-19,T01,Sur,Supercenter,Alimentacion,0,127032.85,5748,0.219
2024-01-19,T01,Sur,Supercenter,Electronica,0,94356.95,4411,0.168
2024-01-19,T01,Sur,Supercenter,Hogar,0,44971.7,1031,0.26
2024-01-19,T01,Sur,Supercenter,Ropa,0,57168.07,3204,0.305
2024-01-19,T01,Sur,Supercenter,Juguetes,0,42563.73,1232,0.193
2024-01-19,T01,Sur,Supercenter,Farmacia,0,37778.19,3266,0.223
2024-01-19,T01,Sur,Supercenter,Jardin,0,28397.9,1833,0.262
2024-01-26,T01,Sur,Supercenter,Alimentacion,0,137513.49,9457,0.168
2024-01-26,T01,Sur,Supercenter,Electronica,0,101090.61,2919,0.252
2024-01-26,T01,Sur,Supercenter,Hogar,0,62800.53,2120,0.228
2024-01-26,T01,Sur,Supercenter,Ropa,0,38322.23,1638,0.251
2024-01-26,T01,Sur,Supercenter,Juguetes,0,36333.47,1798,0.258
2024-01-26,T01,Sur,Supercenter,Farmacia,0,33345.38,1121,0.208
2024-01-26,T01,Sur,Supercenter,Jardin,0,36612.91,1241,0.171
2024-02-02,T01,Sur,Supercenter,Alimentacion,0,138434.71,15653,0.166
2024-02-02,T01,Sur,Supercenter,Electronica,0,86586.64,2342,0.282
2024-02-02,T01,Sur,Supercenter,Hogar,0,57876.87,2212,0.261
2024-02-02,T01,Sur,Supercenter,Ropa,0,53248.0,2086,0.253
2024-02-02,T01,Sur,Supercenter,Juguetes,0,32779.85,1202,0.209
2024-02-02,T01,Sur,Supercenter,Farmacia,0,31197.98,808,0.248
2024-02-02,T01,Sur,Supercenter,Jardin,0,22875.18,802,0.156
2024-02-09,T01,Sur,Supercenter,Alimentacion,0,144840.18,7869,0.254
2024-02-09,T01,Sur,Supercenter,Electronica,0,99435.25,2728,0.289
2024-02-09,T01,Sur,Supercenter,Hogar,0,72906.97,4413,0.192
2024-02-09,T01,Sur,Supercenter,Ropa,0,52731.09,2427,0.199
2024-02-09,T01,Sur,Supercenter,Juguetes,0,43209.17,2189,0.287
2024-02-09,T01,Sur,Supercenter,Farmacia,0,38268.54,1414,0.238
2024-02-09,T01,Sur,Supercenter,Jardin,0,36804.11,2611,0.217
2024-02-16,T01,Sur,Supercenter,Alimentacion,0,126161.78,2821,0.249
2024-02-16,T01,Sur,Supercenter,Electronica,0,100570.16,2455,0.234
2024-02-16,T01,Sur,Supercenter,Hogar,0,59004.08,2996,0.251
2024-02-16,T01,Sur,Supercenter,Ropa,0,56002.7,2565,0.261
2024-02-16,T01,Sur,Supercenter,Juguetes,0,41864.45,2363,0.179
2024-02-16,T01,Sur,Supercenter,Farmacia,0,36957.18,2946,0.326
2024-02-16,T01,Sur,Supercenter,Jardin,0,23103.33,1578,0.313
2024-02-23,T01,Sur,Supercenter,Alimentacion,0,160775.93,10530,0.195
2024-02-23,T01,Sur,Supercenter,Electronica,0,102082.27,2322,0.24
2024-02-23,T01,Sur,Supercenter,Hogar,0,45878.07,5387,0.31
2024-02-23,T01,Sur,Supercenter,Ropa,0,39773.44,1202,0.137
2024-02-23,T01,Sur,Supercenter,Juguetes,0,36603.44,1086,0.179
2024-02-23,T01,Sur,Supercenter,Farmacia,0,35875.62,950,0.286
2024-02-23,T01,Sur,Supercenter,Jardin,0,33354.94,2595,0.216
2024-03-01,T01,Sur,Supercenter,Alimentacion,0,115595.68,4432,0.267
2024-03-01,T01,Sur,Supercenter,Electronica,0,111440.44,5991,0.205
2024-03-01,T01,Sur,Supercenter,Hogar,0,41710.98,1461,0.249
2024-03-01,T01,Sur,Supercenter,Ropa,0,38979.35,2954,0.251
2024-03-01,T01,Sur,Supercenter,Juguetes,0,46665.62,1552,0.197
2024-03-01,T01,Sur,Supercenter,Farmacia,0,51748.86,2045,0.21
2024-03-01,T01,Sur,Supercenter,Jardin,0,20732.57,1722,0.204
2024-03-08,T01,Sur,Supercenter,Alimentacion,0,154652.4,9312,0.232
2024-03-08,T01,Sur,Supercenter,Electronica,0,93082.72,2320,0.351
2024-03-08,T01,Sur,Supercenter,Hogar,0,55283.37,2530,0.296
2024-03-08,T01,Sur,Supercenter,Ropa,0,55704.66,1389,0.167
2024-03-08,T01,Sur,Supercenter,Juguetes,0,30947.94,1846,0.185
2024-03-08,T01,Sur,Supercenter,Farmacia,0,52069.38,4377,0.181
2024-03-08,T01,Sur,Supercenter,Jardin,0,30824.85,2298,0.326
2024-03-15,T01,Sur,Supercenter,Alimentacion,0,116334.96,8731,0.279
2024-03-15,T01,Sur,Supercenter,Electronica,0,69953.1,3774,0.233
2024-03-15,T01,Sur,Supercenter,Hogar,0,44883.63,5110,0.227
2024-03-15,T01,Sur,Supercenter,Ropa,0,41085.01,4118,0.264
2024-03-15,T01,Sur,Supercenter,Juguetes,0,40418.8,1791,0.258
2024-03-15,T01,Sur,Supercenter,Farmacia,0,43876.77,1086,0.204
2024-03-15,T01,Sur,Supercenter,Jardin,0,21181.32,1439,0.381
2024-03-22,T01,Sur,Supercenter,Alimentacion,0,111534.5,3828,0.259
2024-03-22,T01,Sur,Supercenter,Electronica,0,63847.42,2925,0.253
2024-03-22,T01,Sur,Supercenter,Hogar,0,44399.9,1143,0.253
2024-03-22,T01,Sur,Supercenter,Ropa,0,64064.07,5490,0.286
2024-03-22,T01,Sur,Supercenter,Juguetes,0,45274.58,1023,0.216
2024-03-22,T01,Sur,Supercenter,Farmacia,0,51095.55,1608,0.225
2024-03-22,T01,Sur,Supercenter,Jardin,0,22775.46,818,0.248
2024-03-29,T01,Sur,Supercenter,Alimentacion,0,159437.73,6346,0.228
2024-03-29,T01,Sur,Supercenter,Electronica,0,94844.28,5310,0.221
2024-03-29,T01,Sur,Supercenter,Hogar,0,57569.48,2457,0.326
2024-03-29,T01,Sur,Supercenter,Ropa,0,46992.74,2179,0.224
2024-03-29,T01,Sur,Supercenter,Juguetes,0,33827.75,1013,0.223
2024-03-29,T01,Sur,Supercenter,Farmacia,0,55542.6,1325,0.327
2024-03-29,T01,Sur,Supercenter,Jardin,0,26167.73,940,0.327
2024-04-05,T01,Sur,Supercenter,Alimentacion,0,143292.25,3794,0.225
2024-04-05,T01,Sur,Supercenter,Electronica,0,94495.32,5063,0.289
2024-04-05,T01,Sur,Supercenter,Hogar,0,47926.19,1421,0.23
2024-04-05,T01,Sur,Supercenter,Ropa,0,54554.44,4736,0.331
2024-04-05,T01,Sur,Supercenter,Juguetes,0,27374.09,642,0.237
2024-04-05,T01,Sur,Supercenter,Farmacia,0,55805.73,1482,0.316
2024-04-05,T01,Sur,Supercenter,Jardin,0,34118.78,911,0.189
2024-04-12,T01,Sur,Supercenter,Alimentacion,0,111849.23,3749,0.206
2024-04-12,T01,Sur,Supercenter,Electronica,0,93615.68,6529,0.298
2024-04-12,T01,Sur,Supercenter,Hogar,0,60879.44,2411,0.255
2024-04-12,T01,Sur,Supercenter,Ropa,0,59135.05,1573,0.321
2024-04-12,T01,Sur,Supercenter,Juguetes,0,38643.95,910,0.27
2024-04-12,T01,Sur,Supercenter,Farmacia,0,33705.08,2997,0.258
2024-04-12,T01,Sur,Supercenter,Jardin,0,27747.35,757,0.281
2024-04-19,T01,Sur,Supercenter,Alimentacion,0,118170.41,2865,0.252
2024-04-19,T01,Sur,Supercenter,Electronica,0,75466.77,3514,0.233
2024-04-19,T01,Sur,Supercenter,Hogar,0,46358.15,3442,0.29
2024-04-19,T01,Sur,Supercenter,Ropa,0,49148.89,2215,0.314
2024-04-19,T01,Sur,Supercenter,Juguetes,0,37624.38,882,0.25
2024-04-19,T01,Sur,Supercenter,Farmacia,0,43216.29,1971,0.306
2024-04-19,T01,Sur,Supercenter,Jardin,0,32983.45,763,0.268
2024-04-26,T01,Sur,Supercenter,Alimentacion,0,158883.35,5032,0.14
2024-04-26,T01,Sur,Supercenter,Electronica,0,92150.26,2760,0.245
2024-04-26,T01,Sur,Supercenter,Hogar,0,56744.76,1472,0.177
2024-04-26,T01,Sur,Supercenter,Ropa,0,49781.23,2043,0.262
2024-04-26,T01,Sur,Supercenter,Juguetes,0,45620.03,1236,0.169
2024-04-26,T01,Sur,Supercenter,Farmacia,0,56807.46,1401,0.216
2024-04-26,T01,Sur,Supercenter,Jardin,0,35068.72,2937,0.247
2024-05-03,T01,Sur,Supercenter,Alimentacion,0,99015.17,2403,0.267
2024-05-03,T01,Sur,Supercenter,Electronica,0,73906.88,5560,0.25
2024-05-03,T01,Sur,Supercenter,Hogar,0,47779.15,1145,0.266
2024-05-03,T01,Sur,Supercenter,Ropa,0,36843.33,4492,0.281
2024-05-03,T01,Sur,Supercenter,Juguetes,0,38782.48,1029,0.166
2024-05-03,T01,Sur,Supercenter,Farmacia,0,52931.58,5231,0.277
2024-05-03,T01,Sur,Supercenter,Jardin,0,36659.74,1002,0.294
2024-05-10,T01,Sur,Supercenter,Alimentacion,0,157894.58,16645,0.202
2024-05-10,T01,Sur,Supercenter,Electronica,0,67820.8,2543,0.308
2024-05-10,T01,Sur,Supercenter,Hogar,0,62895.16,1592,0.21
2024-05-10,T01,Sur,Supercenter,Ropa,0,58237.5,3845,0.222
2024-05-10,T01,Sur,Supercenter,Juguetes,0,41057.45,927,0.171
2024-05-10,T01,Sur,Supercenter,Farmacia,0,32061.45,1040,0.264
2024-05-10,T01,Sur,Supercenter,Jardin,0,35895.73,1047,0.286
2024-05-17,T01,Sur,Supercenter,Alimentacion,0,99116.01,6701,0.187
2024-05-17,T01,Sur,Supercenter,Electronica,0,85339.91,2305,0.231
2024-05-17,T01,Sur,Supercenter,Hogar,0,60878.84,4553,0.306
2024-05-17,T01,Sur,Supercenter,Ropa,0,44965.94,1530,0.293
2024-05-17,T01,Sur,Supercenter,Juguetes,0,39730.02,928,0.259
2024-05-17,T01,Sur,Supercenter,Farmacia,0,43977.24,1916,0.338
2024-05-17,T01,Sur,Supercenter,Jardin,0,22507.06,1736,0.248
2024-05-24,T01,Sur,Supercenter,Alimentacion,0,115891.51,4862,0.257
2024-05-24,T01,Sur,Supercenter,Electronica,0,94585.19,4070,0.198
2024-05-24,T01,Sur,Supercenter,Hogar,0,48459.12,1627,0.184
2024-05-24,T01,Sur,Supercenter,Ropa,0,36840.18,1568,0.337
2024-05-24,T01,Sur,Supercenter,Juguetes,0,30461.2,1043,0.257
2024-05-24,T01,Sur,Supercenter,Farmacia,0,49061.46,1534,0.249
2024-05-24,T01,Sur,Supercenter,Jardin,0,25955.12,698,0.293
2024-05-31,T01,Sur,Supercenter,Alimentacion,0,125872.02,4039,0.37
2024-05-31,T01,Sur,Supercenter,Electronica,0,88184.81,2501,0.245
2024-05-31,T01,Sur,Supercenter,Hogar,0,73083.59,2743,0.231
2024-05-31,T01,Sur,Supercenter,Ropa,0,60236.12,3067,0.197
2024-05-31,T01,Sur,Supercenter,Juguetes,0,36336.77,2957,0.273
2024-05-31,T01,Sur,Supercenter,Farmacia,0,52736.89,5244,0.226
2024-05-31,T01,Sur,Supercenter,Jardin,0,26268.71,1824,0.287
2024-06-07,T01,Sur,Supercenter,Alimentacion,0,150389.32,17603,0.14
2024-06-07,T01,Sur,Supercenter,Electronica,0,106238.04,4879,0.285
2024-06-07,T01,Sur,Supercenter,Hogar,0,61873.97,4978,0.092
2024-06-07,T01,Sur,Supercenter,Ropa,0,65092.87,1451,0.262
2024-06-07,T01,Sur,Supercenter,Juguetes,0,32328.98,966,0.162
2024-06-07,T01,Sur,Supercenter,Farmacia,0,40813.25,1286,0.236
2024-06-07,T01,Sur,Supercenter,Jardin,0,24079.54,877,0.273
2024-06-14,T01,Sur,Supercenter,Alimentacion,0,104959.21,2695,0.321
2024-06-14,T01,Sur,Supercenter,Electronica,0,90454.8,2316,0.307
2024-06-14,T01,Sur,Supercenter,Hogar,0,45797.5,1862,0.218
2024-06-14,T01,Sur,Supercenter,Ropa,0,38187.6,1062,0.253
2024-06-14,T01,Sur,Supercenter,Juguetes,0,35793.85,2636,0.193
2024-06-14,T01,Sur,Supercenter,Farmacia,0,54446.35,5640,0.162
2024-06-14,T01,Sur,Supercenter,Jardin,0,25532.34,976,0.297
2024-06-21,T01,Sur,Supercenter,Alimentacion,0,130745.3,11765,0.156
2024-06-21,T01,Sur,Supercenter,Electronica,0,105557.54,3341,0.231
2024-06-21,T01,Sur,Supercenter,Hogar,0,64302.11,1774,0.25
2024-06-21,T01,Sur,Supercenter,Ropa,0,46965.07,1679,0.273
2024-06-21,T01,Sur,Supercenter,Juguetes,0,44001.79,1701,0.255
2024-06-21,T01,Sur,Supercenter,Farmacia,0,53000.02,1986,0.225
2024-06-21,T01,Sur,Supercenter,Jardin,0,30696.9,777,0.178
2024-06-28,T01,Sur,Supercenter,Alimentacion,0,131180.63,4742,0.196
2024-06-28,T01,Sur,Supercenter,Electronica,0,82188.92,1959,0.243
2024-06-28,T01,Sur,Supercenter,Hogar,0,47054.6,2291,0.277
2024-06-28,T01,Sur,Supercenter,Ropa,0,36496.0,862,0.267
2024-06-28,T01,Sur,Supercenter,Juguetes,0,32254.01,1070,0.237
2024-06-28,T01,Sur,Supercenter,Farmacia,0,37929.96,1115,0.249
2024-06-28,T01,Sur,Supercenter,Jardin,0,37605.09,1214,0.302
2024-07-05,T01,Sur,Supercenter,Alimentacion,0,151865.36,3666,0.12
2024-07-05,T01,Sur,Supercenter,Electronica,0,111838.88,3028,0.186
2024-07-05,T01,Sur,Supercenter,Hogar,0,44835.11,1277,0.181
2024-07-05,T01,Sur,Supercenter,Ropa,0,52677.53,1635,0.321
2024-07-05,T01,Sur,Supercenter,Juguetes,0,47067.02,2521,0.331
2024-07-05,T01,Sur,Supercenter,Farmacia,0,50321.2,2416,0.157
2024-07-05,T01,Sur,Supercenter,Jardin,0,21137.07,574,0.214
2024-07-12,T01,Sur,Supercenter,Alimentacion,0,169517.04,6725,0.151
2024-07-12,T01,Sur,Supercenter,Electronica,0,82872.77,2217,0.304
2024-07-12,T01,Sur,Supercenter,Hogar,0,60285.43,1600,0.267
2024-07-12,T01,Sur,Supercenter,Ropa,0,60931.83,6504,0.156
2024-07-12,T01,Sur,Supercenter,Juguetes,0,26590.94,2207,0.252
2024-07-12,T01,Sur,Supercenter,Farmacia,0,49356.98,1347,0.2
2024-07-12,T01,Sur,Supercenter,Jardin,0,33362.77,886,0.252
2024-07-19,T01,Sur,Supercenter,Alimentacion,0,110364.66,3558,0.218
2024-07-19,T01,Sur,Supercenter,Electronica,0,61497.41,2274,0.209
2024-07-19,T01,Sur,Supercenter,Hogar,0,41877.18,1832,0.219
2024-07-19,T01,Sur,Supercenter,Ropa,0,56307.52,3352,0.119
2024-07-19,T01,Sur,Supercenter,Juguetes,0,33140.03,837,0.22
2024-07-19,T01,Sur,Supercenter,Farmacia,0,46129.27,2033,0.226
2024-07-19,T01,Sur,Supercenter,Jardin,0,35937.94,2405,0.269
2024-07-26,T01,Sur,Supercenter,Alimentacion,0,118823.3,3438,0.275
2024-07-26,T01,Sur,Supercenter,Electronica,0,113704.65,5995,0.223
2024-07-26,T01,Sur,Supercenter,Hogar,0,45630.36,1558,0.153
2024-07-26,T01,Sur,Supercenter,Ropa,0,47754.13,1140,0.332
2024-07-26,T01,Sur,Supercenter,Juguetes,0,28465.27,1322,0.185
2024-07-26,T01,Sur,Supercenter,Farmacia,0,35933.47,4152,0.197
2024-07-26,T01,Sur,Supercenter,Jardin,0,31526.84,1522,0.224
2024-08-02,T01,Sur,Supercenter,Alimentacion,0,167443.1,4674,0.195
2024-08-02,T01,Sur,Supercenter,Electronica,0,76202.22,1850,0.155
2024-08-02,T01,Sur,Supercenter,Hogar,0,52229.8,1254,0.214
2024-08-02,T01,Sur,Supercenter,Ropa,0,58473.26,1958,0.254
2024-08-02,T01,Sur,Supercenter,Juguetes,0,32075.66,1894,0.282
2024-08-02,T01,Sur,Supercenter,Farmacia,0,34711.64,860,0.259
2024-08-02,T01,Sur,Supercenter,Jardin,0,30248.22,810,0.232
2024-08-09,T01,Sur,Supercenter,Alimentacion,0,126420.85,4934,0.303
2024-08-09,T01,Sur,Supercenter,Electronica,0,96683.91,2534,0.215
2024-08-09,T01,Sur,Supercenter,Hogar,0,68411.39,4606,0.28
2024-08-09,T01,Sur,Supercenter,Ropa,0,38856.72,1208,0.219
2024-08-09,T01,Sur,Supercenter,Juguetes,0,36743.51,1529,0.288
2024-08-09,T01,Sur,Supercenter,Farmacia,0,55829.21,4726,0.201
2024-08-09,T01,Sur,Supercenter,Jardin,0,24727.32,2372,0.194
2024-08-16,T01,Sur,Supercenter,Alimentacion,0,132540.96,6774,0.228
2024-08-16,T01,Sur,Supercenter,Electronica,0,67121.19,3019,0.292
2024-08-16,T01,Sur,Supercenter,Hogar,0,65281.82,4168,0.268
2024-08-16,T01,Sur,Supercenter,Ropa,0,47807.94,2041,0.239
2024-08-16,T01,Sur,Supercenter,Juguetes,0,27977.45,700,0.239
2024-08-16,T01,Sur,Supercenter,Farmacia,0,43972.37,1684,0.162
2024-08-16,T01,Sur,Supercenter,Jardin,0,27969.96,758,0.189
2024-08-23,T01,Sur,Supercenter,Alimentacion,0,112397.84,5639,0.126
2024-08-23,T01,Sur,Supercenter,Electronica,0,86458.51,2597,0.313
2024-08-23,T01,Sur,Supercenter,Hogar,0,52418.59,1235,0.183
2024-08-23,T01,Sur,Supercenter,Ropa,0,49849.28,1452,0.243
2024-08-23,T01,Sur,Supercenter,Juguetes,0,26561.96,2025,0.254
2024-08-23,T01,Sur,Supercenter,Farmacia,0,30873.67,2062,0.28
2024-08-23,T01,Sur,Supercenter,Jardin,0,22356.74,722,0.29
2024-08-30,T01,Sur,Supercenter,Alimentacion,0,136725.25,4582,0.147
2024-08-30,T01,Sur,Supercenter,Electronica,0,61510.08,1554,0.33
2024-08-30,T01,Sur,Supercenter,Hogar,0,46537.8,1271,0.195
2024-08-30,T01,Sur,Supercenter,Ropa,0,43523.88,1036,0.189
2024-08-30,T01,Sur,Supercenter,Juguetes,0,38727.77,871,0.297
2024-08-30,T01,Sur,Supercenter,Farmacia,0,51979.86,2627,0.272
2024-08-30,T01,Sur,Supercenter,Jardin,0,30935.12,1932,0.272
2024-09-06,T01,Sur,Supercenter,Alimentacion,0,116910.01,10735,0.257
2024-09-06,T01,Sur,Supercenter,Electronica,0,79454.54,9128,0.212
2024-09-06,T01,Sur,Supercenter,Hogar,0,66226.76,1936,0.326
2024-09-06,T01,Sur,Supercenter,Ropa,0,45450.23,1110,0.308
2024-09-06,T01,Sur,Supercenter,Juguetes,0,28282.79,2123,0.185
2024-09-06,T01,Sur,Supercenter,Farmacia,0,35171.16,1313,0.175
2024-09-06,T01,Sur,Supercenter,Jardin,0,20490.52,2378,0.33
2024-09-13,T01,Sur,Supercenter,Alimentacion,0,137940.33,10865,0.252
2024-09-13,T01,Sur,Supercenter,Electronica,0,107489.46,3861,0.186
2024-09-13,T01,Sur,Supercenter,Hogar,0,50404.03,5107,0.177
2024-09-13,T01,Sur,Supercenter,Ropa,0,44764.16,1375,0.151
2024-09-13,T01,Sur,Supercenter,Juguetes,0,25922.8,862,0.293
2024-09-13,T01,Sur,Supercenter,Farmacia,0,53574.29,3081,0.198
2024-09-13,T01,Sur,Supercenter,Jardin,0,30109.09,1328,0.259
2024-09-20,T01,Sur,Supercenter,Alimentacion,0,149056.4,5144,0.233
2024-09-20,T01,Sur,Supercenter,Electronica,0,112899.88,4801,0.251
2024-09-20,T01,Sur,Supercenter,Hogar,0,41277.27,1102,0.253
2024-09-20,T01,Sur,Supercenter,Ropa,0,48231.73,4201,0.256
2024-09-20,T01,Sur,Supercenter,Juguetes,0,34167.81,1027,0.254
2024-09-20,T01,Sur,Supercenter,Farmacia,0,55875.81,3826,0.312
2024-09-20,T01,Sur,Supercenter,Jardin,0,35455.3,848,0.182
2024-09-27,T01,Sur,Supercenter,Alimentacion,0,128895.2,3668,0.241
2024-09-27,T01,Sur,Supercenter,Electronica,0,81164.99,2991,0.301
2024-09-27,T01,Sur,Supercenter,Hogar,0,66435.14,1797,0.318
2024-09-27,T01,Sur,Supercenter,Ropa,0,38940.07,939,0.202
2024-09-27,T01,Sur,Supercenter,Juguetes,0,42987.01,3675,0.311
2024-09-27,T01,Sur,Supercenter,Farmacia,0,50153.61,5663,0.335
2024-09-27,T01,Sur,Supercenter,Jardin,0,27021.6,780,0.235
2024-10-04,T01,Sur,Supercenter,Alimentacion,0,122974.41,6208,0.399
2024-10-04,T01,Sur,Supercenter,Electronica,0,91768.59,3966,0.288
2024-10-04,T01,Sur,Supercenter,Hogar,0,73585.03,2908,0.285
2024-10-04,T01,Sur,Supercenter,Ropa,0,47289.68,2094,0.241
2024-10-04,T01,Sur,Supercenter,Juguetes,0,29088.92,872,0.143
2024-10-04,T01,Sur,Supercenter,Farmacia,0,55701.19,3274,0.168
2024-10-04,T01,Sur,Supercenter,Jardin,0,33609.09,827,0.205
2024-10-11,T01,Sur,Supercenter,Alimentacion,0,107808.99,7248,0.22
2024-10-11,T01,Sur,Supercenter,Electronica,0,85857.45,4878,0.254
2024-10-11,T01,Sur,Supercenter,Hogar,0,57696.0,1326,0.243
2024-10-11,T01,Sur,Supercenter,Ropa,0,50913.29,4209,0.239
2024-10-11,T01,Sur,Supercenter,Juguetes,0,31974.81,880,0.239
2024-10-11,T01,Sur,Supercenter,Farmacia,0,54302.95,1222,0.184
2024-10-11,T01,Sur,Supercenter,Jardin,0,37100.88,3481,0.254
2024-10-18,T01,Sur,Supercenter,Alimentacion,0,115872.76,4071,0.115
2024-10-18,T01,Sur,Supercenter,Electronica,0,105673.51,3428,0.212
2024-10-18,T01,Sur,Supercenter,Hogar,0,46627.69,2684,0.224
2024-10-18,T01,Sur,Supercenter,Ropa,0,61830.84,2087,0.197
2024-10-18,T01,Sur,Supercenter,Juguetes,0,32002.36,1472,0.259
2024-10-18,T01,Sur,Supercenter,Farmacia,0,50584.57,1382,0.319
2024-10-18,T01,Sur,Supercenter,Jardin,0,36900.29,2960,0.229
2024-10-25,T01,Sur,Supercenter,Alimentacion,0,99799.26,5610,0.186
2024-10-25,T01,Sur,Supercenter,Electronica,0,70686.16,3033,0.268
2024-10-25,T01,Sur,Supercenter,Hogar,0,49426.36,1441,0.298
2024-10-25,T01,Sur,Supercenter,Ropa,0,62524.37,3041,0.266
2024-10-25,T01,Sur,Supercenter,Juguetes,0,30960.34,1815,0.224
2024-10-25,T01,Sur,Supercenter,Farmacia,0,55310.53,1353,0.211
2024-10-25,T01,Sur,Supercenter,Jardin,0,29481.09,1127,0.232
2024-11-01,T01,Sur,Supercenter,Alimentacion,1,134154.07,5571,0.244
2024-11-01,T01,Sur,Supercenter,Electronica,1,122147.39,2825,0.298
2024-11-01,T01,Sur,Supercenter,Hogar,1,74208.99,5280,0.269
2024-11-01,T01,Sur,Supercenter,Ropa,1,42098.14,2423,0.287
2024-11-01,T01,Sur,Supercenter,Juguetes,1,50630.47,1207,0.284
2024-11-01,T01,Sur,Supercenter,Farmacia,1,46596.84,1848,0.254
2024-11-01,T01,Sur,Supercenter,Jardin,1,29730.07,1991,0.093
2024-11-08,T01,Sur,Supercenter,Alimentacion,1,156345.11,4411,0.154
2024-11-08,T01,Sur,Supercenter,Electronica,1,124719.51,2964,0.182
2024-11-08,T01,Sur,Supercenter,Hogar,1,42594.79,2060,0.216
2024-11-08,T01,Sur,Supercenter,Ropa,1,54809.56,1531,0.26
2024-11-08,T01,Sur,Supercenter,Juguetes,1,54293.06,1287,0.19
2024-11-08,T01,Sur,Supercenter,Farmacia,1,47407.71,5863,0.172
2024-11-08,T01,Sur,Supercenter,Jardin,1,25336.95,2460,0.286
2024-11-15,T01,Sur,Supercenter,Alimentacion,1,102054.63,7484,0.235
2024-11-15,T01,Sur,Supercenter,Electronica,1,147408.38,3500,0.19
2024-11-15,T01,Sur,Supercenter,Hogar,1,66261.66,2644,0.219
2024-11-15,T01,Sur,Supercenter,Ropa,1,54104.65,2122,0.263
2024-11-15,T01,Sur,Supercenter,Juguetes,1,59442.63,4083,0.277
2024-11-15,T01,Sur,Supercenter,Farmacia,1,52842.28,5568,0.17
2024-11-15,T01,Sur,Supercenter,Jardin,1,36041.74,1008,0.27
2024-11-22,T01,Sur,Supercenter,Alimentacion,1,133748.1,4125,0.284
2024-11-22,T01,Sur,Supercenter,Electronica,1,199828.36,9270,0.306
2024-11-22,T01,Sur,Supercenter,Hogar,1,54953.21,1908,0.278
2024-11-22,T01,Sur,Supercenter,Ropa,1,51324.59,1234,0.281
2024-11-22,T01,Sur,Supercenter,Juguetes,1,71428.91,3456,0.219
2024-11-22,T01,Sur,Supercenter,Farmacia,1,42183.97,3333,0.257
2024-11-22,T01,Sur,Supercenter,Jardin,1,32103.56,995,0.278
2024-11-29,T01,Sur,Supercenter,Alimentacion,1,93448.56,4653,0.312
2024-11-29,T01,Sur,Supercenter,Electronica,1,183818.65,4613,0.188
2024-11-29,T01,Sur,Supercenter,Hogar,1,64219.7,5022,0.226
2024-11-29,T01,Sur,Supercenter,Ropa,1,39982.71,2162,0.257
2024-11-29,T01,Sur,Supercenter,Juguetes,1,81796.46,5279,0.271
2024-11-29,T01,Sur,Supercenter,Farmacia,1,49045.41,1133,0.131
2024-11-29,T01,Sur,Supercenter,Jardin,1,24885.55,799,0.292
2024-12-06,T01,Sur,Supercenter,Alimentacion,1,168775.73,7406,0.215
2024-12-06,T01,Sur,Supercenter,Electronica,1,112465.41,4932,0.24
2024-12-06,T01,Sur,Supercenter,Hogar,1,62202.58,2546,0.28
2024-12-06,T01,Sur,Supercenter,Ropa,1,61893.67,3106,0.289
2024-12-06,T01,Sur,Supercenter,Juguetes,1,65236.16,2078,0.202
2024-12-06,T01,Sur,Supercenter,Farmacia,1,37042.1,886,0.267
2024-12-06,T01,Sur,Supercenter,Jardin,1,35181.2,796,0.178
2024-12-13,T01,Sur,Supercenter,Alimentacion,1,152120.14,4200,0.362
2024-12-13,T01,Sur,Supercenter,Electronica,1,153412.56,9083,0.247
2024-12-13,T01,Sur,Supercenter,Hogar,1,50968.78,2906,0.262
2024-12-13,T01,Sur,Supercenter,Ropa,1,48293.64,3000,0.217
2024-12-13,T01,Sur,Supercenter,Juguetes,1,79836.92,5620,0.237
2024-12-13,T01,Sur,Supercenter,Farmacia,1,39455.57,1051,0.312
2024-12-13,T01,Sur,Supercenter,Jardin,1,22841.57,623,0.184
2024-12-20,T01,Sur,Supercenter,Alimentacion,1,122614.67,2727,0.194
2024-12-20,T01,Sur,Supercenter,Electronica,1,124822.2,5279,0.38
2024-12-20,T01,Sur,Supercenter,Hogar,1,73498.19,1659,0.252
2024-12-20,T01,Sur,Supercenter,Ropa,1,39962.59,1072,0.243
2024-12-20,T01,Sur,Supercenter,Juguetes,1,80793.09,2482,0.17
2024-12-20,T01,Sur,Supercenter,Farmacia,1,52488.42,3613,0.226
2024-12-20,T01,Sur,Supercenter,Jardin,1,30085.36,1134,0.28
2024-12-27,T01,Sur,Supercenter,Alimentacion,1,143300.07,3205,0.301
2024-12-27,T01,Sur,Supercenter,Electronica,1,119267.95,3414,0.289
2024-12-27,T01,Sur,Supercenter,Hogar,1,51984.19,2073,0.271
2024-12-27,T01,Sur,Supercenter,Ropa,1,37310.65,1134,0.185
2024-12-27,T01,Sur,Supercenter,Juguetes,1,76957.85,1984,0.2
2024-12-27,T01,Sur,Supercenter,Farmacia,1,41570.02,2089,0.314
2024-12-27,T01,Sur,Supercenter,Jardin,1,34447.23,1315,0.228
2024-01-05,T02,Noreste,Neighborhood,Alimentacion,0,49127.67,1212,0.297
2024-01-05,T02,Noreste,Neighborhood,Electronica,0,32992.11,1188,0.191
2024-01-05,T02,Noreste,Neighborhood,Hogar,0,20316.75,2533,0.203
2024-01-05,T02,Noreste,Neighborhood,Ropa,0,28299.6,3046,0.226
2024-01-05,T02,Noreste,Neighborhood,Juguetes,0,20719.05,1457,0.228
2024-01-05,T02,Noreste,Neighborhood,Farmacia,0,25333.6,658,0.227
2024-01-05,T02,Noreste,Neighborhood,Jardin,0,16542.52,1447,0.232
2024-01-12,T02,Noreste,Neighborhood,Alimentacion,0,71389.94,4073,0.242
2024-01-12,T02,Noreste,Neighborhood,Electronica,0,41755.07,1167,0.326
2024-01-12,T02,Noreste,Neighborhood,Hogar,0,25566.35,1586,0.213
2024-01-12,T02,Noreste,Neighborhood,Ropa,0,27962.37,2255,0.264
2024-01-12,T02,Noreste,Neighborhood,Juguetes,0,13983.77,965,0.292
2024-01-12,T02,Noreste,Neighborhood,Farmacia,0,19557.14,438,0.254
2024-01-12,T02,Noreste,Neighborhood,Jardin,0,15162.55,616,0.246
2024-01-19,T02,Noreste,Neighborhood,Alimentacion,0,76536.21,1735,0.117
2024-01-19,T02,Noreste,Neighborhood,Electronica,0,33961.12,2100,0.222
2024-01-19,T02,Noreste,Neighborhood,Hogar,0,24253.17,689,0.191
2024-01-19,T02,Noreste,Neighborhood,Ropa,0,25038.34,647,0.33
2024-01-19,T02,Noreste,Neighborhood,Juguetes,0,12424.85,1263,0.183
2024-01-19,T02,Noreste,Neighborhood,Farmacia,0,20652.79,1171,0.19
2024-01-19,T02,Noreste,Neighborhood,Jardin,0,16031.97,415,0.202
2024-01-26,T02,Noreste,Neighborhood,Alimentacion,0,58178.97,3229,0.261
2024-01-26,T02,Noreste,Neighborhood,Electronica,0,37021.16,1282,0.2
2024-01-26,T02,Noreste,Neighborhood,Hogar,0,20537.86,2554,0.171
2024-01-26,T02,Noreste,Neighborhood,Ropa,0,30047.29,941,0.271
2024-01-26,T02,Noreste,Neighborhood,Juguetes,0,21418.12,843,0.29
2024-01-26,T02,Noreste,Neighborhood,Farmacia,0,26267.5,2574,0.337
2024-01-26,T02,Noreste,Neighborhood,Jardin,0,14598.03,958,0.194
2024-02-02,T02,Noreste,Neighborhood,Alimentacion,0,51758.55,4435,0.174
2024-02-02,T02,Noreste,Neighborhood,Electronica,0,39719.73,2736,0.235
2024-02-02,T02,Noreste,Neighborhood,Hogar,0,33769.48,1700,0.204
2024-02-02,T02,Noreste,Neighborhood,Ropa,0,17813.06,839,0.255
2024-02-02,T02,Noreste,Neighborhood,Juguetes,0,18504.88,1186,0.231
2024-02-02,T02,Noreste,Neighborhood,Farmacia,0,26194.09,2240,0.171
2024-02-02,T02,Noreste,Neighborhood,Jardin,0,10679.17,345,0.18
2024-02-09,T02,Noreste,Neighborhood,Alimentacion,0,75685.22,2107,0.305
2024-02-09,T02,Noreste,Neighborhood,Electronica,0,42301.9,942,0.195
2024-02-09,T02,Noreste,Neighborhood,Hogar,0,26122.14,1307,0.211
2024-02-09,T02,Noreste,Neighborhood,Ropa,0,25416.67,671,0.213
2024-02-09,T02,Noreste,Neighborhood,Juguetes,0,22338.29,844,0.244
2024-02-09,T02,Noreste,Neighborhood,Farmacia,0,19544.88,659,0.241
2024-02-09,T02,Noreste,Neighborhood,Jardin,0,12393.17,818,0.318
2024-02-16,T02,Noreste,Neighborhood,Alimentacion,0,76201.1,2556,0.324
2024-02-16,T02,Noreste,Neighborhood,Electronica,0,39368.25,1642,0.243
2024-02-16,T02,Noreste,Neighborhood,Hogar,0,34877.18,820,0.231
2024-02-16,T02,Noreste,Neighborhood,Ropa,0,21807.24,883,0.316
2024-02-16,T02,Noreste,Neighborhood,Juguetes,0,16956.86,523,0.204
2024-02-16,T02,Noreste,Neighborhood,Farmacia,0,18585.13,893,0.238
2024-02-16,T02,Noreste,Neighborhood,Jardin,0,10506.84,742,0.29
2024-02-23,T02,Noreste,Neighborhood,Alimentacion,0,58318.69,3659,0.218
2024-02-23,T02,Noreste,Neighborhood,Electronica,0,48036.67,2741,0.198
2024-02-23,T02,Noreste,Neighborhood,Hogar,0,34889.43,1158,0.27
2024-02-23,T02,Noreste,Neighborhood,Ropa,0,17773.78,413,0.221
2024-02-23,T02,Noreste,Neighborhood,Juguetes,0,21768.36,739,0.241
2024-02-23,T02,Noreste,Neighborhood,Farmacia,0,15059.31,453,0.258
2024-02-23,T02,Noreste,Neighborhood,Jardin,0,9939.5,279,0.131
2024-03-01,T02,Noreste,Neighborhood,Alimentacion,0,62341.67,2470,0.243
2024-03-01,T02,Noreste,Neighborhood,Electronica,0,48814.13,2412,0.239
2024-03-01,T02,Noreste,Neighborhood,Hogar,0,25652.25,887,0.248
2024-03-01,T02,Noreste,Neighborhood,Ropa,0,19348.36,527,0.134
2024-03-01,T02,Noreste,Neighborhood,Juguetes,0,17734.37,405,0.161
2024-03-01,T02,Noreste,Neighborhood,Farmacia,0,25269.14,1691,0.192
2024-03-01,T02,Noreste,Neighborhood,Jardin,0,17033.56,779,0.113
2024-03-08,T02,Noreste,Neighborhood,Alimentacion,0,74132.59,2870,0.227
2024-03-08,T02,Noreste,Neighborhood,Electronica,0,53699.61,1762,0.302
2024-03-08,T02,Noreste,Neighborhood,Hogar,0,25601.0,1091,0.181
2024-03-08,T02,Noreste,Neighborhood,Ropa,0,28593.0,733,0.26
2024-03-08,T02,Noreste,Neighborhood,Juguetes,0,15311.43,379,0.23
2024-03-08,T02,Noreste,Neighborhood,Farmacia,0,21080.94,838,0.3
2024-03-08,T02,Noreste,Neighborhood,Jardin,0,11079.56,338,0.239
2024-03-15,T02,Noreste,Neighborhood,Alimentacion,0,66926.05,7057,0.288
2024-03-15,T02,Noreste,Neighborhood,Electronica,0,42206.7,2649,0.234
2024-03-15,T02,Noreste,Neighborhood,Hogar,0,22577.0,1088,0.186
2024-03-15,T02,Noreste,Neighborhood,Ropa,0,30817.11,1340,0.261
2024-03-15,T02,Noreste,Neighborhood,Juguetes,0,22294.38,2029,0.273
2024-03-15,T02,Noreste,Neighborhood,Farmacia,0,25466.15,809,0.2
2024-03-15,T02,Noreste,Neighborhood,Jardin,0,13309.4,1426,0.214
2024-03-22,T02,Noreste,Neighborhood,Alimentacion,0,80976.71,1862,0.256
2024-03-22,T02,Noreste,Neighborhood,Electronica,0,46793.59,2441,0.235
2024-03-22,T02,Noreste,Neighborhood,Hogar,0,20188.59,473,0.175
2024-03-22,T02,Noreste,Neighborhood,Ropa,0,18720.29,1832,0.336
2024-03-22,T02,Noreste,Neighborhood,Juguetes,0,13769.96,495,0.215
2024-03-22,T02,Noreste,Neighborhood,Farmacia,0,21668.1,954,0.221
2024-03-22,T02,Noreste,Neighborhood,Jardin,0,10244.26,233,0.283
2024-03-29,T02,Noreste,Neighborhood,Alimentacion,0,50831.57,2735,0.184
2024-03-29,T02,Noreste,Neighborhood,Electronica,0,31511.69,786,0.288
2024-03-29,T02,Noreste,Neighborhood,Hogar,0,33265.3,754,0.26
2024-03-29,T02,Noreste,Neighborhood,Ropa,0,30759.71,2422,0.258
2024-03-29,T02,Noreste,Neighborhood,Juguetes,0,17830.04,634,0.255
2024-03-29,T02,Noreste,Neighborhood,Farmacia,0,26720.6,784,0.097
2024-03-29,T02,Noreste,Neighborhood,Jardin,0,13520.39,606,0.152
2024-04-05,T02,Noreste,Neighborhood,Alimentacion,0,58409.03,5159,0.186
2024-04-05,T02,Noreste,Neighborhood,Electronica,0,48644.7,1985,0.206
2024-04-05,T02,Noreste,Neighborhood,Hogar,0,29636.72,3186,0.263
2024-04-05,T02,Noreste,Neighborhood,Ropa,0,20007.73,453,0.27
2024-04-05,T02,Noreste,Neighborhood,Juguetes,0,17518.49,410,0.17
2024-04-05,T02,Noreste,Neighborhood,Farmacia,0,17531.09,1785,0.23
2024-04-05,T02,Noreste,Neighborhood,Jardin,0,10246.02,673,0.275
2024-04-12,T02,Noreste,Neighborhood,Alimentacion,0,77936.84,2795,0.24
2024-04-12,T02,Noreste,Neighborhood,Electronica,0,34200.19,909,0.351
2024-04-12,T02,Noreste,Neighborhood,Hogar,0,33833.71,784,0.308
2024-04-12,T02,Noreste,Neighborhood,Ropa,0,18327.78,1120,0.29
2024-04-12,T02,Noreste,Neighborhood,Juguetes,0,21995.29,999,0.229
2024-04-12,T02,Noreste,Neighborhood,Farmacia,0,21331.08,1444,0.31
2024-04-12,T02,Noreste,Neighborhood,Jardin,0,15159.65,460,0.281
2024-04-19,T02,Noreste,Neighborhood,Alimentacion,0,52304.09,1506,0.277
2024-04-19,T02,Noreste,Neighborhood,Electronica,0,52563.18,3515,0.197
2024-04-19,T02,Noreste,Neighborhood,Hogar,0,27727.9,1018,0.236
2024-04-19,T02,Noreste,Neighborhood,Ropa,0,23372.96,521,0.178
2024-04-19,T02,Noreste,Neighborhood,Juguetes,0,17124.8,725,0.258
2024-04-19,T02,Noreste,Neighborhood,Farmacia,0,21986.83,1337,0.233
2024-04-19,T02,Noreste,Neighborhood,Jardin,0,10141.93,228,0.316
2024-04-26,T02,Noreste,Neighborhood,Alimentacion,0,77348.57,3021,0.224
2024-04-26,T02,Noreste,Neighborhood,Electronica,0,49702.88,1554,0.22
2024-04-26,T02,Noreste,Neighborhood,Hogar,0,26570.39,840,0.355
2024-04-26,T02,Noreste,Neighborhood,Ropa,0,26206.84,1256,0.258
2024-04-26,T02,Noreste,Neighborhood,Juguetes,0,19143.89,439,0.197
2024-04-26,T02,Noreste,Neighborhood,Farmacia,0,19889.2,522,0.242
2024-04-26,T02,Noreste,Neighborhood,Jardin,0,15854.23,633,0.169
2024-05-03,T02,Noreste,Neighborhood,Alimentacion,0,71667.57,5576,0.296
2024-05-03,T02,Noreste,Neighborhood,Electronica,0,44820.05,1257,0.23
2024-05-03,T02,Noreste,Neighborhood,Hogar,0,23978.33,1982,0.167
2024-05-03,T02,Noreste,Neighborhood,Ropa,0,19258.48,1257,0.262
2024-05-03,T02,Noreste,Neighborhood,Juguetes,0,17660.48,434,0.256
2024-05-03,T02,Noreste,Neighborhood,Farmacia,0,23426.29,1617,0.284
2024-05-03,T02,Noreste,Neighborhood,Jardin,0,13703.66,1018,0.249
2024-05-10,T02,Noreste,Neighborhood,Alimentacion,0,55291.22,4350,0.209
2024-05-10,T02,Noreste,Neighborhood,Electronica,0,46774.37,4417,0.185
2024-05-10,T02,Noreste,Neighborhood,Hogar,0,32468.8,910,0.276
2024-05-10,T02,Noreste,Neighborhood,Ropa,0,23541.67,613,0.209
2024-05-10,T02,Noreste,Neighborhood,Juguetes,0,15905.1,1095,0.229
2024-05-10,T02,Noreste,Neighborhood,Farmacia,0,19476.59,1151,0.238
2024-05-10,T02,Noreste,Neighborhood,Jardin,0,12332.87,681,0.243
2024-05-17,T02,Noreste,Neighborhood,Alimentacion,0,60182.66,3132,0.14
2024-05-17,T02,Noreste,Neighborhood,Electronica,0,35053.11,967,0.204
2024-05-17,T02,Noreste,Neighborhood,Hogar,0,27732.64,872,0.143
2024-05-17,T02,Noreste,Neighborhood,Ropa,0,31568.01,1028,0.228
2024-05-17,T02,Noreste,Neighborhood,Juguetes,0,21609.13,579,0.294
2024-05-17,T02,Noreste,Neighborhood,Farmacia,0,15591.76,1816,0.133
2024-05-17,T02,Noreste,Neighborhood,Jardin,0,13836.19,599,0.255
2024-05-24,T02,Noreste,Neighborhood,Alimentacion,0,64431.31,1654,0.34
2024-05-24,T02,Noreste,Neighborhood,Electronica,0,34782.73,931,0.156
2024-05-24,T02,Noreste,Neighborhood,Hogar,0,36010.99,893,0.227
2024-05-24,T02,Noreste,Neighborhood,Ropa,0,21589.82,944,0.235
2024-05-24,T02,Noreste,Neighborhood,Juguetes,0,18461.29,431,0.151
2024-05-24,T02,Noreste,Neighborhood,Farmacia,0,21537.57,1135,0.26
2024-05-24,T02,Noreste,Neighborhood,Jardin,0,11344.4,1118,0.211
2024-05-31,T02,Noreste,Neighborhood,Alimentacion,0,58835.35,1513,0.209
2024-05-31,T02,Noreste,Neighborhood,Electronica,0,33951.63,2342,0.28
2024-05-31,T02,Noreste,Neighborhood,Hogar,0,23847.13,570,0.247
2024-05-31,T02,Noreste,Neighborhood,Ropa,0,26886.79,705,0.193
2024-05-31,T02,Noreste,Neighborhood,Juguetes,0,15024.16,343,0.248
2024-05-31,T02,Noreste,Neighborhood,Farmacia,0,19950.12,831,0.241
2024-05-31,T02,Noreste,Neighborhood,Jardin,0,16180.92,442,0.239
2024-06-07,T02,Noreste,Neighborhood,Alimentacion,0,75038.34,4724,0.241
2024-06-07,T02,Noreste,Neighborhood,Electronica,0,43429.14,969,0.257
2024-06-07,T02,Noreste,Neighborhood,Hogar,0,22902.27,842,0.268
2024-06-07,T02,Noreste,Neighborhood,Ropa,0,18305.37,809,0.159
2024-06-07,T02,Noreste,Neighborhood,Juguetes,0,16016.86,1068,0.191
2024-06-07,T02,Noreste,Neighborhood,Farmacia,0,19701.36,765,0.17
2024-06-07,T02,Noreste,Neighborhood,Jardin,0,15068.53,449,0.259
2024-06-14,T02,Noreste,Neighborhood,Alimentacion,0,59171.36,2581,0.252
2024-06-14,T02,Noreste,Neighborhood,Electronica,0,35299.97,1008,0.237
2024-06-14,T02,Noreste,Neighborhood,Hogar,0,21066.14,831,0.169
2024-06-14,T02,Noreste,Neighborhood,Ropa,0,19709.69,783,0.265
2024-06-14,T02,Noreste,Neighborhood,Juguetes,0,20437.21,491,0.221
2024-06-14,T02,Noreste,Neighborhood,Farmacia,0,17901.83,986,0.238
2024-06-14,T02,Noreste,Neighborhood,Jardin,0,10843.37,252,0.267
2024-06-21,T02,Noreste,Neighborhood,Alimentacion,0,52155.79,1326,0.256
2024-06-21,T02,Noreste,Neighborhood,Electronica,0,30033.03,2146,0.242
2024-06-21,T02,Noreste,Neighborhood,Hogar,0,32480.37,2055,0.25
2024-06-21,T02,Noreste,Neighborhood,Ropa,0,29412.95,746,0.32
2024-06-21,T02,Noreste,Neighborhood,Juguetes,0,12674.32,316,0.179
2024-06-21,T02,Noreste,Neighborhood,Farmacia,0,22311.2,617,0.239
2024-06-21,T02,Noreste,Neighborhood,Jardin,0,16222.97,379,0.152
2024-06-28,T02,Noreste,Neighborhood,Alimentacion,0,60272.66,1490,0.23
2024-06-28,T02,Noreste,Neighborhood,Electronica,0,47767.56,1245,0.119
2024-06-28,T02,Noreste,Neighborhood,Hogar,0,21400.28,1272,0.243
2024-06-28,T02,Noreste,Neighborhood,Ropa,0,24373.13,824,0.231
2024-06-28,T02,Noreste,Neighborhood,Juguetes,0,20341.74,486,0.304
2024-06-28,T02,Noreste,Neighborhood,Farmacia,0,23780.72,718,0.228
2024-06-28,T02,Noreste,Neighborhood,Jardin,0,11288.96,301,0.152
2024-07-05,T02,Noreste,Neighborhood,Alimentacion,0,70791.62,1687,0.359
2024-07-05,T02,Noreste,Neighborhood,Electronica,0,37953.33,1200,0.33
2024-07-05,T02,Noreste,Neighborhood,Hogar,0,35874.45,3127,0.251
2024-07-05,T02,Noreste,Neighborhood,Ropa,0,29770.71,1608,0.205
2024-07-05,T02,Noreste,Neighborhood,Juguetes,0,16133.89,364,0.247
2024-07-05,T02,Noreste,Neighborhood,Farmacia,0,18342.78,502,0.159
2024-07-05,T02,Noreste,Neighborhood,Jardin,0,14769.56,456,0.204
2024-07-12,T02,Noreste,Neighborhood,Alimentacion,0,44649.73,2765,0.189
2024-07-12,T02,Noreste,Neighborhood,Electronica,0,43238.11,1641,0.208
2024-07-12,T02,Noreste,Neighborhood,Hogar,0,25239.33,630,0.252
2024-07-12,T02,Noreste,Neighborhood,Ropa,0,22786.48,530,0.213
2024-07-12,T02,Noreste,Neighborhood,Juguetes,0,19954.53,1138,0.171
2024-07-12,T02,Noreste,Neighborhood,Farmacia,0,23899.99,586,0.178
2024-07-12,T02,Noreste,Neighborhood,Jardin,0,14144.22,384,0.359
2024-07-19,T02,Noreste,Neighborhood,Alimentacion,0,52382.83,5816,0.184
2024-07-19,T02,Noreste,Neighborhood,Electronica,0,46899.04,1488,0.124
2024-07-19,T02,Noreste,Neighborhood,Hogar,0,28293.77,1104,0.217
2024-07-19,T02,Noreste,Neighborhood,Ropa,0,26343.49,1704,0.232
2024-07-19,T02,Noreste,Neighborhood,Juguetes,0,20600.61,984,0.272
2024-07-19,T02,Noreste,Neighborhood,Farmacia,0,16339.89,371,0.246
2024-07-19,T02,Noreste,Neighborhood,Jardin,0,17398.01,857,0.27
2024-07-26,T02,Noreste,Neighborhood,Alimentacion,0,51671.57,4560,0.17
2024-07-26,T02,Noreste,Neighborhood,Electronica,0,30937.38,693,0.296
2024-07-26,T02,Noreste,Neighborhood,Hogar,0,21645.15,560,0.214
2024-07-26,T02,Noreste,Neighborhood,Ropa,0,28296.59,902,0.235
2024-07-26,T02,Noreste,Neighborhood,Juguetes,0,18796.25,688,0.168
2024-07-26,T02,Noreste,Neighborhood,Farmacia,0,20167.98,969,0.172
2024-07-26,T02,Noreste,Neighborhood,Jardin,0,11132.22,297,0.246
2024-08-02,T02,Noreste,Neighborhood,Alimentacion,0,49488.39,2891,0.265
2024-08-02,T02,Noreste,Neighborhood,Electronica,0,37407.31,1120,0.201
2024-08-02,T02,Noreste,Neighborhood,Hogar,0,20732.21,571,0.215
2024-08-02,T02,Noreste,Neighborhood,Ropa,0,20165.21,602,0.209
2024-08-02,T02,Noreste,Neighborhood,Juguetes,0,15220.04,523,0.295
2024-08-02,T02,Noreste,Neighborhood,Farmacia,0,21503.63,693,0.353
2024-08-02,T02,Noreste,Neighborhood,Jardin,0,14912.7,1147,0.181
2024-08-09,T02,Noreste,Neighborhood,Alimentacion,0,69026.58,2075,0.187
2024-08-09,T02,Noreste,Neighborhood,Electronica,0,40322.12,1742,0.179
2024-08-09,T02,Noreste,Neighborhood,Hogar,0,23141.67,951,0.38
2024-08-09,T02,Noreste,Neighborhood,Ropa,0,20463.17,528,0.217
2024-08-09,T02,Noreste,Neighborhood,Juguetes,0,20066.12,787,0.325
2024-08-09,T02,Noreste,Neighborhood,Farmacia,0,22321.24,527,0.173
2024-08-09,T02,Noreste,Neighborhood,Jardin,0,14122.27,466,0.313
2024-08-16,T02,Noreste,Neighborhood,Alimentacion,0,46426.52,1714,0.118
2024-08-16,T02,Noreste,Neighborhood,Electronica,0,52188.71,1987,0.301
2024-08-16,T02,Noreste,Neighborhood,Hogar,0,35467.46,1437,0.255
2024-08-16,T02,Noreste,Neighborhood,Ropa,0,20169.49,1750,0.24
2024-08-16,T02,Noreste,Neighborhood,Juguetes,0,16645.81,456,0.147
2024-08-16,T02,Noreste,Neighborhood,Farmacia,0,14979.43,514,0.233
2024-08-16,T02,Noreste,Neighborhood,Jardin,0,17557.77,1237,0.238
2024-08-23,T02,Noreste,Neighborhood,Alimentacion,0,55962.41,1763,0.22
2024-08-23,T02,Noreste,Neighborhood,Electronica,0,48139.22,2911,0.264
2024-08-23,T02,Noreste,Neighborhood,Hogar,0,27770.59,771,0.288
2024-08-23,T02,Noreste,Neighborhood,Ropa,0,31567.99,1938,0.254
2024-08-23,T02,Noreste,Neighborhood,Juguetes,0,14755.78,832,0.217
2024-08-23,T02,Noreste,Neighborhood,Farmacia,0,26991.98,604,0.264
2024-08-23,T02,Noreste,Neighborhood,Jardin,0,15041.66,377,0.278
2024-08-30,T02,Noreste,Neighborhood,Alimentacion,0,51375.01,1864,0.196
2024-08-30,T02,Noreste,Neighborhood,Electronica,0,36732.59,1513,0.318
2024-08-30,T02,Noreste,Neighborhood,Hogar,0,35848.1,863,0.277
2024-08-30,T02,Noreste,Neighborhood,Ropa,0,20930.66,1053,0.261
2024-08-30,T02,Noreste,Neighborhood,Juguetes,0,17987.29,673,0.251
2024-08-30,T02,Noreste,Neighborhood,Farmacia,0,19679.8,550,0.195
2024-08-30,T02,Noreste,Neighborhood,Jardin,0,12473.06,981,0.284
2024-09-06,T02,Noreste,Neighborhood,Alimentacion,0,75615.44,3084,0.138
2024-09-06,T02,Noreste,Neighborhood,Electronica,0,48131.67,1688,0.221
2024-09-06,T02,Noreste,Neighborhood,Hogar,0,24707.63,1698,0.252
2024-09-06,T02,Noreste,Neighborhood,Ropa,0,21016.67,2020,0.264
2024-09-06,T02,Noreste,Neighborhood,Juguetes,0,18205.43,2067,0.292
2024-09-06,T02,Noreste,Neighborhood,Farmacia,0,16519.44,542,0.273
2024-09-06,T02,Noreste,Neighborhood,Jardin,0,13407.49,1258,0.291
2024-09-13,T02,Noreste,Neighborhood,Alimentacion,0,77209.76,9183,0.23
2024-09-13,T02,Noreste,Neighborhood,Electronica,0,51744.36,1826,0.252
2024-09-13,T02,Noreste,Neighborhood,Hogar,0,22815.51,703,0.209
2024-09-13,T02,Noreste,Neighborhood,Ropa,0,25745.62,595,0.149
2024-09-13,T02,Noreste,Neighborhood,Juguetes,0,15274.73,595,0.311
2024-09-13,T02,Noreste,Neighborhood,Farmacia,0,17381.84,1791,0.311
2024-09-13,T02,Noreste,Neighborhood,Jardin,0,15644.61,1801,0.14
2024-09-20,T02,Noreste,Neighborhood,Alimentacion,0,67874.24,2219,0.25
2024-09-20,T02,Noreste,Neighborhood,Electronica,0,49410.65,1439,0.291
2024-09-20,T02,Noreste,Neighborhood,Hogar,0,27350.96,901,0.132
2024-09-20,T02,Noreste,Neighborhood,Ropa,0,17627.65,1083,0.162
2024-09-20,T02,Noreste,Neighborhood,Juguetes,0,16458.22,1132,0.186
2024-09-20,T02,Noreste,Neighborhood,Farmacia,0,26144.36,1692,0.27
2024-09-20,T02,Noreste,Neighborhood,Jardin,0,9867.27,233,0.182
2024-09-27,T02,Noreste,Neighborhood,Alimentacion,0,44184.94,1219,0.217
2024-09-27,T02,Noreste,Neighborhood,Electronica,0,51794.29,1179,0.265
2024-09-27,T02,Noreste,Neighborhood,Hogar,0,20739.07,525,0.3
2024-09-27,T02,Noreste,Neighborhood,Ropa,0,25968.81,1107,0.291
2024-09-27,T02,Noreste,Neighborhood,Juguetes,0,13747.28,388,0.185
2024-09-27,T02,Noreste,Neighborhood,Farmacia,0,23696.48,601,0.296
2024-09-27,T02,Noreste,Neighborhood,Jardin,0,13965.44,714,0.211
2024-10-04,T02,Noreste,Neighborhood,Alimentacion,0,71214.77,3288,0.277
2024-10-04,T02,Noreste,Neighborhood,Electronica,0,34642.83,1376,0.197
2024-10-04,T02,Noreste,Neighborhood,Hogar,0,31668.03,1983,0.32
2024-10-04,T02,Noreste,Neighborhood,Ropa,0,22520.65,569,0.206
2024-10-04,T02,Noreste,Neighborhood,Juguetes,0,18590.01,439,0.245
2024-10-04,T02,Noreste,Neighborhood,Farmacia,0,23235.98,521,0.221
2024-10-04,T02,Noreste,Neighborhood,Jardin,0,10454.89,317,0.195
2024-10-11,T02,Noreste,Neighborhood,Alimentacion,0,46403.81,1813,0.243
2024-10-11,T02,Noreste,Neighborhood,Electronica,0,36280.77,1778,0.207
2024-10-11,T02,Noreste,Neighborhood,Hogar,0,28101.5,717,0.285
2024-10-11,T02,Noreste,Neighborhood,Ropa,0,30899.55,963,0.211
2024-10-11,T02,Noreste,Neighborhood,Juguetes,0,21364.28,818,0.226
2024-10-11,T02,Noreste,Neighborhood,Farmacia,0,16485.62,493,0.264
2024-10-11,T02,Noreste,Neighborhood,Jardin,0,12105.85,919,0.218
2024-10-18,T02,Noreste,Neighborhood,Alimentacion,0,59265.46,2170,0.225
2024-10-18,T02,Noreste,Neighborhood,Electronica,0,29956.23,974,0.173
2024-10-18,T02,Noreste,Neighborhood,Hogar,0,30288.37,2519,0.251
2024-10-18,T02,Noreste,Neighborhood,Ropa,0,20626.91,828,0.249
2024-10-18,T02,Noreste,Neighborhood,Juguetes,0,20585.51,936,0.227
2024-10-18,T02,Noreste,Neighborhood,Farmacia,0,21993.82,2497,0.25
2024-10-18,T02,Noreste,Neighborhood,Jardin,0,12590.97,533,0.172
2024-10-25,T02,Noreste,Neighborhood,Alimentacion,0,73077.65,1704,0.252
2024-10-25,T02,Noreste,Neighborhood,Electronica,0,44183.99,1218,0.26
2024-10-25,T02,Noreste,Neighborhood,Hogar,0,32557.84,1036,0.213
2024-10-25,T02,Noreste,Neighborhood,Ropa,0,31308.16,3272,0.207
2024-10-25,T02,Noreste,Neighborhood,Juguetes,0,17843.7,1328,0.17
2024-10-25,T02,Noreste,Neighborhood,Farmacia,0,26918.57,3129,0.184
2024-10-25,T02,Noreste,Neighborhood,Jardin,0,16737.9,837,0.177
2024-11-01,T02,Noreste,Neighborhood,Alimentacion,1,80395.78,3144,0.239
2024-11-01,T02,Noreste,Neighborhood,Electronica,1,95007.19,5327,0.239
2024-11-01,T02,Noreste,Neighborhood,Hogar,1,20948.08,884,0.264
2024-11-01,T02,Noreste,Neighborhood,Ropa,1,24331.38,553,0.246
2024-11-01,T02,Noreste,Neighborhood,Juguetes,1,31323.17,786,0.166
2024-11-01,T02,Noreste,Neighborhood,Farmacia,1,18069.97,455,0.25
2024-11-01,T02,Noreste,Neighborhood,Jardin,1,14139.48,320,0.215
2024-11-08,T02,Noreste,Neighborhood,Alimentacion,1,55031.35,6014,0.246
2024-11-08,T02,Noreste,Neighborhood,Electronica,1,61484.6,1854,0.29
2024-11-08,T02,Noreste,Neighborhood,Hogar,1,30679.52,1728,0.286
2024-11-08,T02,Noreste,Neighborhood,Ropa,1,22092.94,640,0.202
2024-11-08,T02,Noreste,Neighborhood,Juguetes,1,28638.34,724,0.273
2024-11-08,T02,Noreste,Neighborhood,Farmacia,1,17249.58,417,0.184
2024-11-08,T02,Noreste,Neighborhood,Jardin,1,10043.19,381,0.298
2024-11-15,T02,Noreste,Neighborhood,Alimentacion,1,52672.23,1477,0.243
2024-11-15,T02,Noreste,Neighborhood,Electronica,1,88778.33,2080,0.149
2024-11-15,T02,Noreste,Neighborhood,Hogar,1,31271.73,908,0.168
2024-11-15,T02,Noreste,Neighborhood,Ropa,1,21986.2,1567,0.259
2024-11-15,T02,Noreste,Neighborhood,Juguetes,1,31861.17,2184,0.288
2024-11-15,T02,Noreste,Neighborhood,Farmacia,1,14754.22,348,0.23
2024-11-15,T02,Noreste,Neighborhood,Jardin,1,10048.02,836,0.141
2024-11-22,T02,Noreste,Neighborhood,Alimentacion,1,54000.7,5860,0.211
2024-11-22,T02,Noreste,Neighborhood,Electronica,1,61158.85,2778,0.243
2024-11-22,T02,Noreste,Neighborhood,Hogar,1,25084.92,1245,0.26
2024-11-22,T02,Noreste,Neighborhood,Ropa,1,17374.78,1122,0.248
2024-11-22,T02,Noreste,Neighborhood,Juguetes,1,40437.12,954,0.235
2024-11-22,T02,Noreste,Neighborhood,Farmacia,1,21222.97,1080,0.263
2024-11-22,T02,Noreste,Neighborhood,Jardin,1,16089.0,410,0.247
2024-11-29,T02,Noreste,Neighborhood,Alimentacion,1,60015.01,1649,0.279
2024-11-29,T02,Noreste,Neighborhood,Electronica,1,66355.15,1565,0.15
2024-11-29,T02,Noreste,Neighborhood,Hogar,1,36001.75,986,0.154
2024-11-29,T02,Noreste,Neighborhood,Ropa,1,26573.68,2868,0.226
2024-11-29,T02,Noreste,Neighborhood,Juguetes,1,36846.25,1216,0.188
2024-11-29,T02,Noreste,Neighborhood,Farmacia,1,15800.79,867,0.26
2024-11-29,T02,Noreste,Neighborhood,Jardin,1,10072.16,409,0.25
2024-12-06,T02,Noreste,Neighborhood,Alimentacion,1,58455.07,2463,0.243
2024-12-06,T02,Noreste,Neighborhood,Electronica,1,64640.47,1573,0.279
2024-12-06,T02,Noreste,Neighborhood,Hogar,1,24898.33,936,0.2
2024-12-06,T02,Noreste,Neighborhood,Ropa,1,20759.25,780,0.25
2024-12-06,T02,Noreste,Neighborhood,Juguetes,1,28462.73,983,0.261
2024-12-06,T02,Noreste,Neighborhood,Farmacia,1,24872.67,1421,0.357
2024-12-06,T02,Noreste,Neighborhood,Jardin,1,16255.32,371,0.2
2024-12-13,T02,Noreste,Neighborhood,Alimentacion,1,49060.02,1785,0.282
2024-12-13,T02,Noreste,Neighborhood,Electronica,1,89285.88,3014,0.235
2024-12-13,T02,Noreste,Neighborhood,Hogar,1,34924.32,2848,0.26
2024-12-13,T02,Noreste,Neighborhood,Ropa,1,27518.48,2703,0.193
2024-12-13,T02,Noreste,Neighborhood,Juguetes,1,37158.85,3539,0.246
2024-12-13,T02,Noreste,Neighborhood,Farmacia,1,17808.45,547,0.198
2024-12-13,T02,Noreste,Neighborhood,Jardin,1,17524.24,426,0.27
2024-12-20,T02,Noreste,Neighborhood,Alimentacion,1,55850.98,1877,0.274
2024-12-20,T02,Noreste,Neighborhood,Electronica,1,72391.67,5252,0.193
2024-12-20,T02,Noreste,Neighborhood,Hogar,1,36093.31,1452,0.305
2024-12-20,T02,Noreste,Neighborhood,Ropa,1,24039.29,570,0.302
2024-12-20,T02,Noreste,Neighborhood,Juguetes,1,24003.62,566,0.203
2024-12-20,T02,Noreste,Neighborhood,Farmacia,1,18510.18,875,0.186
2024-12-20,T02,Noreste,Neighborhood,Jardin,1,13185.16,877,0.257
2024-12-27,T02,Noreste,Neighborhood,Alimentacion,1,53228.55,1561,0.265
2024-12-27,T02,Noreste,Neighborhood,Electronica,1,54222.95,1684,0.346
2024-12-27,T02,Noreste,Neighborhood,Hogar,1,30357.09,2644,0.19
2024-12-27,T02,Noreste,Neighborhood,Ropa,1,27918.98,690,0.234
2024-12-27,T02,Noreste,Neighborhood,Juguetes,1,27867.3,1288,0.267
2024-12-27,T02,Noreste,Neighborhood,Farmacia,1,18287.15,1785,0.19
2024-12-27,T02,Noreste,Neighborhood,Jardin,1,11838.91,531,0.147
2024-01-05,T03,Medio_Oeste,Neighborhood,Alimentacion,0,106924.33,3427,0.229
2024-01-05,T03,Medio_Oeste,Neighborhood,Electronica,0,75448.75,2718,0.231
2024-01-05,T03,Medio_Oeste,Neighborhood,Hogar,0,51413.05,1728,0.294
2024-01-05,T03,Medio_Oeste,Neighborhood,Ropa,0,49152.03,1179,0.262
2024-01-05,T03,Medio_Oeste,Neighborhood,Juguetes,0,25476.94,1067,0.28
2024-01-05,T03,Medio_Oeste,Neighborhood,Farmacia,0,53724.98,2152,0.329
2024-01-05,T03,Medio_Oeste,Neighborhood,Jardin,0,28752.67,2267,0.241
2024-01-12,T03,Medio_Oeste,Neighborhood,Alimentacion,0,125320.39,3604,0.166
2024-01-12,T03,Medio_Oeste,Neighborhood,Electronica,0,89598.15,2922,0.244
2024-01-12,T03,Medio_Oeste,Neighborhood,Hogar,0,66834.52,1664,0.252
2024-01-12,T03,Medio_Oeste,Neighborhood,Ropa,0,50147.8,3133,0.349
2024-01-12,T03,Medio_Oeste,Neighborhood,Juguetes,0,37736.94,1602,0.186
2024-01-12,T03,Medio_Oeste,Neighborhood,Farmacia,0,37565.7,1103,0.194
2024-01-12,T03,Medio_Oeste,Neighborhood,Jardin,0,20961.44,513,0.235
2024-01-19,T03,Medio_Oeste,Neighborhood,Alimentacion,0,102276.2,5435,0.301
2024-01-19,T03,Medio_Oeste,Neighborhood,Electronica,0,93551.91,3058,0.287
2024-01-19,T03,Medio_Oeste,Neighborhood,Hogar,0,48760.36,5153,0.161
2024-01-19,T03,Medio_Oeste,Neighborhood,Ropa,0,35215.29,4305,0.298
2024-01-19,T03,Medio_Oeste,Neighborhood,Juguetes,0,43984.13,1222,0.274
2024-01-19,T03,Medio_Oeste,Neighborhood,Farmacia,0,41233.77,1708,0.181
2024-01-19,T03,Medio_Oeste,Neighborhood,Jardin,0,28082.45,1172,0.294
2024-01-26,T03,Medio_Oeste,Neighborhood,Alimentacion,0,154544.07,3448,0.201
2024-01-26,T03,Medio_Oeste,Neighborhood,Electronica,0,77409.76,5270,0.264
2024-01-26,T03,Medio_Oeste,Neighborhood,Hogar,0,48372.75,3345,0.229
2024-01-26,T03,Medio_Oeste,Neighborhood,Ropa,0,48404.23,1152,0.261
2024-01-26,T03,Medio_Oeste,Neighborhood,Juguetes,0,25648.66,1118,0.285
2024-01-26,T03,Medio_Oeste,Neighborhood,Farmacia,0,35662.23,801,0.176
2024-01-26,T03,Medio_Oeste,Neighborhood,Jardin,0,22700.15,776,0.141
2024-02-02,T03,Medio_Oeste,Neighborhood,Alimentacion,0,130766.39,5960,0.295
2024-02-02,T03,Medio_Oeste,Neighborhood,Electronica,0,65129.64,2730,0.258
2024-02-02,T03,Medio_Oeste,Neighborhood,Hogar,0,67692.16,3123,0.289
2024-02-02,T03,Medio_Oeste,Neighborhood,Ropa,0,35971.06,2515,0.297
2024-02-02,T03,Medio_Oeste,Neighborhood,Juguetes,0,39389.47,2111,0.298
2024-02-02,T03,Medio_Oeste,Neighborhood,Farmacia,0,30763.93,770,0.202
2024-02-02,T03,Medio_Oeste,Neighborhood,Jardin,0,20884.03,2352,0.215
2024-02-09,T03,Medio_Oeste,Neighborhood,Alimentacion,0,151214.11,9063,0.218
2024-02-09,T03,Medio_Oeste,Neighborhood,Electronica,0,79483.57,2123,0.337
2024-02-09,T03,Medio_Oeste,Neighborhood,Hogar,0,55464.56,1243,0.253
2024-02-09,T03,Medio_Oeste,Neighborhood,Ropa,0,58138.17,5863,0.308
2024-02-09,T03,Medio_Oeste,Neighborhood,Juguetes,0,42683.88,1308,0.258
2024-02-09,T03,Medio_Oeste,Neighborhood,Farmacia,0,35676.89,1518,0.352
2024-02-09,T03,Medio_Oeste,Neighborhood,Jardin,0,28077.95,1118,0.303
2024-02-16,T03,Medio_Oeste,Neighborhood,Alimentacion,0,110186.5,6375,0.121
2024-02-16,T03,Medio_Oeste,Neighborhood,Electronica,0,65696.53,1631,0.313
2024-02-16,T03,Medio_Oeste,Neighborhood,Hogar,0,43260.28,1284,0.195
2024-02-16,T03,Medio_Oeste,Neighborhood,Ropa,0,40872.61,3011,0.238
2024-02-16,T03,Medio_Oeste,Neighborhood,Juguetes,0,25238.51,697,0.378
2024-02-16,T03,Medio_Oeste,Neighborhood,Farmacia,0,30227.08,847,0.282
2024-02-16,T03,Medio_Oeste,Neighborhood,Jardin,0,29253.71,813,0.137
2024-02-23,T03,Medio_Oeste,Neighborhood,Alimentacion,0,88140.49,2935,0.192
2024-02-23,T03,Medio_Oeste,Neighborhood,Electronica,0,71069.38,4734,0.315
2024-02-23,T03,Medio_Oeste,Neighborhood,Hogar,0,57280.68,1905,0.271
2024-02-23,T03,Medio_Oeste,Neighborhood,Ropa,0,55878.54,1362,0.181
2024-02-23,T03,Medio_Oeste,Neighborhood,Juguetes,0,29397.05,1029,0.256
2024-02-23,T03,Medio_Oeste,Neighborhood,Farmacia,0,37335.22,878,0.318
2024-02-23,T03,Medio_Oeste,Neighborhood,Jardin,0,35615.04,1520,0.264
2024-03-01,T03,Medio_Oeste,Neighborhood,Alimentacion,0,123781.41,10341,0.296
2024-03-01,T03,Medio_Oeste,Neighborhood,Electronica,0,84542.87,8057,0.279
2024-03-01,T03,Medio_Oeste,Neighborhood,Hogar,0,42929.53,2801,0.234
2024-03-01,T03,Medio_Oeste,Neighborhood,Ropa,0,36780.08,890,0.118
2024-03-01,T03,Medio_Oeste,Neighborhood,Juguetes,0,25682.82,764,0.242
2024-03-01,T03,Medio_Oeste,Neighborhood,Farmacia,0,48002.58,1242,0.28
2024-03-01,T03,Medio_Oeste,Neighborhood,Jardin,0,29154.64,1462,0.274
2024-03-08,T03,Medio_Oeste,Neighborhood,Alimentacion,0,158948.96,5344,0.273
2024-03-08,T03,Medio_Oeste,Neighborhood,Electronica,0,80026.65,2224,0.142
2024-03-08,T03,Medio_Oeste,Neighborhood,Hogar,0,44145.24,2850,0.255
2024-03-08,T03,Medio_Oeste,Neighborhood,Ropa,0,47970.14,1645,0.218
2024-03-08,T03,Medio_Oeste,Neighborhood,Juguetes,0,32661.42,1104,0.269
2024-03-08,T03,Medio_Oeste,Neighborhood,Farmacia,0,45507.28,1313,0.254
2024-03-08,T03,Medio_Oeste,Neighborhood,Jardin,0,32548.83,1046,0.269
2024-03-15,T03,Medio_Oeste,Neighborhood,Alimentacion,0,132694.32,11298,0.255
2024-03-15,T03,Medio_Oeste,Neighborhood,Electronica,0,84531.06,2097,0.213
2024-03-15,T03,Medio_Oeste,Neighborhood,Hogar,0,41817.27,1397,0.155
2024-03-15,T03,Medio_Oeste,Neighborhood,Ropa,0,55323.85,1432,0.308
2024-03-15,T03,Medio_Oeste,Neighborhood,Juguetes,0,36551.12,1780,0.271
2024-03-15,T03,Medio_Oeste,Neighborhood,Farmacia,0,50666.13,1457,0.226
2024-03-15,T03,Medio_Oeste,Neighborhood,Jardin,0,25529.63,2588,0.245
2024-03-22,T03,Medio_Oeste,Neighborhood,Alimentacion,0,101769.5,4665,0.211
2024-03-22,T03,Medio_Oeste,Neighborhood,Electronica,0,83421.0,4998,0.164
2024-03-22,T03,Medio_Oeste,Neighborhood,Hogar,0,50063.72,1311,0.245
2024-03-22,T03,Medio_Oeste,Neighborhood,Ropa,0,56444.17,1497,0.191
2024-03-22,T03,Medio_Oeste,Neighborhood,Juguetes,0,32616.96,3299,0.234
2024-03-22,T03,Medio_Oeste,Neighborhood,Farmacia,0,51154.08,1872,0.191
2024-03-22,T03,Medio_Oeste,Neighborhood,Jardin,0,22926.74,598,0.37
2024-03-29,T03,Medio_Oeste,Neighborhood,Alimentacion,0,89857.72,2700,0.278
2024-03-29,T03,Medio_Oeste,Neighborhood,Electronica,0,99587.91,5454,0.22
2024-03-29,T03,Medio_Oeste,Neighborhood,Hogar,0,70091.1,1642,0.219
2024-03-29,T03,Medio_Oeste,Neighborhood,Ropa,0,52654.73,2096,0.21
2024-03-29,T03,Medio_Oeste,Neighborhood,Juguetes,0,26739.57,2309,0.177
2024-03-29,T03,Medio_Oeste,Neighborhood,Farmacia,0,49980.83,3731,0.181
2024-03-29,T03,Medio_Oeste,Neighborhood,Jardin,0,28529.87,1787,0.218
2024-04-05,T03,Medio_Oeste,Neighborhood,Alimentacion,0,129484.85,5989,0.241
2024-04-05,T03,Medio_Oeste,Neighborhood,Electronica,0,103732.21,7634,0.256
2024-04-05,T03,Medio_Oeste,Neighborhood,Hogar,0,68831.62,1779,0.242
2024-04-05,T03,Medio_Oeste,Neighborhood,Ropa,0,52009.4,1643,0.278
2024-04-05,T03,Medio_Oeste,Neighborhood,Juguetes,0,24598.81,566,0.196
2024-04-05,T03,Medio_Oeste,Neighborhood,Farmacia,0,48604.26,2213,0.235
2024-04-05,T03,Medio_Oeste,Neighborhood,Jardin,0,27883.2,1041,0.282
2024-04-12,T03,Medio_Oeste,Neighborhood,Alimentacion,0,112749.01,6538,0.251
2024-04-12,T03,Medio_Oeste,Neighborhood,Electronica,0,76940.45,1753,0.205
2024-04-12,T03,Medio_Oeste,Neighborhood,Hogar,0,49443.65,2619,0.295
2024-04-12,T03,Medio_Oeste,Neighborhood,Ropa,0,48491.3,1524,0.13
2024-04-12,T03,Medio_Oeste,Neighborhood,Juguetes,0,30186.15,897,0.268
2024-04-12,T03,Medio_Oeste,Neighborhood,Farmacia,0,35653.72,1417,0.264
2024-04-12,T03,Medio_Oeste,Neighborhood,Jardin,0,29678.46,896,0.316
2024-04-19,T03,Medio_Oeste,Neighborhood,Alimentacion,0,125986.35,4151,0.225
2024-04-19,T03,Medio_Oeste,Neighborhood,Electronica,0,60273.16,5152,0.251
2024-04-19,T03,Medio_Oeste,Neighborhood,Hogar,0,71927.49,8378,0.211
2024-04-19,T03,Medio_Oeste,Neighborhood,Ropa,0,55818.45,1446,0.268
2024-04-19,T03,Medio_Oeste,Neighborhood,Juguetes,0,37144.78,1099,0.329
2024-04-19,T03,Medio_Oeste,Neighborhood,Farmacia,0,32158.37,760,0.229
2024-04-19,T03,Medio_Oeste,Neighborhood,Jardin,0,33313.22,3073,0.274
2024-04-26,T03,Medio_Oeste,Neighborhood,Alimentacion,0,87613.52,3579,0.294
2024-04-26,T03,Medio_Oeste,Neighborhood,Electronica,0,66497.47,2693,0.267
2024-04-26,T03,Medio_Oeste,Neighborhood,Hogar,0,64346.46,1567,0.231
2024-04-26,T03,Medio_Oeste,Neighborhood,Ropa,0,37579.83,1985,0.197
2024-04-26,T03,Medio_Oeste,Neighborhood,Juguetes,0,26101.0,1132,0.272
2024-04-26,T03,Medio_Oeste,Neighborhood,Farmacia,0,52825.64,2275,0.224
2024-04-26,T03,Medio_Oeste,Neighborhood,Jardin,0,27001.85,752,0.216
2024-05-03,T03,Medio_Oeste,Neighborhood,Alimentacion,0,98111.85,3193,0.153
2024-05-03,T03,Medio_Oeste,Neighborhood,Electronica,0,91449.59,4355,0.235
2024-05-03,T03,Medio_Oeste,Neighborhood,Hogar,0,66062.91,2518,0.259
2024-05-03,T03,Medio_Oeste,Neighborhood,Ropa,0,41850.68,1592,0.282
2024-05-03,T03,Medio_Oeste,Neighborhood,Juguetes,0,42154.78,1096,0.258
2024-05-03,T03,Medio_Oeste,Neighborhood,Farmacia,0,50999.66,1172,0.324
2024-05-03,T03,Medio_Oeste,Neighborhood,Jardin,0,34903.72,1198,0.25
2024-05-10,T03,Medio_Oeste,Neighborhood,Alimentacion,0,129264.62,6251,0.263
2024-05-10,T03,Medio_Oeste,Neighborhood,Electronica,0,70255.88,6358,0.314
2024-05-10,T03,Medio_Oeste,Neighborhood,Hogar,0,68341.68,2182,0.259
2024-05-10,T03,Medio_Oeste,Neighborhood,Ropa,0,46433.78,1843,0.303
2024-05-10,T03,Medio_Oeste,Neighborhood,Juguetes,0,41365.76,2696,0.288
2024-05-10,T03,Medio_Oeste,Neighborhood,Farmacia,0,48068.34,1642,0.263
2024-05-10,T03,Medio_Oeste,Neighborhood,Jardin,0,24245.87,596,0.311
2024-05-17,T03,Medio_Oeste,Neighborhood,Alimentacion,0,147106.46,4513,0.198
2024-05-17,T03,Medio_Oeste,Neighborhood,Electronica,0,107768.66,4576,0.276
2024-05-17,T03,Medio_Oeste,Neighborhood,Hogar,0,63578.65,2568,0.302
2024-05-17,T03,Medio_Oeste,Neighborhood,Ropa,0,45439.27,1571,0.292
2024-05-17,T03,Medio_Oeste,Neighborhood,Juguetes,0,28950.21,740,0.236
2024-05-17,T03,Medio_Oeste,Neighborhood,Farmacia,0,38939.42,2276,0.195
2024-05-17,T03,Medio_Oeste,Neighborhood,Jardin,0,32807.87,797,0.281
2024-05-24,T03,Medio_Oeste,Neighborhood,Alimentacion,0,130345.93,5154,0.281
2024-05-24,T03,Medio_Oeste,Neighborhood,Electronica,0,80533.0,3539,0.147
2024-05-24,T03,Medio_Oeste,Neighborhood,Hogar,0,58170.32,2192,0.287
2024-05-24,T03,Medio_Oeste,Neighborhood,Ropa,0,57763.59,1623,0.206
2024-05-24,T03,Medio_Oeste,Neighborhood,Juguetes,0,40900.9,1033,0.251
2024-05-24,T03,Medio_Oeste,Neighborhood,Farmacia,0,43644.79,2351,0.308
2024-05-24,T03,Medio_Oeste,Neighborhood,Jardin,0,23376.56,711,0.238
2024-05-31,T03,Medio_Oeste,Neighborhood,Alimentacion,0,125579.87,2913,0.237
2024-05-31,T03,Medio_Oeste,Neighborhood,Electronica,0,101912.58,2289,0.3
2024-05-31,T03,Medio_Oeste,Neighborhood,Hogar,0,39879.27,1768,0.273
2024-05-31,T03,Medio_Oeste,Neighborhood,Ropa,0,54006.33,1948,0.236
2024-05-31,T03,Medio_Oeste,Neighborhood,Juguetes,0,41144.56,1201,0.312
2024-05-31,T03,Medio_Oeste,Neighborhood,Farmacia,0,51374.08,3112,0.214
2024-05-31,T03,Medio_Oeste,Neighborhood,Jardin,0,30096.51,684,0.187
2024-06-07,T03,Medio_Oeste,Neighborhood,Alimentacion,0,106009.25,8054,0.304
2024-06-07,T03,Medio_Oeste,Neighborhood,Electronica,0,69511.56,2611,0.211
2024-06-07,T03,Medio_Oeste,Neighborhood,Hogar,0,39213.67,1371,0.231
2024-06-07,T03,Medio_Oeste,Neighborhood,Ropa,0,57461.23,2717,0.205
2024-06-07,T03,Medio_Oeste,Neighborhood,Juguetes,0,27747.72,783,0.219
2024-06-07,T03,Medio_Oeste,Neighborhood,Farmacia,0,32516.99,1441,0.226
2024-06-07,T03,Medio_Oeste,Neighborhood,Jardin,0,19449.93,1020,0.275
2024-06-14,T03,Medio_Oeste,Neighborhood,Alimentacion,0,112328.13,6217,0.264
2024-06-14,T03,Medio_Oeste,Neighborhood,Electronica,0,67272.4,2437,0.318
2024-06-14,T03,Medio_Oeste,Neighborhood,Hogar,0,57947.3,5063,0.263
2024-06-14,T03,Medio_Oeste,Neighborhood,Ropa,0,39051.72,1075,0.29
2024-06-14,T03,Medio_Oeste,Neighborhood,Juguetes,0,40530.49,2592,0.247
2024-06-14,T03,Medio_Oeste,Neighborhood,Farmacia,0,41507.73,4502,0.304
2024-06-14,T03,Medio_Oeste,Neighborhood,Jardin,0,31447.23,806,0.188
2024-06-21,T03,Medio_Oeste,Neighborhood,Alimentacion,0,153343.34,4088,0.31
2024-06-21,T03,Medio_Oeste,Neighborhood,Electronica,0,93065.11,2824,0.247
2024-06-21,T03,Medio_Oeste,Neighborhood,Hogar,0,60525.12,1440,0.283
2024-06-21,T03,Medio_Oeste,Neighborhood,Ropa,0,43149.64,4039,0.299
2024-06-21,T03,Medio_Oeste,Neighborhood,Juguetes,0,33513.62,1015,0.26
2024-06-21,T03,Medio_Oeste,Neighborhood,Farmacia,0,53831.97,3849,0.234
2024-06-21,T03,Medio_Oeste,Neighborhood,Jardin,0,34165.2,3483,0.236
2024-06-28,T03,Medio_Oeste,Neighborhood,Alimentacion,0,113872.34,3558,0.243
2024-06-28,T03,Medio_Oeste,Neighborhood,Electronica,0,71175.4,5473,0.292
2024-06-28,T03,Medio_Oeste,Neighborhood,Hogar,0,42246.89,1337,0.304
2024-06-28,T03,Medio_Oeste,Neighborhood,Ropa,0,40264.2,1198,0.211
2024-06-28,T03,Medio_Oeste,Neighborhood,Juguetes,0,35465.95,832,0.232
2024-06-28,T03,Medio_Oeste,Neighborhood,Farmacia,0,49961.43,4634,0.182
2024-06-28,T03,Medio_Oeste,Neighborhood,Jardin,0,35845.52,911,0.217
2024-07-05,T03,Medio_Oeste,Neighborhood,Alimentacion,0,134233.91,6370,0.193
2024-07-05,T03,Medio_Oeste,Neighborhood,Electronica,0,96656.13,2151,0.31
2024-07-05,T03,Medio_Oeste,Neighborhood,Hogar,0,40849.11,1359,0.198
2024-07-05,T03,Medio_Oeste,Neighborhood,Ropa,0,41083.04,2037,0.298
2024-07-05,T03,Medio_Oeste,Neighborhood,Juguetes,0,28077.67,1986,0.232
2024-07-05,T03,Medio_Oeste,Neighborhood,Farmacia,0,50893.95,1512,0.26
2024-07-05,T03,Medio_Oeste,Neighborhood,Jardin,0,19875.48,693,0.246
2024-07-12,T03,Medio_Oeste,Neighborhood,Alimentacion,0,131985.51,5481,0.272
2024-07-12,T03,Medio_Oeste,Neighborhood,Electronica,0,72575.89,2190,0.284
2024-07-12,T03,Medio_Oeste,Neighborhood,Hogar,0,70607.02,1594,0.213
2024-07-12,T03,Medio_Oeste,Neighborhood,Ropa,0,47499.68,2943,0.205
2024-07-12,T03,Medio_Oeste,Neighborhood,Juguetes,0,39565.64,2440,0.281
2024-07-12,T03,Medio_Oeste,Neighborhood,Farmacia,0,40653.79,1053,0.269
2024-07-12,T03,Medio_Oeste,Neighborhood,Jardin,0,30102.56,939,0.219
2024-07-19,T03,Medio_Oeste,Neighborhood,Alimentacion,0,115143.7,11883,0.217
2024-07-19,T03,Medio_Oeste,Neighborhood,Electronica,0,79820.58,3296,0.315
2024-07-19,T03,Medio_Oeste,Neighborhood,Hogar,0,45776.51,1538,0.293
2024-07-19,T03,Medio_Oeste,Neighborhood,Ropa,0,35827.53,984,0.241
2024-07-19,T03,Medio_Oeste,Neighborhood,Juguetes,0,32161.59,1342,0.218
2024-07-19,T03,Medio_Oeste,Neighborhood,Farmacia,0,37111.96,1029,0.201
2024-07-19,T03,Medio_Oeste,Neighborhood,Jardin,0,30396.97,1268,0.274
2024-07-26,T03,Medio_Oeste,Neighborhood,Alimentacion,0,118340.89,4313,0.269
2024-07-26,T03,Medio_Oeste,Neighborhood,Electronica,0,63416.61,2715,0.288
2024-07-26,T03,Medio_Oeste,Neighborhood,Hogar,0,52463.36,1833,0.197
2024-07-26,T03,Medio_Oeste,Neighborhood,Ropa,0,35012.91,1129,0.144
2024-07-26,T03,Medio_Oeste,Neighborhood,Juguetes,0,24677.37,1431,0.212
2024-07-26,T03,Medio_Oeste,Neighborhood,Farmacia,0,34516.18,1900,0.219
2024-07-26,T03,Medio_Oeste,Neighborhood,Jardin,0,28204.29,3509,0.213
2024-08-02,T03,Medio_Oeste,Neighborhood,Alimentacion,0,94325.26,3328,0.278
2024-08-02,T03,Medio_Oeste,Neighborhood,Electronica,0,85578.82,5280,0.255
2024-08-02,T03,Medio_Oeste,Neighborhood,Hogar,0,70124.88,5840,0.24
2024-08-02,T03,Medio_Oeste,Neighborhood,Ropa,0,38224.17,862,0.336
2024-08-02,T03,Medio_Oeste,Neighborhood,Juguetes,0,36944.64,830,0.194
2024-08-02,T03,Medio_Oeste,Neighborhood,Farmacia,0,53420.33,3435,0.19
2024-08-02,T03,Medio_Oeste,Neighborhood,Jardin,0,26392.05,1188,0.268
2024-08-09,T03,Medio_Oeste,Neighborhood,Alimentacion,0,98491.37,2193,0.244
2024-08-09,T03,Medio_Oeste,Neighborhood,Electronica,0,90587.48,2067,0.269
2024-08-09,T03,Medio_Oeste,Neighborhood,Hogar,0,69509.38,2396,0.188
2024-08-09,T03,Medio_Oeste,Neighborhood,Ropa,0,38300.93,1380,0.279
2024-08-09,T03,Medio_Oeste,Neighborhood,Juguetes,0,33741.95,2456,0.312
2024-08-09,T03,Medio_Oeste,Neighborhood,Farmacia,0,50423.73,5436,0.199
2024-08-09,T03,Medio_Oeste,Neighborhood,Jardin,0,36027.53,4352,0.246
2024-08-16,T03,Medio_Oeste,Neighborhood,Alimentacion,0,137780.05,13481,0.167
2024-08-16,T03,Medio_Oeste,Neighborhood,Electronica,0,92345.15,3102,0.393
2024-08-16,T03,Medio_Oeste,Neighborhood,Hogar,0,62005.27,2067,0.266
2024-08-16,T03,Medio_Oeste,Neighborhood,Ropa,0,50349.96,1239,0.269
2024-08-16,T03,Medio_Oeste,Neighborhood,Juguetes,0,34065.13,1711,0.186
2024-08-16,T03,Medio_Oeste,Neighborhood,Farmacia,0,35210.59,4184,0.128
2024-08-16,T03,Medio_Oeste,Neighborhood,Jardin,0,23105.4,605,0.198
2024-08-23,T03,Medio_Oeste,Neighborhood,Alimentacion,0,108548.88,4623,0.285
2024-08-23,T03,Medio_Oeste,Neighborhood,Electronica,0,98051.06,2257,0.24
2024-08-23,T03,Medio_Oeste,Neighborhood,Hogar,0,43918.65,1195,0.247
2024-08-23,T03,Medio_Oeste,Neighborhood,Ropa,0,60544.68,2229,0.199
2024-08-23,T03,Medio_Oeste,Neighborhood,Juguetes,0,27520.84,3261,0.207
2024-08-23,T03,Medio_Oeste,Neighborhood,Farmacia,0,53302.89,4544,0.289
2024-08-23,T03,Medio_Oeste,Neighborhood,Jardin,0,23682.03,843,0.28
2024-08-30,T03,Medio_Oeste,Neighborhood,Alimentacion,0,108538.73,3712,0.291
2024-08-30,T03,Medio_Oeste,Neighborhood,Electronica,0,81623.67,2544,0.242
2024-08-30,T03,Medio_Oeste,Neighborhood,Hogar,0,69766.52,2611,0.18
2024-08-30,T03,Medio_Oeste,Neighborhood,Ropa,0,52992.03,1546,0.334
2024-08-30,T03,Medio_Oeste,Neighborhood,Juguetes,0,42450.3,1382,0.258
2024-08-30,T03,Medio_Oeste,Neighborhood,Farmacia,0,31590.03,1038,0.332
2024-08-30,T03,Medio_Oeste,Neighborhood,Jardin,0,23418.28,2285,0.204
2024-09-06,T03,Medio_Oeste,Neighborhood,Alimentacion,0,99322.95,3247,0.208
2024-09-06,T03,Medio_Oeste,Neighborhood,Electronica,0,99225.16,5100,0.28
2024-09-06,T03,Medio_Oeste,Neighborhood,Hogar,0,57538.66,2256,0.224
2024-09-06,T03,Medio_Oeste,Neighborhood,Ropa,0,40073.66,905,0.299
2024-09-06,T03,Medio_Oeste,Neighborhood,Juguetes,0,41496.43,1384,0.103
2024-09-06,T03,Medio_Oeste,Neighborhood,Farmacia,0,47711.31,4288,0.22
2024-09-06,T03,Medio_Oeste,Neighborhood,Jardin,0,29217.99,2415,0.303
2024-09-13,T03,Medio_Oeste,Neighborhood,Alimentacion,0,143520.25,7618,0.233
2024-09-13,T03,Medio_Oeste,Neighborhood,Electronica,0,96240.86,2844,0.261
2024-09-13,T03,Medio_Oeste,Neighborhood,Hogar,0,62393.23,1448,0.182
2024-09-13,T03,Medio_Oeste,Neighborhood,Ropa,0,43452.31,2604,0.224
2024-09-13,T03,Medio_Oeste,Neighborhood,Juguetes,0,39689.94,1553,0.189
2024-09-13,T03,Medio_Oeste,Neighborhood,Farmacia,0,36945.25,2793,0.249
2024-09-13,T03,Medio_Oeste,Neighborhood,Jardin,0,33703.77,1112,0.239
2024-09-20,T03,Medio_Oeste,Neighborhood,Alimentacion,0,146444.52,14101,0.241
2024-09-20,T03,Medio_Oeste,Neighborhood,Electronica,0,69696.46,1567,0.206
2024-09-20,T03,Medio_Oeste,Neighborhood,Hogar,0,59360.79,7252,0.291
2024-09-20,T03,Medio_Oeste,Neighborhood,Ropa,0,52457.5,2379,0.211
2024-09-20,T03,Medio_Oeste,Neighborhood,Juguetes,0,40155.48,1635,0.201
2024-09-20,T03,Medio_Oeste,Neighborhood,Farmacia,0,45137.83,1074,0.355
2024-09-20,T03,Medio_Oeste,Neighborhood,Jardin,0,34150.82,2941,0.23
2024-09-27,T03,Medio_Oeste,Neighborhood,Alimentacion,0,145915.51,4746,0.218
2024-09-27,T03,Medio_Oeste,Neighborhood,Electronica,0,65782.46,4117,0.251
2024-09-27,T03,Medio_Oeste,Neighborhood,Hogar,0,58695.26,2410,0.321
2024-09-27,T03,Medio_Oeste,Neighborhood,Ropa,0,59654.82,2732,0.216
2024-09-27,T03,Medio_Oeste,Neighborhood,Juguetes,0,32774.21,2224,0.357
2024-09-27,T03,Medio_Oeste,Neighborhood,Farmacia,0,40296.01,4684,0.302
2024-09-27,T03,Medio_Oeste,Neighborhood,Jardin,0,32973.31,948,0.163
2024-10-04,T03,Medio_Oeste,Neighborhood,Alimentacion,0,155194.28,7575,0.141
2024-10-04,T03,Medio_Oeste,Neighborhood,Electronica,0,88593.18,4952,0.277
2024-10-04,T03,Medio_Oeste,Neighborhood,Hogar,0,42598.99,1315,0.219
2024-10-04,T03,Medio_Oeste,Neighborhood,Ropa,0,56107.9,2847,0.212
2024-10-04,T03,Medio_Oeste,Neighborhood,Juguetes,0,33687.2,1193,0.259
2024-10-04,T03,Medio_Oeste,Neighborhood,Farmacia,0,50933.45,1215,0.138
2024-10-04,T03,Medio_Oeste,Neighborhood,Jardin,0,35448.56,1405,0.26
2024-10-11,T03,Medio_Oeste,Neighborhood,Alimentacion,0,93576.46,4170,0.241
2024-10-11,T03,Medio_Oeste,Neighborhood,Electronica,0,105777.96,6945,0.198
2024-10-11,T03,Medio_Oeste,Neighborhood,Hogar,0,64119.52,2021,0.269
2024-10-11,T03,Medio_Oeste,Neighborhood,Ropa,0,43606.91,1366,0.295
2024-10-11,T03,Medio_Oeste,Neighborhood,Juguetes,0,43751.93,2282,0.235
2024-10-11,T03,Medio_Oeste,Neighborhood,Farmacia,0,46850.26,1450,0.303
2024-10-11,T03,Medio_Oeste,Neighborhood,Jardin,0,29924.23,2152,0.215
2024-10-18,T03,Medio_Oeste,Neighborhood,Alimentacion,0,107576.58,5945,0.264
2024-10-18,T03,Medio_Oeste,Neighborhood,Electronica,0,74799.76,3692,0.311
2024-10-18,T03,Medio_Oeste,Neighborhood,Hogar,0,45144.21,2981,0.195
2024-10-18,T03,Medio_Oeste,Neighborhood,Ropa,0,37709.86,1126,0.183
2024-10-18,T03,Medio_Oeste,Neighborhood,Juguetes,0,33129.62,801,0.206
2024-10-18,T03,Medio_Oeste,Neighborhood,Farmacia,0,30179.11,869,0.25
2024-10-18,T03,Medio_Oeste,Neighborhood,Jardin,0,33427.3,3308,0.225
2024-10-25,T03,Medio_Oeste,Neighborhood,Alimentacion,0,115505.02,6008,0.262
2024-10-25,T03,Medio_Oeste,Neighborhood,Electronica,0,107914.21,10420,0.283
2024-10-25,T03,Medio_Oeste,Neighborhood,Hogar,0,60082.93,1706,0.279
2024-10-25,T03,Medio_Oeste,Neighborhood,Ropa,0,58945.33,3982,0.24
2024-10-25,T03,Medio_Oeste,Neighborhood,Juguetes,0,36700.11,1739,0.292
2024-10-25,T03,Medio_Oeste,Neighborhood,Farmacia,0,33751.36,1664,0.251
2024-10-25,T03,Medio_Oeste,Neighborhood,Jardin,0,20351.52,485,0.277
2024-11-01,T03,Medio_Oeste,Neighborhood,Alimentacion,1,160839.54,3682,0.248
2024-11-01,T03,Medio_Oeste,Neighborhood,Electronica,1,168998.79,5590,0.207
2024-11-01,T03,Medio_Oeste,Neighborhood,Hogar,1,42009.65,2804,0.331
2024-11-01,T03,Medio_Oeste,Neighborhood,Ropa,1,51543.32,1158,0.207
2024-11-01,T03,Medio_Oeste,Neighborhood,Juguetes,1,70260.38,1581,0.189
2024-11-01,T03,Medio_Oeste,Neighborhood,Farmacia,1,30109.85,751,0.293
2024-11-01,T03,Medio_Oeste,Neighborhood,Jardin,1,19477.48,727,0.278
2024-11-08,T03,Medio_Oeste,Neighborhood,Alimentacion,1,106582.6,4070,0.199
2024-11-08,T03,Medio_Oeste,Neighborhood,Electronica,1,109968.24,10015,0.321
2024-11-08,T03,Medio_Oeste,Neighborhood,Hogar,1,67553.71,5078,0.277
2024-11-08,T03,Medio_Oeste,Neighborhood,Ropa,1,39635.37,4407,0.199
2024-11-08,T03,Medio_Oeste,Neighborhood,Juguetes,1,69854.73,2184,0.249
2024-11-08,T03,Medio_Oeste,Neighborhood,Farmacia,1,42954.39,3741,0.252
2024-11-08,T03,Medio_Oeste,Neighborhood,Jardin,1,34903.23,964,0.261
2024-11-15,T03,Medio_Oeste,Neighborhood,Alimentacion,1,155933.25,4868,0.273
2024-11-15,T03,Medio_Oeste,Neighborhood,Electronica,1,142213.56,17484,0.209
2024-11-15,T03,Medio_Oeste,Neighborhood,Hogar,1,42451.96,3682,0.303
2024-11-15,T03,Medio_Oeste,Neighborhood,Ropa,1,54370.71,1459,0.339
2024-11-15,T03,Medio_Oeste,Neighborhood,Juguetes,1,49141.21,1377,0.2
2024-11-15,T03,Medio_Oeste,Neighborhood,Farmacia,1,29431.52,1601,0.22
2024-11-15,T03,Medio_Oeste,Neighborhood,Jardin,1,23966.36,630,0.234
2024-11-22,T03,Medio_Oeste,Neighborhood,Alimentacion,1,139382.36,10604,0.254
2024-11-22,T03,Medio_Oeste,Neighborhood,Electronica,1,165608.35,10888,0.233
2024-11-22,T03,Medio_Oeste,Neighborhood,Hogar,1,54894.08,2263,0.374
2024-11-22,T03,Medio_Oeste,Neighborhood,Ropa,1,49045.04,4192,0.205
2024-11-22,T03,Medio_Oeste,Neighborhood,Juguetes,1,48621.4,1122,0.268
2024-11-22,T03,Medio_Oeste,Neighborhood,Farmacia,1,37969.4,1906,0.257
2024-11-22,T03,Medio_Oeste,Neighborhood,Jardin,1,28768.58,684,0.194
2024-11-29,T03,Medio_Oeste,Neighborhood,Alimentacion,1,95917.14,3356,0.274
2024-11-29,T03,Medio_Oeste,Neighborhood,Electronica,1,176811.3,4361,0.279
2024-11-29,T03,Medio_Oeste,Neighborhood,Hogar,1,71122.59,2498,0.249
2024-11-29,T03,Medio_Oeste,Neighborhood,Ropa,1,48191.36,5137,0.191
2024-11-29,T03,Medio_Oeste,Neighborhood,Juguetes,1,47457.1,2443,0.268
2024-11-29,T03,Medio_Oeste,Neighborhood,Farmacia,1,30179.54,2759,0.191
2024-11-29,T03,Medio_Oeste,Neighborhood,Jardin,1,20598.75,803,0.172
2024-12-06,T03,Medio_Oeste,Neighborhood,Alimentacion,1,104393.22,6966,0.244
2024-12-06,T03,Medio_Oeste,Neighborhood,Electronica,1,190251.1,14427,0.293
2024-12-06,T03,Medio_Oeste,Neighborhood,Hogar,1,58594.9,1846,0.291
2024-12-06,T03,Medio_Oeste,Neighborhood,Ropa,1,54453.61,1420,0.298
2024-12-06,T03,Medio_Oeste,Neighborhood,Juguetes,1,63621.3,3183,0.261
2024-12-06,T03,Medio_Oeste,Neighborhood,Farmacia,1,45689.56,4942,0.256
2024-12-06,T03,Medio_Oeste,Neighborhood,Jardin,1,20972.2,1392,0.242
2024-12-13,T03,Medio_Oeste,Neighborhood,Alimentacion,1,134361.94,5698,0.189
2024-12-13,T03,Medio_Oeste,Neighborhood,Electronica,1,143710.79,6826,0.174
2024-12-13,T03,Medio_Oeste,Neighborhood,Hogar,1,58071.44,2217,0.29
2024-12-13,T03,Medio_Oeste,Neighborhood,Ropa,1,62084.92,1725,0.157
2024-12-13,T03,Medio_Oeste,Neighborhood,Juguetes,1,61595.33,6859,0.21
2024-12-13,T03,Medio_Oeste,Neighborhood,Farmacia,1,37070.47,2121,0.271
2024-12-13,T03,Medio_Oeste,Neighborhood,Jardin,1,20434.23,2284,0.315
2024-12-20,T03,Medio_Oeste,Neighborhood,Alimentacion,1,92678.47,2178,0.216
2024-12-20,T03,Medio_Oeste,Neighborhood,Electronica,1,153831.38,4991,0.277
2024-12-20,T03,Medio_Oeste,Neighborhood,Hogar,1,40937.88,1160,0.296
2024-12-20,T03,Medio_Oeste,Neighborhood,Ropa,1,36448.93,1867,0.253
2024-12-20,T03,Medio_Oeste,Neighborhood,Juguetes,1,59904.26,1752,0.198
2024-12-20,T03,Medio_Oeste,Neighborhood,Farmacia,1,44184.31,1123,0.249
2024-12-20,T03,Medio_Oeste,Neighborhood,Jardin,1,33522.33,1253,0.17
2024-12-27,T03,Medio_Oeste,Neighborhood,Alimentacion,1,157988.97,8693,0.257
2024-12-27,T03,Medio_Oeste,Neighborhood,Electronica,1,126582.71,5869,0.196
2024-12-27,T03,Medio_Oeste,Neighborhood,Hogar,1,56263.15,1383,0.185
2024-12-27,T03,Medio_Oeste,Neighborhood,Ropa,1,49116.83,2386,0.215
2024-12-27,T03,Medio_Oeste,Neighborhood,Juguetes,1,49559.06,4189,0.238
2024-12-27,T03,Medio_Oeste,Neighborhood,Farmacia,1,45870.38,1225,0.294
2024-12-27,T03,Medio_Oeste,Neighborhood,Jardin,1,32276.17,1432,0.221
2024-01-05,T04,Noreste,Supercenter,Alimentacion,0,72759.56,7713,0.288
2024-01-05,T04,Noreste,Supercenter,Electronica,0,62852.67,2967,0.22
2024-01-05,T04,Noreste,Supercenter,Hogar,0,41526.61,1255,0.212
2024-01-05,T04,Noreste,Supercenter,Ropa,0,32750.35,1573,0.29
2024-01-05,T04,Noreste,Supercenter,Juguetes,0,27779.02,1414,0.22
2024-01-05,T04,Noreste,Supercenter,Farmacia,0,35180.38,1100,0.254
2024-01-05,T04,Noreste,Supercenter,Jardin,0,20264.57,493,0.211
2024-01-12,T04,Noreste,Supercenter,Alimentacion,0,114679.93,8169,0.237
2024-01-12,T04,Noreste,Supercenter,Electronica,0,60162.02,7183,0.268
2024-01-12,T04,Noreste,Supercenter,Hogar,0,40879.14,943,0.289
2024-01-12,T04,Noreste,Supercenter,Ropa,0,44842.86,1064,0.264
2024-01-12,T04,Noreste,Supercenter,Juguetes,0,21575.1,646,0.218
2024-01-12,T04,Noreste,Supercenter,Farmacia,0,39916.28,1645,0.231
2024-01-12,T04,Noreste,Supercenter,Jardin,0,16448.46,485,0.283
2024-01-19,T04,Noreste,Supercenter,Alimentacion,0,67782.0,1914,0.297
2024-01-19,T04,Noreste,Supercenter,Electronica,0,46943.99,3887,0.224
2024-01-19,T04,Noreste,Supercenter,Hogar,0,45745.49,4337,0.286
2024-01-19,T04,Noreste,Supercenter,Ropa,0,37280.19,896,0.243
2024-01-19,T04,Noreste,Supercenter,Juguetes,0,31183.45,1151,0.241
2024-01-19,T04,Noreste,Supercenter,Farmacia,0,31624.56,2696,0.22
2024-01-19,T04,Noreste,Supercenter,Jardin,0,16394.14,609,0.228
2024-01-26,T04,Noreste,Supercenter,Alimentacion,0,83162.91,5013,0.159
2024-01-26,T04,Noreste,Supercenter,Electronica,0,73867.68,7299,0.324
2024-01-26,T04,Noreste,Supercenter,Hogar,0,51110.13,2473,0.228
2024-01-26,T04,Noreste,Supercenter,Ropa,0,34615.34,2525,0.267
2024-01-26,T04,Noreste,Supercenter,Juguetes,0,19742.42,487,0.261
2024-01-26,T04,Noreste,Supercenter,Farmacia,0,37592.3,1304,0.223
2024-01-26,T04,Noreste,Supercenter,Jardin,0,27116.02,1579,0.303
2024-02-02,T04,Noreste,Supercenter,Alimentacion,0,98048.08,4862,0.248
2024-02-02,T04,Noreste,Supercenter,Electronica,0,44384.13,1476,0.251
2024-02-02,T04,Noreste,Supercenter,Hogar,0,34146.58,3595,0.176
2024-02-02,T04,Noreste,Supercenter,Ropa,0,45122.84,2205,0.255
2024-02-02,T04,Noreste,Supercenter,Juguetes,0,30301.75,1504,0.163
2024-02-02,T04,Noreste,Supercenter,Farmacia,0,35139.44,1224,0.24
2024-02-02,T04,Noreste,Supercenter,Jardin,0,15147.71,339,0.226
2024-02-09,T04,Noreste,Supercenter,Alimentacion,0,119353.8,2883,0.251
2024-02-09,T04,Noreste,Supercenter,Electronica,0,74059.04,2999,0.207
2024-02-09,T04,Noreste,Supercenter,Hogar,0,29580.11,1584,0.239
2024-02-09,T04,Noreste,Supercenter,Ropa,0,43226.99,1397,0.214
2024-02-09,T04,Noreste,Supercenter,Juguetes,0,23271.76,531,0.2
2024-02-09,T04,Noreste,Supercenter,Farmacia,0,30511.88,1072,0.27
2024-02-09,T04,Noreste,Supercenter,Jardin,0,21671.62,903,0.147
2024-02-16,T04,Noreste,Supercenter,Alimentacion,0,117736.45,2771,0.281
2024-02-16,T04,Noreste,Supercenter,Electronica,0,60835.57,1784,0.164
2024-02-16,T04,Noreste,Supercenter,Hogar,0,43603.17,1286,0.324
2024-02-16,T04,Noreste,Supercenter,Ropa,0,30336.78,1147,0.163
2024-02-16,T04,Noreste,Supercenter,Juguetes,0,18420.8,464,0.139
2024-02-16,T04,Noreste,Supercenter,Farmacia,0,24499.68,641,0.185
2024-02-16,T04,Noreste,Supercenter,Jardin,0,24263.49,1078,0.287
2024-02-23,T04,Noreste,Supercenter,Alimentacion,0,89658.31,3080,0.24
2024-02-23,T04,Noreste,Supercenter,Electronica,0,68501.37,1981,0.191
2024-02-23,T04,Noreste,Supercenter,Hogar,0,41928.69,1104,0.259
2024-02-23,T04,Noreste,Supercenter,Ropa,0,31868.24,732,0.28
2024-02-23,T04,Noreste,Supercenter,Juguetes,0,33947.51,772,0.223
2024-02-23,T04,Noreste,Supercenter,Farmacia,0,36339.87,1189,0.266
2024-02-23,T04,Noreste,Supercenter,Jardin,0,21554.15,593,0.226
2024-03-01,T04,Noreste,Supercenter,Alimentacion,0,115421.57,9572,0.242
2024-03-01,T04,Noreste,Supercenter,Electronica,0,63248.69,2635,0.295
2024-03-01,T04,Noreste,Supercenter,Hogar,0,33281.14,853,0.289
2024-03-01,T04,Noreste,Supercenter,Ropa,0,26809.18,3113,0.161
2024-03-01,T04,Noreste,Supercenter,Juguetes,0,20971.67,615,0.276
2024-03-01,T04,Noreste,Supercenter,Farmacia,0,26374.5,881,0.252
2024-03-01,T04,Noreste,Supercenter,Jardin,0,18531.95,453,0.279
2024-03-08,T04,Noreste,Supercenter,Alimentacion,0,116422.67,7127,0.174
2024-03-08,T04,Noreste,Supercenter,Electronica,0,61924.74,2403,0.343
2024-03-08,T04,Noreste,Supercenter,Hogar,0,32295.89,817,0.311
2024-03-08,T04,Noreste,Supercenter,Ropa,0,37936.97,1830,0.225
2024-03-08,T04,Noreste,Supercenter,Juguetes,0,22989.81,611,0.175
2024-03-08,T04,Noreste,Supercenter,Farmacia,0,39562.95,1274,0.229
2024-03-08,T04,Noreste,Supercenter,Jardin,0,23668.17,888,0.215
2024-03-15,T04,Noreste,Supercenter,Alimentacion,0,76636.24,1741,0.306
2024-03-15,T04,Noreste,Supercenter,Electronica,0,76663.89,2963,0.277
2024-03-15,T04,Noreste,Supercenter,Hogar,0,37144.35,1026,0.228
2024-03-15,T04,Noreste,Supercenter,Ropa,0,32507.44,1327,0.226
2024-03-15,T04,Noreste,Supercenter,Juguetes,0,24479.51,638,0.238
2024-03-15,T04,Noreste,Supercenter,Farmacia,0,36149.1,3369,0.228
2024-03-15,T04,Noreste,Supercenter,Jardin,0,24688.56,1079,0.306
2024-03-22,T04,Noreste,Supercenter,Alimentacion,0,118081.73,3138,0.248
2024-03-22,T04,Noreste,Supercenter,Electronica,0,62426.21,1694,0.262
2024-03-22,T04,Noreste,Supercenter,Hogar,0,49676.1,2466,0.266
2024-03-22,T04,Noreste,Supercenter,Ropa,0,27649.11,2867,0.294
2024-03-22,T04,Noreste,Supercenter,Juguetes,0,32080.74,788,0.258
2024-03-22,T04,Noreste,Supercenter,Farmacia,0,30345.33,1630,0.237
2024-03-22,T04,Noreste,Supercenter,Jardin,0,21022.96,1302,0.204
2024-03-29,T04,Noreste,Supercenter,Alimentacion,0,66401.38,4993,0.161
2024-03-29,T04,Noreste,Supercenter,Electronica,0,51639.54,3157,0.259
2024-03-29,T04,Noreste,Supercenter,Hogar,0,37667.14,1224,0.234
2024-03-29,T04,Noreste,Supercenter,Ropa,0,39025.72,1158,0.305
2024-03-29,T04,Noreste,Supercenter,Juguetes,0,20898.56,1052,0.173
2024-03-29,T04,Noreste,Supercenter,Farmacia,0,33814.66,1851,0.283
2024-03-29,T04,Noreste,Supercenter,Jardin,0,25236.74,771,0.258
2024-04-05,T04,Noreste,Supercenter,Alimentacion,0,116381.5,3539,0.227
2024-04-05,T04,Noreste,Supercenter,Electronica,0,51292.08,4297,0.292
2024-04-05,T04,Noreste,Supercenter,Hogar,0,44507.58,1903,0.203
2024-04-05,T04,Noreste,Supercenter,Ropa,0,27097.91,705,0.155
2024-04-05,T04,Noreste,Supercenter,Juguetes,0,31058.01,1118,0.229
2024-04-05,T04,Noreste,Supercenter,Farmacia,0,22629.28,592,0.199
2024-04-05,T04,Noreste,Supercenter,Jardin,0,15358.39,427,0.177
2024-04-12,T04,Noreste,Supercenter,Alimentacion,0,88257.67,5148,0.324
2024-04-12,T04,Noreste,Supercenter,Electronica,0,55359.4,3508,0.265
2024-04-12,T04,Noreste,Supercenter,Hogar,0,34532.06,1748,0.279
2024-04-12,T04,Noreste,Supercenter,Ropa,0,29231.33,1247,0.238
2024-04-12,T04,Noreste,Supercenter,Juguetes,0,19284.41,1215,0.257
2024-04-12,T04,Noreste,Supercenter,Farmacia,0,38885.56,1173,0.173
2024-04-12,T04,Noreste,Supercenter,Jardin,0,19996.96,1264,0.244
2024-04-19,T04,Noreste,Supercenter,Alimentacion,0,87728.14,2993,0.342
2024-04-19,T04,Noreste,Supercenter,Electronica,0,67213.86,3544,0.2
2024-04-19,T04,Noreste,Supercenter,Hogar,0,49343.1,1218,0.307
2024-04-19,T04,Noreste,Supercenter,Ropa,0,38341.01,2096,0.221
2024-04-19,T04,Noreste,Supercenter,Juguetes,0,30007.28,2094,0.211
2024-04-19,T04,Noreste,Supercenter,Farmacia,0,31266.65,2108,0.288
2024-04-19,T04,Noreste,Supercenter,Jardin,0,19091.98,441,0.313
2024-04-26,T04,Noreste,Supercenter,Alimentacion,0,87808.22,9302,0.158
2024-04-26,T04,Noreste,Supercenter,Electronica,0,47604.83,1695,0.238
2024-04-26,T04,Noreste,Supercenter,Hogar,0,40089.08,2101,0.211
2024-04-26,T04,Noreste,Supercenter,Ropa,0,26281.01,1099,0.247
2024-04-26,T04,Noreste,Supercenter,Juguetes,0,22227.16,760,0.3
2024-04-26,T04,Noreste,Supercenter,Farmacia,0,23208.21,1698,0.227
2024-04-26,T04,Noreste,Supercenter,Jardin,0,23151.68,954,0.196
2024-05-03,T04,Noreste,Supercenter,Alimentacion,0,115385.19,3199,0.341
2024-05-03,T04,Noreste,Supercenter,Electronica,0,72641.54,1837,0.301
2024-05-03,T04,Noreste,Supercenter,Hogar,0,47820.27,1269,0.3
2024-05-03,T04,Noreste,Supercenter,Ropa,0,36216.63,1145,0.231
2024-05-03,T04,Noreste,Supercenter,Juguetes,0,31790.51,1326,0.307
2024-05-03,T04,Noreste,Supercenter,Farmacia,0,37171.46,852,0.162
2024-05-03,T04,Noreste,Supercenter,Jardin,0,23649.9,656,0.208
2024-05-10,T04,Noreste,Supercenter,Alimentacion,0,117614.58,4025,0.311
2024-05-10,T04,Noreste,Supercenter,Electronica,0,50442.14,1144,0.243
2024-05-10,T04,Noreste,Supercenter,Hogar,0,47680.87,1273,0.283
2024-05-10,T04,Noreste,Supercenter,Ropa,0,30392.99,2027,0.257
2024-05-10,T04,Noreste,Supercenter,Juguetes,0,26429.13,2331,0.195
2024-05-10,T04,Noreste,Supercenter,Farmacia,0,26788.08,662,0.26
2024-05-10,T04,Noreste,Supercenter,Jardin,0,17229.74,1546,0.232
2024-05-17,T04,Noreste,Supercenter,Alimentacion,0,91740.53,2562,0.185
2024-05-17,T04,Noreste,Supercenter,Electronica,0,57117.23,3230,0.264
2024-05-17,T04,Noreste,Supercenter,Hogar,0,52801.17,3742,0.143
2024-05-17,T04,Noreste,Supercenter,Ropa,0,32945.68,2923,0.188
2024-05-17,T04,Noreste,Supercenter,Juguetes,0,19302.12,518,0.244
2024-05-17,T04,Noreste,Supercenter,Farmacia,0,28429.49,874,0.247
2024-05-17,T04,Noreste,Supercenter,Jardin,0,26552.14,609,0.253
2024-05-24,T04,Noreste,Supercenter,Alimentacion,0,112561.52,3016,0.371
2024-05-24,T04,Noreste,Supercenter,Electronica,0,70754.52,6493,0.236
2024-05-24,T04,Noreste,Supercenter,Hogar,0,53657.91,4814,0.304
2024-05-24,T04,Noreste,Supercenter,Ropa,0,46314.23,2829,0.232
2024-05-24,T04,Noreste,Supercenter,Juguetes,0,33000.89,758,0.237
2024-05-24,T04,Noreste,Supercenter,Farmacia,0,28656.71,847,0.201
2024-05-24,T04,Noreste,Supercenter,Jardin,0,18799.02,2121,0.231
2024-05-31,T04,Noreste,Supercenter,Alimentacion,0,98070.12,3049,0.226
2024-05-31,T04,Noreste,Supercenter,Electronica,0,73549.05,3147,0.233
2024-05-31,T04,Noreste,Supercenter,Hogar,0,29803.58,1904,0.197
2024-05-31,T04,Noreste,Supercenter,Ropa,0,29665.36,3392,0.263
2024-05-31,T04,Noreste,Supercenter,Juguetes,0,28876.68,922,0.275
2024-05-31,T04,Noreste,Supercenter,Farmacia,0,37149.03,1280,0.235
2024-05-31,T04,Noreste,Supercenter,Jardin,0,21815.32,2122,0.272
2024-06-07,T04,Noreste,Supercenter,Alimentacion,0,88310.11,3705,0.203
2024-06-07,T04,Noreste,Supercenter,Electronica,0,70050.13,1790,0.221
2024-06-07,T04,Noreste,Supercenter,Hogar,0,45235.97,1620,0.216
2024-06-07,T04,Noreste,Supercenter,Ropa,0,41681.01,1479,0.216
2024-06-07,T04,Noreste,Supercenter,Juguetes,0,23547.16,552,0.155
2024-06-07,T04,Noreste,Supercenter,Farmacia,0,31056.16,1002,0.222
2024-06-07,T04,Noreste,Supercenter,Jardin,0,20631.88,1100,0.204
2024-06-14,T04,Noreste,Supercenter,Alimentacion,0,105061.68,11084,0.208
2024-06-14,T04,Noreste,Supercenter,Electronica,0,54816.77,1648,0.229
2024-06-14,T04,Noreste,Supercenter,Hogar,0,45863.08,1503,0.233
2024-06-14,T04,Noreste,Supercenter,Ropa,0,41888.03,1228,0.151
2024-06-14,T04,Noreste,Supercenter,Juguetes,0,22845.46,964,0.255
2024-06-14,T04,Noreste,Supercenter,Farmacia,0,28992.1,1290,0.298
2024-06-14,T04,Noreste,Supercenter,Jardin,0,17477.04,462,0.286
2024-06-21,T04,Noreste,Supercenter,Alimentacion,0,106233.07,9645,0.173
2024-06-21,T04,Noreste,Supercenter,Electronica,0,45183.3,1368,0.295
2024-06-21,T04,Noreste,Supercenter,Hogar,0,53340.77,2668,0.263
2024-06-21,T04,Noreste,Supercenter,Ropa,0,31411.94,1015,0.259
2024-06-21,T04,Noreste,Supercenter,Juguetes,0,24221.29,1558,0.308
2024-06-21,T04,Noreste,Supercenter,Farmacia,0,24324.65,540,0.224
2024-06-21,T04,Noreste,Supercenter,Jardin,0,14729.73,340,0.215
2024-06-28,T04,Noreste,Supercenter,Alimentacion,0,89916.87,2602,0.221
2024-06-28,T04,Noreste,Supercenter,Electronica,0,71073.22,2825,0.231
2024-06-28,T04,Noreste,Supercenter,Hogar,0,54289.63,1376,0.282
2024-06-28,T04,Noreste,Supercenter,Ropa,0,31354.25,2362,0.203
2024-06-28,T04,Noreste,Supercenter,Juguetes,0,26509.53,969,0.289
2024-06-28,T04,Noreste,Supercenter,Farmacia,0,33781.94,1731,0.248
2024-06-28,T04,Noreste,Supercenter,Jardin,0,16388.07,1084,0.253
2024-07-05,T04,Noreste,Supercenter,Alimentacion,0,112134.72,3290,0.228
2024-07-05,T04,Noreste,Supercenter,Electronica,0,58272.51,1780,0.203
2024-07-05,T04,Noreste,Supercenter,Hogar,0,51626.05,1828,0.318
2024-07-05,T04,Noreste,Supercenter,Ropa,0,37012.9,1448,0.302
2024-07-05,T04,Noreste,Supercenter,Juguetes,0,24469.38,1080,0.224
2024-07-05,T04,Noreste,Supercenter,Farmacia,0,31865.17,1131,0.252
2024-07-05,T04,Noreste,Supercenter,Jardin,0,20131.73,1253,0.192
2024-07-12,T04,Noreste,Supercenter,Alimentacion,0,85799.77,2035,0.201
2024-07-12,T04,Noreste,Supercenter,Electronica,0,65294.16,2344,0.269
2024-07-12,T04,Noreste,Supercenter,Hogar,0,32911.15,789,0.232
2024-07-12,T04,Noreste,Supercenter,Ropa,0,38662.92,1438,0.255
2024-07-12,T04,Noreste,Supercenter,Juguetes,0,26213.81,1476,0.123
2024-07-12,T04,Noreste,Supercenter,Farmacia,0,34330.63,1299,0.283
2024-07-12,T04,Noreste,Supercenter,Jardin,0,15626.06,1050,0.203
2024-07-19,T04,Noreste,Supercenter,Alimentacion,0,100677.64,6905,0.245
2024-07-19,T04,Noreste,Supercenter,Electronica,0,52048.08,4576,0.241
2024-07-19,T04,Noreste,Supercenter,Hogar,0,36855.8,1552,0.179
2024-07-19,T04,Noreste,Supercenter,Ropa,0,46565.45,1351,0.322
2024-07-19,T04,Noreste,Supercenter,Juguetes,0,27730.3,621,0.261
2024-07-19,T04,Noreste,Supercenter,Farmacia,0,24062.29,1062,0.268
2024-07-19,T04,Noreste,Supercenter,Jardin,0,16340.58,484,0.215
2024-07-26,T04,Noreste,Supercenter,Alimentacion,0,85735.39,7558,0.26
2024-07-26,T04,Noreste,Supercenter,Electronica,0,60455.23,4544,0.175
2024-07-26,T04,Noreste,Supercenter,Hogar,0,33065.71,1210,0.31
2024-07-26,T04,Noreste,Supercenter,Ropa,0,27418.85,1770,0.202
2024-07-26,T04,Noreste,Supercenter,Juguetes,0,20578.07,783,0.219
2024-07-26,T04,Noreste,Supercenter,Farmacia,0,23709.43,974,0.179
2024-07-26,T04,Noreste,Supercenter,Jardin,0,17657.73,811,0.187
2024-08-02,T04,Noreste,Supercenter,Alimentacion,0,78660.33,3112,0.172
2024-08-02,T04,Noreste,Supercenter,Electronica,0,81788.87,1848,0.256
2024-08-02,T04,Noreste,Supercenter,Hogar,0,31444.7,1574,0.164
2024-08-02,T04,Noreste,Supercenter,Ropa,0,26046.06,2260,0.362
2024-08-02,T04,Noreste,Supercenter,Juguetes,0,23733.4,1617,0.188
2024-08-02,T04,Noreste,Supercenter,Farmacia,0,28810.07,729,0.361
2024-08-02,T04,Noreste,Supercenter,Jardin,0,21491.65,1450,0.128
2024-08-09,T04,Noreste,Supercenter,Alimentacion,0,74822.34,5352,0.207
2024-08-09,T04,Noreste,Supercenter,Electronica,0,54090.99,3762,0.256
2024-08-09,T04,Noreste,Supercenter,Hogar,0,30494.89,1054,0.273
2024-08-09,T04,Noreste,Supercenter,Ropa,0,31262.41,1262,0.28
2024-08-09,T04,Noreste,Supercenter,Juguetes,0,29745.93,1835,0.202
2024-08-09,T04,Noreste,Supercenter,Farmacia,0,28011.5,676,0.258
2024-08-09,T04,Noreste,Supercenter,Jardin,0,26640.63,829,0.25
2024-08-16,T04,Noreste,Supercenter,Alimentacion,0,93402.08,2251,0.243
2024-08-16,T04,Noreste,Supercenter,Electronica,0,57542.41,1815,0.225
2024-08-16,T04,Noreste,Supercenter,Hogar,0,32537.25,1444,0.275
2024-08-16,T04,Noreste,Supercenter,Ropa,0,44414.0,2017,0.305
2024-08-16,T04,Noreste,Supercenter,Juguetes,0,25351.95,706,0.238
2024-08-16,T04,Noreste,Supercenter,Farmacia,0,39540.42,1533,0.237
2024-08-16,T04,Noreste,Supercenter,Jardin,0,17749.29,996,0.289
2024-08-23,T04,Noreste,Supercenter,Alimentacion,0,106872.63,2477,0.289
2024-08-23,T04,Noreste,Supercenter,Electronica,0,64806.7,2634,0.305
2024-08-23,T04,Noreste,Supercenter,Hogar,0,50830.04,2697,0.217
2024-08-23,T04,Noreste,Supercenter,Ropa,0,34449.95,916,0.19
2024-08-23,T04,Noreste,Supercenter,Juguetes,0,29468.44,2108,0.188
2024-08-23,T04,Noreste,Supercenter,Farmacia,0,24303.82,653,0.252
2024-08-23,T04,Noreste,Supercenter,Jardin,0,23468.33,563,0.255
2024-08-30,T04,Noreste,Supercenter,Alimentacion,0,88457.54,2769,0.277
2024-08-30,T04,Noreste,Supercenter,Electronica,0,50726.79,5589,0.227
2024-08-30,T04,Noreste,Supercenter,Hogar,0,45776.89,1565,0.2
2024-08-30,T04,Noreste,Supercenter,Ropa,0,35675.9,1646,0.262
2024-08-30,T04,Noreste,Supercenter,Juguetes,0,29872.0,1535,0.254
2024-08-30,T04,Noreste,Supercenter,Farmacia,0,39513.44,1413,0.205
2024-08-30,T04,Noreste,Supercenter,Jardin,0,15628.64,1071,0.291
2024-09-06,T04,Noreste,Supercenter,Alimentacion,0,109555.15,2814,0.177
2024-09-06,T04,Noreste,Supercenter,Electronica,0,52407.73,2625,0.254
2024-09-06,T04,Noreste,Supercenter,Hogar,0,45085.83,1349,0.225
2024-09-06,T04,Noreste,Supercenter,Ropa,0,32242.48,995,0.198
2024-09-06,T04,Noreste,Supercenter,Juguetes,0,23200.46,558,0.253
2024-09-06,T04,Noreste,Supercenter,Farmacia,0,35519.87,1016,0.249
2024-09-06,T04,Noreste,Supercenter,Jardin,0,21241.92,1067,0.288
2024-09-13,T04,Noreste,Supercenter,Alimentacion,0,109895.32,4145,0.25
2024-09-13,T04,Noreste,Supercenter,Electronica,0,54245.63,1819,0.163
2024-09-13,T04,Noreste,Supercenter,Hogar,0,37426.96,1445,0.208
2024-09-13,T04,Noreste,Supercenter,Ropa,0,43341.5,1061,0.25
2024-09-13,T04,Noreste,Supercenter,Juguetes,0,34082.48,2497,0.269
2024-09-13,T04,Noreste,Supercenter,Farmacia,0,31119.7,828,0.248
2024-09-13,T04,Noreste,Supercenter,Jardin,0,23921.15,766,0.205
2024-09-20,T04,Noreste,Supercenter,Alimentacion,0,95120.43,3543,0.232
2024-09-20,T04,Noreste,Supercenter,Electronica,0,63138.33,1591,0.192
2024-09-20,T04,Noreste,Supercenter,Hogar,0,49470.03,2203,0.212
2024-09-20,T04,Noreste,Supercenter,Ropa,0,26473.04,1194,0.284
2024-09-20,T04,Noreste,Supercenter,Juguetes,0,22402.77,2446,0.213
2024-09-20,T04,Noreste,Supercenter,Farmacia,0,30284.29,1295,0.283
2024-09-20,T04,Noreste,Supercenter,Jardin,0,20679.8,701,0.235
2024-09-27,T04,Noreste,Supercenter,Alimentacion,0,117659.59,11068,0.207
2024-09-27,T04,Noreste,Supercenter,Electronica,0,51957.79,1897,0.261
2024-09-27,T04,Noreste,Supercenter,Hogar,0,51090.94,2254,0.235
2024-09-27,T04,Noreste,Supercenter,Ropa,0,31224.27,3581,0.232
2024-09-27,T04,Noreste,Supercenter,Juguetes,0,26834.52,1073,0.179
2024-09-27,T04,Noreste,Supercenter,Farmacia,0,35422.28,789,0.216
2024-09-27,T04,Noreste,Supercenter,Jardin,0,24651.13,863,0.295
2024-10-04,T04,Noreste,Supercenter,Alimentacion,0,122092.74,3791,0.221
2024-10-04,T04,Noreste,Supercenter,Electronica,0,71559.65,5628,0.199
2024-10-04,T04,Noreste,Supercenter,Hogar,0,41620.05,991,0.278
2024-10-04,T04,Noreste,Supercenter,Ropa,0,28031.47,2163,0.202
2024-10-04,T04,Noreste,Supercenter,Juguetes,0,26153.22,2380,0.152
2024-10-04,T04,Noreste,Supercenter,Farmacia,0,32501.52,834,0.262
2024-10-04,T04,Noreste,Supercenter,Jardin,0,21248.98,1721,0.249
2024-10-11,T04,Noreste,Supercenter,Alimentacion,0,76100.74,6456,0.222
2024-10-11,T04,Noreste,Supercenter,Electronica,0,74602.96,6261,0.304
2024-10-11,T04,Noreste,Supercenter,Hogar,0,48221.49,1347,0.268
2024-10-11,T04,Noreste,Supercenter,Ropa,0,27093.76,1101,0.267
2024-10-11,T04,Noreste,Supercenter,Juguetes,0,29399.32,1386,0.296
2024-10-11,T04,Noreste,Supercenter,Farmacia,0,24203.76,834,0.203
2024-10-11,T04,Noreste,Supercenter,Jardin,0,23263.77,2187,0.19
2024-10-18,T04,Noreste,Supercenter,Alimentacion,0,105001.26,7131,0.236
2024-10-18,T04,Noreste,Supercenter,Electronica,0,56763.55,4157,0.229
2024-10-18,T04,Noreste,Supercenter,Hogar,0,51412.2,1695,0.202
2024-10-18,T04,Noreste,Supercenter,Ropa,0,38013.31,2176,0.187
2024-10-18,T04,Noreste,Supercenter,Juguetes,0,18897.87,538,0.25
2024-10-18,T04,Noreste,Supercenter,Farmacia,0,23327.95,1624,0.233
2024-10-18,T04,Noreste,Supercenter,Jardin,0,25648.17,920,0.254
2024-10-25,T04,Noreste,Supercenter,Alimentacion,0,110587.46,2861,0.148
2024-10-25,T04,Noreste,Supercenter,Electronica,0,63355.66,1832,0.234
2024-10-25,T04,Noreste,Supercenter,Hogar,0,50951.86,5810,0.313
2024-10-25,T04,Noreste,Supercenter,Ropa,0,43385.35,2107,0.206
2024-10-25,T04,Noreste,Supercenter,Juguetes,0,21324.22,771,0.307
2024-10-25,T04,Noreste,Supercenter,Farmacia,0,23393.89,2562,0.173
2024-10-25,T04,Noreste,Supercenter,Jardin,0,26757.79,1460,0.173
2024-11-01,T04,Noreste,Supercenter,Alimentacion,1,116524.34,6306,0.183
2024-11-01,T04,Noreste,Supercenter,Electronica,1,126092.74,4680,0.265
2024-11-01,T04,Noreste,Supercenter,Hogar,1,49969.03,1338,0.244
2024-11-01,T04,Noreste,Supercenter,Ropa,1,47754.09,1857,0.203
2024-11-01,T04,Noreste,Supercenter,Juguetes,1,57547.41,3635,0.26
2024-11-01,T04,Noreste,Supercenter,Farmacia,1,29710.66,748,0.201
2024-11-01,T04,Noreste,Supercenter,Jardin,1,23528.77,2844,0.169
2024-11-08,T04,Noreste,Supercenter,Alimentacion,1,101086.94,7896,0.259
2024-11-08,T04,Noreste,Supercenter,Electronica,1,90045.97,2161,0.204
2024-11-08,T04,Noreste,Supercenter,Hogar,1,54475.84,1793,0.281
2024-11-08,T04,Noreste,Supercenter,Ropa,1,27174.35,2522,0.304
2024-11-08,T04,Noreste,Supercenter,Juguetes,1,56047.16,2446,0.158
2024-11-08,T04,Noreste,Supercenter,Farmacia,1,33199.74,1197,0.2
2024-11-08,T04,Noreste,Supercenter,Jardin,1,20652.09,600,0.346
2024-11-15,T04,Noreste,Supercenter,Alimentacion,1,86043.5,10180,0.24
2024-11-15,T04,Noreste,Supercenter,Electronica,1,117084.12,5645,0.223
2024-11-15,T04,Noreste,Supercenter,Hogar,1,45228.26,1659,0.268
2024-11-15,T04,Noreste,Supercenter,Ropa,1,31438.46,820,0.243
2024-11-15,T04,Noreste,Supercenter,Juguetes,1,50661.47,1189,0.264
2024-11-15,T04,Noreste,Supercenter,Farmacia,1,38197.72,1683,0.321
2024-11-15,T04,Noreste,Supercenter,Jardin,1,21648.43,700,0.18
2024-11-22,T04,Noreste,Supercenter,Alimentacion,1,77606.5,2734,0.26
2024-11-22,T04,Noreste,Supercenter,Electronica,1,129875.76,3323,0.285
2024-11-22,T04,Noreste,Supercenter,Hogar,1,31976.31,747,0.192
2024-11-22,T04,Noreste,Supercenter,Ropa,1,36191.24,925,0.27
2024-11-22,T04,Noreste,Supercenter,Juguetes,1,33604.2,3765,0.236
2024-11-22,T04,Noreste,Supercenter,Farmacia,1,37402.92,2941,0.198
2024-11-22,T04,Noreste,Supercenter,Jardin,1,23909.48,554,0.251
2024-11-29,T04,Noreste,Supercenter,Alimentacion,1,115928.44,4258,0.265
2024-11-29,T04,Noreste,Supercenter,Electronica,1,91858.48,8724,0.227
2024-11-29,T04,Noreste,Supercenter,Hogar,1,30720.49,748,0.148
2024-11-29,T04,Noreste,Supercenter,Ropa,1,46738.2,2382,0.153
2024-11-29,T04,Noreste,Supercenter,Juguetes,1,54121.81,3186,0.222
2024-11-29,T04,Noreste,Supercenter,Farmacia,1,34526.62,780,0.217
2024-11-29,T04,Noreste,Supercenter,Jardin,1,20696.81,694,0.216
2024-12-06,T04,Noreste,Supercenter,Alimentacion,1,90675.79,4899,0.298
2024-12-06,T04,Noreste,Supercenter,Electronica,1,114261.32,8087,0.186
2024-12-06,T04,Noreste,Supercenter,Hogar,1,33688.74,968,0.26
2024-12-06,T04,Noreste,Supercenter,Ropa,1,45504.81,5073,0.228
2024-12-06,T04,Noreste,Supercenter,Juguetes,1,42165.46,2582,0.31
2024-12-06,T04,Noreste,Supercenter,Farmacia,1,37978.12,907,0.217
2024-12-06,T04,Noreste,Supercenter,Jardin,1,16649.59,480,0.204
2024-12-13,T04,Noreste,Supercenter,Alimentacion,1,77576.12,2147,0.261
2024-12-13,T04,Noreste,Supercenter,Electronica,1,123882.53,5817,0.197
2024-12-13,T04,Noreste,Supercenter,Hogar,1,33957.1,943,0.263
2024-12-13,T04,Noreste,Supercenter,Ropa,1,42902.34,1143,0.324
2024-12-13,T04,Noreste,Supercenter,Juguetes,1,33638.0,1857,0.295
2024-12-13,T04,Noreste,Supercenter,Farmacia,1,33318.03,793,0.241
2024-12-13,T04,Noreste,Supercenter,Jardin,1,25734.75,1832,0.345
2024-12-20,T04,Noreste,Supercenter,Alimentacion,1,69139.79,1949,0.256
2024-12-20,T04,Noreste,Supercenter,Electronica,1,96903.25,2641,0.259
2024-12-20,T04,Noreste,Supercenter,Hogar,1,29763.05,3682,0.237
2024-12-20,T04,Noreste,Supercenter,Ropa,1,32461.2,2212,0.193
2024-12-20,T04,Noreste,Supercenter,Juguetes,1,39565.71,1322,0.245
2024-12-20,T04,Noreste,Supercenter,Farmacia,1,25588.91,1951,0.193
2024-12-20,T04,Noreste,Supercenter,Jardin,1,15081.43,777,0.264
2024-12-27,T04,Noreste,Supercenter,Alimentacion,1,113329.87,5207,0.332
2024-12-27,T04,Noreste,Supercenter,Electronica,1,118026.58,3052,0.291
2024-12-27,T04,Noreste,Supercenter,Hogar,1,36882.52,1924,0.248
2024-12-27,T04,Noreste,Supercenter,Ropa,1,32675.87,807,0.228
2024-12-27,T04,Noreste,Supercenter,Juguetes,1,36196.46,1450,0.236
2024-12-27,T04,Noreste,Supercenter,Farmacia,1,31310.39,1097,0.258
2024-12-27,T04,Noreste,Supercenter,Jardin,1,25321.56,575,0.26
2024-01-05,T05,Medio_Oeste,Discount,Alimentacion,0,122725.23,4457,0.183
2024-01-05,T05,Medio_Oeste,Discount,Electronica,0,58913.43,1989,0.189
2024-01-05,T05,Medio_Oeste,Discount,Hogar,0,59441.9,2521,0.222
2024-01-05,T05,Medio_Oeste,Discount,Ropa,0,39020.78,889,0.258
2024-01-05,T05,Medio_Oeste,Discount,Juguetes,0,24590.74,1740,0.21
2024-01-05,T05,Medio_Oeste,Discount,Farmacia,0,48329.28,2891,0.262
2024-01-05,T05,Medio_Oeste,Discount,Jardin,0,21572.85,674,0.277
2024-01-12,T05,Medio_Oeste,Discount,Alimentacion,0,111655.94,3465,0.183
2024-01-12,T05,Medio_Oeste,Discount,Electronica,0,62892.4,1627,0.13
2024-01-12,T05,Medio_Oeste,Discount,Hogar,0,48536.5,1539,0.216
2024-01-12,T05,Medio_Oeste,Discount,Ropa,0,36782.67,919,0.256
2024-01-12,T05,Medio_Oeste,Discount,Juguetes,0,36243.07,2983,0.276
2024-01-12,T05,Medio_Oeste,Discount,Farmacia,0,38068.69,1388,0.271
2024-01-12,T05,Medio_Oeste,Discount,Jardin,0,32282.69,2697,0.249
2024-01-19,T05,Medio_Oeste,Discount,Alimentacion,0,102382.92,3980,0.194
2024-01-19,T05,Medio_Oeste,Discount,Electronica,0,90582.02,2480,0.243
2024-01-19,T05,Medio_Oeste,Discount,Hogar,0,48411.88,1568,0.177
2024-01-19,T05,Medio_Oeste,Discount,Ropa,0,33887.3,1492,0.206
2024-01-19,T05,Medio_Oeste,Discount,Juguetes,0,25270.04,702,0.304
2024-01-19,T05,Medio_Oeste,Discount,Farmacia,0,39308.34,1451,0.237
2024-01-19,T05,Medio_Oeste,Discount,Jardin,0,19235.35,1573,0.233
2024-01-26,T05,Medio_Oeste,Discount,Alimentacion,0,107327.66,5635,0.232
2024-01-26,T05,Medio_Oeste,Discount,Electronica,0,63225.13,5677,0.256
2024-01-26,T05,Medio_Oeste,Discount,Hogar,0,57915.73,1467,0.298
2024-01-26,T05,Medio_Oeste,Discount,Ropa,0,45047.35,1294,0.205
2024-01-26,T05,Medio_Oeste,Discount,Juguetes,0,26140.45,921,0.249
2024-01-26,T05,Medio_Oeste,Discount,Farmacia,0,33221.36,1031,0.165
2024-01-26,T05,Medio_Oeste,Discount,Jardin,0,24924.45,2199,0.266
2024-02-02,T05,Medio_Oeste,Discount,Alimentacion,0,136510.59,10315,0.335
2024-02-02,T05,Medio_Oeste,Discount,Electronica,0,54421.62,5982,0.281
2024-02-02,T05,Medio_Oeste,Discount,Hogar,0,49559.71,2342,0.257
2024-02-02,T05,Medio_Oeste,Discount,Ropa,0,56073.77,3235,0.189
2024-02-02,T05,Medio_Oeste,Discount,Juguetes,0,27061.99,2551,0.261
2024-02-02,T05,Medio_Oeste,Discount,Farmacia,0,26157.68,792,0.24
2024-02-02,T05,Medio_Oeste,Discount,Jardin,0,28550.75,782,0.173
2024-02-09,T05,Medio_Oeste,Discount,Alimentacion,0,80008.02,2350,0.363
2024-02-09,T05,Medio_Oeste,Discount,Electronica,0,63106.89,3477,0.211
2024-02-09,T05,Medio_Oeste,Discount,Hogar,0,39616.51,1221,0.237
2024-02-09,T05,Medio_Oeste,Discount,Ropa,0,31445.38,1103,0.289
2024-02-09,T05,Medio_Oeste,Discount,Juguetes,0,27429.27,678,0.224
2024-02-09,T05,Medio_Oeste,Discount,Farmacia,0,34275.33,869,0.255
2024-02-09,T05,Medio_Oeste,Discount,Jardin,0,29674.26,2716,0.284
2024-02-16,T05,Medio_Oeste,Discount,Alimentacion,0,83423.37,2521,0.253
2024-02-16,T05,Medio_Oeste,Discount,Electronica,0,90298.27,2038,0.259
2024-02-16,T05,Medio_Oeste,Discount,Hogar,0,57786.85,2163,0.262
2024-02-16,T05,Medio_Oeste,Discount,Ropa,0,47290.42,1162,0.208
2024-02-16,T05,Medio_Oeste,Discount,Juguetes,0,31035.76,886,0.261
2024-02-16,T05,Medio_Oeste,Discount,Farmacia,0,30852.98,698,0.195
2024-02-16,T05,Medio_Oeste,Discount,Jardin,0,20127.96,993,0.256
2024-02-23,T05,Medio_Oeste,Discount,Alimentacion,0,120215.34,2851,0.132
2024-02-23,T05,Medio_Oeste,Discount,Electronica,0,81424.85,2402,0.166
2024-02-23,T05,Medio_Oeste,Discount,Hogar,0,60416.78,3762,0.28
2024-02-23,T05,Medio_Oeste,Discount,Ropa,0,55897.28,1398,0.277
2024-02-23,T05,Medio_Oeste,Discount,Juguetes,0,34364.96,1359,0.27
2024-02-23,T05,Medio_Oeste,Discount,Farmacia,0,32541.92,2496,0.304
2024-02-23,T05,Medio_Oeste,Discount,Jardin,0,24080.18,893,0.288
2024-03-01,T05,Medio_Oeste,Discount,Alimentacion,0,141408.78,4471,0.226
2024-03-01,T05,Medio_Oeste,Discount,Electronica,0,57135.4,1840,0.279
2024-03-01,T05,Medio_Oeste,Discount,Hogar,0,44707.12,2937,0.233
2024-03-01,T05,Medio_Oeste,Discount,Ropa,0,37604.04,1531,0.181
2024-03-01,T05,Medio_Oeste,Discount,Juguetes,0,26829.06,838,0.205
2024-03-01,T05,Medio_Oeste,Discount,Farmacia,0,33741.77,1006,0.255
2024-03-01,T05,Medio_Oeste,Discount,Jardin,0,20711.77,1342,0.24
2024-03-08,T05,Medio_Oeste,Discount,Alimentacion,0,110185.87,11670,0.255
2024-03-08,T05,Medio_Oeste,Discount,Electronica,0,96788.78,2305,0.293
2024-03-08,T05,Medio_Oeste,Discount,Hogar,0,44082.65,1752,0.192
2024-03-08,T05,Medio_Oeste,Discount,Ropa,0,51440.74,4059,0.105
2024-03-08,T05,Medio_Oeste,Discount,Juguetes,0,38001.86,935,0.199
2024-03-08,T05,Medio_Oeste,Discount,Farmacia,0,38979.44,2832,0.206
2024-03-08,T05,Medio_Oeste,Discount,Jardin,0,31093.14,1252,0.321
2024-03-15,T05,Medio_Oeste,Discount,Alimentacion,0,117271.26,5073,0.28
2024-03-15,T05,Medio_Oeste,Discount,Electronica,0,67482.67,1671,0.225
2024-03-15,T05,Medio_Oeste,Discount,Hogar,0,39530.56,2044,0.256
2024-03-15,T05,Medio_Oeste,Discount,Ropa,0,37821.17,1166,0.246
2024-03-15,T05,Medio_Oeste,Discount,Juguetes,0,23845.48,1848,0.272
2024-03-15,T05,Medio_Oeste,Discount,Farmacia,0,45703.88,1064,0.262
2024-03-15,T05,Medio_Oeste,Discount,Jardin,0,28759.23,815,0.256
2024-03-22,T05,Medio_Oeste,Discount,Alimentacion,0,108796.45,2740,0.258
2024-03-22,T05,Medio_Oeste,Discount,Electronica,0,73361.25,4303,0.216
2024-03-22,T05,Medio_Oeste,Discount,Hogar,0,60338.21,2646,0.28
2024-03-22,T05,Medio_Oeste,Discount,Ropa,0,40928.7,1592,0.225
2024-03-22,T05,Medio_Oeste,Discount,Juguetes,0,36241.11,820,0.315
2024-03-22,T05,Medio_Oeste,Discount,Farmacia,0,33785.45,1548,0.231
2024-03-22,T05,Medio_Oeste,Discount,Jardin,0,21846.33,1950,0.252
2024-03-29,T05,Medio_Oeste,Discount,Alimentacion,0,89604.68,4304,0.258
2024-03-29,T05,Medio_Oeste,Discount,Electronica,0,63254.76,2064,0.222
2024-03-29,T05,Medio_Oeste,Discount,Hogar,0,51752.63,3411,0.335
2024-03-29,T05,Medio_Oeste,Discount,Ropa,0,45895.83,1716,0.237
2024-03-29,T05,Medio_Oeste,Discount,Juguetes,0,30103.96,1071,0.249
2024-03-29,T05,Medio_Oeste,Discount,Farmacia,0,39833.56,3759,0.183
2024-03-29,T05,Medio_Oeste,Discount,Jardin,0,29419.05,1672,0.34
2024-04-05,T05,Medio_Oeste,Discount,Alimentacion,0,105904.67,5373,0.212
2024-04-05,T05,Medio_Oeste,Discount,Electronica,0,67613.3,4034,0.19
2024-04-05,T05,Medio_Oeste,Discount,Hogar,0,57096.72,1718,0.185
2024-04-05,T05,Medio_Oeste,Discount,Ropa,0,33901.92,1072,0.282
2024-04-05,T05,Medio_Oeste,Discount,Juguetes,0,25977.59,705,0.213
2024-04-05,T05,Medio_Oeste,Discount,Farmacia,0,27723.98,2965,0.188
2024-04-05,T05,Medio_Oeste,Discount,Jardin,0,26625.61,663,0.195
2024-04-12,T05,Medio_Oeste,Discount,Alimentacion,0,91573.76,3317,0.18
2024-04-12,T05,Medio_Oeste,Discount,Electronica,0,73849.95,1750,0.216
2024-04-12,T05,Medio_Oeste,Discount,Hogar,0,47220.72,1058,0.209
2024-04-12,T05,Medio_Oeste,Discount,Ropa,0,54822.59,2063,0.238
2024-04-12,T05,Medio_Oeste,Discount,Juguetes,0,38969.63,1455,0.202
2024-04-12,T05,Medio_Oeste,Discount,Farmacia,0,32222.07,995,0.193
2024-04-12,T05,Medio_Oeste,Discount,Jardin,0,20613.51,601,0.218
2024-04-19,T05,Medio_Oeste,Discount,Alimentacion,0,105051.91,12869,0.197
2024-04-19,T05,Medio_Oeste,Discount,Electronica,0,52513.61,4873,0.193
2024-04-19,T05,Medio_Oeste,Discount,Hogar,0,37273.76,2048,0.268
2024-04-19,T05,Medio_Oeste,Discount,Ropa,0,38536.09,858,0.284
2024-04-19,T05,Medio_Oeste,Discount,Juguetes,0,32688.34,746,0.333
2024-04-19,T05,Medio_Oeste,Discount,Farmacia,0,33261.17,930,0.235
2024-04-19,T05,Medio_Oeste,Discount,Jardin,0,27631.99,1055,0.248
2024-04-26,T05,Medio_Oeste,Discount,Alimentacion,0,96783.17,2232,0.259
2024-04-26,T05,Medio_Oeste,Discount,Electronica,0,60367.71,4041,0.185
2024-04-26,T05,Medio_Oeste,Discount,Hogar,0,59983.63,1664,0.209
2024-04-26,T05,Medio_Oeste,Discount,Ropa,0,35926.89,3702,0.205
2024-04-26,T05,Medio_Oeste,Discount,Juguetes,0,36969.7,1056,0.23
2024-04-26,T05,Medio_Oeste,Discount,Farmacia,0,39436.31,1633,0.255
2024-04-26,T05,Medio_Oeste,Discount,Jardin,0,25138.59,757,0.234
2024-05-03,T05,Medio_Oeste,Discount,Alimentacion,0,141543.14,5937,0.235
2024-05-03,T05,Medio_Oeste,Discount,Electronica,0,62826.94,2368,0.28
2024-05-03,T05,Medio_Oeste,Discount,Hogar,0,51318.44,1490,0.253
2024-05-03,T05,Medio_Oeste,Discount,Ropa,0,47842.76,1405,0.261
2024-05-03,T05,Medio_Oeste,Discount,Juguetes,0,29271.3,2002,0.268
2024-05-03,T05,Medio_Oeste,Discount,Farmacia,0,43737.65,1050,0.295
2024-05-03,T05,Medio_Oeste,Discount,Jardin,0,21882.63,658,0.322
2024-05-10,T05,Medio_Oeste,Discount,Alimentacion,0,100677.81,2609,0.254
2024-05-10,T05,Medio_Oeste,Discount,Electronica,0,52723.88,4201,0.195
2024-05-10,T05,Medio_Oeste,Discount,Hogar,0,61066.68,2574,0.252
2024-05-10,T05,Medio_Oeste,Discount,Ropa,0,41682.64,1843,0.187
2024-05-10,T05,Medio_Oeste,Discount,Juguetes,0,24340.57,754,0.232
2024-05-10,T05,Medio_Oeste,Discount,Farmacia,0,43482.59,2812,0.128
2024-05-10,T05,Medio_Oeste,Discount,Jardin,0,29438.6,2329,0.201
2024-05-17,T05,Medio_Oeste,Discount,Alimentacion,0,142145.09,5655,0.238
2024-05-17,T05,Medio_Oeste,Discount,Electronica,0,53283.92,2909,0.235
2024-05-17,T05,Medio_Oeste,Discount,Hogar,0,61284.29,3396,0.253
2024-05-17,T05,Medio_Oeste,Discount,Ropa,0,47772.47,3895,0.187
2024-05-17,T05,Medio_Oeste,Discount,Juguetes,0,26205.7,1075,0.253
2024-05-17,T05,Medio_Oeste,Discount,Farmacia,0,35825.25,2101,0.329
2024-05-17,T05,Medio_Oeste,Discount,Jardin,0,26138.15,960,0.283
2024-05-24,T05,Medio_Oeste,Discount,Alimentacion,0,93268.28,2811,0.249
2024-05-24,T05,Medio_Oeste,Discount,Electronica,0,68518.11,5060,0.32
2024-05-24,T05,Medio_Oeste,Discount,Hogar,0,52819.42,2565,0.191
2024-05-24,T05,Medio_Oeste,Discount,Ropa,0,52559.04,4367,0.32
2024-05-24,T05,Medio_Oeste,Discount,Juguetes,0,29115.8,647,0.332
2024-05-24,T05,Medio_Oeste,Discount,Farmacia,0,32401.98,1330,0.228
2024-05-24,T05,Medio_Oeste,Discount,Jardin,0,27743.07,1075,0.175
2024-05-31,T05,Medio_Oeste,Discount,Alimentacion,0,112376.0,2748,0.223
2024-05-31,T05,Medio_Oeste,Discount,Electronica,0,74579.47,3993,0.256
2024-05-31,T05,Medio_Oeste,Discount,Hogar,0,61050.38,1781,0.174
2024-05-31,T05,Medio_Oeste,Discount,Ropa,0,53446.56,4274,0.269
2024-05-31,T05,Medio_Oeste,Discount,Juguetes,0,25811.05,2071,0.277
2024-05-31,T05,Medio_Oeste,Discount,Farmacia,0,34794.73,812,0.196
2024-05-31,T05,Medio_Oeste,Discount,Jardin,0,29577.65,828,0.263
2024-06-07,T05,Medio_Oeste,Discount,Alimentacion,0,140185.62,6070,0.241
2024-06-07,T05,Medio_Oeste,Discount,Electronica,0,64590.72,1592,0.289
2024-06-07,T05,Medio_Oeste,Discount,Hogar,0,45018.56,2814,0.339
2024-06-07,T05,Medio_Oeste,Discount,Ropa,0,49194.83,2643,0.237
2024-06-07,T05,Medio_Oeste,Discount,Juguetes,0,33518.21,902,0.239
2024-06-07,T05,Medio_Oeste,Discount,Farmacia,0,40249.62,2940,0.122
2024-06-07,T05,Medio_Oeste,Discount,Jardin,0,28226.19,899,0.269
2024-06-14,T05,Medio_Oeste,Discount,Alimentacion,0,136017.28,13637,0.206
2024-06-14,T05,Medio_Oeste,Discount,Electronica,0,96296.98,3480,0.278
2024-06-14,T05,Medio_Oeste,Discount,Hogar,0,52596.02,1422,0.228
2024-06-14,T05,Medio_Oeste,Discount,Ropa,0,48527.87,2953,0.174
2024-06-14,T05,Medio_Oeste,Discount,Juguetes,0,26206.56,591,0.199
2024-06-14,T05,Medio_Oeste,Discount,Farmacia,0,31420.42,790,0.139
2024-06-14,T05,Medio_Oeste,Discount,Jardin,0,22801.08,662,0.26
2024-06-21,T05,Medio_Oeste,Discount,Alimentacion,0,89048.15,3425,0.163
2024-06-21,T05,Medio_Oeste,Discount,Electronica,0,62794.9,7527,0.283
2024-06-21,T05,Medio_Oeste,Discount,Hogar,0,44328.88,4843,0.203
2024-06-21,T05,Medio_Oeste,Discount,Ropa,0,46843.66,4411,0.23
2024-06-21,T05,Medio_Oeste,Discount,Juguetes,0,38052.42,1288,0.228
2024-06-21,T05,Medio_Oeste,Discount,Farmacia,0,36534.6,2326,0.208
2024-06-21,T05,Medio_Oeste,Discount,Jardin,0,31056.89,744,0.16
2024-06-28,T05,Medio_Oeste,Discount,Alimentacion,0,99235.53,7117,0.265
2024-06-28,T05,Medio_Oeste,Discount,Electronica,0,67145.07,2136,0.195
2024-06-28,T05,Medio_Oeste,Discount,Hogar,0,62274.76,5270,0.245
2024-06-28,T05,Medio_Oeste,Discount,Ropa,0,52806.86,1551,0.172
2024-06-28,T05,Medio_Oeste,Discount,Juguetes,0,32878.46,2020,0.218
2024-06-28,T05,Medio_Oeste,Discount,Farmacia,0,36670.0,1740,0.266
2024-06-28,T05,Medio_Oeste,Discount,Jardin,0,20670.29,635,0.254
2024-07-05,T05,Medio_Oeste,Discount,Alimentacion,0,89556.24,9306,0.262
2024-07-05,T05,Medio_Oeste,Discount,Electronica,0,86902.47,2709,0.32
2024-07-05,T05,Medio_Oeste,Discount,Hogar,0,46854.09,2806,0.268
2024-07-05,T05,Medio_Oeste,Discount,Ropa,0,35812.97,1027,0.198
2024-07-05,T05,Medio_Oeste,Discount,Juguetes,0,27202.02,1017,0.271
2024-07-05,T05,Medio_Oeste,Discount,Farmacia,0,39573.93,1636,0.218
2024-07-05,T05,Medio_Oeste,Discount,Jardin,0,29951.29,739,0.241
2024-07-12,T05,Medio_Oeste,Discount,Alimentacion,0,121016.17,3962,0.302
2024-07-12,T05,Medio_Oeste,Discount,Electronica,0,66665.97,2229,0.214
2024-07-12,T05,Medio_Oeste,Discount,Hogar,0,35050.82,887,0.265
2024-07-12,T05,Medio_Oeste,Discount,Ropa,0,44182.96,1436,0.3
2024-07-12,T05,Medio_Oeste,Discount,Juguetes,0,38480.16,2559,0.237
2024-07-12,T05,Medio_Oeste,Discount,Farmacia,0,43204.19,2555,0.223
2024-07-12,T05,Medio_Oeste,Discount,Jardin,0,22134.32,974,0.174
2024-07-19,T05,Medio_Oeste,Discount,Alimentacion,0,145457.77,8817,0.3
2024-07-19,T05,Medio_Oeste,Discount,Electronica,0,59367.49,1341,0.293
2024-07-19,T05,Medio_Oeste,Discount,Hogar,0,47416.79,1654,0.327
2024-07-19,T05,Medio_Oeste,Discount,Ropa,0,51810.99,2852,0.207
2024-07-19,T05,Medio_Oeste,Discount,Juguetes,0,32022.69,1056,0.275
2024-07-19,T05,Medio_Oeste,Discount,Farmacia,0,29896.47,2140,0.214
2024-07-19,T05,Medio_Oeste,Discount,Jardin,0,19577.16,464,0.232
2024-07-26,T05,Medio_Oeste,Discount,Alimentacion,0,120248.24,5664,0.258
2024-07-26,T05,Medio_Oeste,Discount,Electronica,0,74774.18,3958,0.296
2024-07-26,T05,Medio_Oeste,Discount,Hogar,0,48344.09,1809,0.149
2024-07-26,T05,Medio_Oeste,Discount,Ropa,0,36308.14,1393,0.244
2024-07-26,T05,Medio_Oeste,Discount,Juguetes,0,28297.92,819,0.195
2024-07-26,T05,Medio_Oeste,Discount,Farmacia,0,39137.37,1671,0.253
2024-07-26,T05,Medio_Oeste,Discount,Jardin,0,31341.55,1344,0.246
2024-08-02,T05,Medio_Oeste,Discount,Alimentacion,0,106326.75,2491,0.223
2024-08-02,T05,Medio_Oeste,Discount,Electronica,0,70701.67,1959,0.169
2024-08-02,T05,Medio_Oeste,Discount,Hogar,0,45705.29,1020,0.218
2024-08-02,T05,Medio_Oeste,Discount,Ropa,0,48482.12,1524,0.268
2024-08-02,T05,Medio_Oeste,Discount,Juguetes,0,37847.55,1312,0.269
2024-08-02,T05,Medio_Oeste,Discount,Farmacia,0,26631.66,866,0.335
2024-08-02,T05,Medio_Oeste,Discount,Jardin,0,24139.04,1712,0.259
2024-08-09,T05,Medio_Oeste,Discount,Alimentacion,0,112618.8,2890,0.281
2024-08-09,T05,Medio_Oeste,Discount,Electronica,0,79653.88,2220,0.212
2024-08-09,T05,Medio_Oeste,Discount,Hogar,0,38312.15,906,0.294
2024-08-09,T05,Medio_Oeste,Discount,Ropa,0,50501.84,5055,0.242
2024-08-09,T05,Medio_Oeste,Discount,Juguetes,0,33384.65,1725,0.225
2024-08-09,T05,Medio_Oeste,Discount,Farmacia,0,38531.67,1354,0.252
2024-08-09,T05,Medio_Oeste,Discount,Jardin,0,23973.98,1506,0.261
2024-08-16,T05,Medio_Oeste,Discount,Alimentacion,0,143959.13,7542,0.279
2024-08-16,T05,Medio_Oeste,Discount,Electronica,0,62071.54,2417,0.324
2024-08-16,T05,Medio_Oeste,Discount,Hogar,0,36481.83,3850,0.193
2024-08-16,T05,Medio_Oeste,Discount,Ropa,0,52488.87,1693,0.284
2024-08-16,T05,Medio_Oeste,Discount,Juguetes,0,27718.97,653,0.22
2024-08-16,T05,Medio_Oeste,Discount,Farmacia,0,44815.22,1089,0.109
2024-08-16,T05,Medio_Oeste,Discount,Jardin,0,30762.61,1686,0.281
2024-08-23,T05,Medio_Oeste,Discount,Alimentacion,0,84271.91,3300,0.281
2024-08-23,T05,Medio_Oeste,Discount,Electronica,0,55052.82,6765,0.291
2024-08-23,T05,Medio_Oeste,Discount,Hogar,0,52427.34,2110,0.201
2024-08-23,T05,Medio_Oeste,Discount,Ropa,0,56366.0,1318,0.24
2024-08-23,T05,Medio_Oeste,Discount,Juguetes,0,29512.7,922,0.15
2024-08-23,T05,Medio_Oeste,Discount,Farmacia,0,34324.08,963,0.285
2024-08-23,T05,Medio_Oeste,Discount,Jardin,0,28107.87,902,0.291
2024-08-30,T05,Medio_Oeste,Discount,Alimentacion,0,81510.83,5639,0.295
2024-08-30,T05,Medio_Oeste,Discount,Electronica,0,60845.05,7457,0.239
2024-08-30,T05,Medio_Oeste,Discount,Hogar,0,50599.87,1564,0.244
2024-08-30,T05,Medio_Oeste,Discount,Ropa,0,30558.48,927,0.28
2024-08-30,T05,Medio_Oeste,Discount,Juguetes,0,37928.63,4291,0.225
2024-08-30,T05,Medio_Oeste,Discount,Farmacia,0,46158.0,1581,0.285
2024-08-30,T05,Medio_Oeste,Discount,Jardin,0,27588.1,2201,0.216
2024-09-06,T05,Medio_Oeste,Discount,Alimentacion,0,137495.81,3121,0.226
2024-09-06,T05,Medio_Oeste,Discount,Electronica,0,67668.97,1886,0.261
2024-09-06,T05,Medio_Oeste,Discount,Hogar,0,42509.48,2958,0.206
2024-09-06,T05,Medio_Oeste,Discount,Ropa,0,42468.94,2970,0.245
2024-09-06,T05,Medio_Oeste,Discount,Juguetes,0,22739.51,536,0.305
2024-09-06,T05,Medio_Oeste,Discount,Farmacia,0,27759.65,1124,0.168
2024-09-06,T05,Medio_Oeste,Discount,Jardin,0,31783.65,762,0.264
2024-09-13,T05,Medio_Oeste,Discount,Alimentacion,0,108504.22,4959,0.265
2024-09-13,T05,Medio_Oeste,Discount,Electronica,0,65355.77,5212,0.356
2024-09-13,T05,Medio_Oeste,Discount,Hogar,0,51571.49,4425,0.196
2024-09-13,T05,Medio_Oeste,Discount,Ropa,0,43026.27,1765,0.233
2024-09-13,T05,Medio_Oeste,Discount,Juguetes,0,21850.65,1443,0.285
2024-09-13,T05,Medio_Oeste,Discount,Farmacia,0,44038.39,1051,0.27
2024-09-13,T05,Medio_Oeste,Discount,Jardin,0,23459.7,682,0.241
2024-09-20,T05,Medio_Oeste,Discount,Alimentacion,0,90731.96,7570,0.269
2024-09-20,T05,Medio_Oeste,Discount,Electronica,0,77534.87,5904,0.205
2024-09-20,T05,Medio_Oeste,Discount,Hogar,0,43961.47,2488,0.169
2024-09-20,T05,Medio_Oeste,Discount,Ropa,0,47533.48,1770,0.214
2024-09-20,T05,Medio_Oeste,Discount,Juguetes,0,23688.27,616,0.309
2024-09-20,T05,Medio_Oeste,Discount,Farmacia,0,27512.44,1567,0.193
2024-09-20,T05,Medio_Oeste,Discount,Jardin,0,28634.67,708,0.172
2024-09-27,T05,Medio_Oeste,Discount,Alimentacion,0,106769.55,4488,0.261
2024-09-27,T05,Medio_Oeste,Discount,Electronica,0,81384.56,2745,0.263
2024-09-27,T05,Medio_Oeste,Discount,Hogar,0,61267.71,2832,0.216
2024-09-27,T05,Medio_Oeste,Discount,Ropa,0,39039.33,971,0.246
2024-09-27,T05,Medio_Oeste,Discount,Juguetes,0,30917.48,712,0.24
2024-09-27,T05,Medio_Oeste,Discount,Farmacia,0,44597.73,1120,0.236
2024-09-27,T05,Medio_Oeste,Discount,Jardin,0,28705.46,977,0.273
2024-10-04,T05,Medio_Oeste,Discount,Alimentacion,0,90305.17,2575,0.265
2024-10-04,T05,Medio_Oeste,Discount,Electronica,0,65795.34,1478,0.237
2024-10-04,T05,Medio_Oeste,Discount,Hogar,0,40790.52,3355,0.249
2024-10-04,T05,Medio_Oeste,Discount,Ropa,0,44967.38,2322,0.146
2024-10-04,T05,Medio_Oeste,Discount,Juguetes,0,27963.98,1137,0.352
2024-10-04,T05,Medio_Oeste,Discount,Farmacia,0,41081.13,1134,0.218
2024-10-04,T05,Medio_Oeste,Discount,Jardin,0,32212.1,1902,0.231
2024-10-11,T05,Medio_Oeste,Discount,Alimentacion,0,84580.57,2967,0.153
2024-10-11,T05,Medio_Oeste,Discount,Electronica,0,84750.27,4152,0.236
2024-10-11,T05,Medio_Oeste,Discount,Hogar,0,53702.02,1194,0.259
2024-10-11,T05,Medio_Oeste,Discount,Ropa,0,35279.28,1914,0.271
2024-10-11,T05,Medio_Oeste,Discount,Juguetes,0,26449.17,1269,0.246
2024-10-11,T05,Medio_Oeste,Discount,Farmacia,0,33846.2,1494,0.266
2024-10-11,T05,Medio_Oeste,Discount,Jardin,0,31115.67,1349,0.311
2024-10-18,T05,Medio_Oeste,Discount,Alimentacion,0,84172.54,2675,0.181
2024-10-18,T05,Medio_Oeste,Discount,Electronica,0,54085.14,4043,0.253
2024-10-18,T05,Medio_Oeste,Discount,Hogar,0,52807.79,1254,0.181
2024-10-18,T05,Medio_Oeste,Discount,Ropa,0,39455.32,1085,0.167
2024-10-18,T05,Medio_Oeste,Discount,Juguetes,0,26371.61,1890,0.173
2024-10-18,T05,Medio_Oeste,Discount,Farmacia,0,43486.6,1289,0.213
2024-10-18,T05,Medio_Oeste,Discount,Jardin,0,29794.48,1632,0.204
2024-10-25,T05,Medio_Oeste,Discount,Alimentacion,0,81207.39,2022,0.284
2024-10-25,T05,Medio_Oeste,Discount,Electronica,0,65592.0,6206,0.141
2024-10-25,T05,Medio_Oeste,Discount,Hogar,0,57180.11,1751,0.291
2024-10-25,T05,Medio_Oeste,Discount,Ropa,0,54328.97,1514,0.226
2024-10-25,T05,Medio_Oeste,Discount,Juguetes,0,33912.94,817,0.283
2024-10-25,T05,Medio_Oeste,Discount,Farmacia,0,39457.23,1684,0.342
2024-10-25,T05,Medio_Oeste,Discount,Jardin,0,29639.99,930,0.196
2024-11-01,T05,Medio_Oeste,Discount,Alimentacion,1,87913.95,2128,0.231
2024-11-01,T05,Medio_Oeste,Discount,Electronica,1,170756.24,7165,0.279
2024-11-01,T05,Medio_Oeste,Discount,Hogar,1,59553.03,3025,0.247
2024-11-01,T05,Medio_Oeste,Discount,Ropa,1,56518.19,6198,0.293
2024-11-01,T05,Medio_Oeste,Discount,Juguetes,1,61018.71,1836,0.235
2024-11-01,T05,Medio_Oeste,Discount,Farmacia,1,42277.02,2641,0.314
2024-11-01,T05,Medio_Oeste,Discount,Jardin,1,20684.73,612,0.264
2024-11-08,T05,Medio_Oeste,Discount,Alimentacion,1,91054.75,5418,0.252
2024-11-08,T05,Medio_Oeste,Discount,Electronica,1,100967.93,6705,0.265
2024-11-08,T05,Medio_Oeste,Discount,Hogar,1,62596.72,2174,0.235
2024-11-08,T05,Medio_Oeste,Discount,Ropa,1,56030.87,2227,0.277
2024-11-08,T05,Medio_Oeste,Discount,Juguetes,1,53006.56,2711,0.295
2024-11-08,T05,Medio_Oeste,Discount,Farmacia,1,41521.55,4365,0.207
2024-11-08,T05,Medio_Oeste,Discount,Jardin,1,20417.37,919,0.216
2024-11-15,T05,Medio_Oeste,Discount,Alimentacion,1,115491.08,3301,0.164
2024-11-15,T05,Medio_Oeste,Discount,Electronica,1,107207.98,6544,0.285
2024-11-15,T05,Medio_Oeste,Discount,Hogar,1,42818.28,1167,0.193
2024-11-15,T05,Medio_Oeste,Discount,Ropa,1,35404.61,1014,0.329
2024-11-15,T05,Medio_Oeste,Discount,Juguetes,1,40232.18,924,0.257
2024-11-15,T05,Medio_Oeste,Discount,Farmacia,1,34033.8,1530,0.313
2024-11-15,T05,Medio_Oeste,Discount,Jardin,1,29137.95,3542,0.271
2024-11-22,T05,Medio_Oeste,Discount,Alimentacion,1,121753.79,2820,0.2
2024-11-22,T05,Medio_Oeste,Discount,Electronica,1,168822.25,5583,0.316
2024-11-22,T05,Medio_Oeste,Discount,Hogar,1,48050.43,1485,0.224
2024-11-22,T05,Medio_Oeste,Discount,Ropa,1,49586.84,4350,0.191
2024-11-22,T05,Medio_Oeste,Discount,Juguetes,1,46039.3,1072,0.231
2024-11-22,T05,Medio_Oeste,Discount,Farmacia,1,29013.1,762,0.278
2024-11-22,T05,Medio_Oeste,Discount,Jardin,1,28441.12,653,0.253
2024-11-29,T05,Medio_Oeste,Discount,Alimentacion,1,133888.44,6367,0.207
2024-11-29,T05,Medio_Oeste,Discount,Electronica,1,129952.66,15816,0.321
2024-11-29,T05,Medio_Oeste,Discount,Hogar,1,57143.34,3952,0.266
2024-11-29,T05,Medio_Oeste,Discount,Ropa,1,44329.35,3037,0.26
2024-11-29,T05,Medio_Oeste,Discount,Juguetes,1,45627.35,4408,0.295
2024-11-29,T05,Medio_Oeste,Discount,Farmacia,1,28599.58,2397,0.285
2024-11-29,T05,Medio_Oeste,Discount,Jardin,1,18238.08,480,0.249
2024-12-06,T05,Medio_Oeste,Discount,Alimentacion,1,87860.72,3232,0.139
2024-12-06,T05,Medio_Oeste,Discount,Electronica,1,145023.0,14041,0.181
2024-12-06,T05,Medio_Oeste,Discount,Hogar,1,41029.56,1233,0.239
2024-12-06,T05,Medio_Oeste,Discount,Ropa,1,35949.6,1456,0.29
2024-12-06,T05,Medio_Oeste,Discount,Juguetes,1,72727.93,8117,0.24
2024-12-06,T05,Medio_Oeste,Discount,Farmacia,1,33965.74,1576,0.237
2024-12-06,T05,Medio_Oeste,Discount,Jardin,1,31035.67,764,0.215
2024-12-13,T05,Medio_Oeste,Discount,Alimentacion,1,106044.06,2978,0.224
2024-12-13,T05,Medio_Oeste,Discount,Electronica,1,147494.82,8792,0.212
2024-12-13,T05,Medio_Oeste,Discount,Hogar,1,60514.43,3504,0.329
2024-12-13,T05,Medio_Oeste,Discount,Ropa,1,38474.55,4337,0.237
2024-12-13,T05,Medio_Oeste,Discount,Juguetes,1,44931.56,1679,0.285
2024-12-13,T05,Medio_Oeste,Discount,Farmacia,1,40138.13,994,0.309
2024-12-13,T05,Medio_Oeste,Discount,Jardin,1,19929.1,874,0.29
2024-12-20,T05,Medio_Oeste,Discount,Alimentacion,1,118092.97,10057,0.207
2024-12-20,T05,Medio_Oeste,Discount,Electronica,1,131765.04,6554,0.297
2024-12-20,T05,Medio_Oeste,Discount,Hogar,1,64117.13,4417,0.193
2024-12-20,T05,Medio_Oeste,Discount,Ropa,1,34277.49,1178,0.169
2024-12-20,T05,Medio_Oeste,Discount,Juguetes,1,47562.97,1991,0.199
2024-12-20,T05,Medio_Oeste,Discount,Farmacia,1,32428.32,774,0.262
2024-12-20,T05,Medio_Oeste,Discount,Jardin,1,20372.21,470,0.299
2024-12-27,T05,Medio_Oeste,Discount,Alimentacion,1,101411.62,2591,0.224
2024-12-27,T05,Medio_Oeste,Discount,Electronica,1,121985.31,3122,0.24
2024-12-27,T05,Medio_Oeste,Discount,Hogar,1,43720.61,1435,0.161
2024-12-27,T05,Medio_Oeste,Discount,Ropa,1,30502.17,699,0.265
2024-12-27,T05,Medio_Oeste,Discount,Juguetes,1,59279.73,1963,0.213
2024-12-27,T05,Medio_Oeste,Discount,Farmacia,1,32615.21,742,0.158
2024-12-27,T05,Medio_Oeste,Discount,Jardin,1,27428.54,1104,0.227
2024-01-05,T06,Oeste,Discount,Alimentacion,0,69360.8,3309,0.18
2024-01-05,T06,Oeste,Discount,Electronica,0,68693.36,1695,0.276
2024-01-05,T06,Oeste,Discount,Hogar,0,37551.62,1144,0.245
2024-01-05,T06,Oeste,Discount,Ropa,0,45929.2,2139,0.165
2024-01-05,T06,Oeste,Discount,Juguetes,0,20993.77,493,0.291
2024-01-05,T06,Oeste,Discount,Farmacia,0,34350.07,2493,0.211
2024-01-05,T06,Oeste,Discount,Jardin,0,25616.71,1900,0.264
2024-01-12,T06,Oeste,Discount,Alimentacion,0,93976.76,2354,0.276
2024-01-12,T06,Oeste,Discount,Electronica,0,48637.54,1096,0.205
2024-01-12,T06,Oeste,Discount,Hogar,0,50518.54,1409,0.305
2024-01-12,T06,Oeste,Discount,Ropa,0,33990.1,1699,0.196
2024-01-12,T06,Oeste,Discount,Juguetes,0,29477.18,682,0.204
2024-01-12,T06,Oeste,Discount,Farmacia,0,27445.11,1051,0.304
2024-01-12,T06,Oeste,Discount,Jardin,0,19950.87,535,0.268
2024-01-19,T06,Oeste,Discount,Alimentacion,0,66266.74,2278,0.233
2024-01-19,T06,Oeste,Discount,Electronica,0,78203.27,3355,0.28
2024-01-19,T06,Oeste,Discount,Hogar,0,41110.46,1485,0.286
2024-01-19,T06,Oeste,Discount,Ropa,0,45224.66,1084,0.264
2024-01-19,T06,Oeste,Discount,Juguetes,0,26970.52,2662,0.187
2024-01-19,T06,Oeste,Discount,Farmacia,0,29971.79,875,0.284
2024-01-19,T06,Oeste,Discount,Jardin,0,23508.8,1262,0.213
2024-01-26,T06,Oeste,Discount,Alimentacion,0,101070.11,6165,0.28
2024-01-26,T06,Oeste,Discount,Electronica,0,75212.21,2473,0.205
2024-01-26,T06,Oeste,Discount,Hogar,0,40306.89,2063,0.227
2024-01-26,T06,Oeste,Discount,Ropa,0,39029.79,4654,0.213
2024-01-26,T06,Oeste,Discount,Juguetes,0,29761.04,816,0.21
2024-01-26,T06,Oeste,Discount,Farmacia,0,27614.85,1170,0.202
2024-01-26,T06,Oeste,Discount,Jardin,0,19875.8,1869,0.185
2024-02-02,T06,Oeste,Discount,Alimentacion,0,103412.28,5837,0.193
2024-02-02,T06,Oeste,Discount,Electronica,0,45630.49,1583,0.249
2024-02-02,T06,Oeste,Discount,Hogar,0,49173.31,1328,0.241
2024-02-02,T06,Oeste,Discount,Ropa,0,39208.37,2387,0.163
2024-02-02,T06,Oeste,Discount,Juguetes,0,19531.64,811,0.22
2024-02-02,T06,Oeste,Discount,Farmacia,0,38502.88,1574,0.281
2024-02-02,T06,Oeste,Discount,Jardin,0,19120.13,1023,0.272
2024-02-09,T06,Oeste,Discount,Alimentacion,0,117113.92,3116,0.232
2024-02-09,T06,Oeste,Discount,Electronica,0,71872.56,3060,0.251
2024-02-09,T06,Oeste,Discount,Hogar,0,42446.94,3313,0.204
2024-02-09,T06,Oeste,Discount,Ropa,0,40815.09,2330,0.248
2024-02-09,T06,Oeste,Discount,Juguetes,0,28545.25,735,0.195
2024-02-09,T06,Oeste,Discount,Farmacia,0,38229.96,1787,0.179
2024-02-09,T06,Oeste,Discount,Jardin,0,21067.25,508,0.27
2024-02-16,T06,Oeste,Discount,Alimentacion,0,98305.56,2737,0.324
2024-02-16,T06,Oeste,Discount,Electronica,0,76412.28,3504,0.257
2024-02-16,T06,Oeste,Discount,Hogar,0,43841.3,1860,0.232
2024-02-16,T06,Oeste,Discount,Ropa,0,27093.93,1779,0.231
2024-02-16,T06,Oeste,Discount,Juguetes,0,32221.25,1143,0.265
2024-02-16,T06,Oeste,Discount,Farmacia,0,31948.86,805,0.321
2024-02-16,T06,Oeste,Discount,Jardin,0,16159.03,391,0.174
2024-02-23,T06,Oeste,Discount,Alimentacion,0,68761.65,1787,0.307
2024-02-23,T06,Oeste,Discount,Electronica,0,46200.51,1280,0.25
2024-02-23,T06,Oeste,Discount,Hogar,0,39596.68,955,0.162
2024-02-23,T06,Oeste,Discount,Ropa,0,26826.28,871,0.236
2024-02-23,T06,Oeste,Discount,Juguetes,0,26875.59,605,0.198
2024-02-23,T06,Oeste,Discount,Farmacia,0,23867.66,1556,0.265
2024-02-23,T06,Oeste,Discount,Jardin,0,27088.16,2327,0.212
2024-03-01,T06,Oeste,Discount,Alimentacion,0,108747.65,10475,0.279
2024-03-01,T06,Oeste,Discount,Electronica,0,77209.93,2052,0.243
2024-03-01,T06,Oeste,Discount,Hogar,0,45505.72,2282,0.26
2024-03-01,T06,Oeste,Discount,Ropa,0,32109.19,1764,0.231
2024-03-01,T06,Oeste,Discount,Juguetes,0,28915.45,702,0.223
2024-03-01,T06,Oeste,Discount,Farmacia,0,39797.22,1297,0.272
2024-03-01,T06,Oeste,Discount,Jardin,0,26052.72,1179,0.177
2024-03-08,T06,Oeste,Discount,Alimentacion,0,101814.68,2740,0.251
2024-03-08,T06,Oeste,Discount,Electronica,0,69368.46,6604,0.205
2024-03-08,T06,Oeste,Discount,Hogar,0,53105.06,1211,0.279
2024-03-08,T06,Oeste,Discount,Ropa,0,26369.99,1190,0.235
2024-03-08,T06,Oeste,Discount,Juguetes,0,30043.32,2687,0.367
2024-03-08,T06,Oeste,Discount,Farmacia,0,24595.0,936,0.156
2024-03-08,T06,Oeste,Discount,Jardin,0,15273.43,1393,0.26
2024-03-15,T06,Oeste,Discount,Alimentacion,0,107691.7,2535,0.151
2024-03-15,T06,Oeste,Discount,Electronica,0,59347.87,2791,0.14
2024-03-15,T06,Oeste,Discount,Hogar,0,38019.33,1067,0.287
2024-03-15,T06,Oeste,Discount,Ropa,0,44754.89,2635,0.262
2024-03-15,T06,Oeste,Discount,Juguetes,0,21756.93,2317,0.269
2024-03-15,T06,Oeste,Discount,Farmacia,0,32222.37,926,0.275
2024-03-15,T06,Oeste,Discount,Jardin,0,27072.75,604,0.141
2024-03-22,T06,Oeste,Discount,Alimentacion,0,114532.62,6732,0.16
2024-03-22,T06,Oeste,Discount,Electronica,0,76849.68,2014,0.168
2024-03-22,T06,Oeste,Discount,Hogar,0,40810.68,1064,0.213
2024-03-22,T06,Oeste,Discount,Ropa,0,28465.88,2328,0.223
2024-03-22,T06,Oeste,Discount,Juguetes,0,28049.02,1030,0.259
2024-03-22,T06,Oeste,Discount,Farmacia,0,34299.77,1513,0.254
2024-03-22,T06,Oeste,Discount,Jardin,0,22186.05,614,0.256
2024-03-29,T06,Oeste,Discount,Alimentacion,0,94400.9,2705,0.266
2024-03-29,T06,Oeste,Discount,Electronica,0,75013.64,7272,0.241
2024-03-29,T06,Oeste,Discount,Hogar,0,42081.16,3909,0.215
2024-03-29,T06,Oeste,Discount,Ropa,0,41264.26,1507,0.252
2024-03-29,T06,Oeste,Discount,Juguetes,0,22959.0,1484,0.335
2024-03-29,T06,Oeste,Discount,Farmacia,0,29613.04,877,0.19
2024-03-29,T06,Oeste,Discount,Jardin,0,23634.39,1637,0.309
2024-04-05,T06,Oeste,Discount,Alimentacion,0,74660.81,2234,0.331
2024-04-05,T06,Oeste,Discount,Electronica,0,63558.46,1704,0.312
2024-04-05,T06,Oeste,Discount,Hogar,0,36687.46,1805,0.252
2024-04-05,T06,Oeste,Discount,Ropa,0,37603.42,3251,0.148
2024-04-05,T06,Oeste,Discount,Juguetes,0,26282.77,1030,0.27
2024-04-05,T06,Oeste,Discount,Farmacia,0,28992.19,1427,0.251
2024-04-05,T06,Oeste,Discount,Jardin,0,21712.28,864,0.248
2024-04-12,T06,Oeste,Discount,Alimentacion,0,118774.52,7367,0.083
2024-04-12,T06,Oeste,Discount,Electronica,0,73322.96,1636,0.165
2024-04-12,T06,Oeste,Discount,Hogar,0,29809.03,1723,0.217
2024-04-12,T06,Oeste,Discount,Ropa,0,43548.32,1475,0.248
2024-04-12,T06,Oeste,Discount,Juguetes,0,26937.56,1553,0.399
2024-04-12,T06,Oeste,Discount,Farmacia,0,22487.67,704,0.154
2024-04-12,T06,Oeste,Discount,Jardin,0,23034.74,1135,0.173
2024-04-19,T06,Oeste,Discount,Alimentacion,0,106051.97,8319,0.309
2024-04-19,T06,Oeste,Discount,Electronica,0,67755.04,3621,0.147
2024-04-19,T06,Oeste,Discount,Hogar,0,33096.32,2342,0.151
2024-04-19,T06,Oeste,Discount,Ropa,0,38872.49,2675,0.297
2024-04-19,T06,Oeste,Discount,Juguetes,0,22657.94,1160,0.266
2024-04-19,T06,Oeste,Discount,Farmacia,0,36659.01,842,0.165
2024-04-19,T06,Oeste,Discount,Jardin,0,15134.06,857,0.259
2024-04-26,T06,Oeste,Discount,Alimentacion,0,113220.0,10163,0.297
2024-04-26,T06,Oeste,Discount,Electronica,0,65929.69,2427,0.198
2024-04-26,T06,Oeste,Discount,Hogar,0,29905.44,813,0.08
2024-04-26,T06,Oeste,Discount,Ropa,0,43986.52,1594,0.21
2024-04-26,T06,Oeste,Discount,Juguetes,0,31301.04,3473,0.247
2024-04-26,T06,Oeste,Discount,Farmacia,0,36896.0,1464,0.235
2024-04-26,T06,Oeste,Discount,Jardin,0,22563.99,726,0.269
2024-05-03,T06,Oeste,Discount,Alimentacion,0,73267.24,1681,0.367
2024-05-03,T06,Oeste,Discount,Electronica,0,63694.57,3521,0.249
2024-05-03,T06,Oeste,Discount,Hogar,0,44105.19,1175,0.226
2024-05-03,T06,Oeste,Discount,Ropa,0,44600.57,2367,0.214
2024-05-03,T06,Oeste,Discount,Juguetes,0,18405.85,516,0.267
2024-05-03,T06,Oeste,Discount,Farmacia,0,32457.36,2275,0.309
2024-05-03,T06,Oeste,Discount,Jardin,0,24840.84,613,0.218
2024-05-10,T06,Oeste,Discount,Alimentacion,0,121654.55,7086,0.26
2024-05-10,T06,Oeste,Discount,Electronica,0,53189.17,2971,0.25
2024-05-10,T06,Oeste,Discount,Hogar,0,35220.92,1560,0.216
2024-05-10,T06,Oeste,Discount,Ropa,0,43882.4,1304,0.296
2024-05-10,T06,Oeste,Discount,Juguetes,0,20571.88,538,0.192
2024-05-10,T06,Oeste,Discount,Farmacia,0,26873.6,2657,0.189
2024-05-10,T06,Oeste,Discount,Jardin,0,19220.16,598,0.269
2024-05-17,T06,Oeste,Discount,Alimentacion,0,91413.52,3664,0.219
2024-05-17,T06,Oeste,Discount,Electronica,0,59983.96,1891,0.262
2024-05-17,T06,Oeste,Discount,Hogar,0,31100.85,950,0.174
2024-05-17,T06,Oeste,Discount,Ropa,0,25879.94,1881,0.145
2024-05-17,T06,Oeste,Discount,Juguetes,0,23117.91,686,0.366
2024-05-17,T06,Oeste,Discount,Farmacia,0,36425.94,1958,0.185
2024-05-17,T06,Oeste,Discount,Jardin,0,24614.76,1105,0.199
2024-05-24,T06,Oeste,Discount,Alimentacion,0,95904.43,2139,0.286
2024-05-24,T06,Oeste,Discount,Electronica,0,52125.63,1449,0.169
2024-05-24,T06,Oeste,Discount,Hogar,0,33229.13,1018,0.239
2024-05-24,T06,Oeste,Discount,Ropa,0,37379.11,968,0.277
2024-05-24,T06,Oeste,Discount,Juguetes,0,28700.59,1331,0.268
2024-05-24,T06,Oeste,Discount,Farmacia,0,29011.37,672,0.294
2024-05-24,T06,Oeste,Discount,Jardin,0,15962.95,477,0.198
2024-05-31,T06,Oeste,Discount,Alimentacion,0,116892.69,4008,0.239
2024-05-31,T06,Oeste,Discount,Electronica,0,65635.34,1718,0.3
2024-05-31,T06,Oeste,Discount,Hogar,0,49721.04,2000,0.264
2024-05-31,T06,Oeste,Discount,Ropa,0,26899.35,1016,0.226
2024-05-31,T06,Oeste,Discount,Juguetes,0,31628.19,855,0.341
2024-05-31,T06,Oeste,Discount,Farmacia,0,36186.9,1063,0.249
2024-05-31,T06,Oeste,Discount,Jardin,0,22447.21,1801,0.296
2024-06-07,T06,Oeste,Discount,Alimentacion,0,74548.04,1938,0.304
2024-06-07,T06,Oeste,Discount,Electronica,0,79462.05,1796,0.222
2024-06-07,T06,Oeste,Discount,Hogar,0,32544.32,803,0.279
2024-06-07,T06,Oeste,Discount,Ropa,0,44650.62,3280,0.339
2024-06-07,T06,Oeste,Discount,Juguetes,0,32718.48,2267,0.281
2024-06-07,T06,Oeste,Discount,Farmacia,0,30475.76,2417,0.227
2024-06-07,T06,Oeste,Discount,Jardin,0,27054.78,669,0.229
2024-06-14,T06,Oeste,Discount,Alimentacion,0,81768.62,5065,0.262
2024-06-14,T06,Oeste,Discount,Electronica,0,60851.39,7414,0.224
2024-06-14,T06,Oeste,Discount,Hogar,0,54174.07,1965,0.232
2024-06-14,T06,Oeste,Discount,Ropa,0,34169.51,2957,0.228
2024-06-14,T06,Oeste,Discount,Juguetes,0,26118.74,1089,0.276
2024-06-14,T06,Oeste,Discount,Farmacia,0,37858.39,2317,0.25
2024-06-14,T06,Oeste,Discount,Jardin,0,15086.42,1163,0.266
2024-06-21,T06,Oeste,Discount,Alimentacion,0,111271.76,2726,0.247
2024-06-21,T06,Oeste,Discount,Electronica,0,58966.63,4298,0.228
2024-06-21,T06,Oeste,Discount,Hogar,0,37539.92,934,0.18
2024-06-21,T06,Oeste,Discount,Ropa,0,30519.98,1633,0.235
2024-06-21,T06,Oeste,Discount,Juguetes,0,32636.72,3309,0.249
2024-06-21,T06,Oeste,Discount,Farmacia,0,25348.5,667,0.228
2024-06-21,T06,Oeste,Discount,Jardin,0,22443.96,1056,0.182
2024-06-28,T06,Oeste,Discount,Alimentacion,0,113974.78,7547,0.252
2024-06-28,T06,Oeste,Discount,Electronica,0,65335.83,5895,0.166
2024-06-28,T06,Oeste,Discount,Hogar,0,49258.59,1880,0.301
2024-06-28,T06,Oeste,Discount,Ropa,0,33202.64,949,0.196
2024-06-28,T06,Oeste,Discount,Juguetes,0,20082.81,652,0.126
2024-06-28,T06,Oeste,Discount,Farmacia,0,40175.95,1838,0.209
2024-06-28,T06,Oeste,Discount,Jardin,0,21338.29,674,0.246
2024-07-05,T06,Oeste,Discount,Alimentacion,0,96885.75,6325,0.168
2024-07-05,T06,Oeste,Discount,Electronica,0,75194.49,3146,0.17
2024-07-05,T06,Oeste,Discount,Hogar,0,53751.04,4205,0.335
2024-07-05,T06,Oeste,Discount,Ropa,0,38717.71,3475,0.236
2024-07-05,T06,Oeste,Discount,Juguetes,0,22347.41,516,0.262
2024-07-05,T06,Oeste,Discount,Farmacia,0,36235.77,1624,0.237
2024-07-05,T06,Oeste,Discount,Jardin,0,25415.29,3170,0.22
2024-07-12,T06,Oeste,Discount,Alimentacion,0,86266.1,2581,0.17
2024-07-12,T06,Oeste,Discount,Electronica,0,46314.3,2343,0.23
2024-07-12,T06,Oeste,Discount,Hogar,0,42608.08,3459,0.268
2024-07-12,T06,Oeste,Discount,Ropa,0,39613.21,1137,0.249
2024-07-12,T06,Oeste,Discount,Juguetes,0,23412.03,1366,0.286
2024-07-12,T06,Oeste,Discount,Farmacia,0,25489.94,1724,0.192
2024-07-12,T06,Oeste,Discount,Jardin,0,16978.1,1230,0.321
2024-07-19,T06,Oeste,Discount,Alimentacion,0,101805.14,3321,0.251
2024-07-19,T06,Oeste,Discount,Electronica,0,72870.8,3629,0.27
2024-07-19,T06,Oeste,Discount,Hogar,0,47576.46,1259,0.19
2024-07-19,T06,Oeste,Discount,Ropa,0,33418.02,1809,0.261
2024-07-19,T06,Oeste,Discount,Juguetes,0,19778.39,800,0.278
2024-07-19,T06,Oeste,Discount,Farmacia,0,21985.81,517,0.191
2024-07-19,T06,Oeste,Discount,Jardin,0,21642.67,1049,0.293
2024-07-26,T06,Oeste,Discount,Alimentacion,0,115970.37,3608,0.155
2024-07-26,T06,Oeste,Discount,Electronica,0,61110.02,2939,0.271
2024-07-26,T06,Oeste,Discount,Hogar,0,53781.26,2267,0.244
2024-07-26,T06,Oeste,Discount,Ropa,0,34944.34,1471,0.13
2024-07-26,T06,Oeste,Discount,Juguetes,0,29321.69,1377,0.312
2024-07-26,T06,Oeste,Discount,Farmacia,0,30002.69,3205,0.208
2024-07-26,T06,Oeste,Discount,Jardin,0,24767.08,763,0.2
2024-08-02,T06,Oeste,Discount,Alimentacion,0,106755.72,3083,0.237
2024-08-02,T06,Oeste,Discount,Electronica,0,67220.38,2196,0.279
2024-08-02,T06,Oeste,Discount,Hogar,0,32623.11,2144,0.213
2024-08-02,T06,Oeste,Discount,Ropa,0,26530.94,1134,0.203
2024-08-02,T06,Oeste,Discount,Juguetes,0,20587.31,822,0.339
2024-08-02,T06,Oeste,Discount,Farmacia,0,31413.61,1188,0.271
2024-08-02,T06,Oeste,Discount,Jardin,0,16936.75,1259,0.187
2024-08-09,T06,Oeste,Discount,Alimentacion,0,88034.32,4701,0.214
2024-08-09,T06,Oeste,Discount,Electronica,0,75603.52,8221,0.265
2024-08-09,T06,Oeste,Discount,Hogar,0,35417.94,2575,0.272
2024-08-09,T06,Oeste,Discount,Ropa,0,40805.81,2678,0.192
2024-08-09,T06,Oeste,Discount,Juguetes,0,25219.14,1577,0.28
2024-08-09,T06,Oeste,Discount,Farmacia,0,24652.58,917,0.11
2024-08-09,T06,Oeste,Discount,Jardin,0,20687.26,1059,0.343
2024-08-16,T06,Oeste,Discount,Alimentacion,0,90174.43,2167,0.13
2024-08-16,T06,Oeste,Discount,Electronica,0,74568.6,4561,0.186
2024-08-16,T06,Oeste,Discount,Hogar,0,31095.98,1319,0.276
2024-08-16,T06,Oeste,Discount,Ropa,0,43929.31,1518,0.251
2024-08-16,T06,Oeste,Discount,Juguetes,0,21034.19,2243,0.214
2024-08-16,T06,Oeste,Discount,Farmacia,0,25048.92,2202,0.29
2024-08-16,T06,Oeste,Discount,Jardin,0,26672.02,865,0.238
2024-08-23,T06,Oeste,Discount,Alimentacion,0,112683.45,7235,0.212
2024-08-23,T06,Oeste,Discount,Electronica,0,57234.01,1370,0.249
2024-08-23,T06,Oeste,Discount,Hogar,0,45515.04,3762,0.305
2024-08-23,T06,Oeste,Discount,Ropa,0,30939.21,759,0.229
2024-08-23,T06,Oeste,Discount,Juguetes,0,19109.77,560,0.262
2024-08-23,T06,Oeste,Discount,Farmacia,0,37657.41,3499,0.184
2024-08-23,T06,Oeste,Discount,Jardin,0,15075.27,1667,0.34
2024-08-30,T06,Oeste,Discount,Alimentacion,0,78203.61,2609,0.227
2024-08-30,T06,Oeste,Discount,Electronica,0,45152.73,1293,0.279
2024-08-30,T06,Oeste,Discount,Hogar,0,45653.56,1277,0.26
2024-08-30,T06,Oeste,Discount,Ropa,0,42430.26,2366,0.249
2024-08-30,T06,Oeste,Discount,Juguetes,0,19615.76,502,0.277
2024-08-30,T06,Oeste,Discount,Farmacia,0,31390.05,716,0.136
2024-08-30,T06,Oeste,Discount,Jardin,0,25761.22,743,0.324
2024-09-06,T06,Oeste,Discount,Alimentacion,0,116884.63,2616,0.238
2024-09-06,T06,Oeste,Discount,Electronica,0,73724.09,1952,0.214
2024-09-06,T06,Oeste,Discount,Hogar,0,36198.82,828,0.304
2024-09-06,T06,Oeste,Discount,Ropa,0,36510.19,1337,0.208
2024-09-06,T06,Oeste,Discount,Juguetes,0,29568.2,2619,0.23
2024-09-06,T06,Oeste,Discount,Farmacia,0,37849.93,1808,0.157
2024-09-06,T06,Oeste,Discount,Jardin,0,16570.76,421,0.289
2024-09-13,T06,Oeste,Discount,Alimentacion,0,74338.52,2212,0.244
2024-09-13,T06,Oeste,Discount,Electronica,0,63788.06,1868,0.267
2024-09-13,T06,Oeste,Discount,Hogar,0,44248.94,2674,0.237
2024-09-13,T06,Oeste,Discount,Ropa,0,44522.53,3689,0.148
2024-09-13,T06,Oeste,Discount,Juguetes,0,21144.06,537,0.326
2024-09-13,T06,Oeste,Discount,Farmacia,0,29481.54,1709,0.257
2024-09-13,T06,Oeste,Discount,Jardin,0,26598.03,990,0.11
2024-09-20,T06,Oeste,Discount,Alimentacion,0,107783.42,4893,0.282
2024-09-20,T06,Oeste,Discount,Electronica,0,56480.13,4157,0.29
2024-09-20,T06,Oeste,Discount,Hogar,0,51077.99,1230,0.243
2024-09-20,T06,Oeste,Discount,Ropa,0,35463.0,1915,0.231
2024-09-20,T06,Oeste,Discount,Juguetes,0,33202.04,951,0.229
2024-09-20,T06,Oeste,Discount,Farmacia,0,39176.91,1081,0.282
2024-09-20,T06,Oeste,Discount,Jardin,0,18033.62,680,0.191
2024-09-27,T06,Oeste,Discount,Alimentacion,0,118854.57,4435,0.315
2024-09-27,T06,Oeste,Discount,Electronica,0,56902.66,1797,0.23
2024-09-27,T06,Oeste,Discount,Hogar,0,32447.23,807,0.311
2024-09-27,T06,Oeste,Discount,Ropa,0,35042.18,2244,0.209
2024-09-27,T06,Oeste,Discount,Juguetes,0,29247.76,720,0.209
2024-09-27,T06,Oeste,Discount,Farmacia,0,40192.29,1180,0.25
2024-09-27,T06,Oeste,Discount,Jardin,0,17168.02,905,0.24
2024-10-04,T06,Oeste,Discount,Alimentacion,0,82153.29,3269,0.205
2024-10-04,T06,Oeste,Discount,Electronica,0,76577.87,2365,0.241
2024-10-04,T06,Oeste,Discount,Hogar,0,33556.04,829,0.225
2024-10-04,T06,Oeste,Discount,Ropa,0,28376.63,643,0.207
2024-10-04,T06,Oeste,Discount,Juguetes,0,20398.52,654,0.283
2024-10-04,T06,Oeste,Discount,Farmacia,0,24416.19,807,0.232
2024-10-04,T06,Oeste,Discount,Jardin,0,24539.41,1784,0.174
2024-10-11,T06,Oeste,Discount,Alimentacion,0,111581.29,7992,0.297
2024-10-11,T06,Oeste,Discount,Electronica,0,43913.98,1602,0.301
2024-10-11,T06,Oeste,Discount,Hogar,0,47352.04,1086,0.197
2024-10-11,T06,Oeste,Discount,Ropa,0,39786.47,2512,0.252
2024-10-11,T06,Oeste,Discount,Juguetes,0,30132.04,1252,0.29
2024-10-11,T06,Oeste,Discount,Farmacia,0,31946.36,2310,0.286
2024-10-11,T06,Oeste,Discount,Jardin,0,17148.2,423,0.184
2024-10-18,T06,Oeste,Discount,Alimentacion,0,84961.98,3086,0.264
2024-10-18,T06,Oeste,Discount,Electronica,0,73229.81,6678,0.243
2024-10-18,T06,Oeste,Discount,Hogar,0,32081.72,1418,0.297
2024-10-18,T06,Oeste,Discount,Ropa,0,28553.75,1230,0.259
2024-10-18,T06,Oeste,Discount,Juguetes,0,19967.14,476,0.395
2024-10-18,T06,Oeste,Discount,Farmacia,0,29208.96,1091,0.277
2024-10-18,T06,Oeste,Discount,Jardin,0,25304.85,864,0.132
2024-10-25,T06,Oeste,Discount,Alimentacion,0,117058.36,3001,0.271
2024-10-25,T06,Oeste,Discount,Electronica,0,52297.93,3826,0.176
2024-10-25,T06,Oeste,Discount,Hogar,0,40951.31,1229,0.244
2024-10-25,T06,Oeste,Discount,Ropa,0,32034.47,1728,0.314
2024-10-25,T06,Oeste,Discount,Juguetes,0,22541.13,689,0.183
2024-10-25,T06,Oeste,Discount,Farmacia,0,30777.28,884,0.246
2024-10-25,T06,Oeste,Discount,Jardin,0,23533.64,1441,0.319
2024-11-01,T06,Oeste,Discount,Alimentacion,1,106028.3,5935,0.186
2024-11-01,T06,Oeste,Discount,Electronica,1,136712.51,7933,0.159
2024-11-01,T06,Oeste,Discount,Hogar,1,53104.78,1325,0.223
2024-11-01,T06,Oeste,Discount,Ropa,1,38868.6,869,0.268
2024-11-01,T06,Oeste,Discount,Juguetes,1,36108.13,3729,0.255
2024-11-01,T06,Oeste,Discount,Farmacia,1,29868.05,1743,0.337
2024-11-01,T06,Oeste,Discount,Jardin,1,24090.84,955,0.194
2024-11-08,T06,Oeste,Discount,Alimentacion,1,107144.01,2432,0.227
2024-11-08,T06,Oeste,Discount,Electronica,1,96092.88,2967,0.254
2024-11-08,T06,Oeste,Discount,Hogar,1,54034.83,3060,0.218
2024-11-08,T06,Oeste,Discount,Ropa,1,44170.05,3169,0.312
2024-11-08,T06,Oeste,Discount,Juguetes,1,33212.53,1363,0.151
2024-11-08,T06,Oeste,Discount,Farmacia,1,28937.67,974,0.259
2024-11-08,T06,Oeste,Discount,Jardin,1,18702.02,635,0.242
2024-11-15,T06,Oeste,Discount,Alimentacion,1,109289.03,11495,0.271
2024-11-15,T06,Oeste,Discount,Electronica,1,82036.06,2754,0.299
2024-11-15,T06,Oeste,Discount,Hogar,1,48908.34,3624,0.272
2024-11-15,T06,Oeste,Discount,Ropa,1,42043.59,3107,0.199
2024-11-15,T06,Oeste,Discount,Juguetes,1,53479.67,1666,0.318
2024-11-15,T06,Oeste,Discount,Farmacia,1,27620.51,629,0.277
2024-11-15,T06,Oeste,Discount,Jardin,1,15164.45,940,0.294
2024-11-22,T06,Oeste,Discount,Alimentacion,1,122050.69,6356,0.227
2024-11-22,T06,Oeste,Discount,Electronica,1,113562.4,10236,0.223
2024-11-22,T06,Oeste,Discount,Hogar,1,54066.8,1586,0.193
2024-11-22,T06,Oeste,Discount,Ropa,1,35395.14,2466,0.346
2024-11-22,T06,Oeste,Discount,Juguetes,1,49406.46,1849,0.207
2024-11-22,T06,Oeste,Discount,Farmacia,1,38670.51,2257,0.274
2024-11-22,T06,Oeste,Discount,Jardin,1,21093.56,1200,0.22
2024-11-29,T06,Oeste,Discount,Alimentacion,1,67737.01,2360,0.181
2024-11-29,T06,Oeste,Discount,Electronica,1,97812.31,2448,0.314
2024-11-29,T06,Oeste,Discount,Hogar,1,50247.68,4607,0.261
2024-11-29,T06,Oeste,Discount,Ropa,1,33911.67,856,0.259
2024-11-29,T06,Oeste,Discount,Juguetes,1,57530.55,3486,0.227
2024-11-29,T06,Oeste,Discount,Farmacia,1,28536.56,2306,0.189
2024-11-29,T06,Oeste,Discount,Jardin,1,20094.22,599,0.192
2024-12-06,T06,Oeste,Discount,Alimentacion,1,94003.96,3050,0.231
2024-12-06,T06,Oeste,Discount,Electronica,1,126164.89,4554,0.228
2024-12-06,T06,Oeste,Discount,Hogar,1,44400.89,1848,0.328
2024-12-06,T06,Oeste,Discount,Ropa,1,42164.27,961,0.224
2024-12-06,T06,Oeste,Discount,Juguetes,1,55989.47,1849,0.308
2024-12-06,T06,Oeste,Discount,Farmacia,1,25255.7,981,0.235
2024-12-06,T06,Oeste,Discount,Jardin,1,14651.56,334,0.106
2024-12-13,T06,Oeste,Discount,Alimentacion,1,94679.12,5440,0.314
2024-12-13,T06,Oeste,Discount,Electronica,1,108280.42,2870,0.302
2024-12-13,T06,Oeste,Discount,Hogar,1,35911.37,3135,0.25
2024-12-13,T06,Oeste,Discount,Ropa,1,25945.46,2121,0.257
2024-12-13,T06,Oeste,Discount,Juguetes,1,37371.23,1065,0.295
2024-12-13,T06,Oeste,Discount,Farmacia,1,38176.33,2359,0.27
2024-12-13,T06,Oeste,Discount,Jardin,1,14734.34,427,0.235
2024-12-20,T06,Oeste,Discount,Alimentacion,1,94442.47,7785,0.321
2024-12-20,T06,Oeste,Discount,Electronica,1,87359.78,3758,0.313
2024-12-20,T06,Oeste,Discount,Hogar,1,35348.04,1977,0.224
2024-12-20,T06,Oeste,Discount,Ropa,1,31552.98,3892,0.207
2024-12-20,T06,Oeste,Discount,Juguetes,1,33220.69,797,0.221
2024-12-20,T06,Oeste,Discount,Farmacia,1,32861.55,2125,0.288
2024-12-20,T06,Oeste,Discount,Jardin,1,23087.68,2255,0.244
2024-12-27,T06,Oeste,Discount,Alimentacion,1,98381.77,2636,0.247
2024-12-27,T06,Oeste,Discount,Electronica,1,87134.16,2563,0.276
2024-12-27,T06,Oeste,Discount,Hogar,1,38882.63,4380,0.19
2024-12-27,T06,Oeste,Discount,Ropa,1,30079.52,1464,0.238
2024-12-27,T06,Oeste,Discount,Juguetes,1,35683.49,3346,0.228
2024-12-27,T06,Oeste,Discount,Farmacia,1,39127.53,2004,0.223
2024-12-27,T06,Oeste,Discount,Jardin,1,26993.98,823,0.212
2024-01-05,T07,Oeste,Neighborhood,Alimentacion,0,60493.45,2756,0.202
2024-01-05,T07,Oeste,Neighborhood,Electronica,0,50792.97,1366,0.219
2024-01-05,T07,Oeste,Neighborhood,Hogar,0,23883.27,586,0.246
2024-01-05,T07,Oeste,Neighborhood,Ropa,0,28106.88,1611,0.283
2024-01-05,T07,Oeste,Neighborhood,Juguetes,0,19644.55,765,0.303
2024-01-05,T07,Oeste,Neighborhood,Farmacia,0,24034.05,1112,0.278
2024-01-05,T07,Oeste,Neighborhood,Jardin,0,13356.13,554,0.212
2024-01-12,T07,Oeste,Neighborhood,Alimentacion,0,46738.5,1937,0.26
2024-01-12,T07,Oeste,Neighborhood,Electronica,0,28742.13,1153,0.261
2024-01-12,T07,Oeste,Neighborhood,Hogar,0,32729.55,1092,0.167
2024-01-12,T07,Oeste,Neighborhood,Ropa,0,19367.87,919,0.261
2024-01-12,T07,Oeste,Neighborhood,Juguetes,0,20438.69,713,0.278
2024-01-12,T07,Oeste,Neighborhood,Farmacia,0,19329.84,1899,0.25
2024-01-12,T07,Oeste,Neighborhood,Jardin,0,15810.66,635,0.259
2024-01-19,T07,Oeste,Neighborhood,Alimentacion,0,54112.86,4309,0.225
2024-01-19,T07,Oeste,Neighborhood,Electronica,0,41183.3,2471,0.319
2024-01-19,T07,Oeste,Neighborhood,Hogar,0,34187.6,2728,0.181
2024-01-19,T07,Oeste,Neighborhood,Ropa,0,23152.18,1633,0.224
2024-01-19,T07,Oeste,Neighborhood,Juguetes,0,17650.67,1277,0.274
2024-01-19,T07,Oeste,Neighborhood,Farmacia,0,24172.43,1238,0.238
2024-01-19,T07,Oeste,Neighborhood,Jardin,0,14286.19,365,0.098
2024-01-26,T07,Oeste,Neighborhood,Alimentacion,0,71951.9,2311,0.186
2024-01-26,T07,Oeste,Neighborhood,Electronica,0,37285.55,1692,0.207
2024-01-26,T07,Oeste,Neighborhood,Hogar,0,20646.99,871,0.228
2024-01-26,T07,Oeste,Neighborhood,Ropa,0,16745.46,921,0.24
2024-01-26,T07,Oeste,Neighborhood,Juguetes,0,17371.56,459,0.217
2024-01-26,T07,Oeste,Neighborhood,Farmacia,0,24145.36,644,0.299
2024-01-26,T07,Oeste,Neighborhood,Jardin,0,17076.09,1998,0.178
2024-02-02,T07,Oeste,Neighborhood,Alimentacion,0,70228.96,3462,0.314
2024-02-02,T07,Oeste,Neighborhood,Electronica,0,36534.12,3566,0.236
2024-02-02,T07,Oeste,Neighborhood,Hogar,0,20098.19,1726,0.16
2024-02-02,T07,Oeste,Neighborhood,Ropa,0,23594.17,949,0.218
2024-02-02,T07,Oeste,Neighborhood,Juguetes,0,11784.34,653,0.233
2024-02-02,T07,Oeste,Neighborhood,Farmacia,0,24813.22,1024,0.254
2024-02-02,T07,Oeste,Neighborhood,Jardin,0,15655.96,384,0.259
2024-02-09,T07,Oeste,Neighborhood,Alimentacion,0,50543.83,5250,0.301
2024-02-09,T07,Oeste,Neighborhood,Electronica,0,49623.86,1500,0.228
2024-02-09,T07,Oeste,Neighborhood,Hogar,0,28829.13,743,0.303
2024-02-09,T07,Oeste,Neighborhood,Ropa,0,27690.95,1230,0.272
2024-02-09,T07,Oeste,Neighborhood,Juguetes,0,17421.77,691,0.173
2024-02-09,T07,Oeste,Neighborhood,Farmacia,0,20110.35,903,0.271
2024-02-09,T07,Oeste,Neighborhood,Jardin,0,13658.23,646,0.186
2024-02-16,T07,Oeste,Neighborhood,Alimentacion,0,55465.78,2496,0.324
2024-02-16,T07,Oeste,Neighborhood,Electronica,0,29334.41,909,0.238
2024-02-16,T07,Oeste,Neighborhood,Hogar,0,25804.32,745,0.233
2024-02-16,T07,Oeste,Neighborhood,Ropa,0,28060.54,1283,0.361
2024-02-16,T07,Oeste,Neighborhood,Juguetes,0,18729.69,634,0.234
2024-02-16,T07,Oeste,Neighborhood,Farmacia,0,20577.94,562,0.213
2024-02-16,T07,Oeste,Neighborhood,Jardin,0,13720.14,990,0.222
2024-02-23,T07,Oeste,Neighborhood,Alimentacion,0,65622.1,2500,0.244
2024-02-23,T07,Oeste,Neighborhood,Electronica,0,49028.83,1339,0.25
2024-02-23,T07,Oeste,Neighborhood,Hogar,0,33722.76,1422,0.268
2024-02-23,T07,Oeste,Neighborhood,Ropa,0,18604.58,1001,0.188
2024-02-23,T07,Oeste,Neighborhood,Juguetes,0,12670.49,476,0.201
2024-02-23,T07,Oeste,Neighborhood,Farmacia,0,21517.87,1431,0.157
2024-02-23,T07,Oeste,Neighborhood,Jardin,0,17013.0,525,0.198
2024-03-01,T07,Oeste,Neighborhood,Alimentacion,0,59381.07,6429,0.309
2024-03-01,T07,Oeste,Neighborhood,Electronica,0,41222.95,4819,0.294
2024-03-01,T07,Oeste,Neighborhood,Hogar,0,28464.02,800,0.362
2024-03-01,T07,Oeste,Neighborhood,Ropa,0,24884.15,1419,0.204
2024-03-01,T07,Oeste,Neighborhood,Juguetes,0,15606.87,1114,0.281
2024-03-01,T07,Oeste,Neighborhood,Farmacia,0,21541.6,485,0.231
2024-03-01,T07,Oeste,Neighborhood,Jardin,0,14886.27,333,0.158
2024-03-08,T07,Oeste,Neighborhood,Alimentacion,0,53981.33,1784,0.233
2024-03-08,T07,Oeste,Neighborhood,Electronica,0,37858.46,2447,0.329
2024-03-08,T07,Oeste,Neighborhood,Hogar,0,34448.36,1585,0.171
2024-03-08,T07,Oeste,Neighborhood,Ropa,0,21947.91,1667,0.154
2024-03-08,T07,Oeste,Neighborhood,Juguetes,0,13940.54,692,0.315
2024-03-08,T07,Oeste,Neighborhood,Farmacia,0,15282.54,952,0.262
2024-03-08,T07,Oeste,Neighborhood,Jardin,0,9972.3,498,0.215
2024-03-15,T07,Oeste,Neighborhood,Alimentacion,0,54528.39,2008,0.217
2024-03-15,T07,Oeste,Neighborhood,Electronica,0,43379.47,1503,0.201
2024-03-15,T07,Oeste,Neighborhood,Hogar,0,27624.22,1141,0.321
2024-03-15,T07,Oeste,Neighborhood,Ropa,0,19420.07,732,0.215
2024-03-15,T07,Oeste,Neighborhood,Juguetes,0,14885.18,449,0.315
2024-03-15,T07,Oeste,Neighborhood,Farmacia,0,14691.63,457,0.249
2024-03-15,T07,Oeste,Neighborhood,Jardin,0,15680.63,367,0.183
2024-03-22,T07,Oeste,Neighborhood,Alimentacion,0,57076.34,3210,0.144
2024-03-22,T07,Oeste,Neighborhood,Electronica,0,42892.52,1382,0.296
2024-03-22,T07,Oeste,Neighborhood,Hogar,0,19602.55,1243,0.263
2024-03-22,T07,Oeste,Neighborhood,Ropa,0,17990.71,425,0.229
2024-03-22,T07,Oeste,Neighborhood,Juguetes,0,17609.66,408,0.286
2024-03-22,T07,Oeste,Neighborhood,Farmacia,0,20238.3,599,0.172
2024-03-22,T07,Oeste,Neighborhood,Jardin,0,13098.33,342,0.329
2024-03-29,T07,Oeste,Neighborhood,Alimentacion,0,70800.27,1589,0.19
2024-03-29,T07,Oeste,Neighborhood,Electronica,0,45733.88,1509,0.201
2024-03-29,T07,Oeste,Neighborhood,Hogar,0,30374.27,849,0.234
2024-03-29,T07,Oeste,Neighborhood,Ropa,0,21133.12,656,0.225
2024-03-29,T07,Oeste,Neighborhood,Juguetes,0,17537.08,489,0.222
2024-03-29,T07,Oeste,Neighborhood,Farmacia,0,18960.11,706,0.2
2024-03-29,T07,Oeste,Neighborhood,Jardin,0,10639.95,603,0.264
2024-04-05,T07,Oeste,Neighborhood,Alimentacion,0,52895.85,1200,0.327
2024-04-05,T07,Oeste,Neighborhood,Electronica,0,45159.86,1544,0.221
2024-04-05,T07,Oeste,Neighborhood,Hogar,0,28846.17,844,0.222
2024-04-05,T07,Oeste,Neighborhood,Ropa,0,24118.38,2294,0.238
2024-04-05,T07,Oeste,Neighborhood,Juguetes,0,18668.72,710,0.266
2024-04-05,T07,Oeste,Neighborhood,Farmacia,0,21068.53,950,0.227
2024-04-05,T07,Oeste,Neighborhood,Jardin,0,15056.98,437,0.201
2024-04-12,T07,Oeste,Neighborhood,Alimentacion,0,73736.38,2455,0.318
2024-04-12,T07,Oeste,Neighborhood,Electronica,0,30728.72,979,0.182
2024-04-12,T07,Oeste,Neighborhood,Hogar,0,26189.77,1403,0.185
2024-04-12,T07,Oeste,Neighborhood,Ropa,0,21348.16,512,0.167
2024-04-12,T07,Oeste,Neighborhood,Juguetes,0,13366.36,455,0.221
2024-04-12,T07,Oeste,Neighborhood,Farmacia,0,15086.02,522,0.243
2024-04-12,T07,Oeste,Neighborhood,Jardin,0,14054.11,484,0.259
2024-04-19,T07,Oeste,Neighborhood,Alimentacion,0,54781.37,3184,0.216
2024-04-19,T07,Oeste,Neighborhood,Electronica,0,41291.98,4585,0.271
2024-04-19,T07,Oeste,Neighborhood,Hogar,0,21721.56,585,0.295
2024-04-19,T07,Oeste,Neighborhood,Ropa,0,29768.94,680,0.22
2024-04-19,T07,Oeste,Neighborhood,Juguetes,0,19248.54,975,0.242
2024-04-19,T07,Oeste,Neighborhood,Farmacia,0,21082.46,2104,0.242
2024-04-19,T07,Oeste,Neighborhood,Jardin,0,9753.58,765,0.247
2024-04-26,T07,Oeste,Neighborhood,Alimentacion,0,74331.32,2733,0.19
2024-04-26,T07,Oeste,Neighborhood,Electronica,0,47913.81,1361,0.254
2024-04-26,T07,Oeste,Neighborhood,Hogar,0,32349.56,912,0.112
2024-04-26,T07,Oeste,Neighborhood,Ropa,0,28831.62,956,0.228
2024-04-26,T07,Oeste,Neighborhood,Juguetes,0,20480.38,825,0.183
2024-04-26,T07,Oeste,Neighborhood,Farmacia,0,14583.56,1812,0.257
2024-04-26,T07,Oeste,Neighborhood,Jardin,0,9879.82,223,0.235
2024-05-03,T07,Oeste,Neighborhood,Alimentacion,0,67563.37,3973,0.277
2024-05-03,T07,Oeste,Neighborhood,Electronica,0,36998.19,4106,0.272
2024-05-03,T07,Oeste,Neighborhood,Hogar,0,27403.01,615,0.087
2024-05-03,T07,Oeste,Neighborhood,Ropa,0,20965.16,810,0.334
2024-05-03,T07,Oeste,Neighborhood,Juguetes,0,14116.69,460,0.219
2024-05-03,T07,Oeste,Neighborhood,Farmacia,0,13951.58,847,0.322
2024-05-03,T07,Oeste,Neighborhood,Jardin,0,10280.3,726,0.239
2024-05-10,T07,Oeste,Neighborhood,Alimentacion,0,45501.68,1288,0.244
2024-05-10,T07,Oeste,Neighborhood,Electronica,0,50023.38,1542,0.211
2024-05-10,T07,Oeste,Neighborhood,Hogar,0,19945.8,1202,0.168
2024-05-10,T07,Oeste,Neighborhood,Ropa,0,29678.77,1341,0.298
2024-05-10,T07,Oeste,Neighborhood,Juguetes,0,16695.11,888,0.179
2024-05-10,T07,Oeste,Neighborhood,Farmacia,0,16583.47,765,0.216
2024-05-10,T07,Oeste,Neighborhood,Jardin,0,10289.68,464,0.155
2024-05-17,T07,Oeste,Neighborhood,Alimentacion,0,46851.89,1582,0.221
2024-05-17,T07,Oeste,Neighborhood,Electronica,0,31955.71,3778,0.234
2024-05-17,T07,Oeste,Neighborhood,Hogar,0,19571.92,892,0.29
2024-05-17,T07,Oeste,Neighborhood,Ropa,0,26296.05,610,0.171
2024-05-17,T07,Oeste,Neighborhood,Juguetes,0,18664.56,572,0.197
2024-05-17,T07,Oeste,Neighborhood,Farmacia,0,17567.58,636,0.18
2024-05-17,T07,Oeste,Neighborhood,Jardin,0,12972.15,789,0.187
2024-05-24,T07,Oeste,Neighborhood,Alimentacion,0,45963.54,1059,0.263
2024-05-24,T07,Oeste,Neighborhood,Electronica,0,47927.72,1281,0.189
2024-05-24,T07,Oeste,Neighborhood,Hogar,0,28664.94,796,0.356
2024-05-24,T07,Oeste,Neighborhood,Ropa,0,20049.19,1363,0.274
2024-05-24,T07,Oeste,Neighborhood,Juguetes,0,16394.74,560,0.198
2024-05-24,T07,Oeste,Neighborhood,Farmacia,0,23129.13,700,0.223
2024-05-24,T07,Oeste,Neighborhood,Jardin,0,13108.11,642,0.169
2024-05-31,T07,Oeste,Neighborhood,Alimentacion,0,42187.74,2051,0.238
2024-05-31,T07,Oeste,Neighborhood,Electronica,0,41547.32,4031,0.229
2024-05-31,T07,Oeste,Neighborhood,Hogar,0,19300.13,608,0.17
2024-05-31,T07,Oeste,Neighborhood,Ropa,0,20968.05,1558,0.249
2024-05-31,T07,Oeste,Neighborhood,Juguetes,0,17435.75,526,0.204
2024-05-31,T07,Oeste,Neighborhood,Farmacia,0,23577.19,572,0.235
2024-05-31,T07,Oeste,Neighborhood,Jardin,0,14790.05,896,0.212
2024-06-07,T07,Oeste,Neighborhood,Alimentacion,0,56128.67,6802,0.3
2024-06-07,T07,Oeste,Neighborhood,Electronica,0,48633.84,2592,0.309
2024-06-07,T07,Oeste,Neighborhood,Hogar,0,23639.24,946,0.333
2024-06-07,T07,Oeste,Neighborhood,Ropa,0,20509.65,831,0.23
2024-06-07,T07,Oeste,Neighborhood,Juguetes,0,12915.9,546,0.271
2024-06-07,T07,Oeste,Neighborhood,Farmacia,0,22026.74,1690,0.122
2024-06-07,T07,Oeste,Neighborhood,Jardin,0,14960.13,1085,0.263
2024-06-14,T07,Oeste,Neighborhood,Alimentacion,0,67374.5,1854,0.312
2024-06-14,T07,Oeste,Neighborhood,Electronica,0,48240.82,1386,0.294
2024-06-14,T07,Oeste,Neighborhood,Hogar,0,30755.5,880,0.182
2024-06-14,T07,Oeste,Neighborhood,Ropa,0,24048.84,683,0.147
2024-06-14,T07,Oeste,Neighborhood,Juguetes,0,17377.6,458,0.338
2024-06-14,T07,Oeste,Neighborhood,Farmacia,0,24165.97,557,0.212
2024-06-14,T07,Oeste,Neighborhood,Jardin,0,10611.46,357,0.186
2024-06-21,T07,Oeste,Neighborhood,Alimentacion,0,62278.69,1659,0.277
2024-06-21,T07,Oeste,Neighborhood,Electronica,0,37855.49,1095,0.214
2024-06-21,T07,Oeste,Neighborhood,Hogar,0,27103.16,3077,0.242
2024-06-21,T07,Oeste,Neighborhood,Ropa,0,23865.6,677,0.224
2024-06-21,T07,Oeste,Neighborhood,Juguetes,0,15185.45,1849,0.264
2024-06-21,T07,Oeste,Neighborhood,Farmacia,0,25566.98,606,0.204
2024-06-21,T07,Oeste,Neighborhood,Jardin,0,11355.41,470,0.275
2024-06-28,T07,Oeste,Neighborhood,Alimentacion,0,54611.38,5206,0.223
2024-06-28,T07,Oeste,Neighborhood,Electronica,0,34107.73,1703,0.21
2024-06-28,T07,Oeste,Neighborhood,Hogar,0,29083.27,1058,0.248
2024-06-28,T07,Oeste,Neighborhood,Ropa,0,23984.46,914,0.264
2024-06-28,T07,Oeste,Neighborhood,Juguetes,0,21135.78,1646,0.246
2024-06-28,T07,Oeste,Neighborhood,Farmacia,0,22361.58,665,0.278
2024-06-28,T07,Oeste,Neighborhood,Jardin,0,9338.36,210,0.305
2024-07-05,T07,Oeste,Neighborhood,Alimentacion,0,56242.41,2000,0.265
2024-07-05,T07,Oeste,Neighborhood,Electronica,0,32030.13,1031,0.244
2024-07-05,T07,Oeste,Neighborhood,Hogar,0,31126.26,961,0.179
2024-07-05,T07,Oeste,Neighborhood,Ropa,0,27628.46,2624,0.295
2024-07-05,T07,Oeste,Neighborhood,Juguetes,0,18742.12,1030,0.298
2024-07-05,T07,Oeste,Neighborhood,Farmacia,0,16495.42,1075,0.219
2024-07-05,T07,Oeste,Neighborhood,Jardin,0,10373.81,320,0.276
2024-07-12,T07,Oeste,Neighborhood,Alimentacion,0,42784.38,2159,0.266
2024-07-12,T07,Oeste,Neighborhood,Electronica,0,51506.8,2681,0.338
2024-07-12,T07,Oeste,Neighborhood,Hogar,0,21721.74,994,0.371
2024-07-12,T07,Oeste,Neighborhood,Ropa,0,27163.97,1264,0.241
2024-07-12,T07,Oeste,Neighborhood,Juguetes,0,16416.8,417,0.271
2024-07-12,T07,Oeste,Neighborhood,Farmacia,0,17403.99,511,0.262
2024-07-12,T07,Oeste,Neighborhood,Jardin,0,13001.05,291,0.236
2024-07-19,T07,Oeste,Neighborhood,Alimentacion,0,48880.55,1317,0.288
2024-07-19,T07,Oeste,Neighborhood,Electronica,0,40660.94,1505,0.299
2024-07-19,T07,Oeste,Neighborhood,Hogar,0,28319.07,1015,0.223
2024-07-19,T07,Oeste,Neighborhood,Ropa,0,22512.94,541,0.301
2024-07-19,T07,Oeste,Neighborhood,Juguetes,0,12124.16,297,0.284
2024-07-19,T07,Oeste,Neighborhood,Farmacia,0,20472.33,2318,0.205
2024-07-19,T07,Oeste,Neighborhood,Jardin,0,9728.29,489,0.238
2024-07-26,T07,Oeste,Neighborhood,Alimentacion,0,74544.89,3509,0.282
2024-07-26,T07,Oeste,Neighborhood,Electronica,0,49826.78,5675,0.302
2024-07-26,T07,Oeste,Neighborhood,Hogar,0,29896.14,830,0.231
2024-07-26,T07,Oeste,Neighborhood,Ropa,0,25418.79,829,0.174
2024-07-26,T07,Oeste,Neighborhood,Juguetes,0,18772.67,1679,0.231
2024-07-26,T07,Oeste,Neighborhood,Farmacia,0,15526.08,365,0.257
2024-07-26,T07,Oeste,Neighborhood,Jardin,0,15645.47,1270,0.191
2024-08-02,T07,Oeste,Neighborhood,Alimentacion,0,48531.98,2243,0.249
2024-08-02,T07,Oeste,Neighborhood,Electronica,0,47689.64,3573,0.25
2024-08-02,T07,Oeste,Neighborhood,Hogar,0,34261.91,1025,0.17
2024-08-02,T07,Oeste,Neighborhood,Ropa,0,28919.09,909,0.158
2024-08-02,T07,Oeste,Neighborhood,Juguetes,0,18185.53,448,0.266
2024-08-02,T07,Oeste,Neighborhood,Farmacia,0,20288.77,820,0.201
2024-08-02,T07,Oeste,Neighborhood,Jardin,0,15563.09,1227,0.247
2024-08-09,T07,Oeste,Neighborhood,Alimentacion,0,55686.59,3032,0.222
2024-08-09,T07,Oeste,Neighborhood,Electronica,0,42649.15,2184,0.212
2024-08-09,T07,Oeste,Neighborhood,Hogar,0,32437.31,738,0.171
2024-08-09,T07,Oeste,Neighborhood,Ropa,0,20822.23,2134,0.285
2024-08-09,T07,Oeste,Neighborhood,Juguetes,0,15528.83,366,0.32
2024-08-09,T07,Oeste,Neighborhood,Farmacia,0,18113.48,413,0.262
2024-08-09,T07,Oeste,Neighborhood,Jardin,0,11498.32,483,0.3
2024-08-16,T07,Oeste,Neighborhood,Alimentacion,0,73567.21,3443,0.283
2024-08-16,T07,Oeste,Neighborhood,Electronica,0,37177.55,898,0.247
2024-08-16,T07,Oeste,Neighborhood,Hogar,0,26365.52,2045,0.251
2024-08-16,T07,Oeste,Neighborhood,Ropa,0,23886.24,1287,0.241
2024-08-16,T07,Oeste,Neighborhood,Juguetes,0,12158.88,619,0.248
2024-08-16,T07,Oeste,Neighborhood,Farmacia,0,18000.51,702,0.233
2024-08-16,T07,Oeste,Neighborhood,Jardin,0,10329.66,1103,0.216
2024-08-23,T07,Oeste,Neighborhood,Alimentacion,0,75979.93,2594,0.262
2024-08-23,T07,Oeste,Neighborhood,Electronica,0,37064.67,1083,0.244
2024-08-23,T07,Oeste,Neighborhood,Hogar,0,22986.08,712,0.218
2024-08-23,T07,Oeste,Neighborhood,Ropa,0,26998.74,655,0.27
2024-08-23,T07,Oeste,Neighborhood,Juguetes,0,13451.01,1181,0.195
2024-08-23,T07,Oeste,Neighborhood,Farmacia,0,23302.34,557,0.186
2024-08-23,T07,Oeste,Neighborhood,Jardin,0,11668.97,298,0.205
2024-08-30,T07,Oeste,Neighborhood,Alimentacion,0,71314.39,2520,0.231
2024-08-30,T07,Oeste,Neighborhood,Electronica,0,29773.47,685,0.282
2024-08-30,T07,Oeste,Neighborhood,Hogar,0,24171.24,1141,0.244
2024-08-30,T07,Oeste,Neighborhood,Ropa,0,29436.93,2852,0.304
2024-08-30,T07,Oeste,Neighborhood,Juguetes,0,19479.57,687,0.242
2024-08-30,T07,Oeste,Neighborhood,Farmacia,0,14351.92,880,0.249
2024-08-30,T07,Oeste,Neighborhood,Jardin,0,9406.66,588,0.166
2024-09-06,T07,Oeste,Neighborhood,Alimentacion,0,72484.48,1757,0.236
2024-09-06,T07,Oeste,Neighborhood,Electronica,0,35513.49,789,0.246
2024-09-06,T07,Oeste,Neighborhood,Hogar,0,27147.77,1557,0.269
2024-09-06,T07,Oeste,Neighborhood,Ropa,0,23447.79,835,0.246
2024-09-06,T07,Oeste,Neighborhood,Juguetes,0,21169.8,722,0.193
2024-09-06,T07,Oeste,Neighborhood,Farmacia,0,16466.97,453,0.293
2024-09-06,T07,Oeste,Neighborhood,Jardin,0,10051.45,334,0.259
2024-09-13,T07,Oeste,Neighborhood,Alimentacion,0,71772.37,4593,0.242
2024-09-13,T07,Oeste,Neighborhood,Electronica,0,38908.53,3362,0.295
2024-09-13,T07,Oeste,Neighborhood,Hogar,0,21738.23,1177,0.123
2024-09-13,T07,Oeste,Neighborhood,Ropa,0,26701.24,1790,0.174
2024-09-13,T07,Oeste,Neighborhood,Juguetes,0,13225.12,438,0.215
2024-09-13,T07,Oeste,Neighborhood,Farmacia,0,23887.55,747,0.192
2024-09-13,T07,Oeste,Neighborhood,Jardin,0,10362.5,1239,0.225
2024-09-20,T07,Oeste,Neighborhood,Alimentacion,0,45029.39,2120,0.31
2024-09-20,T07,Oeste,Neighborhood,Electronica,0,49778.65,1227,0.299
2024-09-20,T07,Oeste,Neighborhood,Hogar,0,29961.17,2186,0.268
2024-09-20,T07,Oeste,Neighborhood,Ropa,0,25378.83,798,0.271
2024-09-20,T07,Oeste,Neighborhood,Juguetes,0,14005.83,713,0.268
2024-09-20,T07,Oeste,Neighborhood,Farmacia,0,21147.37,487,0.263
2024-09-20,T07,Oeste,Neighborhood,Jardin,0,15117.75,399,0.348
2024-09-27,T07,Oeste,Neighborhood,Alimentacion,0,65232.48,2524,0.298
2024-09-27,T07,Oeste,Neighborhood,Electronica,0,28798.39,693,0.302
2024-09-27,T07,Oeste,Neighborhood,Hogar,0,18642.36,1174,0.267
2024-09-27,T07,Oeste,Neighborhood,Ropa,0,27155.03,901,0.21
2024-09-27,T07,Oeste,Neighborhood,Juguetes,0,19721.72,935,0.197
2024-09-27,T07,Oeste,Neighborhood,Farmacia,0,18567.98,680,0.197
2024-09-27,T07,Oeste,Neighborhood,Jardin,0,11480.72,484,0.228
2024-10-04,T07,Oeste,Neighborhood,Alimentacion,0,59847.3,1428,0.209
2024-10-04,T07,Oeste,Neighborhood,Electronica,0,46253.08,2452,0.212
2024-10-04,T07,Oeste,Neighborhood,Hogar,0,22797.95,2613,0.218
2024-10-04,T07,Oeste,Neighborhood,Ropa,0,16565.37,384,0.203
2024-10-04,T07,Oeste,Neighborhood,Juguetes,0,20567.83,579,0.321
2024-10-04,T07,Oeste,Neighborhood,Farmacia,0,19941.74,613,0.216
2024-10-04,T07,Oeste,Neighborhood,Jardin,0,13288.62,378,0.232
2024-10-11,T07,Oeste,Neighborhood,Alimentacion,0,57728.66,2083,0.112
2024-10-11,T07,Oeste,Neighborhood,Electronica,0,50928.28,1293,0.282
2024-10-11,T07,Oeste,Neighborhood,Hogar,0,27885.22,919,0.274
2024-10-11,T07,Oeste,Neighborhood,Ropa,0,17091.05,505,0.297
2024-10-11,T07,Oeste,Neighborhood,Juguetes,0,16719.7,415,0.222
2024-10-11,T07,Oeste,Neighborhood,Farmacia,0,18273.54,2093,0.307
2024-10-11,T07,Oeste,Neighborhood,Jardin,0,12095.8,481,0.216
2024-10-18,T07,Oeste,Neighborhood,Alimentacion,0,48607.17,2942,0.273
2024-10-18,T07,Oeste,Neighborhood,Electronica,0,46312.12,2089,0.268
2024-10-18,T07,Oeste,Neighborhood,Hogar,0,20353.83,1813,0.223
2024-10-18,T07,Oeste,Neighborhood,Ropa,0,16898.39,830,0.309
2024-10-18,T07,Oeste,Neighborhood,Juguetes,0,16670.16,433,0.243
2024-10-18,T07,Oeste,Neighborhood,Farmacia,0,17143.36,398,0.247
2024-10-18,T07,Oeste,Neighborhood,Jardin,0,14458.52,327,0.274
2024-10-25,T07,Oeste,Neighborhood,Alimentacion,0,52765.96,1906,0.217
2024-10-25,T07,Oeste,Neighborhood,Electronica,0,30565.67,3698,0.244
2024-10-25,T07,Oeste,Neighborhood,Hogar,0,29281.46,1538,0.307
2024-10-25,T07,Oeste,Neighborhood,Ropa,0,25785.72,613,0.27
2024-10-25,T07,Oeste,Neighborhood,Juguetes,0,14818.65,374,0.23
2024-10-25,T07,Oeste,Neighborhood,Farmacia,0,24861.72,1319,0.146
2024-10-25,T07,Oeste,Neighborhood,Jardin,0,12798.38,675,0.237
2024-11-01,T07,Oeste,Neighborhood,Alimentacion,1,43133.71,1371,0.218
2024-11-01,T07,Oeste,Neighborhood,Electronica,1,92196.41,2876,0.275
2024-11-01,T07,Oeste,Neighborhood,Hogar,1,19792.26,929,0.235
2024-11-01,T07,Oeste,Neighborhood,Ropa,1,29941.38,723,0.203
2024-11-01,T07,Oeste,Neighborhood,Juguetes,1,21235.24,984,0.241
2024-11-01,T07,Oeste,Neighborhood,Farmacia,1,15857.74,425,0.202
2024-11-01,T07,Oeste,Neighborhood,Jardin,1,12299.67,918,0.317
2024-11-08,T07,Oeste,Neighborhood,Alimentacion,1,63972.9,2637,0.38
2024-11-08,T07,Oeste,Neighborhood,Electronica,1,89144.81,2322,0.211
2024-11-08,T07,Oeste,Neighborhood,Hogar,1,28403.92,695,0.28
2024-11-08,T07,Oeste,Neighborhood,Ropa,1,26073.3,1135,0.286
2024-11-08,T07,Oeste,Neighborhood,Juguetes,1,38800.21,873,0.229
2024-11-08,T07,Oeste,Neighborhood,Farmacia,1,20797.09,504,0.177
2024-11-08,T07,Oeste,Neighborhood,Jardin,1,15495.68,1488,0.267
2024-11-15,T07,Oeste,Neighborhood,Alimentacion,1,73958.78,2030,0.168
2024-11-15,T07,Oeste,Neighborhood,Electronica,1,78915.54,3377,0.232
2024-11-15,T07,Oeste,Neighborhood,Hogar,1,31474.48,1667,0.308
2024-11-15,T07,Oeste,Neighborhood,Ropa,1,26386.99,672,0.191
2024-11-15,T07,Oeste,Neighborhood,Juguetes,1,34207.17,2864,0.246
2024-11-15,T07,Oeste,Neighborhood,Farmacia,1,18926.79,1884,0.197
2024-11-15,T07,Oeste,Neighborhood,Jardin,1,16477.77,1679,0.184
2024-11-22,T07,Oeste,Neighborhood,Alimentacion,1,60061.66,1767,0.251
2024-11-22,T07,Oeste,Neighborhood,Electronica,1,75003.35,6095,0.24
2024-11-22,T07,Oeste,Neighborhood,Hogar,1,26503.65,614,0.278
2024-11-22,T07,Oeste,Neighborhood,Ropa,1,21462.35,2347,0.257
2024-11-22,T07,Oeste,Neighborhood,Juguetes,1,26773.89,785,0.208
2024-11-22,T07,Oeste,Neighborhood,Farmacia,1,16973.74,1638,0.232
2024-11-22,T07,Oeste,Neighborhood,Jardin,1,11819.65,348,0.246
2024-11-29,T07,Oeste,Neighborhood,Alimentacion,1,60755.53,6393,0.282
2024-11-29,T07,Oeste,Neighborhood,Electronica,1,82952.03,2220,0.25
2024-11-29,T07,Oeste,Neighborhood,Hogar,1,20855.35,734,0.208
2024-11-29,T07,Oeste,Neighborhood,Ropa,1,30085.0,934,0.189
2024-11-29,T07,Oeste,Neighborhood,Juguetes,1,23515.37,952,0.211
2024-11-29,T07,Oeste,Neighborhood,Farmacia,1,18335.59,583,0.246
2024-11-29,T07,Oeste,Neighborhood,Jardin,1,17194.96,1191,0.257
2024-12-06,T07,Oeste,Neighborhood,Alimentacion,1,56215.25,2220,0.229
2024-12-06,T07,Oeste,Neighborhood,Electronica,1,61599.42,1411,0.23
2024-12-06,T07,Oeste,Neighborhood,Hogar,1,34086.83,759,0.186
2024-12-06,T07,Oeste,Neighborhood,Ropa,1,22560.09,571,0.251
2024-12-06,T07,Oeste,Neighborhood,Juguetes,1,35865.32,1358,0.287
2024-12-06,T07,Oeste,Neighborhood,Farmacia,1,18409.53,850,0.237
2024-12-06,T07,Oeste,Neighborhood,Jardin,1,12546.31,768,0.148
2024-12-13,T07,Oeste,Neighborhood,Alimentacion,1,62759.63,3176,0.201
2024-12-13,T07,Oeste,Neighborhood,Electronica,1,54975.85,1871,0.255
2024-12-13,T07,Oeste,Neighborhood,Hogar,1,27002.61,949,0.233
2024-12-13,T07,Oeste,Neighborhood,Ropa,1,22221.9,827,0.262
2024-12-13,T07,Oeste,Neighborhood,Juguetes,1,29208.9,1339,0.259
2024-12-13,T07,Oeste,Neighborhood,Farmacia,1,19135.72,519,0.214
2024-12-13,T07,Oeste,Neighborhood,Jardin,1,11171.55,616,0.261
2024-12-20,T07,Oeste,Neighborhood,Alimentacion,1,61174.49,1578,0.224
2024-12-20,T07,Oeste,Neighborhood,Electronica,1,69016.26,4523,0.318
2024-12-20,T07,Oeste,Neighborhood,Hogar,1,19491.5,855,0.396
2024-12-20,T07,Oeste,Neighborhood,Ropa,1,21744.47,1759,0.23
2024-12-20,T07,Oeste,Neighborhood,Juguetes,1,31664.61,2323,0.22
2024-12-20,T07,Oeste,Neighborhood,Farmacia,1,19175.63,941,0.32
2024-12-20,T07,Oeste,Neighborhood,Jardin,1,15851.93,699,0.278
2024-12-27,T07,Oeste,Neighborhood,Alimentacion,1,57605.52,5053,0.274
2024-12-27,T07,Oeste,Neighborhood,Electronica,1,72022.96,2887,0.278
2024-12-27,T07,Oeste,Neighborhood,Hogar,1,33098.22,891,0.317
2024-12-27,T07,Oeste,Neighborhood,Ropa,1,23811.42,747,0.261
2024-12-27,T07,Oeste,Neighborhood,Juguetes,1,35461.03,893,0.222
2024-12-27,T07,Oeste,Neighborhood,Farmacia,1,24727.68,627,0.207
2024-12-27,T07,Oeste,Neighborhood,Jardin,1,16534.36,1327,0.268
2024-01-05,T08,Sur,Discount,Alimentacion,0,100731.44,3482,0.212
2024-01-05,T08,Sur,Discount,Electronica,0,93501.11,5366,0.23
2024-01-05,T08,Sur,Discount,Hogar,0,53252.07,6539,0.307
2024-01-05,T08,Sur,Discount,Ropa,0,39939.01,904,0.287
2024-01-05,T08,Sur,Discount,Juguetes,0,22518.8,1970,0.296
2024-01-05,T08,Sur,Discount,Farmacia,0,46984.55,1410,0.191
2024-01-05,T08,Sur,Discount,Jardin,0,20206.43,501,0.192
2024-01-12,T08,Sur,Discount,Alimentacion,0,124596.01,3437,0.219
2024-01-12,T08,Sur,Discount,Electronica,0,74117.78,4560,0.239
2024-01-12,T08,Sur,Discount,Hogar,0,63015.92,1872,0.286
2024-01-12,T08,Sur,Discount,Ropa,0,44158.36,2621,0.283
2024-01-12,T08,Sur,Discount,Juguetes,0,30802.1,2117,0.277
2024-01-12,T08,Sur,Discount,Farmacia,0,39939.33,1134,0.332
2024-01-12,T08,Sur,Discount,Jardin,0,30190.52,1369,0.22
2024-01-19,T08,Sur,Discount,Alimentacion,0,90572.27,2398,0.163
2024-01-19,T08,Sur,Discount,Electronica,0,73163.78,4503,0.282
2024-01-19,T08,Sur,Discount,Hogar,0,57573.91,2800,0.277
2024-01-19,T08,Sur,Discount,Ropa,0,30967.52,2397,0.256
2024-01-19,T08,Sur,Discount,Juguetes,0,34512.59,1997,0.255
2024-01-19,T08,Sur,Discount,Farmacia,0,32923.56,1155,0.225
2024-01-19,T08,Sur,Discount,Jardin,0,31621.38,1271,0.221
2024-01-26,T08,Sur,Discount,Alimentacion,0,116040.18,5875,0.238
2024-01-26,T08,Sur,Discount,Electronica,0,95532.01,6102,0.219
2024-01-26,T08,Sur,Discount,Hogar,0,38819.72,1028,0.283
2024-01-26,T08,Sur,Discount,Ropa,0,55191.24,1653,0.263
2024-01-26,T08,Sur,Discount,Juguetes,0,34360.55,1132,0.309
2024-01-26,T08,Sur,Discount,Farmacia,0,31645.46,914,0.09
2024-01-26,T08,Sur,Discount,Jardin,0,22079.4,546,0.237
2024-02-02,T08,Sur,Discount,Alimentacion,0,82241.53,2723,0.185
2024-02-02,T08,Sur,Discount,Electronica,0,63997.17,2390,0.252
2024-02-02,T08,Sur,Discount,Hogar,0,40841.88,1200,0.209
2024-02-02,T08,Sur,Discount,Ropa,0,51896.16,1758,0.294
2024-02-02,T08,Sur,Discount,Juguetes,0,26380.83,707,0.286
2024-02-02,T08,Sur,Discount,Farmacia,0,31235.15,798,0.302
2024-02-02,T08,Sur,Discount,Jardin,0,26301.56,2786,0.241
2024-02-09,T08,Sur,Discount,Alimentacion,0,110846.97,3112,0.176
2024-02-09,T08,Sur,Discount,Electronica,0,52496.68,3542,0.22
2024-02-09,T08,Sur,Discount,Hogar,0,55007.62,5955,0.267
2024-02-09,T08,Sur,Discount,Ropa,0,36934.55,3330,0.203
2024-02-09,T08,Sur,Discount,Juguetes,0,23839.52,745,0.265
2024-02-09,T08,Sur,Discount,Farmacia,0,47381.27,1099,0.252
2024-02-09,T08,Sur,Discount,Jardin,0,17677.97,875,0.277
2024-02-16,T08,Sur,Discount,Alimentacion,0,81572.23,3827,0.21
2024-02-16,T08,Sur,Discount,Electronica,0,61455.67,1800,0.273
2024-02-16,T08,Sur,Discount,Hogar,0,50315.78,1206,0.119
2024-02-16,T08,Sur,Discount,Ropa,0,34047.48,1534,0.219
2024-02-16,T08,Sur,Discount,Juguetes,0,32344.97,3011,0.212
2024-02-16,T08,Sur,Discount,Farmacia,0,32628.23,1533,0.292
2024-02-16,T08,Sur,Discount,Jardin,0,31212.82,959,0.204
2024-02-23,T08,Sur,Discount,Alimentacion,0,90071.52,2915,0.296
2024-02-23,T08,Sur,Discount,Electronica,0,74300.01,3471,0.175
2024-02-23,T08,Sur,Discount,Hogar,0,38654.18,1665,0.137
2024-02-23,T08,Sur,Discount,Ropa,0,53466.67,1207,0.229
2024-02-23,T08,Sur,Discount,Juguetes,0,22495.56,530,0.186
2024-02-23,T08,Sur,Discount,Farmacia,0,40311.32,1784,0.192
2024-02-23,T08,Sur,Discount,Jardin,0,25755.37,655,0.191
2024-03-01,T08,Sur,Discount,Alimentacion,0,89898.06,3700,0.239
2024-03-01,T08,Sur,Discount,Electronica,0,82450.95,4350,0.268
2024-03-01,T08,Sur,Discount,Hogar,0,36555.9,2553,0.117
2024-03-01,T08,Sur,Discount,Ropa,0,38081.73,2388,0.271
2024-03-01,T08,Sur,Discount,Juguetes,0,25522.91,822,0.206
2024-03-01,T08,Sur,Discount,Farmacia,0,33906.14,1013,0.249
2024-03-01,T08,Sur,Discount,Jardin,0,26071.1,1508,0.256
2024-03-08,T08,Sur,Discount,Alimentacion,0,105121.92,5646,0.251
2024-03-08,T08,Sur,Discount,Electronica,0,80785.39,2630,0.247
2024-03-08,T08,Sur,Discount,Hogar,0,36217.05,928,0.264
2024-03-08,T08,Sur,Discount,Ropa,0,39486.97,2258,0.268
2024-03-08,T08,Sur,Discount,Juguetes,0,38940.44,2938,0.237
2024-03-08,T08,Sur,Discount,Farmacia,0,41186.77,1201,0.228
2024-03-08,T08,Sur,Discount,Jardin,0,29276.14,1089,0.185
2024-03-15,T08,Sur,Discount,Alimentacion,0,83400.2,8701,0.237
2024-03-15,T08,Sur,Discount,Electronica,0,58381.95,2128,0.231
2024-03-15,T08,Sur,Discount,Hogar,0,57541.27,1393,0.184
2024-03-15,T08,Sur,Discount,Ropa,0,54963.53,1327,0.27
2024-03-15,T08,Sur,Discount,Juguetes,0,28913.6,702,0.217
2024-03-15,T08,Sur,Discount,Farmacia,0,47432.69,1302,0.22
2024-03-15,T08,Sur,Discount,Jardin,0,31209.7,725,0.211
2024-03-22,T08,Sur,Discount,Alimentacion,0,134612.46,4679,0.195
2024-03-22,T08,Sur,Discount,Electronica,0,55895.04,1398,0.268
2024-03-22,T08,Sur,Discount,Hogar,0,44510.59,3422,0.171
2024-03-22,T08,Sur,Discount,Ropa,0,36182.81,837,0.177
2024-03-22,T08,Sur,Discount,Juguetes,0,38139.67,2085,0.259
2024-03-22,T08,Sur,Discount,Farmacia,0,43061.19,1266,0.191
2024-03-22,T08,Sur,Discount,Jardin,0,29294.04,749,0.102
2024-03-29,T08,Sur,Discount,Alimentacion,0,141838.6,4095,0.263
2024-03-29,T08,Sur,Discount,Electronica,0,67755.32,8381,0.29
2024-03-29,T08,Sur,Discount,Hogar,0,57068.05,1665,0.187
2024-03-29,T08,Sur,Discount,Ropa,0,46356.45,3044,0.23
2024-03-29,T08,Sur,Discount,Juguetes,0,39057.46,1677,0.343
2024-03-29,T08,Sur,Discount,Farmacia,0,36664.12,1642,0.268
2024-03-29,T08,Sur,Discount,Jardin,0,31463.35,1052,0.174
2024-04-05,T08,Sur,Discount,Alimentacion,0,101859.91,3525,0.229
2024-04-05,T08,Sur,Discount,Electronica,0,51778.33,1292,0.23
2024-04-05,T08,Sur,Discount,Hogar,0,49032.71,4421,0.29
2024-04-05,T08,Sur,Discount,Ropa,0,34581.54,1491,0.165
2024-04-05,T08,Sur,Discount,Juguetes,0,30011.65,706,0.302
2024-04-05,T08,Sur,Discount,Farmacia,0,41721.64,944,0.221
2024-04-05,T08,Sur,Discount,Jardin,0,27473.76,1218,0.241
2024-04-12,T08,Sur,Discount,Alimentacion,0,138043.96,4058,0.185
2024-04-12,T08,Sur,Discount,Electronica,0,77830.72,2651,0.222
2024-04-12,T08,Sur,Discount,Hogar,0,55463.15,1365,0.232
2024-04-12,T08,Sur,Discount,Ropa,0,36203.33,1286,0.237
2024-04-12,T08,Sur,Discount,Juguetes,0,38908.83,2820,0.239
2024-04-12,T08,Sur,Discount,Farmacia,0,35019.89,2768,0.276
2024-04-12,T08,Sur,Discount,Jardin,0,23514.51,847,0.199
2024-04-19,T08,Sur,Discount,Alimentacion,0,107466.18,2418,0.283
2024-04-19,T08,Sur,Discount,Electronica,0,52121.16,3070,0.182
2024-04-19,T08,Sur,Discount,Hogar,0,63723.39,4036,0.171
2024-04-19,T08,Sur,Discount,Ropa,0,32165.01,1095,0.24
2024-04-19,T08,Sur,Discount,Juguetes,0,36678.87,857,0.21
2024-04-19,T08,Sur,Discount,Farmacia,0,36123.26,3067,0.174
2024-04-19,T08,Sur,Discount,Jardin,0,18205.44,1023,0.342
2024-04-26,T08,Sur,Discount,Alimentacion,0,80561.41,2025,0.294
2024-04-26,T08,Sur,Discount,Electronica,0,75185.59,3040,0.277
2024-04-26,T08,Sur,Discount,Hogar,0,40370.51,2755,0.184
2024-04-26,T08,Sur,Discount,Ropa,0,48946.48,1445,0.227
2024-04-26,T08,Sur,Discount,Juguetes,0,26356.87,674,0.185
2024-04-26,T08,Sur,Discount,Farmacia,0,39215.59,2069,0.246
2024-04-26,T08,Sur,Discount,Jardin,0,31233.36,894,0.239
2024-05-03,T08,Sur,Discount,Alimentacion,0,139961.63,4736,0.156
2024-05-03,T08,Sur,Discount,Electronica,0,69339.04,1990,0.241
2024-05-03,T08,Sur,Discount,Hogar,0,51594.27,1504,0.327
2024-05-03,T08,Sur,Discount,Ropa,0,54598.54,2578,0.285
2024-05-03,T08,Sur,Discount,Juguetes,0,34459.16,1128,0.203
2024-05-03,T08,Sur,Discount,Farmacia,0,40269.71,972,0.27
2024-05-03,T08,Sur,Discount,Jardin,0,29425.83,1675,0.266
2024-05-10,T08,Sur,Discount,Alimentacion,0,114429.3,11876,0.233
2024-05-10,T08,Sur,Discount,Electronica,0,66072.25,3579,0.242
2024-05-10,T08,Sur,Discount,Hogar,0,42863.28,2090,0.169
2024-05-10,T08,Sur,Discount,Ropa,0,45269.67,2592,0.256
2024-05-10,T08,Sur,Discount,Juguetes,0,36821.07,3221,0.233
2024-05-10,T08,Sur,Discount,Farmacia,0,37405.77,1279,0.23
2024-05-10,T08,Sur,Discount,Jardin,0,26464.73,601,0.343
2024-05-17,T08,Sur,Discount,Alimentacion,0,91877.21,5428,0.193
2024-05-17,T08,Sur,Discount,Electronica,0,69089.62,2427,0.199
2024-05-17,T08,Sur,Discount,Hogar,0,41059.11,1856,0.263
2024-05-17,T08,Sur,Discount,Ropa,0,47974.11,1087,0.319
2024-05-17,T08,Sur,Discount,Juguetes,0,28812.19,659,0.209
2024-05-17,T08,Sur,Discount,Farmacia,0,38995.74,1394,0.187
2024-05-17,T08,Sur,Discount,Jardin,0,30447.34,977,0.197
2024-05-24,T08,Sur,Discount,Alimentacion,0,113476.96,5043,0.236
2024-05-24,T08,Sur,Discount,Electronica,0,85220.82,3173,0.222
2024-05-24,T08,Sur,Discount,Hogar,0,46283.81,1092,0.373
2024-05-24,T08,Sur,Discount,Ropa,0,46314.5,1229,0.215
2024-05-24,T08,Sur,Discount,Juguetes,0,37258.86,3049,0.261
2024-05-24,T08,Sur,Discount,Farmacia,0,45904.86,1687,0.302
2024-05-24,T08,Sur,Discount,Jardin,0,23863.95,1539,0.25
2024-05-31,T08,Sur,Discount,Alimentacion,0,142834.6,8120,0.2
2024-05-31,T08,Sur,Discount,Electronica,0,65042.98,2995,0.26
2024-05-31,T08,Sur,Discount,Hogar,0,44390.57,1405,0.179
2024-05-31,T08,Sur,Discount,Ropa,0,41262.39,937,0.269
2024-05-31,T08,Sur,Discount,Juguetes,0,32770.95,1953,0.201
2024-05-31,T08,Sur,Discount,Farmacia,0,44752.31,1530,0.277
2024-05-31,T08,Sur,Discount,Jardin,0,29244.16,1500,0.271
2024-06-07,T08,Sur,Discount,Alimentacion,0,99407.69,2362,0.251
2024-06-07,T08,Sur,Discount,Electronica,0,57829.04,1709,0.255
2024-06-07,T08,Sur,Discount,Hogar,0,62549.72,1939,0.282
2024-06-07,T08,Sur,Discount,Ropa,0,35576.87,843,0.171
2024-06-07,T08,Sur,Discount,Juguetes,0,38065.87,3151,0.216
2024-06-07,T08,Sur,Discount,Farmacia,0,37394.42,1142,0.137
2024-06-07,T08,Sur,Discount,Jardin,0,18117.39,417,0.095
2024-06-14,T08,Sur,Discount,Alimentacion,0,101840.82,2372,0.29
2024-06-14,T08,Sur,Discount,Electronica,0,58588.6,5472,0.251
2024-06-14,T08,Sur,Discount,Hogar,0,36032.65,1594,0.246
2024-06-14,T08,Sur,Discount,Ropa,0,49070.84,1263,0.316
2024-06-14,T08,Sur,Discount,Juguetes,0,25258.25,694,0.192
2024-06-14,T08,Sur,Discount,Farmacia,0,33994.95,3065,0.256
2024-06-14,T08,Sur,Discount,Jardin,0,31131.35,953,0.186
2024-06-21,T08,Sur,Discount,Alimentacion,0,139722.49,9191,0.322
2024-06-21,T08,Sur,Discount,Electronica,0,67218.05,2581,0.25
2024-06-21,T08,Sur,Discount,Hogar,0,63301.03,1815,0.237
2024-06-21,T08,Sur,Discount,Ropa,0,39783.88,1683,0.364
2024-06-21,T08,Sur,Discount,Juguetes,0,38656.35,1943,0.301
2024-06-21,T08,Sur,Discount,Farmacia,0,39016.34,1729,0.237
2024-06-21,T08,Sur,Discount,Jardin,0,18805.66,1323,0.263
2024-06-28,T08,Sur,Discount,Alimentacion,0,138447.34,6615,0.441
2024-06-28,T08,Sur,Discount,Electronica,0,72087.41,8666,0.175
2024-06-28,T08,Sur,Discount,Hogar,0,46755.78,1420,0.213
2024-06-28,T08,Sur,Discount,Ropa,0,30238.06,1457,0.302
2024-06-28,T08,Sur,Discount,Juguetes,0,28816.88,1788,0.307
2024-06-28,T08,Sur,Discount,Farmacia,0,42544.49,3425,0.276
2024-06-28,T08,Sur,Discount,Jardin,0,27106.63,1248,0.199
2024-07-05,T08,Sur,Discount,Alimentacion,0,137101.6,6960,0.214
2024-07-05,T08,Sur,Discount,Electronica,0,65400.11,4199,0.217
2024-07-05,T08,Sur,Discount,Hogar,0,61644.64,1533,0.172
2024-07-05,T08,Sur,Discount,Ropa,0,41261.43,4412,0.286
2024-07-05,T08,Sur,Discount,Juguetes,0,22724.85,531,0.308
2024-07-05,T08,Sur,Discount,Farmacia,0,30613.48,903,0.306
2024-07-05,T08,Sur,Discount,Jardin,0,29087.35,1136,0.199
2024-07-12,T08,Sur,Discount,Alimentacion,0,120150.76,10952,0.192
2024-07-12,T08,Sur,Discount,Electronica,0,61161.22,1834,0.188
2024-07-12,T08,Sur,Discount,Hogar,0,37724.15,1653,0.315
2024-07-12,T08,Sur,Discount,Ropa,0,34409.95,1188,0.264
2024-07-12,T08,Sur,Discount,Juguetes,0,28108.93,724,0.234
2024-07-12,T08,Sur,Discount,Farmacia,0,39765.4,3009,0.262
2024-07-12,T08,Sur,Discount,Jardin,0,17993.36,434,0.231
2024-07-19,T08,Sur,Discount,Alimentacion,0,131307.66,8534,0.257
2024-07-19,T08,Sur,Discount,Electronica,0,87029.67,2640,0.153
2024-07-19,T08,Sur,Discount,Hogar,0,60958.75,4371,0.23
2024-07-19,T08,Sur,Discount,Ropa,0,53480.32,2062,0.182
2024-07-19,T08,Sur,Discount,Juguetes,0,31782.92,717,0.294
2024-07-19,T08,Sur,Discount,Farmacia,0,42646.48,2093,0.172
2024-07-19,T08,Sur,Discount,Jardin,0,23479.47,829,0.204
2024-07-26,T08,Sur,Discount,Alimentacion,0,104549.28,3316,0.264
2024-07-26,T08,Sur,Discount,Electronica,0,83794.79,2151,0.232
2024-07-26,T08,Sur,Discount,Hogar,0,46989.49,1781,0.252
2024-07-26,T08,Sur,Discount,Ropa,0,32977.54,1685,0.267
2024-07-26,T08,Sur,Discount,Juguetes,0,28682.74,651,0.328
2024-07-26,T08,Sur,Discount,Farmacia,0,35384.32,1222,0.25
2024-07-26,T08,Sur,Discount,Jardin,0,23671.9,963,0.268
2024-08-02,T08,Sur,Discount,Alimentacion,0,81642.82,2917,0.208
2024-08-02,T08,Sur,Discount,Electronica,0,85284.24,1922,0.188
2024-08-02,T08,Sur,Discount,Hogar,0,49378.57,3460,0.155
2024-08-02,T08,Sur,Discount,Ropa,0,51754.88,1217,0.304
2024-08-02,T08,Sur,Discount,Juguetes,0,25045.32,728,0.244
2024-08-02,T08,Sur,Discount,Farmacia,0,40963.07,1227,0.24
2024-08-02,T08,Sur,Discount,Jardin,0,26657.79,1411,0.19
2024-08-09,T08,Sur,Discount,Alimentacion,0,132646.07,3092,0.185
2024-08-09,T08,Sur,Discount,Electronica,0,66535.6,5805,0.266
2024-08-09,T08,Sur,Discount,Hogar,0,59400.77,1841,0.195
2024-08-09,T08,Sur,Discount,Ropa,0,39039.21,1374,0.219
2024-08-09,T08,Sur,Discount,Juguetes,0,25877.12,592,0.206
2024-08-09,T08,Sur,Discount,Farmacia,0,26040.04,2915,0.235
2024-08-09,T08,Sur,Discount,Jardin,0,26780.55,739,0.232
2024-08-16,T08,Sur,Discount,Alimentacion,0,105559.59,2811,0.252
2024-08-16,T08,Sur,Discount,Electronica,0,59363.96,1636,0.181
2024-08-16,T08,Sur,Discount,Hogar,0,43989.92,1890,0.314
2024-08-16,T08,Sur,Discount,Ropa,0,30746.26,1278,0.251
2024-08-16,T08,Sur,Discount,Juguetes,0,23594.05,632,0.183
2024-08-16,T08,Sur,Discount,Farmacia,0,27880.97,2041,0.207
2024-08-16,T08,Sur,Discount,Jardin,0,20167.6,1846,0.306
2024-08-23,T08,Sur,Discount,Alimentacion,0,136963.08,4245,0.269
2024-08-23,T08,Sur,Discount,Electronica,0,92488.61,2867,0.254
2024-08-23,T08,Sur,Discount,Hogar,0,59425.9,1847,0.238
2024-08-23,T08,Sur,Discount,Ropa,0,40255.91,1512,0.253
2024-08-23,T08,Sur,Discount,Juguetes,0,28220.48,1148,0.223
2024-08-23,T08,Sur,Discount,Farmacia,0,35099.04,3923,0.263
2024-08-23,T08,Sur,Discount,Jardin,0,20668.44,553,0.297
2024-08-30,T08,Sur,Discount,Alimentacion,0,96238.28,2532,0.224
2024-08-30,T08,Sur,Discount,Electronica,0,59456.17,1540,0.26
2024-08-30,T08,Sur,Discount,Hogar,0,57355.65,1470,0.231
2024-08-30,T08,Sur,Discount,Ropa,0,31816.25,846,0.19
2024-08-30,T08,Sur,Discount,Juguetes,0,25378.92,597,0.263
2024-08-30,T08,Sur,Discount,Farmacia,0,45543.24,1498,0.219
2024-08-30,T08,Sur,Discount,Jardin,0,19601.06,468,0.196
2024-09-06,T08,Sur,Discount,Alimentacion,0,78000.06,8989,0.214
2024-09-06,T08,Sur,Discount,Electronica,0,58910.15,1953,0.21
2024-09-06,T08,Sur,Discount,Hogar,0,42744.63,1470,0.17
2024-09-06,T08,Sur,Discount,Ropa,0,54652.18,1372,0.271
2024-09-06,T08,Sur,Discount,Juguetes,0,31323.96,1180,0.175
2024-09-06,T08,Sur,Discount,Farmacia,0,34600.55,1201,0.2
2024-09-06,T08,Sur,Discount,Jardin,0,19649.64,692,0.264
2024-09-13,T08,Sur,Discount,Alimentacion,0,118664.64,5511,0.266
2024-09-13,T08,Sur,Discount,Electronica,0,70149.11,5379,0.147
2024-09-13,T08,Sur,Discount,Hogar,0,58751.38,1742,0.267
2024-09-13,T08,Sur,Discount,Ropa,0,46782.46,4973,0.201
2024-09-13,T08,Sur,Discount,Juguetes,0,38777.96,1096,0.352
2024-09-13,T08,Sur,Discount,Farmacia,0,28334.31,657,0.304
2024-09-13,T08,Sur,Discount,Jardin,0,21042.79,1425,0.235
2024-09-20,T08,Sur,Discount,Alimentacion,0,98487.92,2236,0.296
2024-09-20,T08,Sur,Discount,Electronica,0,74090.74,2081,0.211
2024-09-20,T08,Sur,Discount,Hogar,0,56467.13,1738,0.16
2024-09-20,T08,Sur,Discount,Ropa,0,46978.92,1250,0.169
2024-09-20,T08,Sur,Discount,Juguetes,0,36182.14,2702,0.282
2024-09-20,T08,Sur,Discount,Farmacia,0,42204.7,2209,0.121
2024-09-20,T08,Sur,Discount,Jardin,0,20847.13,520,0.344
2024-09-27,T08,Sur,Discount,Alimentacion,0,105229.88,4868,0.225
2024-09-27,T08,Sur,Discount,Electronica,0,71915.02,2134,0.252
2024-09-27,T08,Sur,Discount,Hogar,0,53047.4,1236,0.214
2024-09-27,T08,Sur,Discount,Ropa,0,40527.1,938,0.263
2024-09-27,T08,Sur,Discount,Juguetes,0,21971.24,1246,0.309
2024-09-27,T08,Sur,Discount,Farmacia,0,29341.53,990,0.15
2024-09-27,T08,Sur,Discount,Jardin,0,25141.5,3115,0.336
2024-10-04,T08,Sur,Discount,Alimentacion,0,101666.48,7710,0.313
2024-10-04,T08,Sur,Discount,Electronica,0,73286.97,2320,0.257
2024-10-04,T08,Sur,Discount,Hogar,0,35773.16,888,0.262
2024-10-04,T08,Sur,Discount,Ropa,0,32167.06,879,0.203
2024-10-04,T08,Sur,Discount,Juguetes,0,33552.47,1410,0.264
2024-10-04,T08,Sur,Discount,Farmacia,0,37755.56,3824,0.265
2024-10-04,T08,Sur,Discount,Jardin,0,31844.35,979,0.216
2024-10-11,T08,Sur,Discount,Alimentacion,0,92384.2,2597,0.247
2024-10-11,T08,Sur,Discount,Electronica,0,58929.38,4296,0.277
2024-10-11,T08,Sur,Discount,Hogar,0,53488.04,5054,0.29
2024-10-11,T08,Sur,Discount,Ropa,0,46570.2,1598,0.275
2024-10-11,T08,Sur,Discount,Juguetes,0,24843.39,712,0.273
2024-10-11,T08,Sur,Discount,Farmacia,0,39190.21,2568,0.231
2024-10-11,T08,Sur,Discount,Jardin,0,22314.04,2271,0.254
2024-10-18,T08,Sur,Discount,Alimentacion,0,137825.21,5937,0.3
2024-10-18,T08,Sur,Discount,Electronica,0,74283.82,2738,0.242
2024-10-18,T08,Sur,Discount,Hogar,0,53319.36,4447,0.3
2024-10-18,T08,Sur,Discount,Ropa,0,36908.86,1639,0.205
2024-10-18,T08,Sur,Discount,Juguetes,0,21821.35,1177,0.283
2024-10-18,T08,Sur,Discount,Farmacia,0,27137.49,1369,0.289
2024-10-18,T08,Sur,Discount,Jardin,0,22850.62,685,0.307
2024-10-25,T08,Sur,Discount,Alimentacion,0,108207.31,3396,0.275
2024-10-25,T08,Sur,Discount,Electronica,0,93798.4,2119,0.276
2024-10-25,T08,Sur,Discount,Hogar,0,44649.9,2844,0.293
2024-10-25,T08,Sur,Discount,Ropa,0,42874.95,1485,0.265
2024-10-25,T08,Sur,Discount,Juguetes,0,26589.57,1452,0.277
2024-10-25,T08,Sur,Discount,Farmacia,0,46342.84,4287,0.259
2024-10-25,T08,Sur,Discount,Jardin,0,23995.94,716,0.173
2024-11-01,T08,Sur,Discount,Alimentacion,1,136738.93,13049,0.27
2024-11-01,T08,Sur,Discount,Electronica,1,171767.94,11649,0.241
2024-11-01,T08,Sur,Discount,Hogar,1,56034.98,1524,0.214
2024-11-01,T08,Sur,Discount,Ropa,1,50252.05,1492,0.25
2024-11-01,T08,Sur,Discount,Juguetes,1,59023.81,1606,0.342
2024-11-01,T08,Sur,Discount,Farmacia,1,31323.98,2463,0.229
2024-11-01,T08,Sur,Discount,Jardin,1,21035.08,2291,0.297
2024-11-08,T08,Sur,Discount,Alimentacion,1,111248.27,5538,0.234
2024-11-08,T08,Sur,Discount,Electronica,1,95933.38,2570,0.149
2024-11-08,T08,Sur,Discount,Hogar,1,38912.38,1829,0.263
2024-11-08,T08,Sur,Discount,Ropa,1,33095.45,1816,0.228
2024-11-08,T08,Sur,Discount,Juguetes,1,45781.19,2209,0.314
2024-11-08,T08,Sur,Discount,Farmacia,1,35176.99,2756,0.25
2024-11-08,T08,Sur,Discount,Jardin,1,17767.38,847,0.184
2024-11-15,T08,Sur,Discount,Alimentacion,1,86324.63,2325,0.167
2024-11-15,T08,Sur,Discount,Electronica,1,93428.57,10392,0.181
2024-11-15,T08,Sur,Discount,Hogar,1,36145.53,1306,0.209
2024-11-15,T08,Sur,Discount,Ropa,1,50936.17,1941,0.141
2024-11-15,T08,Sur,Discount,Juguetes,1,63762.0,2383,0.26
2024-11-15,T08,Sur,Discount,Farmacia,1,47818.55,2245,0.24
2024-11-15,T08,Sur,Discount,Jardin,1,22611.95,1390,0.224
2024-11-22,T08,Sur,Discount,Alimentacion,1,102761.37,3986,0.23
2024-11-22,T08,Sur,Discount,Electronica,1,114983.95,4123,0.277
2024-11-22,T08,Sur,Discount,Hogar,1,57690.0,1822,0.245
2024-11-22,T08,Sur,Discount,Ropa,1,47247.97,3304,0.341
2024-11-22,T08,Sur,Discount,Juguetes,1,57664.24,2523,0.283
2024-11-22,T08,Sur,Discount,Farmacia,1,44855.59,1218,0.287
2024-11-22,T08,Sur,Discount,Jardin,1,27924.7,1197,0.216
2024-11-29,T08,Sur,Discount,Alimentacion,1,132735.0,10148,0.331
2024-11-29,T08,Sur,Discount,Electronica,1,114662.13,8106,0.225
2024-11-29,T08,Sur,Discount,Hogar,1,40192.65,1338,0.188
2024-11-29,T08,Sur,Discount,Ropa,1,37157.22,1138,0.234
2024-11-29,T08,Sur,Discount,Juguetes,1,52813.15,1407,0.295
2024-11-29,T08,Sur,Discount,Farmacia,1,38392.48,3514,0.18
2024-11-29,T08,Sur,Discount,Jardin,1,31557.72,952,0.242
2024-12-06,T08,Sur,Discount,Alimentacion,1,122539.82,8366,0.187
2024-12-06,T08,Sur,Discount,Electronica,1,156810.11,3914,0.189
2024-12-06,T08,Sur,Discount,Hogar,1,52103.2,3772,0.15
2024-12-06,T08,Sur,Discount,Ropa,1,36699.03,1051,0.324
2024-12-06,T08,Sur,Discount,Juguetes,1,59284.26,1830,0.191
2024-12-06,T08,Sur,Discount,Farmacia,1,44018.47,1079,0.301
2024-12-06,T08,Sur,Discount,Jardin,1,22132.49,622,0.275
2024-12-13,T08,Sur,Discount,Alimentacion,1,117010.49,4559,0.199
2024-12-13,T08,Sur,Discount,Electronica,1,103940.64,4494,0.233
2024-12-13,T08,Sur,Discount,Hogar,1,42766.51,3359,0.267
2024-12-13,T08,Sur,Discount,Ropa,1,50400.34,1778,0.26
2024-12-13,T08,Sur,Discount,Juguetes,1,65019.76,1561,0.237
2024-12-13,T08,Sur,Discount,Farmacia,1,44111.2,986,0.33
2024-12-13,T08,Sur,Discount,Jardin,1,31470.32,730,0.192
2024-12-20,T08,Sur,Discount,Alimentacion,1,135021.73,3617,0.215
2024-12-20,T08,Sur,Discount,Electronica,1,164647.66,7411,0.224
2024-12-20,T08,Sur,Discount,Hogar,1,53406.51,1512,0.243
2024-12-20,T08,Sur,Discount,Ropa,1,52829.48,1522,0.305
2024-12-20,T08,Sur,Discount,Juguetes,1,44737.71,1036,0.185
2024-12-20,T08,Sur,Discount,Farmacia,1,38183.07,3367,0.181
2024-12-20,T08,Sur,Discount,Jardin,1,23009.11,2088,0.249
2024-12-27,T08,Sur,Discount,Alimentacion,1,126226.75,8738,0.292
2024-12-27,T08,Sur,Discount,Electronica,1,107403.95,8209,0.251
2024-12-27,T08,Sur,Discount,Hogar,1,52195.33,1417,0.203
2024-12-27,T08,Sur,Discount,Ropa,1,51109.61,1710,0.211
2024-12-27,T08,Sur,Discount,Juguetes,1,71271.62,3172,0.223
2024-12-27,T08,Sur,Discount,Farmacia,1,28866.69,958,0.217
2024-12-27,T08,Sur,Discount,Jardin,1,19966.3,491,0.313
2024-01-05,T09,Sur,Supercenter,Alimentacion,0,120431.14,7692,0.18
2024-01-05,T09,Sur,Supercenter,Electronica,0,87876.12,2220,0.162
2024-01-05,T09,Sur,Supercenter,Hogar,0,46526.09,1824,0.222
2024-01-05,T09,Sur,Supercenter,Ropa,0,51880.94,2262,0.27
2024-01-05,T09,Sur,Supercenter,Juguetes,0,40432.61,1001,0.235
2024-01-05,T09,Sur,Supercenter,Farmacia,0,54867.59,6207,0.219
2024-01-05,T09,Sur,Supercenter,Jardin,0,38569.99,1149,0.244
2024-01-12,T09,Sur,Supercenter,Alimentacion,0,160184.22,3752,0.234
2024-01-12,T09,Sur,Supercenter,Electronica,0,67364.59,2543,0.272
2024-01-12,T09,Sur,Supercenter,Hogar,0,45780.68,1518,0.251
2024-01-12,T09,Sur,Supercenter,Ropa,0,39671.55,1072,0.31
2024-01-12,T09,Sur,Supercenter,Juguetes,0,45204.38,2650,0.252
2024-01-12,T09,Sur,Supercenter,Farmacia,0,36370.32,2159,0.221
2024-01-12,T09,Sur,Supercenter,Jardin,0,28010.63,1934,0.225
2024-01-19,T09,Sur,Supercenter,Alimentacion,0,175414.62,4740,0.281
2024-01-19,T09,Sur,Supercenter,Electronica,0,119553.94,7099,0.223
2024-01-19,T09,Sur,Supercenter,Hogar,0,74646.81,3060,0.171
2024-01-19,T09,Sur,Supercenter,Ropa,0,50638.12,1908,0.3
2024-01-19,T09,Sur,Supercenter,Juguetes,0,37043.5,1546,0.229
2024-01-19,T09,Sur,Supercenter,Farmacia,0,48120.3,2985,0.213
2024-01-19,T09,Sur,Supercenter,Jardin,0,36076.43,1556,0.299
2024-01-26,T09,Sur,Supercenter,Alimentacion,0,99547.36,4798,0.302
2024-01-26,T09,Sur,Supercenter,Electronica,0,92534.13,2591,0.31
2024-01-26,T09,Sur,Supercenter,Hogar,0,58304.2,2780,0.354
2024-01-26,T09,Sur,Supercenter,Ropa,0,47759.16,3609,0.288
2024-01-26,T09,Sur,Supercenter,Juguetes,0,46560.12,1071,0.207
2024-01-26,T09,Sur,Supercenter,Farmacia,0,33488.17,1385,0.273
2024-01-26,T09,Sur,Supercenter,Jardin,0,24596.98,1993,0.254
2024-02-02,T09,Sur,Supercenter,Alimentacion,0,163841.04,4418,0.197
2024-02-02,T09,Sur,Supercenter,Electronica,0,68982.71,1984,0.212
2024-02-02,T09,Sur,Supercenter,Hogar,0,49931.65,2639,0.24
2024-02-02,T09,Sur,Supercenter,Ropa,0,49355.54,1124,0.201
2024-02-02,T09,Sur,Supercenter,Juguetes,0,36255.26,1101,0.258
2024-02-02,T09,Sur,Supercenter,Farmacia,0,33053.62,1070,0.149
2024-02-02,T09,Sur,Supercenter,Jardin,0,29062.32,851,0.205
2024-02-09,T09,Sur,Supercenter,Alimentacion,0,130222.45,9174,0.243
2024-02-09,T09,Sur,Supercenter,Electronica,0,84027.91,2011,0.205
2024-02-09,T09,Sur,Supercenter,Hogar,0,76623.58,3415,0.295
2024-02-09,T09,Sur,Supercenter,Ropa,0,40346.95,2120,0.254
2024-02-09,T09,Sur,Supercenter,Juguetes,0,28232.91,672,0.215
2024-02-09,T09,Sur,Supercenter,Farmacia,0,50658.12,1828,0.288
2024-02-09,T09,Sur,Supercenter,Jardin,0,34028.05,881,0.156
2024-02-16,T09,Sur,Supercenter,Alimentacion,0,162446.87,8830,0.182
2024-02-16,T09,Sur,Supercenter,Electronica,0,67772.95,3038,0.237
2024-02-16,T09,Sur,Supercenter,Hogar,0,50784.67,3838,0.105
2024-02-16,T09,Sur,Supercenter,Ropa,0,52605.96,1236,0.322
2024-02-16,T09,Sur,Supercenter,Juguetes,0,38421.39,873,0.223
2024-02-16,T09,Sur,Supercenter,Farmacia,0,57685.23,3372,0.291
2024-02-16,T09,Sur,Supercenter,Jardin,0,22549.89,2707,0.309
2024-02-23,T09,Sur,Supercenter,Alimentacion,0,108987.37,3855,0.263
2024-02-23,T09,Sur,Supercenter,Electronica,0,67792.03,2755,0.281
2024-02-23,T09,Sur,Supercenter,Hogar,0,77519.51,4064,0.297
2024-02-23,T09,Sur,Supercenter,Ropa,0,66339.01,2068,0.227
2024-02-23,T09,Sur,Supercenter,Juguetes,0,44241.31,1158,0.214
2024-02-23,T09,Sur,Supercenter,Farmacia,0,61054.51,1466,0.267
2024-02-23,T09,Sur,Supercenter,Jardin,0,35613.94,1300,0.236
2024-03-01,T09,Sur,Supercenter,Alimentacion,0,169096.7,19087,0.166
2024-03-01,T09,Sur,Supercenter,Electronica,0,84994.91,2026,0.226
2024-03-01,T09,Sur,Supercenter,Hogar,0,77435.87,3083,0.183
2024-03-01,T09,Sur,Supercenter,Ropa,0,68189.58,2372,0.151
2024-03-01,T09,Sur,Supercenter,Juguetes,0,28533.47,2357,0.234
2024-03-01,T09,Sur,Supercenter,Farmacia,0,43299.52,1420,0.182
2024-03-01,T09,Sur,Supercenter,Jardin,0,23224.86,1304,0.219
2024-03-08,T09,Sur,Supercenter,Alimentacion,0,183116.02,8123,0.14
2024-03-08,T09,Sur,Supercenter,Electronica,0,98828.53,2351,0.28
2024-03-08,T09,Sur,Supercenter,Hogar,0,75502.26,1783,0.232
2024-03-08,T09,Sur,Supercenter,Ropa,0,71299.29,7723,0.314
2024-03-08,T09,Sur,Supercenter,Juguetes,0,47678.79,1137,0.181
2024-03-08,T09,Sur,Supercenter,Farmacia,0,55256.54,3631,0.169
2024-03-08,T09,Sur,Supercenter,Jardin,0,28749.65,956,0.218
2024-03-15,T09,Sur,Supercenter,Alimentacion,0,128391.54,8024,0.263
2024-03-15,T09,Sur,Supercenter,Electronica,0,103512.87,3132,0.342
2024-03-15,T09,Sur,Supercenter,Hogar,0,48749.56,1273,0.285
2024-03-15,T09,Sur,Supercenter,Ropa,0,39488.3,1934,0.312
2024-03-15,T09,Sur,Supercenter,Juguetes,0,35983.53,2914,0.267
2024-03-15,T09,Sur,Supercenter,Farmacia,0,33679.07,2942,0.253
2024-03-15,T09,Sur,Supercenter,Jardin,0,37444.88,1362,0.2
2024-03-22,T09,Sur,Supercenter,Alimentacion,0,155117.11,5532,0.249
2024-03-22,T09,Sur,Supercenter,Electronica,0,78557.58,4839,0.265
2024-03-22,T09,Sur,Supercenter,Hogar,0,61381.28,2747,0.213
2024-03-22,T09,Sur,Supercenter,Ropa,0,70481.04,3591,0.231
2024-03-22,T09,Sur,Supercenter,Juguetes,0,38804.96,1124,0.276
2024-03-22,T09,Sur,Supercenter,Farmacia,0,53597.36,3467,0.285
2024-03-22,T09,Sur,Supercenter,Jardin,0,37279.1,1685,0.197
2024-03-29,T09,Sur,Supercenter,Alimentacion,0,129894.35,4917,0.169
2024-03-29,T09,Sur,Supercenter,Electronica,0,90490.89,2303,0.249
2024-03-29,T09,Sur,Supercenter,Hogar,0,65378.66,2116,0.215
2024-03-29,T09,Sur,Supercenter,Ropa,0,58576.36,1345,0.163
2024-03-29,T09,Sur,Supercenter,Juguetes,0,35703.69,896,0.293
2024-03-29,T09,Sur,Supercenter,Farmacia,0,40256.28,1316,0.267
2024-03-29,T09,Sur,Supercenter,Jardin,0,34233.06,2985,0.268
2024-04-05,T09,Sur,Supercenter,Alimentacion,0,134562.13,4526,0.256
2024-04-05,T09,Sur,Supercenter,Electronica,0,105293.14,3995,0.24
2024-04-05,T09,Sur,Supercenter,Hogar,0,55879.2,4171,0.205
2024-04-05,T09,Sur,Supercenter,Ropa,0,69618.93,4237,0.19
2024-04-05,T09,Sur,Supercenter,Juguetes,0,28661.55,829,0.293
2024-04-05,T09,Sur,Supercenter,Farmacia,0,45750.2,2117,0.307
2024-04-05,T09,Sur,Supercenter,Jardin,0,28503.43,1360,0.236
2024-04-12,T09,Sur,Supercenter,Alimentacion,0,181426.59,7145,0.196
2024-04-12,T09,Sur,Supercenter,Electronica,0,92068.15,7685,0.222
2024-04-12,T09,Sur,Supercenter,Hogar,0,59341.64,2961,0.305
2024-04-12,T09,Sur,Supercenter,Ropa,0,60867.0,2070,0.283
2024-04-12,T09,Sur,Supercenter,Juguetes,0,36847.1,1202,0.137
2024-04-12,T09,Sur,Supercenter,Farmacia,0,41554.54,2899,0.176
2024-04-12,T09,Sur,Supercenter,Jardin,0,22456.61,1612,0.236
2024-04-19,T09,Sur,Supercenter,Alimentacion,0,183563.28,7049,0.29
2024-04-19,T09,Sur,Supercenter,Electronica,0,109701.25,11746,0.258
2024-04-19,T09,Sur,Supercenter,Hogar,0,47742.73,2090,0.173
2024-04-19,T09,Sur,Supercenter,Ropa,0,63340.44,1425,0.184
2024-04-19,T09,Sur,Supercenter,Juguetes,0,41814.57,1164,0.25
2024-04-19,T09,Sur,Supercenter,Farmacia,0,46105.0,2449,0.263
2024-04-19,T09,Sur,Supercenter,Jardin,0,26861.95,1032,0.25
2024-04-26,T09,Sur,Supercenter,Alimentacion,0,146909.48,8603,0.207
2024-04-26,T09,Sur,Supercenter,Electronica,0,94186.93,6721,0.185
2024-04-26,T09,Sur,Supercenter,Hogar,0,60827.89,2891,0.218
2024-04-26,T09,Sur,Supercenter,Ropa,0,66296.56,2127,0.285
2024-04-26,T09,Sur,Supercenter,Juguetes,0,33272.08,935,0.312
2024-04-26,T09,Sur,Supercenter,Farmacia,0,43751.13,3367,0.184
2024-04-26,T09,Sur,Supercenter,Jardin,0,22109.69,622,0.299
2024-05-03,T09,Sur,Supercenter,Alimentacion,0,183162.49,4948,0.208
2024-05-03,T09,Sur,Supercenter,Electronica,0,121254.02,6023,0.318
2024-05-03,T09,Sur,Supercenter,Hogar,0,69889.92,7120,0.273
2024-05-03,T09,Sur,Supercenter,Ropa,0,71377.61,1946,0.22
2024-05-03,T09,Sur,Supercenter,Juguetes,0,36683.19,3514,0.211
2024-05-03,T09,Sur,Supercenter,Farmacia,0,49867.85,1197,0.347
2024-05-03,T09,Sur,Supercenter,Jardin,0,27740.85,1299,0.186
2024-05-10,T09,Sur,Supercenter,Alimentacion,0,165768.7,3805,0.26
2024-05-10,T09,Sur,Supercenter,Electronica,0,93882.05,10349,0.242
2024-05-10,T09,Sur,Supercenter,Hogar,0,58078.26,1937,0.299
2024-05-10,T09,Sur,Supercenter,Ropa,0,50504.19,1624,0.168
2024-05-10,T09,Sur,Supercenter,Juguetes,0,33181.34,1604,0.212
2024-05-10,T09,Sur,Supercenter,Farmacia,0,54979.03,1426,0.182
2024-05-10,T09,Sur,Supercenter,Jardin,0,32154.08,778,0.231
2024-05-17,T09,Sur,Supercenter,Alimentacion,0,135415.67,3047,0.261
2024-05-17,T09,Sur,Supercenter,Electronica,0,105867.67,2683,0.224
2024-05-17,T09,Sur,Supercenter,Hogar,0,70912.11,2793,0.263
2024-05-17,T09,Sur,Supercenter,Ropa,0,68414.11,1698,0.203
2024-05-17,T09,Sur,Supercenter,Juguetes,0,45319.08,1076,0.285
2024-05-17,T09,Sur,Supercenter,Farmacia,0,49972.97,5170,0.293
2024-05-17,T09,Sur,Supercenter,Jardin,0,22864.4,1166,0.285
2024-05-24,T09,Sur,Supercenter,Alimentacion,0,179509.17,4015,0.195
2024-05-24,T09,Sur,Supercenter,Electronica,0,76002.09,2917,0.265
2024-05-24,T09,Sur,Supercenter,Hogar,0,76871.32,2674,0.218
2024-05-24,T09,Sur,Supercenter,Ropa,0,41105.39,1787,0.215
2024-05-24,T09,Sur,Supercenter,Juguetes,0,44059.79,3987,0.226
2024-05-24,T09,Sur,Supercenter,Farmacia,0,44076.23,3750,0.22
2024-05-24,T09,Sur,Supercenter,Jardin,0,34284.42,2979,0.211
2024-05-31,T09,Sur,Supercenter,Alimentacion,0,130201.32,7631,0.18
2024-05-31,T09,Sur,Supercenter,Electronica,0,66725.45,2645,0.151
2024-05-31,T09,Sur,Supercenter,Hogar,0,78964.3,3819,0.227
2024-05-31,T09,Sur,Supercenter,Ropa,0,45963.8,1599,0.238
2024-05-31,T09,Sur,Supercenter,Juguetes,0,40948.64,2852,0.202
2024-05-31,T09,Sur,Supercenter,Farmacia,0,58060.09,2836,0.261
2024-05-31,T09,Sur,Supercenter,Jardin,0,23789.87,672,0.249
2024-06-07,T09,Sur,Supercenter,Alimentacion,0,110458.8,3337,0.282
2024-06-07,T09,Sur,Supercenter,Electronica,0,95946.13,3519,0.287
2024-06-07,T09,Sur,Supercenter,Hogar,0,45916.41,1518,0.08
2024-06-07,T09,Sur,Supercenter,Ropa,0,50964.79,1661,0.26
2024-06-07,T09,Sur,Supercenter,Juguetes,0,47001.78,1994,0.264
2024-06-07,T09,Sur,Supercenter,Farmacia,0,49342.04,2524,0.212
2024-06-07,T09,Sur,Supercenter,Jardin,0,22069.42,566,0.288
2024-06-14,T09,Sur,Supercenter,Alimentacion,0,152410.72,5192,0.217
2024-06-14,T09,Sur,Supercenter,Electronica,0,113099.3,3342,0.231
2024-06-14,T09,Sur,Supercenter,Hogar,0,73258.39,2737,0.19
2024-06-14,T09,Sur,Supercenter,Ropa,0,62458.14,1870,0.288
2024-06-14,T09,Sur,Supercenter,Juguetes,0,50648.07,1582,0.294
2024-06-14,T09,Sur,Supercenter,Farmacia,0,34960.36,1906,0.193
2024-06-14,T09,Sur,Supercenter,Jardin,0,33876.04,1255,0.245
2024-06-21,T09,Sur,Supercenter,Alimentacion,0,121224.36,3567,0.261
2024-06-21,T09,Sur,Supercenter,Electronica,0,109229.17,2990,0.246
2024-06-21,T09,Sur,Supercenter,Hogar,0,47152.8,1395,0.304
2024-06-21,T09,Sur,Supercenter,Ropa,0,57403.77,3578,0.302
2024-06-21,T09,Sur,Supercenter,Juguetes,0,31602.69,1547,0.263
2024-06-21,T09,Sur,Supercenter,Farmacia,0,46117.63,1962,0.297
2024-06-21,T09,Sur,Supercenter,Jardin,0,39480.75,1536,0.233
2024-06-28,T09,Sur,Supercenter,Alimentacion,0,174160.31,4552,0.358
2024-06-28,T09,Sur,Supercenter,Electronica,0,66700.22,2131,0.3
2024-06-28,T09,Sur,Supercenter,Hogar,0,64820.2,4099,0.157
2024-06-28,T09,Sur,Supercenter,Ropa,0,60566.63,2095,0.319
2024-06-28,T09,Sur,Supercenter,Juguetes,0,45964.33,1405,0.268
2024-06-28,T09,Sur,Supercenter,Farmacia,0,51706.83,1884,0.284
2024-06-28,T09,Sur,Supercenter,Jardin,0,35364.59,1156,0.175
2024-07-05,T09,Sur,Supercenter,Alimentacion,0,109697.1,3229,0.225
2024-07-05,T09,Sur,Supercenter,Electronica,0,85321.8,4027,0.348
2024-07-05,T09,Sur,Supercenter,Hogar,0,80240.63,2014,0.187
2024-07-05,T09,Sur,Supercenter,Ropa,0,51730.49,1467,0.225
2024-07-05,T09,Sur,Supercenter,Juguetes,0,50478.72,5027,0.226
2024-07-05,T09,Sur,Supercenter,Farmacia,0,49060.75,3160,0.08
2024-07-05,T09,Sur,Supercenter,Jardin,0,36718.33,2800,0.207
2024-07-12,T09,Sur,Supercenter,Alimentacion,0,157365.13,4050,0.169
2024-07-12,T09,Sur,Supercenter,Electronica,0,77626.3,2615,0.304
2024-07-12,T09,Sur,Supercenter,Hogar,0,73078.63,2559,0.22
2024-07-12,T09,Sur,Supercenter,Ropa,0,63365.49,2333,0.194
2024-07-12,T09,Sur,Supercenter,Juguetes,0,40753.46,945,0.179
2024-07-12,T09,Sur,Supercenter,Farmacia,0,41432.6,1207,0.219
2024-07-12,T09,Sur,Supercenter,Jardin,0,32218.58,1172,0.339
2024-07-19,T09,Sur,Supercenter,Alimentacion,0,128460.46,2997,0.24
2024-07-19,T09,Sur,Supercenter,Electronica,0,111263.49,3403,0.232
2024-07-19,T09,Sur,Supercenter,Hogar,0,49163.41,3157,0.271
2024-07-19,T09,Sur,Supercenter,Ropa,0,57837.31,1314,0.239
2024-07-19,T09,Sur,Supercenter,Juguetes,0,28082.16,1549,0.232
2024-07-19,T09,Sur,Supercenter,Farmacia,0,60569.57,3623,0.301
2024-07-19,T09,Sur,Supercenter,Jardin,0,33692.26,1178,0.274
2024-07-26,T09,Sur,Supercenter,Alimentacion,0,155812.78,13444,0.237
2024-07-26,T09,Sur,Supercenter,Electronica,0,70629.47,3285,0.204
2024-07-26,T09,Sur,Supercenter,Hogar,0,64608.98,1798,0.311
2024-07-26,T09,Sur,Supercenter,Ropa,0,62209.26,1421,0.163
2024-07-26,T09,Sur,Supercenter,Juguetes,0,51025.53,1613,0.183
2024-07-26,T09,Sur,Supercenter,Farmacia,0,40114.07,1261,0.23
2024-07-26,T09,Sur,Supercenter,Jardin,0,40016.41,964,0.224
2024-08-02,T09,Sur,Supercenter,Alimentacion,0,179265.28,4400,0.192
2024-08-02,T09,Sur,Supercenter,Electronica,0,70612.68,5062,0.177
2024-08-02,T09,Sur,Supercenter,Hogar,0,48050.53,1088,0.151
2024-08-02,T09,Sur,Supercenter,Ropa,0,61269.7,1941,0.238
2024-08-02,T09,Sur,Supercenter,Juguetes,0,32357.26,1099,0.24
2024-08-02,T09,Sur,Supercenter,Farmacia,0,49111.48,3298,0.156
2024-08-02,T09,Sur,Supercenter,Jardin,0,23370.29,782,0.257
2024-08-09,T09,Sur,Supercenter,Alimentacion,0,120182.71,3173,0.194
2024-08-09,T09,Sur,Supercenter,Electronica,0,118724.89,2915,0.193
2024-08-09,T09,Sur,Supercenter,Hogar,0,55482.82,4239,0.209
2024-08-09,T09,Sur,Supercenter,Ropa,0,59181.03,6449,0.232
2024-08-09,T09,Sur,Supercenter,Juguetes,0,29508.68,1009,0.244
2024-08-09,T09,Sur,Supercenter,Farmacia,0,35326.93,925,0.228
2024-08-09,T09,Sur,Supercenter,Jardin,0,32195.87,1017,0.213
2024-08-16,T09,Sur,Supercenter,Alimentacion,0,140837.94,3358,0.12
2024-08-16,T09,Sur,Supercenter,Electronica,0,114453.21,6843,0.169
2024-08-16,T09,Sur,Supercenter,Hogar,0,47319.93,1063,0.324
2024-08-16,T09,Sur,Supercenter,Ropa,0,53068.37,1937,0.147
2024-08-16,T09,Sur,Supercenter,Juguetes,0,33967.23,1030,0.199
2024-08-16,T09,Sur,Supercenter,Farmacia,0,47829.92,3551,0.283
2024-08-16,T09,Sur,Supercenter,Jardin,0,24158.19,772,0.196
2024-08-23,T09,Sur,Supercenter,Alimentacion,0,111345.9,12710,0.184
2024-08-23,T09,Sur,Supercenter,Electronica,0,102134.6,3741,0.207
2024-08-23,T09,Sur,Supercenter,Hogar,0,69425.56,5264,0.202
2024-08-23,T09,Sur,Supercenter,Ropa,0,59109.33,1837,0.209
2024-08-23,T09,Sur,Supercenter,Juguetes,0,33277.49,875,0.221
2024-08-23,T09,Sur,Supercenter,Farmacia,0,50861.73,4083,0.218
2024-08-23,T09,Sur,Supercenter,Jardin,0,29863.23,863,0.259
2024-08-30,T09,Sur,Supercenter,Alimentacion,0,146034.83,10930,0.212
2024-08-30,T09,Sur,Supercenter,Electronica,0,72752.22,6784,0.137
2024-08-30,T09,Sur,Supercenter,Hogar,0,46374.49,2843,0.307
2024-08-30,T09,Sur,Supercenter,Ropa,0,65189.39,1646,0.277
2024-08-30,T09,Sur,Supercenter,Juguetes,0,39928.28,1090,0.249
2024-08-30,T09,Sur,Supercenter,Farmacia,0,53465.05,4606,0.206
2024-08-30,T09,Sur,Supercenter,Jardin,0,34002.03,1295,0.253
2024-09-06,T09,Sur,Supercenter,Alimentacion,0,128293.89,3675,0.254
2024-09-06,T09,Sur,Supercenter,Electronica,0,95899.0,6299,0.276
2024-09-06,T09,Sur,Supercenter,Hogar,0,58757.95,3980,0.259
2024-09-06,T09,Sur,Supercenter,Ropa,0,55198.69,2004,0.374
2024-09-06,T09,Sur,Supercenter,Juguetes,0,36119.92,842,0.197
2024-09-06,T09,Sur,Supercenter,Farmacia,0,50883.9,3051,0.192
2024-09-06,T09,Sur,Supercenter,Jardin,0,30241.29,3610,0.321
2024-09-13,T09,Sur,Supercenter,Alimentacion,0,149448.22,4293,0.213
2024-09-13,T09,Sur,Supercenter,Electronica,0,107388.65,2489,0.15
2024-09-13,T09,Sur,Supercenter,Hogar,0,73560.76,2168,0.316
2024-09-13,T09,Sur,Supercenter,Ropa,0,50385.93,1168,0.261
2024-09-13,T09,Sur,Supercenter,Juguetes,0,46077.01,1050,0.342
2024-09-13,T09,Sur,Supercenter,Farmacia,0,42079.57,1320,0.23
2024-09-13,T09,Sur,Supercenter,Jardin,0,32756.32,863,0.276
2024-09-20,T09,Sur,Supercenter,Alimentacion,0,124008.55,3564,0.224
2024-09-20,T09,Sur,Supercenter,Electronica,0,116564.4,9934,0.182
2024-09-20,T09,Sur,Supercenter,Hogar,0,62745.34,2629,0.24
2024-09-20,T09,Sur,Supercenter,Ropa,0,45085.84,1808,0.196
2024-09-20,T09,Sur,Supercenter,Juguetes,0,46358.1,3303,0.191
2024-09-20,T09,Sur,Supercenter,Farmacia,0,45018.38,4603,0.195
2024-09-20,T09,Sur,Supercenter,Jardin,0,29451.56,1379,0.251
2024-09-27,T09,Sur,Supercenter,Alimentacion,0,121343.49,3120,0.183
2024-09-27,T09,Sur,Supercenter,Electronica,0,107852.93,2466,0.267
2024-09-27,T09,Sur,Supercenter,Hogar,0,76804.46,4192,0.199
2024-09-27,T09,Sur,Supercenter,Ropa,0,69088.45,2487,0.226
2024-09-27,T09,Sur,Supercenter,Juguetes,0,30061.6,1006,0.305
2024-09-27,T09,Sur,Supercenter,Farmacia,0,44406.68,1928,0.27
2024-09-27,T09,Sur,Supercenter,Jardin,0,22513.46,518,0.26
2024-10-04,T09,Sur,Supercenter,Alimentacion,0,110904.01,13519,0.327
2024-10-04,T09,Sur,Supercenter,Electronica,0,114779.49,9958,0.231
2024-10-04,T09,Sur,Supercenter,Hogar,0,60864.0,4092,0.157
2024-10-04,T09,Sur,Supercenter,Ropa,0,40396.52,1425,0.248
2024-10-04,T09,Sur,Supercenter,Juguetes,0,38441.57,1620,0.227
2024-10-04,T09,Sur,Supercenter,Farmacia,0,39212.58,3771,0.369
2024-10-04,T09,Sur,Supercenter,Jardin,0,40421.5,2202,0.209
2024-10-11,T09,Sur,Supercenter,Alimentacion,0,109734.84,3053,0.219
2024-10-11,T09,Sur,Supercenter,Electronica,0,110625.86,3607,0.192
2024-10-11,T09,Sur,Supercenter,Hogar,0,59217.71,1487,0.276
2024-10-11,T09,Sur,Supercenter,Ropa,0,38538.99,1479,0.245
2024-10-11,T09,Sur,Supercenter,Juguetes,0,29518.9,750,0.228
2024-10-11,T09,Sur,Supercenter,Farmacia,0,53628.25,1203,0.187
2024-10-11,T09,Sur,Supercenter,Jardin,0,28987.05,953,0.179
2024-10-18,T09,Sur,Supercenter,Alimentacion,0,119331.6,6907,0.287
2024-10-18,T09,Sur,Supercenter,Electronica,0,119114.94,6255,0.238
2024-10-18,T09,Sur,Supercenter,Hogar,0,81424.98,5607,0.187
2024-10-18,T09,Sur,Supercenter,Ropa,0,57934.98,6511,0.217
2024-10-18,T09,Sur,Supercenter,Juguetes,0,42146.76,1300,0.245
2024-10-18,T09,Sur,Supercenter,Farmacia,0,43834.2,1495,0.211
2024-10-18,T09,Sur,Supercenter,Jardin,0,37134.1,994,0.272
2024-10-25,T09,Sur,Supercenter,Alimentacion,0,174800.72,4481,0.236
2024-10-25,T09,Sur,Supercenter,Electronica,0,120064.88,2928,0.172
2024-10-25,T09,Sur,Supercenter,Hogar,0,44740.43,1474,0.189
2024-10-25,T09,Sur,Supercenter,Ropa,0,63206.3,2305,0.231
2024-10-25,T09,Sur,Supercenter,Juguetes,0,33252.17,817,0.272
2024-10-25,T09,Sur,Supercenter,Farmacia,0,53812.2,2862,0.202
2024-10-25,T09,Sur,Supercenter,Jardin,0,31998.36,1854,0.208
2024-11-01,T09,Sur,Supercenter,Alimentacion,1,157770.14,14153,0.291
2024-11-01,T09,Sur,Supercenter,Electronica,1,194508.41,5605,0.217
2024-11-01,T09,Sur,Supercenter,Hogar,1,73295.36,6116,0.375
2024-11-01,T09,Sur,Supercenter,Ropa,1,60169.16,1787,0.269
2024-11-01,T09,Sur,Supercenter,Juguetes,1,57154.55,2107,0.219
2024-11-01,T09,Sur,Supercenter,Farmacia,1,39309.22,1449,0.231
2024-11-01,T09,Sur,Supercenter,Jardin,1,26031.8,1188,0.177
2024-11-08,T09,Sur,Supercenter,Alimentacion,1,175539.51,10472,0.179
2024-11-08,T09,Sur,Supercenter,Electronica,1,122322.92,12658,0.286
2024-11-08,T09,Sur,Supercenter,Hogar,1,66907.03,7732,0.216
2024-11-08,T09,Sur,Supercenter,Ropa,1,40400.72,1761,0.272
2024-11-08,T09,Sur,Supercenter,Juguetes,1,75242.13,2247,0.307
2024-11-08,T09,Sur,Supercenter,Farmacia,1,39327.42,979,0.278
2024-11-08,T09,Sur,Supercenter,Jardin,1,23057.54,948,0.245
2024-11-15,T09,Sur,Supercenter,Alimentacion,1,125323.28,5666,0.243
2024-11-15,T09,Sur,Supercenter,Electronica,1,124391.68,2841,0.205
2024-11-15,T09,Sur,Supercenter,Hogar,1,44984.99,5488,0.22
2024-11-15,T09,Sur,Supercenter,Ropa,1,67648.9,1764,0.218
2024-11-15,T09,Sur,Supercenter,Juguetes,1,72114.08,2931,0.238
2024-11-15,T09,Sur,Supercenter,Farmacia,1,34297.02,823,0.245
2024-11-15,T09,Sur,Supercenter,Jardin,1,36958.3,2266,0.296
2024-11-22,T09,Sur,Supercenter,Alimentacion,1,159239.83,4038,0.232
2024-11-22,T09,Sur,Supercenter,Electronica,1,136087.84,5351,0.279
2024-11-22,T09,Sur,Supercenter,Hogar,1,80361.32,2677,0.337
2024-11-22,T09,Sur,Supercenter,Ropa,1,44570.56,1407,0.171
2024-11-22,T09,Sur,Supercenter,Juguetes,1,72932.79,1875,0.251
2024-11-22,T09,Sur,Supercenter,Farmacia,1,43685.04,4678,0.235
2024-11-22,T09,Sur,Supercenter,Jardin,1,35149.55,1647,0.249
2024-11-29,T09,Sur,Supercenter,Alimentacion,1,107924.95,9370,0.277
2024-11-29,T09,Sur,Supercenter,Electronica,1,181098.14,6661,0.24
2024-11-29,T09,Sur,Supercenter,Hogar,1,49752.31,1875,0.201
2024-11-29,T09,Sur,Supercenter,Ropa,1,69021.23,6802,0.266
2024-11-29,T09,Sur,Supercenter,Juguetes,1,49501.21,1334,0.212
2024-11-29,T09,Sur,Supercenter,Farmacia,1,56190.42,1739,0.183
2024-11-29,T09,Sur,Supercenter,Jardin,1,28731.42,743,0.171
2024-12-06,T09,Sur,Supercenter,Alimentacion,1,113821.28,5400,0.321
2024-12-06,T09,Sur,Supercenter,Electronica,1,131227.51,4111,0.277
2024-12-06,T09,Sur,Supercenter,Hogar,1,52475.79,1310,0.123
2024-12-06,T09,Sur,Supercenter,Ropa,1,64004.35,6772,0.223
2024-12-06,T09,Sur,Supercenter,Juguetes,1,73850.98,2772,0.247
2024-12-06,T09,Sur,Supercenter,Farmacia,1,58363.87,2075,0.213
2024-12-06,T09,Sur,Supercenter,Jardin,1,34345.09,916,0.288
2024-12-13,T09,Sur,Supercenter,Alimentacion,1,177068.01,10834,0.184
2024-12-13,T09,Sur,Supercenter,Electronica,1,191268.13,7203,0.385
2024-12-13,T09,Sur,Supercenter,Hogar,1,70689.29,2501,0.261
2024-12-13,T09,Sur,Supercenter,Ropa,1,48999.83,1231,0.308
2024-12-13,T09,Sur,Supercenter,Juguetes,1,76364.37,1865,0.241
2024-12-13,T09,Sur,Supercenter,Farmacia,1,42225.11,2187,0.155
2024-12-13,T09,Sur,Supercenter,Jardin,1,29771.74,2482,0.225
2024-12-20,T09,Sur,Supercenter,Alimentacion,1,116314.18,4189,0.292
2024-12-20,T09,Sur,Supercenter,Electronica,1,122892.54,10648,0.211
2024-12-20,T09,Sur,Supercenter,Hogar,1,69029.5,7469,0.288
2024-12-20,T09,Sur,Supercenter,Ropa,1,55256.21,5124,0.213
2024-12-20,T09,Sur,Supercenter,Juguetes,1,70653.92,4534,0.238
2024-12-20,T09,Sur,Supercenter,Farmacia,1,41222.71,2224,0.258
2024-12-20,T09,Sur,Supercenter,Jardin,1,36455.07,1068,0.223
2024-12-27,T09,Sur,Supercenter,Alimentacion,1,118406.0,3191,0.178
2024-12-27,T09,Sur,Supercenter,Electronica,1,150162.56,16126,0.282
2024-12-27,T09,Sur,Supercenter,Hogar,1,53067.15,1691,0.263
2024-12-27,T09,Sur,Supercenter,Ropa,1,38628.87,862,0.199
2024-12-27,T09,Sur,Supercenter,Juguetes,1,70107.67,2113,0.213
2024-12-27,T09,Sur,Supercenter,Farmacia,1,54036.02,4166,0.302
2024-12-27,T09,Sur,Supercenter,Jardin,1,28314.1,1132,0.198
2024-01-05,T10,Noreste,Discount,Alimentacion,0,97489.03,2209,0.242
2024-01-05,T10,Noreste,Discount,Electronica,0,58391.94,2676,0.381
2024-01-05,T10,Noreste,Discount,Hogar,0,44537.88,1606,0.288
2024-01-05,T10,Noreste,Discount,Ropa,0,36493.08,821,0.18
2024-01-05,T10,Noreste,Discount,Juguetes,0,37404.13,3092,0.285
2024-01-05,T10,Noreste,Discount,Farmacia,0,49798.53,4186,0.24
2024-01-05,T10,Noreste,Discount,Jardin,0,23946.06,2836,0.316
2024-01-12,T10,Noreste,Discount,Alimentacion,0,131377.51,4310,0.179
2024-01-12,T10,Noreste,Discount,Electronica,0,99178.9,2601,0.327
2024-01-12,T10,Noreste,Discount,Hogar,0,49672.42,2642,0.292
2024-01-12,T10,Noreste,Discount,Ropa,0,44466.22,3373,0.295
2024-01-12,T10,Noreste,Discount,Juguetes,0,33358.54,1715,0.225
2024-01-12,T10,Noreste,Discount,Farmacia,0,38210.7,1481,0.146
2024-01-12,T10,Noreste,Discount,Jardin,0,31061.67,2004,0.216
2024-01-19,T10,Noreste,Discount,Alimentacion,0,109450.78,7923,0.252
2024-01-19,T10,Noreste,Discount,Electronica,0,106489.03,7244,0.158
2024-01-19,T10,Noreste,Discount,Hogar,0,62582.39,2331,0.229
2024-01-19,T10,Noreste,Discount,Ropa,0,38450.68,902,0.334
2024-01-19,T10,Noreste,Discount,Juguetes,0,37252.73,998,0.25
2024-01-19,T10,Noreste,Discount,Farmacia,0,46935.89,3285,0.262
2024-01-19,T10,Noreste,Discount,Jardin,0,24455.09,545,0.151
2024-01-26,T10,Noreste,Discount,Alimentacion,0,96455.42,2282,0.269
2024-01-26,T10,Noreste,Discount,Electronica,0,101523.56,3165,0.178
2024-01-26,T10,Noreste,Discount,Hogar,0,63449.93,1820,0.259
2024-01-26,T10,Noreste,Discount,Ropa,0,62701.0,1463,0.257
2024-01-26,T10,Noreste,Discount,Juguetes,0,36988.01,1352,0.285
2024-01-26,T10,Noreste,Discount,Farmacia,0,29316.65,1107,0.165
2024-01-26,T10,Noreste,Discount,Jardin,0,27092.66,858,0.268
2024-02-02,T10,Noreste,Discount,Alimentacion,0,158452.49,4646,0.239
2024-02-02,T10,Noreste,Discount,Electronica,0,59047.28,1760,0.218
2024-02-02,T10,Noreste,Discount,Hogar,0,66365.45,4608,0.244
2024-02-02,T10,Noreste,Discount,Ropa,0,45003.85,1277,0.173
2024-02-02,T10,Noreste,Discount,Juguetes,0,42391.92,1636,0.221
2024-02-02,T10,Noreste,Discount,Farmacia,0,30691.02,1051,0.218
2024-02-02,T10,Noreste,Discount,Jardin,0,25853.82,594,0.17
2024-02-09,T10,Noreste,Discount,Alimentacion,0,94700.77,3454,0.244
2024-02-09,T10,Noreste,Discount,Electronica,0,73338.34,1950,0.227
2024-02-09,T10,Noreste,Discount,Hogar,0,63259.1,2211,0.205
2024-02-09,T10,Noreste,Discount,Ropa,0,54556.19,1585,0.231
2024-02-09,T10,Noreste,Discount,Juguetes,0,28783.42,2232,0.257
2024-02-09,T10,Noreste,Discount,Farmacia,0,45217.35,1191,0.268
2024-02-09,T10,Noreste,Discount,Jardin,0,33017.36,2356,0.157
2024-02-16,T10,Noreste,Discount,Alimentacion,0,136494.06,11542,0.251
2024-02-16,T10,Noreste,Discount,Electronica,0,89351.47,2225,0.244
2024-02-16,T10,Noreste,Discount,Hogar,0,39792.44,906,0.246
2024-02-16,T10,Noreste,Discount,Ropa,0,40502.15,918,0.261
2024-02-16,T10,Noreste,Discount,Juguetes,0,43486.14,1149,0.252
2024-02-16,T10,Noreste,Discount,Farmacia,0,36006.07,1791,0.281
2024-02-16,T10,Noreste,Discount,Jardin,0,33532.63,1574,0.137
2024-02-23,T10,Noreste,Discount,Alimentacion,0,108996.36,5431,0.343
2024-02-23,T10,Noreste,Discount,Electronica,0,58413.48,2420,0.229
2024-02-23,T10,Noreste,Discount,Hogar,0,56545.8,2292,0.211
2024-02-23,T10,Noreste,Discount,Ropa,0,35909.87,2202,0.203
2024-02-23,T10,Noreste,Discount,Juguetes,0,26741.32,1903,0.209
2024-02-23,T10,Noreste,Discount,Farmacia,0,29219.39,677,0.338
2024-02-23,T10,Noreste,Discount,Jardin,0,25634.88,632,0.316
2024-03-01,T10,Noreste,Discount,Alimentacion,0,122834.13,3128,0.253
2024-03-01,T10,Noreste,Discount,Electronica,0,68329.74,1940,0.235
2024-03-01,T10,Noreste,Discount,Hogar,0,40126.24,4839,0.302
2024-03-01,T10,Noreste,Discount,Ropa,0,43078.21,3289,0.221
2024-03-01,T10,Noreste,Discount,Juguetes,0,43160.63,5191,0.262
2024-03-01,T10,Noreste,Discount,Farmacia,0,39293.31,1190,0.158
2024-03-01,T10,Noreste,Discount,Jardin,0,34143.36,3545,0.332
2024-03-08,T10,Noreste,Discount,Alimentacion,0,112989.94,5489,0.193
2024-03-08,T10,Noreste,Discount,Electronica,0,97121.97,4914,0.278
2024-03-08,T10,Noreste,Discount,Hogar,0,43439.99,1511,0.24
2024-03-08,T10,Noreste,Discount,Ropa,0,49378.42,4119,0.272
2024-03-08,T10,Noreste,Discount,Juguetes,0,42858.37,1110,0.252
2024-03-08,T10,Noreste,Discount,Farmacia,0,32585.51,1223,0.279
2024-03-08,T10,Noreste,Discount,Jardin,0,33975.27,2263,0.268
2024-03-15,T10,Noreste,Discount,Alimentacion,0,137952.18,12219,0.189
2024-03-15,T10,Noreste,Discount,Electronica,0,71197.07,2193,0.133
2024-03-15,T10,Noreste,Discount,Hogar,0,58761.42,3702,0.217
2024-03-15,T10,Noreste,Discount,Ropa,0,35061.79,3106,0.28
2024-03-15,T10,Noreste,Discount,Juguetes,0,31321.38,1842,0.327
2024-03-15,T10,Noreste,Discount,Farmacia,0,52481.22,4233,0.201
2024-03-15,T10,Noreste,Discount,Jardin,0,27095.89,3379,0.226
2024-03-22,T10,Noreste,Discount,Alimentacion,0,94214.34,2833,0.236
2024-03-22,T10,Noreste,Discount,Electronica,0,98039.32,3054,0.227
2024-03-22,T10,Noreste,Discount,Hogar,0,52530.15,2014,0.303
2024-03-22,T10,Noreste,Discount,Ropa,0,50224.11,1865,0.133
2024-03-22,T10,Noreste,Discount,Juguetes,0,29458.29,1385,0.234
2024-03-22,T10,Noreste,Discount,Farmacia,0,39301.22,4850,0.188
2024-03-22,T10,Noreste,Discount,Jardin,0,30942.43,1074,0.192
2024-03-29,T10,Noreste,Discount,Alimentacion,0,86839.14,8514,0.286
2024-03-29,T10,Noreste,Discount,Electronica,0,97733.46,2828,0.276
2024-03-29,T10,Noreste,Discount,Hogar,0,61995.81,1753,0.148
2024-03-29,T10,Noreste,Discount,Ropa,0,55132.83,5134,0.209
2024-03-29,T10,Noreste,Discount,Juguetes,0,31588.14,1147,0.244
2024-03-29,T10,Noreste,Discount,Farmacia,0,37250.46,2049,0.249
2024-03-29,T10,Noreste,Discount,Jardin,0,23421.55,610,0.285
2024-04-05,T10,Noreste,Discount,Alimentacion,0,113594.75,4973,0.281
2024-04-05,T10,Noreste,Discount,Electronica,0,58058.68,3473,0.161
2024-04-05,T10,Noreste,Discount,Hogar,0,48969.83,1321,0.283
2024-04-05,T10,Noreste,Discount,Ropa,0,45028.93,4796,0.277
2024-04-05,T10,Noreste,Discount,Juguetes,0,40459.89,912,0.249
2024-04-05,T10,Noreste,Discount,Farmacia,0,36781.65,1095,0.23
2024-04-05,T10,Noreste,Discount,Jardin,0,33988.92,1465,0.24
2024-04-12,T10,Noreste,Discount,Alimentacion,0,154874.77,3975,0.213
2024-04-12,T10,Noreste,Discount,Electronica,0,61191.37,3598,0.204
2024-04-12,T10,Noreste,Discount,Hogar,0,52632.81,2063,0.27
2024-04-12,T10,Noreste,Discount,Ropa,0,56650.82,3484,0.203
2024-04-12,T10,Noreste,Discount,Juguetes,0,41732.66,1375,0.205
2024-04-12,T10,Noreste,Discount,Farmacia,0,33607.8,2591,0.303
2024-04-12,T10,Noreste,Discount,Jardin,0,27057.09,2785,0.347
2024-04-19,T10,Noreste,Discount,Alimentacion,0,136805.07,3486,0.293
2024-04-19,T10,Noreste,Discount,Electronica,0,105302.7,6845,0.266
2024-04-19,T10,Noreste,Discount,Hogar,0,68048.08,1659,0.181
2024-04-19,T10,Noreste,Discount,Ropa,0,37411.41,1939,0.241
2024-04-19,T10,Noreste,Discount,Juguetes,0,41613.23,1994,0.2
2024-04-19,T10,Noreste,Discount,Farmacia,0,45463.33,1285,0.266
2024-04-19,T10,Noreste,Discount,Jardin,0,28942.15,649,0.261
2024-04-26,T10,Noreste,Discount,Alimentacion,0,132313.6,4672,0.202
2024-04-26,T10,Noreste,Discount,Electronica,0,87913.67,3281,0.358
2024-04-26,T10,Noreste,Discount,Hogar,0,61857.74,4799,0.258
2024-04-26,T10,Noreste,Discount,Ropa,0,47911.44,1641,0.114
2024-04-26,T10,Noreste,Discount,Juguetes,0,38849.6,986,0.26
2024-04-26,T10,Noreste,Discount,Farmacia,0,41572.69,943,0.229
2024-04-26,T10,Noreste,Discount,Jardin,0,32650.44,1188,0.212
2024-05-03,T10,Noreste,Discount,Alimentacion,0,130040.29,8092,0.236
2024-05-03,T10,Noreste,Discount,Electronica,0,69597.69,4595,0.176
2024-05-03,T10,Noreste,Discount,Hogar,0,67990.59,3042,0.215
2024-05-03,T10,Noreste,Discount,Ropa,0,49853.2,6019,0.293
2024-05-03,T10,Noreste,Discount,Juguetes,0,43376.59,1429,0.212
2024-05-03,T10,Noreste,Discount,Farmacia,0,36640.41,1061,0.229
2024-05-03,T10,Noreste,Discount,Jardin,0,35436.03,4086,0.145
2024-05-10,T10,Noreste,Discount,Alimentacion,0,115985.28,2973,0.221
2024-05-10,T10,Noreste,Discount,Electronica,0,85911.04,4033,0.186
2024-05-10,T10,Noreste,Discount,Hogar,0,47328.62,1805,0.197
2024-05-10,T10,Noreste,Discount,Ropa,0,55263.45,2171,0.216
2024-05-10,T10,Noreste,Discount,Juguetes,0,34155.53,1054,0.189
2024-05-10,T10,Noreste,Discount,Farmacia,0,46547.94,1210,0.222
2024-05-10,T10,Noreste,Discount,Jardin,0,22494.31,678,0.158
2024-05-17,T10,Noreste,Discount,Alimentacion,0,103135.58,2764,0.274
2024-05-17,T10,Noreste,Discount,Electronica,0,82605.96,1854,0.266
2024-05-17,T10,Noreste,Discount,Hogar,0,39241.57,3237,0.183
2024-05-17,T10,Noreste,Discount,Ropa,0,54782.92,1492,0.19
2024-05-17,T10,Noreste,Discount,Juguetes,0,29394.99,1076,0.252
2024-05-17,T10,Noreste,Discount,Farmacia,0,45862.15,1492,0.25
2024-05-17,T10,Noreste,Discount,Jardin,0,32811.23,905,0.21
2024-05-24,T10,Noreste,Discount,Alimentacion,0,134130.97,4433,0.249
2024-05-24,T10,Noreste,Discount,Electronica,0,67481.98,2027,0.291
2024-05-24,T10,Noreste,Discount,Hogar,0,57658.92,1987,0.251
2024-05-24,T10,Noreste,Discount,Ropa,0,46523.4,4650,0.254
2024-05-24,T10,Noreste,Discount,Juguetes,0,42735.1,1131,0.195
2024-05-24,T10,Noreste,Discount,Farmacia,0,32737.94,1225,0.153
2024-05-24,T10,Noreste,Discount,Jardin,0,22769.66,1475,0.215
2024-05-31,T10,Noreste,Discount,Alimentacion,0,136845.92,4283,0.229
2024-05-31,T10,Noreste,Discount,Electronica,0,83038.92,9379,0.237
2024-05-31,T10,Noreste,Discount,Hogar,0,55739.1,2864,0.201
2024-05-31,T10,Noreste,Discount,Ropa,0,47418.02,4275,0.23
2024-05-31,T10,Noreste,Discount,Juguetes,0,39116.96,2726,0.167
2024-05-31,T10,Noreste,Discount,Farmacia,0,39461.09,2220,0.294
2024-05-31,T10,Noreste,Discount,Jardin,0,27331.02,2254,0.216
2024-06-07,T10,Noreste,Discount,Alimentacion,0,118535.99,3873,0.236
2024-06-07,T10,Noreste,Discount,Electronica,0,88975.21,4818,0.375
2024-06-07,T10,Noreste,Discount,Hogar,0,48443.69,1079,0.139
2024-06-07,T10,Noreste,Discount,Ropa,0,60194.08,1434,0.284
2024-06-07,T10,Noreste,Discount,Juguetes,0,30407.2,1375,0.195
2024-06-07,T10,Noreste,Discount,Farmacia,0,44298.95,1573,0.212
2024-06-07,T10,Noreste,Discount,Jardin,0,33321.2,3001,0.2
2024-06-14,T10,Noreste,Discount,Alimentacion,0,107296.59,4190,0.233
2024-06-14,T10,Noreste,Discount,Electronica,0,97097.24,6341,0.158
2024-06-14,T10,Noreste,Discount,Hogar,0,64406.03,2341,0.255
2024-06-14,T10,Noreste,Discount,Ropa,0,45234.63,1451,0.148
2024-06-14,T10,Noreste,Discount,Juguetes,0,37805.17,4396,0.339
2024-06-14,T10,Noreste,Discount,Farmacia,0,35170.24,881,0.237
2024-06-14,T10,Noreste,Discount,Jardin,0,22599.12,892,0.241
2024-06-21,T10,Noreste,Discount,Alimentacion,0,104390.99,3573,0.253
2024-06-21,T10,Noreste,Discount,Electronica,0,99324.05,4372,0.281
2024-06-21,T10,Noreste,Discount,Hogar,0,54605.21,2270,0.199
2024-06-21,T10,Noreste,Discount,Ropa,0,59710.25,1355,0.266
2024-06-21,T10,Noreste,Discount,Juguetes,0,40574.37,1272,0.23
2024-06-21,T10,Noreste,Discount,Farmacia,0,44704.85,3503,0.298
2024-06-21,T10,Noreste,Discount,Jardin,0,35730.28,1132,0.236
2024-06-28,T10,Noreste,Discount,Alimentacion,0,120335.41,2788,0.204
2024-06-28,T10,Noreste,Discount,Electronica,0,102573.79,2555,0.29
2024-06-28,T10,Noreste,Discount,Hogar,0,61619.55,1899,0.232
2024-06-28,T10,Noreste,Discount,Ropa,0,44362.6,4466,0.203
2024-06-28,T10,Noreste,Discount,Juguetes,0,36869.42,1005,0.237
2024-06-28,T10,Noreste,Discount,Farmacia,0,43427.72,3899,0.227
2024-06-28,T10,Noreste,Discount,Jardin,0,32234.46,1137,0.21
2024-07-05,T10,Noreste,Discount,Alimentacion,0,98954.95,4288,0.218
2024-07-05,T10,Noreste,Discount,Electronica,0,66407.11,6462,0.226
2024-07-05,T10,Noreste,Discount,Hogar,0,58262.72,1347,0.203
2024-07-05,T10,Noreste,Discount,Ropa,0,55463.45,6368,0.292
2024-07-05,T10,Noreste,Discount,Juguetes,0,42649.29,1773,0.211
2024-07-05,T10,Noreste,Discount,Farmacia,0,45134.87,3745,0.248
2024-07-05,T10,Noreste,Discount,Jardin,0,30803.3,2956,0.225
2024-07-12,T10,Noreste,Discount,Alimentacion,0,140212.45,10151,0.281
2024-07-12,T10,Noreste,Discount,Electronica,0,92126.7,2510,0.249
2024-07-12,T10,Noreste,Discount,Hogar,0,70248.74,1663,0.183
2024-07-12,T10,Noreste,Discount,Ropa,0,38409.71,1049,0.273
2024-07-12,T10,Noreste,Discount,Juguetes,0,41547.68,1397,0.21
2024-07-12,T10,Noreste,Discount,Farmacia,0,42750.43,1542,0.214
2024-07-12,T10,Noreste,Discount,Jardin,0,22843.06,539,0.264
2024-07-19,T10,Noreste,Discount,Alimentacion,0,144092.04,3428,0.227
2024-07-19,T10,Noreste,Discount,Electronica,0,61517.83,1628,0.198
2024-07-19,T10,Noreste,Discount,Hogar,0,49718.54,1828,0.273
2024-07-19,T10,Noreste,Discount,Ropa,0,39329.28,1257,0.223
2024-07-19,T10,Noreste,Discount,Juguetes,0,27727.89,715,0.294
2024-07-19,T10,Noreste,Discount,Farmacia,0,52130.01,1794,0.222
2024-07-19,T10,Noreste,Discount,Jardin,0,26299.1,1152,0.282
2024-07-26,T10,Noreste,Discount,Alimentacion,0,137266.38,3747,0.282
2024-07-26,T10,Noreste,Discount,Electronica,0,70865.09,6319,0.205
2024-07-26,T10,Noreste,Discount,Hogar,0,52332.58,1949,0.171
2024-07-26,T10,Noreste,Discount,Ropa,0,46250.14,1388,0.32
2024-07-26,T10,Noreste,Discount,Juguetes,0,44219.65,3365,0.205
2024-07-26,T10,Noreste,Discount,Farmacia,0,30515.1,805,0.329
2024-07-26,T10,Noreste,Discount,Jardin,0,26383.01,700,0.149
2024-08-02,T10,Noreste,Discount,Alimentacion,0,103792.9,4073,0.208
2024-08-02,T10,Noreste,Discount,Electronica,0,102445.6,2923,0.235
2024-08-02,T10,Noreste,Discount,Hogar,0,67524.03,1810,0.291
2024-08-02,T10,Noreste,Discount,Ropa,0,37204.45,1705,0.2
2024-08-02,T10,Noreste,Discount,Juguetes,0,43744.87,1201,0.179
2024-08-02,T10,Noreste,Discount,Farmacia,0,33770.53,832,0.234
2024-08-02,T10,Noreste,Discount,Jardin,0,28959.35,1316,0.26
2024-08-09,T10,Noreste,Discount,Alimentacion,0,137257.54,3155,0.209
2024-08-09,T10,Noreste,Discount,Electronica,0,82016.37,3374,0.254
2024-08-09,T10,Noreste,Discount,Hogar,0,57719.22,2188,0.172
2024-08-09,T10,Noreste,Discount,Ropa,0,40635.06,3922,0.338
2024-08-09,T10,Noreste,Discount,Juguetes,0,36677.3,2601,0.206
2024-08-09,T10,Noreste,Discount,Farmacia,0,53507.2,1700,0.248
2024-08-09,T10,Noreste,Discount,Jardin,0,20491.0,467,0.23
2024-08-16,T10,Noreste,Discount,Alimentacion,0,127611.09,6561,0.267
2024-08-16,T10,Noreste,Discount,Electronica,0,99245.65,2676,0.259
2024-08-16,T10,Noreste,Discount,Hogar,0,59662.68,3000,0.161
2024-08-16,T10,Noreste,Discount,Ropa,0,57399.56,3221,0.168
2024-08-16,T10,Noreste,Discount,Juguetes,0,39108.21,1599,0.305
2024-08-16,T10,Noreste,Discount,Farmacia,0,32510.97,1592,0.255
2024-08-16,T10,Noreste,Discount,Jardin,0,30840.53,854,0.276
2024-08-23,T10,Noreste,Discount,Alimentacion,0,122419.18,9500,0.158
2024-08-23,T10,Noreste,Discount,Electronica,0,107132.7,2912,0.123
2024-08-23,T10,Noreste,Discount,Hogar,0,59208.39,3130,0.208
2024-08-23,T10,Noreste,Discount,Ropa,0,38975.56,3304,0.184
2024-08-23,T10,Noreste,Discount,Juguetes,0,40571.43,2154,0.246
2024-08-23,T10,Noreste,Discount,Farmacia,0,52488.19,1794,0.292
2024-08-23,T10,Noreste,Discount,Jardin,0,31704.92,2734,0.206
2024-08-30,T10,Noreste,Discount,Alimentacion,0,123967.03,3199,0.2
2024-08-30,T10,Noreste,Discount,Electronica,0,99984.57,2956,0.217
2024-08-30,T10,Noreste,Discount,Hogar,0,65981.98,1636,0.154
2024-08-30,T10,Noreste,Discount,Ropa,0,62301.42,1543,0.25
2024-08-30,T10,Noreste,Discount,Juguetes,0,25554.28,1567,0.23
2024-08-30,T10,Noreste,Discount,Farmacia,0,31703.89,1249,0.288
2024-08-30,T10,Noreste,Discount,Jardin,0,33825.75,859,0.254
2024-09-06,T10,Noreste,Discount,Alimentacion,0,117183.95,8835,0.214
2024-09-06,T10,Noreste,Discount,Electronica,0,66887.98,2325,0.292
2024-09-06,T10,Noreste,Discount,Hogar,0,56799.65,1781,0.215
2024-09-06,T10,Noreste,Discount,Ropa,0,57806.86,2399,0.37
2024-09-06,T10,Noreste,Discount,Juguetes,0,27760.06,902,0.255
2024-09-06,T10,Noreste,Discount,Farmacia,0,41540.68,1142,0.255
2024-09-06,T10,Noreste,Discount,Jardin,0,28624.87,1985,0.255
2024-09-13,T10,Noreste,Discount,Alimentacion,0,89421.96,6266,0.174
2024-09-13,T10,Noreste,Discount,Electronica,0,107440.61,3102,0.288
2024-09-13,T10,Noreste,Discount,Hogar,0,64299.06,1561,0.234
2024-09-13,T10,Noreste,Discount,Ropa,0,34791.73,1015,0.326
2024-09-13,T10,Noreste,Discount,Juguetes,0,29457.15,1171,0.309
2024-09-13,T10,Noreste,Discount,Farmacia,0,38633.9,1113,0.242
2024-09-13,T10,Noreste,Discount,Jardin,0,34863.47,936,0.269
2024-09-20,T10,Noreste,Discount,Alimentacion,0,147764.97,4037,0.231
2024-09-20,T10,Noreste,Discount,Electronica,0,82545.08,2121,0.265
2024-09-20,T10,Noreste,Discount,Hogar,0,43869.94,2240,0.226
2024-09-20,T10,Noreste,Discount,Ropa,0,53484.37,3658,0.249
2024-09-20,T10,Noreste,Discount,Juguetes,0,33755.93,864,0.281
2024-09-20,T10,Noreste,Discount,Farmacia,0,52015.33,1258,0.265
2024-09-20,T10,Noreste,Discount,Jardin,0,30646.97,1922,0.139
2024-09-27,T10,Noreste,Discount,Alimentacion,0,134156.76,7104,0.181
2024-09-27,T10,Noreste,Discount,Electronica,0,79208.53,2105,0.307
2024-09-27,T10,Noreste,Discount,Hogar,0,39698.86,2069,0.263
2024-09-27,T10,Noreste,Discount,Ropa,0,50720.68,3748,0.168
2024-09-27,T10,Noreste,Discount,Juguetes,0,42432.1,1655,0.296
2024-09-27,T10,Noreste,Discount,Farmacia,0,40973.85,1625,0.134
2024-09-27,T10,Noreste,Discount,Jardin,0,23587.41,1367,0.298
2024-10-04,T10,Noreste,Discount,Alimentacion,0,151519.59,4292,0.232
2024-10-04,T10,Noreste,Discount,Electronica,0,59391.91,4098,0.252
2024-10-04,T10,Noreste,Discount,Hogar,0,65598.59,2398,0.266
2024-10-04,T10,Noreste,Discount,Ropa,0,38013.37,1325,0.292
2024-10-04,T10,Noreste,Discount,Juguetes,0,30457.35,711,0.175
2024-10-04,T10,Noreste,Discount,Farmacia,0,31471.77,1826,0.174
2024-10-04,T10,Noreste,Discount,Jardin,0,20312.18,716,0.28
2024-10-11,T10,Noreste,Discount,Alimentacion,0,108495.64,5757,0.286
2024-10-11,T10,Noreste,Discount,Electronica,0,104322.06,4659,0.163
2024-10-11,T10,Noreste,Discount,Hogar,0,48571.19,1428,0.204
2024-10-11,T10,Noreste,Discount,Ropa,0,35844.14,1008,0.212
2024-10-11,T10,Noreste,Discount,Juguetes,0,29600.81,1400,0.182
2024-10-11,T10,Noreste,Discount,Farmacia,0,31534.58,2134,0.204
2024-10-11,T10,Noreste,Discount,Jardin,0,23963.45,748,0.166
2024-10-18,T10,Noreste,Discount,Alimentacion,0,126018.65,4116,0.266
2024-10-18,T10,Noreste,Discount,Electronica,0,95623.9,10004,0.269
2024-10-18,T10,Noreste,Discount,Hogar,0,61236.51,3031,0.317
2024-10-18,T10,Noreste,Discount,Ropa,0,43757.17,1274,0.198
2024-10-18,T10,Noreste,Discount,Juguetes,0,39104.01,1065,0.243
2024-10-18,T10,Noreste,Discount,Farmacia,0,35005.72,926,0.304
2024-10-18,T10,Noreste,Discount,Jardin,0,34280.19,1003,0.2
2024-10-25,T10,Noreste,Discount,Alimentacion,0,146331.27,5472,0.262
2024-10-25,T10,Noreste,Discount,Electronica,0,78758.63,2586,0.183
2024-10-25,T10,Noreste,Discount,Hogar,0,68234.72,3770,0.235
2024-10-25,T10,Noreste,Discount,Ropa,0,53637.31,1626,0.31
2024-10-25,T10,Noreste,Discount,Juguetes,0,32206.4,889,0.227
2024-10-25,T10,Noreste,Discount,Farmacia,0,34108.04,1209,0.224
2024-10-25,T10,Noreste,Discount,Jardin,0,19847.07,2003,0.178
2024-11-01,T10,Noreste,Discount,Alimentacion,1,159272.04,6416,0.255
2024-11-01,T10,Noreste,Discount,Electronica,1,177276.37,10030,0.294
2024-11-01,T10,Noreste,Discount,Hogar,1,57228.19,3445,0.322
2024-11-01,T10,Noreste,Discount,Ropa,1,43478.36,1180,0.18
2024-11-01,T10,Noreste,Discount,Juguetes,1,75313.6,2069,0.293
2024-11-01,T10,Noreste,Discount,Farmacia,1,51151.66,3099,0.228
2024-11-01,T10,Noreste,Discount,Jardin,1,33355.59,1518,0.203
2024-11-08,T10,Noreste,Discount,Alimentacion,1,108545.3,6403,0.282
2024-11-08,T10,Noreste,Discount,Electronica,1,145636.2,4374,0.303
2024-11-08,T10,Noreste,Discount,Hogar,1,48492.23,1340,0.254
2024-11-08,T10,Noreste,Discount,Ropa,1,36784.15,2629,0.209
2024-11-08,T10,Noreste,Discount,Juguetes,1,58416.8,2277,0.124
2024-11-08,T10,Noreste,Discount,Farmacia,1,30588.92,925,0.227
2024-11-08,T10,Noreste,Discount,Jardin,1,32686.5,771,0.267
2024-11-15,T10,Noreste,Discount,Alimentacion,1,131197.12,4060,0.255
2024-11-15,T10,Noreste,Discount,Electronica,1,187425.0,4290,0.288
2024-11-15,T10,Noreste,Discount,Hogar,1,59008.46,1565,0.241
2024-11-15,T10,Noreste,Discount,Ropa,1,49025.43,1524,0.332
2024-11-15,T10,Noreste,Discount,Juguetes,1,57144.08,3017,0.217
2024-11-15,T10,Noreste,Discount,Farmacia,1,42785.96,1018,0.228
2024-11-15,T10,Noreste,Discount,Jardin,1,25251.42,1439,0.262
2024-11-22,T10,Noreste,Discount,Alimentacion,1,140800.39,5273,0.221
2024-11-22,T10,Noreste,Discount,Electronica,1,115263.33,3111,0.339
2024-11-22,T10,Noreste,Discount,Hogar,1,51062.44,1215,0.213
2024-11-22,T10,Noreste,Discount,Ropa,1,60668.19,2374,0.217
2024-11-22,T10,Noreste,Discount,Juguetes,1,78299.71,1799,0.303
2024-11-22,T10,Noreste,Discount,Farmacia,1,49263.64,1961,0.316
2024-11-22,T10,Noreste,Discount,Jardin,1,25639.71,600,0.267
2024-11-29,T10,Noreste,Discount,Alimentacion,1,143162.69,3396,0.332
2024-11-29,T10,Noreste,Discount,Electronica,1,188851.34,6617,0.189
2024-11-29,T10,Noreste,Discount,Hogar,1,71267.07,4434,0.213
2024-11-29,T10,Noreste,Discount,Ropa,1,61650.72,1840,0.267
2024-11-29,T10,Noreste,Discount,Juguetes,1,48333.49,1790,0.214
2024-11-29,T10,Noreste,Discount,Farmacia,1,43904.33,1911,0.269
2024-11-29,T10,Noreste,Discount,Jardin,1,33954.74,812,0.263
2024-12-06,T10,Noreste,Discount,Alimentacion,1,132097.79,7206,0.28
2024-12-06,T10,Noreste,Discount,Electronica,1,123845.54,4476,0.192
2024-12-06,T10,Noreste,Discount,Hogar,1,49770.78,2754,0.249
2024-12-06,T10,Noreste,Discount,Ropa,1,37809.63,1101,0.184
2024-12-06,T10,Noreste,Discount,Juguetes,1,47809.75,1063,0.232
2024-12-06,T10,Noreste,Discount,Farmacia,1,51177.82,1675,0.33
2024-12-06,T10,Noreste,Discount,Jardin,1,28575.31,1945,0.167
2024-12-13,T10,Noreste,Discount,Alimentacion,1,148466.42,7090,0.229
2024-12-13,T10,Noreste,Discount,Electronica,1,152709.74,3667,0.273
2024-12-13,T10,Noreste,Discount,Hogar,1,39950.93,985,0.185
2024-12-13,T10,Noreste,Discount,Ropa,1,55252.89,4442,0.272
2024-12-13,T10,Noreste,Discount,Juguetes,1,67516.26,3287,0.237
2024-12-13,T10,Noreste,Discount,Farmacia,1,42978.27,1086,0.211
2024-12-13,T10,Noreste,Discount,Jardin,1,24069.6,546,0.192
2024-12-20,T10,Noreste,Discount,Alimentacion,1,125301.65,5464,0.246
2024-12-20,T10,Noreste,Discount,Electronica,1,165497.81,6913,0.268
2024-12-20,T10,Noreste,Discount,Hogar,1,70521.31,1937,0.286
2024-12-20,T10,Noreste,Discount,Ropa,1,54495.18,6224,0.272
2024-12-20,T10,Noreste,Discount,Juguetes,1,61789.76,1448,0.238
2024-12-20,T10,Noreste,Discount,Farmacia,1,35475.63,791,0.215
2024-12-20,T10,Noreste,Discount,Jardin,1,33574.93,804,0.23
2024-12-27,T10,Noreste,Discount,Alimentacion,1,120758.18,4243,0.312
2024-12-27,T10,Noreste,Discount,Electronica,1,190368.52,9448,0.113
2024-12-27,T10,Noreste,Discount,Hogar,1,48035.27,1569,0.224
2024-12-27,T10,Noreste,Discount,Ropa,1,59430.68,2415,0.154
2024-12-27,T10,Noreste,Discount,Juguetes,1,52851.63,4085,0.333
2024-12-27,T10,Noreste,Discount,Farmacia,1,50580.61,2152,0.194
2024-12-27,T10,Noreste,Discount,Jardin,1,31523.06,1973,0.241
2024-01-05,T11,Noreste,Supercenter,Alimentacion,0,73096.88,6633,0.212
2024-01-05,T11,Noreste,Supercenter,Electronica,0,40407.08,2446,0.227
2024-01-05,T11,Noreste,Supercenter,Hogar,0,21454.3,1032,0.248
2024-01-05,T11,Noreste,Supercenter,Ropa,0,21608.2,921,0.233
2024-01-05,T11,Noreste,Supercenter,Juguetes,0,20577.09,1667,0.187
2024-01-05,T11,Noreste,Supercenter,Farmacia,0,17311.17,398,0.293
2024-01-05,T11,Noreste,Supercenter,Jardin,0,9653.51,354,0.34
2024-01-12,T11,Noreste,Supercenter,Alimentacion,0,66737.63,2064,0.266
2024-01-12,T11,Noreste,Supercenter,Electronica,0,31524.25,921,0.198
2024-01-12,T11,Noreste,Supercenter,Hogar,0,33457.31,953,0.216
2024-01-12,T11,Noreste,Supercenter,Ropa,0,27496.52,922,0.219
2024-01-12,T11,Noreste,Supercenter,Juguetes,0,13558.34,409,0.215
2024-01-12,T11,Noreste,Supercenter,Farmacia,0,22976.78,2316,0.205
2024-01-12,T11,Noreste,Supercenter,Jardin,0,10224.02,425,0.314
2024-01-19,T11,Noreste,Supercenter,Alimentacion,0,43842.17,1341,0.184
2024-01-19,T11,Noreste,Supercenter,Electronica,0,47146.44,3276,0.25
2024-01-19,T11,Noreste,Supercenter,Hogar,0,24981.46,1047,0.36
2024-01-19,T11,Noreste,Supercenter,Ropa,0,20986.11,770,0.175
2024-01-19,T11,Noreste,Supercenter,Juguetes,0,15371.45,478,0.273
2024-01-19,T11,Noreste,Supercenter,Farmacia,0,17727.09,726,0.25
2024-01-19,T11,Noreste,Supercenter,Jardin,0,15972.25,563,0.299
2024-01-26,T11,Noreste,Supercenter,Alimentacion,0,43243.17,998,0.276
2024-01-26,T11,Noreste,Supercenter,Electronica,0,35251.16,2169,0.146
2024-01-26,T11,Noreste,Supercenter,Hogar,0,30233.75,1789,0.229
2024-01-26,T11,Noreste,Supercenter,Ropa,0,18231.06,413,0.222
2024-01-26,T11,Noreste,Supercenter,Juguetes,0,20246.66,507,0.262
2024-01-26,T11,Noreste,Supercenter,Farmacia,0,19071.15,1332,0.318
2024-01-26,T11,Noreste,Supercenter,Jardin,0,11272.63,326,0.227
2024-02-02,T11,Noreste,Supercenter,Alimentacion,0,45497.79,1367,0.154
2024-02-02,T11,Noreste,Supercenter,Electronica,0,28159.02,2338,0.221
2024-02-02,T11,Noreste,Supercenter,Hogar,0,20179.26,1504,0.351
2024-02-02,T11,Noreste,Supercenter,Ropa,0,25925.41,1682,0.21
2024-02-02,T11,Noreste,Supercenter,Juguetes,0,20014.54,495,0.201
2024-02-02,T11,Noreste,Supercenter,Farmacia,0,16594.79,1108,0.2
2024-02-02,T11,Noreste,Supercenter,Jardin,0,10944.73,257,0.199
2024-02-09,T11,Noreste,Supercenter,Alimentacion,0,61015.64,7324,0.232
2024-02-09,T11,Noreste,Supercenter,Electronica,0,43907.04,1181,0.259
2024-02-09,T11,Noreste,Supercenter,Hogar,0,28974.67,767,0.296
2024-02-09,T11,Noreste,Supercenter,Ropa,0,23621.08,881,0.301
2024-02-09,T11,Noreste,Supercenter,Juguetes,0,18038.94,428,0.277
2024-02-09,T11,Noreste,Supercenter,Farmacia,0,16153.75,1867,0.191
2024-02-09,T11,Noreste,Supercenter,Jardin,0,15692.83,1502,0.257
2024-02-16,T11,Noreste,Supercenter,Alimentacion,0,73240.75,2757,0.248
2024-02-16,T11,Noreste,Supercenter,Electronica,0,36499.18,2957,0.201
2024-02-16,T11,Noreste,Supercenter,Hogar,0,27176.21,850,0.153
2024-02-16,T11,Noreste,Supercenter,Ropa,0,15998.6,1106,0.265
2024-02-16,T11,Noreste,Supercenter,Juguetes,0,12212.49,346,0.354
2024-02-16,T11,Noreste,Supercenter,Farmacia,0,21263.22,1456,0.169
2024-02-16,T11,Noreste,Supercenter,Jardin,0,10268.9,383,0.237
2024-02-23,T11,Noreste,Supercenter,Alimentacion,0,68786.53,5392,0.282
2024-02-23,T11,Noreste,Supercenter,Electronica,0,44974.99,2299,0.297
2024-02-23,T11,Noreste,Supercenter,Hogar,0,20436.07,1794,0.242
2024-02-23,T11,Noreste,Supercenter,Ropa,0,20866.15,762,0.243
2024-02-23,T11,Noreste,Supercenter,Juguetes,0,14854.15,463,0.172
2024-02-23,T11,Noreste,Supercenter,Farmacia,0,19092.84,1650,0.283
2024-02-23,T11,Noreste,Supercenter,Jardin,0,11279.5,326,0.207
2024-03-01,T11,Noreste,Supercenter,Alimentacion,0,66532.18,6468,0.122
2024-03-01,T11,Noreste,Supercenter,Electronica,0,28301.05,734,0.323
2024-03-01,T11,Noreste,Supercenter,Hogar,0,27169.99,1120,0.243
2024-03-01,T11,Noreste,Supercenter,Ropa,0,25775.98,1971,0.271
2024-03-01,T11,Noreste,Supercenter,Juguetes,0,12025.2,453,0.231
2024-03-01,T11,Noreste,Supercenter,Farmacia,0,23041.99,916,0.332
2024-03-01,T11,Noreste,Supercenter,Jardin,0,12803.91,741,0.254
2024-03-08,T11,Noreste,Supercenter,Alimentacion,0,56638.92,1535,0.328
2024-03-08,T11,Noreste,Supercenter,Electronica,0,31674.8,1239,0.267
2024-03-08,T11,Noreste,Supercenter,Hogar,0,21570.11,1022,0.342
2024-03-08,T11,Noreste,Supercenter,Ropa,0,19415.94,675,0.244
2024-03-08,T11,Noreste,Supercenter,Juguetes,0,16517.37,887,0.274
2024-03-08,T11,Noreste,Supercenter,Farmacia,0,15103.63,525,0.217
2024-03-08,T11,Noreste,Supercenter,Jardin,0,9396.97,632,0.256
2024-03-15,T11,Noreste,Supercenter,Alimentacion,0,51676.68,1189,0.197
2024-03-15,T11,Noreste,Supercenter,Electronica,0,28488.79,1352,0.232
2024-03-15,T11,Noreste,Supercenter,Hogar,0,19982.36,865,0.297
2024-03-15,T11,Noreste,Supercenter,Ropa,0,17013.33,560,0.241
2024-03-15,T11,Noreste,Supercenter,Juguetes,0,12011.12,300,0.283
2024-03-15,T11,Noreste,Supercenter,Farmacia,0,24660.81,580,0.213
2024-03-15,T11,Noreste,Supercenter,Jardin,0,10779.08,277,0.194
2024-03-22,T11,Noreste,Supercenter,Alimentacion,0,46245.54,1627,0.371
2024-03-22,T11,Noreste,Supercenter,Electronica,0,46740.57,1336,0.241
2024-03-22,T11,Noreste,Supercenter,Hogar,0,29378.61,925,0.24
2024-03-22,T11,Noreste,Supercenter,Ropa,0,29124.79,669,0.288
2024-03-22,T11,Noreste,Supercenter,Juguetes,0,18753.87,638,0.233
2024-03-22,T11,Noreste,Supercenter,Farmacia,0,23664.88,2817,0.295
2024-03-22,T11,Noreste,Supercenter,Jardin,0,12132.35,408,0.212
2024-03-29,T11,Noreste,Supercenter,Alimentacion,0,46671.95,3929,0.305
2024-03-29,T11,Noreste,Supercenter,Electronica,0,35121.76,4122,0.278
2024-03-29,T11,Noreste,Supercenter,Hogar,0,21854.21,1040,0.186
2024-03-29,T11,Noreste,Supercenter,Ropa,0,22693.07,569,0.255
2024-03-29,T11,Noreste,Supercenter,Juguetes,0,14556.99,433,0.214
2024-03-29,T11,Noreste,Supercenter,Farmacia,0,23138.06,530,0.293
2024-03-29,T11,Noreste,Supercenter,Jardin,0,16402.9,704,0.224
2024-04-05,T11,Noreste,Supercenter,Alimentacion,0,44253.42,4752,0.086
2024-04-05,T11,Noreste,Supercenter,Electronica,0,38121.32,1423,0.257
2024-04-05,T11,Noreste,Supercenter,Hogar,0,27495.14,1869,0.277
2024-04-05,T11,Noreste,Supercenter,Ropa,0,18419.16,545,0.254
2024-04-05,T11,Noreste,Supercenter,Juguetes,0,18375.14,1816,0.204
2024-04-05,T11,Noreste,Supercenter,Farmacia,0,24725.45,2476,0.219
2024-04-05,T11,Noreste,Supercenter,Jardin,0,9325.36,694,0.161
2024-04-12,T11,Noreste,Supercenter,Alimentacion,0,46035.65,1692,0.251
2024-04-12,T11,Noreste,Supercenter,Electronica,0,31684.59,2647,0.316
2024-04-12,T11,Noreste,Supercenter,Hogar,0,25138.27,618,0.209
2024-04-12,T11,Noreste,Supercenter,Ropa,0,24257.35,575,0.281
2024-04-12,T11,Noreste,Supercenter,Juguetes,0,18999.25,605,0.279
2024-04-12,T11,Noreste,Supercenter,Farmacia,0,15497.95,644,0.238
2024-04-12,T11,Noreste,Supercenter,Jardin,0,16430.51,1592,0.206
2024-04-19,T11,Noreste,Supercenter,Alimentacion,0,71784.4,3752,0.169
2024-04-19,T11,Noreste,Supercenter,Electronica,0,33702.56,1053,0.195
2024-04-19,T11,Noreste,Supercenter,Hogar,0,25116.63,905,0.204
2024-04-19,T11,Noreste,Supercenter,Ropa,0,19176.15,1454,0.198
2024-04-19,T11,Noreste,Supercenter,Juguetes,0,12891.68,685,0.202
2024-04-19,T11,Noreste,Supercenter,Farmacia,0,18785.29,552,0.219
2024-04-19,T11,Noreste,Supercenter,Jardin,0,15743.01,474,0.323
2024-04-26,T11,Noreste,Supercenter,Alimentacion,0,65463.97,4849,0.347
2024-04-26,T11,Noreste,Supercenter,Electronica,0,45270.42,1550,0.232
2024-04-26,T11,Noreste,Supercenter,Hogar,0,20694.64,673,0.213
2024-04-26,T11,Noreste,Supercenter,Ropa,0,24910.73,1143,0.245
2024-04-26,T11,Noreste,Supercenter,Juguetes,0,13081.69,951,0.195
2024-04-26,T11,Noreste,Supercenter,Farmacia,0,23018.24,806,0.26
2024-04-26,T11,Noreste,Supercenter,Jardin,0,14803.52,406,0.247
2024-05-03,T11,Noreste,Supercenter,Alimentacion,0,68909.22,1607,0.351
2024-05-03,T11,Noreste,Supercenter,Electronica,0,29486.99,918,0.4
2024-05-03,T11,Noreste,Supercenter,Hogar,0,19219.69,571,0.163
2024-05-03,T11,Noreste,Supercenter,Ropa,0,17920.71,1668,0.253
2024-05-03,T11,Noreste,Supercenter,Juguetes,0,12543.32,1349,0.295
2024-05-03,T11,Noreste,Supercenter,Farmacia,0,23343.6,863,0.281
2024-05-03,T11,Noreste,Supercenter,Jardin,0,11615.72,690,0.243
2024-05-10,T11,Noreste,Supercenter,Alimentacion,0,70085.35,3524,0.229
2024-05-10,T11,Noreste,Supercenter,Electronica,0,33246.35,3367,0.256
2024-05-10,T11,Noreste,Supercenter,Hogar,0,18422.85,495,0.235
2024-05-10,T11,Noreste,Supercenter,Ropa,0,25104.01,893,0.201
2024-05-10,T11,Noreste,Supercenter,Juguetes,0,20541.0,951,0.21
2024-05-10,T11,Noreste,Supercenter,Farmacia,0,22207.12,2526,0.3
2024-05-10,T11,Noreste,Supercenter,Jardin,0,9424.65,228,0.238
2024-05-17,T11,Noreste,Supercenter,Alimentacion,0,57690.02,2435,0.245
2024-05-17,T11,Noreste,Supercenter,Electronica,0,33755.14,837,0.295
2024-05-17,T11,Noreste,Supercenter,Hogar,0,24706.01,1162,0.182
2024-05-17,T11,Noreste,Supercenter,Ropa,0,26008.56,1142,0.169
2024-05-17,T11,Noreste,Supercenter,Juguetes,0,11642.11,1056,0.289
2024-05-17,T11,Noreste,Supercenter,Farmacia,0,13802.82,1010,0.349
2024-05-17,T11,Noreste,Supercenter,Jardin,0,15179.55,386,0.163
2024-05-24,T11,Noreste,Supercenter,Alimentacion,0,62255.44,4946,0.194
2024-05-24,T11,Noreste,Supercenter,Electronica,0,33529.91,1232,0.301
2024-05-24,T11,Noreste,Supercenter,Hogar,0,31478.64,1893,0.348
2024-05-24,T11,Noreste,Supercenter,Ropa,0,17180.49,1911,0.23
2024-05-24,T11,Noreste,Supercenter,Juguetes,0,12910.65,382,0.198
2024-05-24,T11,Noreste,Supercenter,Farmacia,0,13704.63,307,0.225
2024-05-24,T11,Noreste,Supercenter,Jardin,0,12056.23,443,0.212
2024-05-31,T11,Noreste,Supercenter,Alimentacion,0,56907.6,1854,0.247
2024-05-31,T11,Noreste,Supercenter,Electronica,0,34032.56,1308,0.243
2024-05-31,T11,Noreste,Supercenter,Hogar,0,31311.75,1620,0.217
2024-05-31,T11,Noreste,Supercenter,Ropa,0,29259.77,987,0.178
2024-05-31,T11,Noreste,Supercenter,Juguetes,0,13830.76,656,0.221
2024-05-31,T11,Noreste,Supercenter,Farmacia,0,18510.12,1120,0.297
2024-05-31,T11,Noreste,Supercenter,Jardin,0,12140.28,1209,0.151
2024-06-07,T11,Noreste,Supercenter,Alimentacion,0,41105.02,996,0.301
2024-06-07,T11,Noreste,Supercenter,Electronica,0,28797.11,828,0.251
2024-06-07,T11,Noreste,Supercenter,Hogar,0,27332.93,930,0.262
2024-06-07,T11,Noreste,Supercenter,Ropa,0,16577.58,474,0.159
2024-06-07,T11,Noreste,Supercenter,Juguetes,0,13602.07,514,0.219
2024-06-07,T11,Noreste,Supercenter,Farmacia,0,22672.91,598,0.206
2024-06-07,T11,Noreste,Supercenter,Jardin,0,9396.2,394,0.312
2024-06-14,T11,Noreste,Supercenter,Alimentacion,0,53187.11,1576,0.257
2024-06-14,T11,Noreste,Supercenter,Electronica,0,35086.99,1925,0.22
2024-06-14,T11,Noreste,Supercenter,Hogar,0,20091.17,504,0.231
2024-06-14,T11,Noreste,Supercenter,Ropa,0,17280.71,507,0.267
2024-06-14,T11,Noreste,Supercenter,Juguetes,0,13237.39,303,0.335
2024-06-14,T11,Noreste,Supercenter,Farmacia,0,20391.77,517,0.209
2024-06-14,T11,Noreste,Supercenter,Jardin,0,12423.9,827,0.228
2024-06-21,T11,Noreste,Supercenter,Alimentacion,0,55577.22,2234,0.297
2024-06-21,T11,Noreste,Supercenter,Electronica,0,37285.93,1245,0.26
2024-06-21,T11,Noreste,Supercenter,Hogar,0,33374.81,1674,0.263
2024-06-21,T11,Noreste,Supercenter,Ropa,0,26670.9,2536,0.185
2024-06-21,T11,Noreste,Supercenter,Juguetes,0,13381.88,410,0.265
2024-06-21,T11,Noreste,Supercenter,Farmacia,0,19254.44,531,0.173
2024-06-21,T11,Noreste,Supercenter,Jardin,0,11970.26,299,0.162
2024-06-28,T11,Noreste,Supercenter,Alimentacion,0,67550.01,4213,0.15
2024-06-28,T11,Noreste,Supercenter,Electronica,0,31888.49,1348,0.328
2024-06-28,T11,Noreste,Supercenter,Hogar,0,31948.75,973,0.223
2024-06-28,T11,Noreste,Supercenter,Ropa,0,19475.09,881,0.207
2024-06-28,T11,Noreste,Supercenter,Juguetes,0,18159.99,1606,0.284
2024-06-28,T11,Noreste,Supercenter,Farmacia,0,14998.1,846,0.158
2024-06-28,T11,Noreste,Supercenter,Jardin,0,10482.74,892,0.23
2024-07-05,T11,Noreste,Supercenter,Alimentacion,0,54226.93,4757,0.239
2024-07-05,T11,Noreste,Supercenter,Electronica,0,28874.48,1056,0.259
2024-07-05,T11,Noreste,Supercenter,Hogar,0,30040.69,756,0.223
2024-07-05,T11,Noreste,Supercenter,Ropa,0,20329.66,1514,0.226
2024-07-05,T11,Noreste,Supercenter,Juguetes,0,13576.58,365,0.294
2024-07-05,T11,Noreste,Supercenter,Farmacia,0,19262.72,584,0.275
2024-07-05,T11,Noreste,Supercenter,Jardin,0,11340.29,720,0.141
2024-07-12,T11,Noreste,Supercenter,Alimentacion,0,51689.7,1574,0.186
2024-07-12,T11,Noreste,Supercenter,Electronica,0,38953.39,2367,0.228
2024-07-12,T11,Noreste,Supercenter,Hogar,0,25551.53,949,0.215
2024-07-12,T11,Noreste,Supercenter,Ropa,0,25370.05,607,0.193
2024-07-12,T11,Noreste,Supercenter,Juguetes,0,18295.47,1689,0.222
2024-07-12,T11,Noreste,Supercenter,Farmacia,0,20574.97,689,0.286
2024-07-12,T11,Noreste,Supercenter,Jardin,0,13516.88,645,0.197
2024-07-19,T11,Noreste,Supercenter,Alimentacion,0,69554.23,2945,0.263
2024-07-19,T11,Noreste,Supercenter,Electronica,0,40085.43,1390,0.299
2024-07-19,T11,Noreste,Supercenter,Hogar,0,27288.83,1338,0.218
2024-07-19,T11,Noreste,Supercenter,Ropa,0,17743.01,396,0.21
2024-07-19,T11,Noreste,Supercenter,Juguetes,0,15295.99,798,0.245
2024-07-19,T11,Noreste,Supercenter,Farmacia,0,21877.58,678,0.193
2024-07-19,T11,Noreste,Supercenter,Jardin,0,15881.35,638,0.294
2024-07-26,T11,Noreste,Supercenter,Alimentacion,0,55908.84,1768,0.224
2024-07-26,T11,Noreste,Supercenter,Electronica,0,45040.44,5496,0.157
2024-07-26,T11,Noreste,Supercenter,Hogar,0,22606.85,525,0.244
2024-07-26,T11,Noreste,Supercenter,Ropa,0,20699.19,901,0.212
2024-07-26,T11,Noreste,Supercenter,Juguetes,0,19647.25,450,0.29
2024-07-26,T11,Noreste,Supercenter,Farmacia,0,23273.39,1514,0.246
2024-07-26,T11,Noreste,Supercenter,Jardin,0,13618.12,421,0.198
2024-08-02,T11,Noreste,Supercenter,Alimentacion,0,66504.43,4318,0.253
2024-08-02,T11,Noreste,Supercenter,Electronica,0,34150.34,868,0.275
2024-08-02,T11,Noreste,Supercenter,Hogar,0,26226.28,684,0.148
2024-08-02,T11,Noreste,Supercenter,Ropa,0,21043.69,570,0.297
2024-08-02,T11,Noreste,Supercenter,Juguetes,0,16126.28,1303,0.265
2024-08-02,T11,Noreste,Supercenter,Farmacia,0,19550.12,1784,0.28
2024-08-02,T11,Noreste,Supercenter,Jardin,0,14047.83,457,0.191
2024-08-09,T11,Noreste,Supercenter,Alimentacion,0,43874.16,2089,0.284
2024-08-09,T11,Noreste,Supercenter,Electronica,0,47198.04,2425,0.14
2024-08-09,T11,Noreste,Supercenter,Hogar,0,26947.94,607,0.197
2024-08-09,T11,Noreste,Supercenter,Ropa,0,23180.47,774,0.301
2024-08-09,T11,Noreste,Supercenter,Juguetes,0,11720.0,1180,0.311
2024-08-09,T11,Noreste,Supercenter,Farmacia,0,21544.59,635,0.179
2024-08-09,T11,Noreste,Supercenter,Jardin,0,15641.64,712,0.163
2024-08-16,T11,Noreste,Supercenter,Alimentacion,0,44667.5,1146,0.256
2024-08-16,T11,Noreste,Supercenter,Electronica,0,46106.86,1215,0.138
2024-08-16,T11,Noreste,Supercenter,Hogar,0,29048.58,986,0.217
2024-08-16,T11,Noreste,Supercenter,Ropa,0,29199.94,1557,0.232
2024-08-16,T11,Noreste,Supercenter,Juguetes,0,19985.55,1069,0.26
2024-08-16,T11,Noreste,Supercenter,Farmacia,0,17112.3,474,0.378
2024-08-16,T11,Noreste,Supercenter,Jardin,0,9897.41,319,0.259
2024-08-23,T11,Noreste,Supercenter,Alimentacion,0,63810.66,1943,0.171
2024-08-23,T11,Noreste,Supercenter,Electronica,0,35071.24,1837,0.29
2024-08-23,T11,Noreste,Supercenter,Hogar,0,24661.57,966,0.259
2024-08-23,T11,Noreste,Supercenter,Ropa,0,17777.41,417,0.281
2024-08-23,T11,Noreste,Supercenter,Juguetes,0,16965.64,472,0.234
2024-08-23,T11,Noreste,Supercenter,Farmacia,0,16101.19,733,0.244
2024-08-23,T11,Noreste,Supercenter,Jardin,0,11652.3,363,0.199
2024-08-30,T11,Noreste,Supercenter,Alimentacion,0,41445.56,5143,0.332
2024-08-30,T11,Noreste,Supercenter,Electronica,0,35421.99,821,0.276
2024-08-30,T11,Noreste,Supercenter,Hogar,0,26216.69,892,0.214
2024-08-30,T11,Noreste,Supercenter,Ropa,0,24408.81,2940,0.243
2024-08-30,T11,Noreste,Supercenter,Juguetes,0,14379.88,392,0.261
2024-08-30,T11,Noreste,Supercenter,Farmacia,0,21819.61,700,0.219
2024-08-30,T11,Noreste,Supercenter,Jardin,0,10372.56,316,0.294
2024-09-06,T11,Noreste,Supercenter,Alimentacion,0,57574.18,2795,0.259
2024-09-06,T11,Noreste,Supercenter,Electronica,0,33760.15,931,0.259
2024-09-06,T11,Noreste,Supercenter,Hogar,0,28884.33,816,0.269
2024-09-06,T11,Noreste,Supercenter,Ropa,0,24879.35,813,0.245
2024-09-06,T11,Noreste,Supercenter,Juguetes,0,13176.89,336,0.314
2024-09-06,T11,Noreste,Supercenter,Farmacia,0,18925.71,444,0.306
2024-09-06,T11,Noreste,Supercenter,Jardin,0,12769.43,366,0.256
2024-09-13,T11,Noreste,Supercenter,Alimentacion,0,48808.24,5009,0.203
2024-09-13,T11,Noreste,Supercenter,Electronica,0,45284.76,2260,0.23
2024-09-13,T11,Noreste,Supercenter,Hogar,0,28144.04,834,0.208
2024-09-13,T11,Noreste,Supercenter,Ropa,0,22128.18,1502,0.217
2024-09-13,T11,Noreste,Supercenter,Juguetes,0,12490.82,791,0.304
2024-09-13,T11,Noreste,Supercenter,Farmacia,0,18632.84,1042,0.181
2024-09-13,T11,Noreste,Supercenter,Jardin,0,13070.36,310,0.249
2024-09-20,T11,Noreste,Supercenter,Alimentacion,0,41108.5,983,0.278
2024-09-20,T11,Noreste,Supercenter,Electronica,0,41763.4,1503,0.191
2024-09-20,T11,Noreste,Supercenter,Hogar,0,25476.73,698,0.25
2024-09-20,T11,Noreste,Supercenter,Ropa,0,18153.02,1788,0.24
2024-09-20,T11,Noreste,Supercenter,Juguetes,0,13694.75,633,0.262
2024-09-20,T11,Noreste,Supercenter,Farmacia,0,16290.53,821,0.28
2024-09-20,T11,Noreste,Supercenter,Jardin,0,13229.46,429,0.2
2024-09-27,T11,Noreste,Supercenter,Alimentacion,0,73651.32,1642,0.277
2024-09-27,T11,Noreste,Supercenter,Electronica,0,45704.06,2121,0.292
2024-09-27,T11,Noreste,Supercenter,Hogar,0,23457.21,633,0.29
2024-09-27,T11,Noreste,Supercenter,Ropa,0,18702.57,1982,0.176
2024-09-27,T11,Noreste,Supercenter,Juguetes,0,17915.82,2205,0.245
2024-09-27,T11,Noreste,Supercenter,Farmacia,0,17887.28,479,0.206
2024-09-27,T11,Noreste,Supercenter,Jardin,0,9388.45,303,0.215
2024-10-04,T11,Noreste,Supercenter,Alimentacion,0,69452.82,2321,0.273
2024-10-04,T11,Noreste,Supercenter,Electronica,0,34326.23,1510,0.333
2024-10-04,T11,Noreste,Supercenter,Hogar,0,19687.89,525,0.245
2024-10-04,T11,Noreste,Supercenter,Ropa,0,22350.79,1634,0.218
2024-10-04,T11,Noreste,Supercenter,Juguetes,0,12848.13,621,0.244
2024-10-04,T11,Noreste,Supercenter,Farmacia,0,17960.81,415,0.302
2024-10-04,T11,Noreste,Supercenter,Jardin,0,12283.38,493,0.225
2024-10-11,T11,Noreste,Supercenter,Alimentacion,0,50242.03,1458,0.147
2024-10-11,T11,Noreste,Supercenter,Electronica,0,45878.71,1995,0.168
2024-10-11,T11,Noreste,Supercenter,Hogar,0,31833.6,805,0.282
2024-10-11,T11,Noreste,Supercenter,Ropa,0,19409.7,436,0.276
2024-10-11,T11,Noreste,Supercenter,Juguetes,0,18942.07,579,0.337
2024-10-11,T11,Noreste,Supercenter,Farmacia,0,18636.92,525,0.187
2024-10-11,T11,Noreste,Supercenter,Jardin,0,14669.11,409,0.179
2024-10-18,T11,Noreste,Supercenter,Alimentacion,0,52694.55,2340,0.178
2024-10-18,T11,Noreste,Supercenter,Electronica,0,43640.19,1123,0.209
2024-10-18,T11,Noreste,Supercenter,Hogar,0,27236.0,2066,0.242
2024-10-18,T11,Noreste,Supercenter,Ropa,0,27766.13,873,0.236
2024-10-18,T11,Noreste,Supercenter,Juguetes,0,20914.48,982,0.188
2024-10-18,T11,Noreste,Supercenter,Farmacia,0,19777.17,796,0.343
2024-10-18,T11,Noreste,Supercenter,Jardin,0,10913.1,735,0.245
2024-10-25,T11,Noreste,Supercenter,Alimentacion,0,45498.17,1898,0.225
2024-10-25,T11,Noreste,Supercenter,Electronica,0,37196.69,938,0.331
2024-10-25,T11,Noreste,Supercenter,Hogar,0,19306.37,431,0.227
2024-10-25,T11,Noreste,Supercenter,Ropa,0,24696.9,686,0.242
2024-10-25,T11,Noreste,Supercenter,Juguetes,0,18663.05,1189,0.287
2024-10-25,T11,Noreste,Supercenter,Farmacia,0,15582.43,434,0.176
2024-10-25,T11,Noreste,Supercenter,Jardin,0,10969.45,910,0.211
2024-11-01,T11,Noreste,Supercenter,Alimentacion,1,50844.8,1870,0.334
2024-11-01,T11,Noreste,Supercenter,Electronica,1,80990.93,4944,0.272
2024-11-01,T11,Noreste,Supercenter,Hogar,1,22991.62,1941,0.203
2024-11-01,T11,Noreste,Supercenter,Ropa,1,16772.86,661,0.24
2024-11-01,T11,Noreste,Supercenter,Juguetes,1,35681.69,1315,0.21
2024-11-01,T11,Noreste,Supercenter,Farmacia,1,18749.41,1229,0.274
2024-11-01,T11,Noreste,Supercenter,Jardin,1,11336.02,944,0.198
2024-11-08,T11,Noreste,Supercenter,Alimentacion,1,73171.22,2239,0.222
2024-11-08,T11,Noreste,Supercenter,Electronica,1,59386.83,1495,0.356
2024-11-08,T11,Noreste,Supercenter,Hogar,1,20254.5,536,0.213
2024-11-08,T11,Noreste,Supercenter,Ropa,1,21246.75,554,0.144
2024-11-08,T11,Noreste,Supercenter,Juguetes,1,29285.2,1388,0.22
2024-11-08,T11,Noreste,Supercenter,Farmacia,1,25003.73,1728,0.242
2024-11-08,T11,Noreste,Supercenter,Jardin,1,10835.85,260,0.235
2024-11-15,T11,Noreste,Supercenter,Alimentacion,1,56458.89,1302,0.21
2024-11-15,T11,Noreste,Supercenter,Electronica,1,85954.14,8397,0.236
2024-11-15,T11,Noreste,Supercenter,Hogar,1,18860.95,419,0.277
2024-11-15,T11,Noreste,Supercenter,Ropa,1,23679.6,1474,0.252
2024-11-15,T11,Noreste,Supercenter,Juguetes,1,28094.1,1408,0.247
2024-11-15,T11,Noreste,Supercenter,Farmacia,1,21124.88,688,0.255
2024-11-15,T11,Noreste,Supercenter,Jardin,1,12697.26,611,0.25
2024-11-22,T11,Noreste,Supercenter,Alimentacion,1,47328.29,1519,0.247
2024-11-22,T11,Noreste,Supercenter,Electronica,1,55073.75,2784,0.285
2024-11-22,T11,Noreste,Supercenter,Hogar,1,25837.62,933,0.18
2024-11-22,T11,Noreste,Supercenter,Ropa,1,23586.23,2230,0.289
2024-11-22,T11,Noreste,Supercenter,Juguetes,1,36321.2,3642,0.191
2024-11-22,T11,Noreste,Supercenter,Farmacia,1,21654.7,713,0.233
2024-11-22,T11,Noreste,Supercenter,Jardin,1,13179.3,387,0.235
2024-11-29,T11,Noreste,Supercenter,Alimentacion,1,45433.34,4017,0.209
2024-11-29,T11,Noreste,Supercenter,Electronica,1,87172.92,3043,0.183
2024-11-29,T11,Noreste,Supercenter,Hogar,1,32067.19,1432,0.243
2024-11-29,T11,Noreste,Supercenter,Ropa,1,17348.25,491,0.158
2024-11-29,T11,Noreste,Supercenter,Juguetes,1,34085.93,1701,0.217
2024-11-29,T11,Noreste,Supercenter,Farmacia,1,15470.7,354,0.313
2024-11-29,T11,Noreste,Supercenter,Jardin,1,14027.3,411,0.211
2024-12-06,T11,Noreste,Supercenter,Alimentacion,1,53260.25,5550,0.216
2024-12-06,T11,Noreste,Supercenter,Electronica,1,90178.88,3772,0.304
2024-12-06,T11,Noreste,Supercenter,Hogar,1,19976.85,887,0.262
2024-12-06,T11,Noreste,Supercenter,Ropa,1,27626.01,1383,0.207
2024-12-06,T11,Noreste,Supercenter,Juguetes,1,35683.68,981,0.24
2024-12-06,T11,Noreste,Supercenter,Farmacia,1,15288.0,1428,0.273
2024-12-06,T11,Noreste,Supercenter,Jardin,1,12878.21,766,0.221
2024-12-13,T11,Noreste,Supercenter,Alimentacion,1,54190.71,2057,0.25
2024-12-13,T11,Noreste,Supercenter,Electronica,1,64828.79,5278,0.316
2024-12-13,T11,Noreste,Supercenter,Hogar,1,27438.72,2046,0.216
2024-12-13,T11,Noreste,Supercenter,Ropa,1,21407.14,708,0.307
2024-12-13,T11,Noreste,Supercenter,Juguetes,1,31495.52,931,0.303
2024-12-13,T11,Noreste,Supercenter,Farmacia,1,17053.46,1973,0.282
2024-12-13,T11,Noreste,Supercenter,Jardin,1,12330.88,350,0.275
2024-12-20,T11,Noreste,Supercenter,Alimentacion,1,62513.8,3231,0.235
2024-12-20,T11,Noreste,Supercenter,Electronica,1,78679.12,7389,0.172
2024-12-20,T11,Noreste,Supercenter,Hogar,1,24072.95,698,0.28
2024-12-20,T11,Noreste,Supercenter,Ropa,1,28582.1,636,0.313
2024-12-20,T11,Noreste,Supercenter,Juguetes,1,25489.63,782,0.185
2024-12-20,T11,Noreste,Supercenter,Farmacia,1,23616.67,871,0.203
2024-12-20,T11,Noreste,Supercenter,Jardin,1,11542.76,306,0.195
2024-12-27,T11,Noreste,Supercenter,Alimentacion,1,58627.68,2274,0.24
2024-12-27,T11,Noreste,Supercenter,Electronica,1,83138.94,2290,0.246
2024-12-27,T11,Noreste,Supercenter,Hogar,1,27945.09,703,0.26
2024-12-27,T11,Noreste,Supercenter,Ropa,1,21020.75,2082,0.27
2024-12-27,T11,Noreste,Supercenter,Juguetes,1,33704.17,2204,0.225
2024-12-27,T11,Noreste,Supercenter,Farmacia,1,13943.85,338,0.263
2024-12-27,T11,Noreste,Supercenter,Jardin,1,13064.65,382,0.341
2024-01-05,T12,Sur,Supercenter,Alimentacion,0,139392.12,4044,0.163
2024-01-05,T12,Sur,Supercenter,Electronica,0,99185.86,11228,0.242
2024-01-05,T12,Sur,Supercenter,Hogar,0,41214.25,1190,0.298
2024-01-05,T12,Sur,Supercenter,Ropa,0,33619.88,1331,0.294
2024-01-05,T12,Sur,Supercenter,Juguetes,0,27775.11,905,0.244
2024-01-05,T12,Sur,Supercenter,Farmacia,0,46392.68,2483,0.217
2024-01-05,T12,Sur,Supercenter,Jardin,0,32599.04,1605,0.198
2024-01-12,T12,Sur,Supercenter,Alimentacion,0,142413.2,7014,0.243
2024-01-12,T12,Sur,Supercenter,Electronica,0,67935.23,1789,0.294
2024-01-12,T12,Sur,Supercenter,Hogar,0,55358.91,1781,0.256
2024-01-12,T12,Sur,Supercenter,Ropa,0,31771.06,2200,0.223
2024-01-12,T12,Sur,Supercenter,Juguetes,0,24683.59,766,0.227
2024-01-12,T12,Sur,Supercenter,Farmacia,0,28921.73,1305,0.137
2024-01-12,T12,Sur,Supercenter,Jardin,0,20208.44,1507,0.245
2024-01-19,T12,Sur,Supercenter,Alimentacion,0,118027.53,3274,0.201
2024-01-19,T12,Sur,Supercenter,Electronica,0,88595.87,2835,0.195
2024-01-19,T12,Sur,Supercenter,Hogar,0,51929.72,1652,0.232
2024-01-19,T12,Sur,Supercenter,Ropa,0,40255.75,1985,0.226
2024-01-19,T12,Sur,Supercenter,Juguetes,0,37784.46,3760,0.191
2024-01-19,T12,Sur,Supercenter,Farmacia,0,46908.63,1776,0.212
2024-01-19,T12,Sur,Supercenter,Jardin,0,24558.85,1186,0.152
2024-01-26,T12,Sur,Supercenter,Alimentacion,0,128726.15,3710,0.25
2024-01-26,T12,Sur,Supercenter,Electronica,0,86655.73,2494,0.266
2024-01-26,T12,Sur,Supercenter,Hogar,0,42780.13,5044,0.243
2024-01-26,T12,Sur,Supercenter,Ropa,0,55032.28,1801,0.24
2024-01-26,T12,Sur,Supercenter,Juguetes,0,40274.25,2802,0.199
2024-01-26,T12,Sur,Supercenter,Farmacia,0,48129.09,1162,0.231
2024-01-26,T12,Sur,Supercenter,Jardin,0,21749.93,495,0.248
2024-02-02,T12,Sur,Supercenter,Alimentacion,0,127522.63,7848,0.248
2024-02-02,T12,Sur,Supercenter,Electronica,0,91882.66,2306,0.305
2024-02-02,T12,Sur,Supercenter,Hogar,0,52023.85,1538,0.257
2024-02-02,T12,Sur,Supercenter,Ropa,0,42688.71,3824,0.241
2024-02-02,T12,Sur,Supercenter,Juguetes,0,37085.42,4161,0.257
2024-02-02,T12,Sur,Supercenter,Farmacia,0,47836.66,1404,0.243
2024-02-02,T12,Sur,Supercenter,Jardin,0,22767.09,628,0.278
2024-02-09,T12,Sur,Supercenter,Alimentacion,0,113312.57,4536,0.286
2024-02-09,T12,Sur,Supercenter,Electronica,0,87208.96,7383,0.245
2024-02-09,T12,Sur,Supercenter,Hogar,0,41158.85,4233,0.255
2024-02-09,T12,Sur,Supercenter,Ropa,0,54858.08,3778,0.225
2024-02-09,T12,Sur,Supercenter,Juguetes,0,25111.09,713,0.279
2024-02-09,T12,Sur,Supercenter,Farmacia,0,48737.17,1495,0.254
2024-02-09,T12,Sur,Supercenter,Jardin,0,28072.56,2956,0.193
2024-02-16,T12,Sur,Supercenter,Alimentacion,0,147097.97,8074,0.243
2024-02-16,T12,Sur,Supercenter,Electronica,0,63214.47,2237,0.249
2024-02-16,T12,Sur,Supercenter,Hogar,0,64865.47,3156,0.288
2024-02-16,T12,Sur,Supercenter,Ropa,0,50738.13,3135,0.241
2024-02-16,T12,Sur,Supercenter,Juguetes,0,35067.42,966,0.107
2024-02-16,T12,Sur,Supercenter,Farmacia,0,31616.24,2365,0.258
2024-02-16,T12,Sur,Supercenter,Jardin,0,24956.56,616,0.184
2024-02-23,T12,Sur,Supercenter,Alimentacion,0,127147.51,5797,0.277
2024-02-23,T12,Sur,Supercenter,Electronica,0,92421.18,2865,0.283
2024-02-23,T12,Sur,Supercenter,Hogar,0,64075.27,2422,0.267
2024-02-23,T12,Sur,Supercenter,Ropa,0,44454.64,1348,0.285
2024-02-23,T12,Sur,Supercenter,Juguetes,0,38692.61,1395,0.274
2024-02-23,T12,Sur,Supercenter,Farmacia,0,46775.87,1861,0.23
2024-02-23,T12,Sur,Supercenter,Jardin,0,19559.56,913,0.253
2024-03-01,T12,Sur,Supercenter,Alimentacion,0,93346.44,3137,0.256
2024-03-01,T12,Sur,Supercenter,Electronica,0,64220.23,2232,0.237
2024-03-01,T12,Sur,Supercenter,Hogar,0,55622.79,1657,0.289
2024-03-01,T12,Sur,Supercenter,Ropa,0,33789.28,1294,0.176
2024-03-01,T12,Sur,Supercenter,Juguetes,0,32369.45,928,0.322
2024-03-01,T12,Sur,Supercenter,Farmacia,0,37296.72,867,0.091
2024-03-01,T12,Sur,Supercenter,Jardin,0,31511.71,837,0.231
2024-03-08,T12,Sur,Supercenter,Alimentacion,0,91423.43,6640,0.268
2024-03-08,T12,Sur,Supercenter,Electronica,0,64682.82,1603,0.237
2024-03-08,T12,Sur,Supercenter,Hogar,0,50143.65,1621,0.163
2024-03-08,T12,Sur,Supercenter,Ropa,0,42976.73,1005,0.347
2024-03-08,T12,Sur,Supercenter,Juguetes,0,40189.91,897,0.211
2024-03-08,T12,Sur,Supercenter,Farmacia,0,39216.17,2731,0.354
2024-03-08,T12,Sur,Supercenter,Jardin,0,33198.27,806,0.195
2024-03-15,T12,Sur,Supercenter,Alimentacion,0,95613.95,3406,0.207
2024-03-15,T12,Sur,Supercenter,Electronica,0,95432.27,6331,0.217
2024-03-15,T12,Sur,Supercenter,Hogar,0,36299.9,2464,0.221
2024-03-15,T12,Sur,Supercenter,Ropa,0,33522.6,835,0.25
2024-03-15,T12,Sur,Supercenter,Juguetes,0,27351.04,739,0.217
2024-03-15,T12,Sur,Supercenter,Farmacia,0,44854.58,2248,0.201
2024-03-15,T12,Sur,Supercenter,Jardin,0,23838.19,1595,0.201
2024-03-22,T12,Sur,Supercenter,Alimentacion,0,132853.13,3704,0.174
2024-03-22,T12,Sur,Supercenter,Electronica,0,77847.23,2146,0.268
2024-03-22,T12,Sur,Supercenter,Hogar,0,38139.04,1739,0.309
2024-03-22,T12,Sur,Supercenter,Ropa,0,41529.17,3621,0.304
2024-03-22,T12,Sur,Supercenter,Juguetes,0,35381.5,948,0.216
2024-03-22,T12,Sur,Supercenter,Farmacia,0,36098.41,847,0.154
2024-03-22,T12,Sur,Supercenter,Jardin,0,26087.18,1666,0.254
2024-03-29,T12,Sur,Supercenter,Alimentacion,0,121829.23,3660,0.26
2024-03-29,T12,Sur,Supercenter,Electronica,0,96153.98,2230,0.244
2024-03-29,T12,Sur,Supercenter,Hogar,0,65670.22,1573,0.242
2024-03-29,T12,Sur,Supercenter,Ropa,0,48614.68,3329,0.218
2024-03-29,T12,Sur,Supercenter,Juguetes,0,28178.97,1089,0.233
2024-03-29,T12,Sur,Supercenter,Farmacia,0,32389.72,3568,0.269
2024-03-29,T12,Sur,Supercenter,Jardin,0,31654.68,704,0.27
2024-04-05,T12,Sur,Supercenter,Alimentacion,0,98855.87,2498,0.279
2024-04-05,T12,Sur,Supercenter,Electronica,0,98887.92,2870,0.237
2024-04-05,T12,Sur,Supercenter,Hogar,0,38901.55,4485,0.22
2024-04-05,T12,Sur,Supercenter,Ropa,0,42585.5,1086,0.234
2024-04-05,T12,Sur,Supercenter,Juguetes,0,30765.52,1880,0.304
2024-04-05,T12,Sur,Supercenter,Farmacia,0,30708.36,939,0.184
2024-04-05,T12,Sur,Supercenter,Jardin,0,30435.02,1235,0.247
2024-04-12,T12,Sur,Supercenter,Alimentacion,0,138781.44,4134,0.185
2024-04-12,T12,Sur,Supercenter,Electronica,0,78280.16,1937,0.252
2024-04-12,T12,Sur,Supercenter,Hogar,0,60443.9,4678,0.284
2024-04-12,T12,Sur,Supercenter,Ropa,0,40935.03,3237,0.192
2024-04-12,T12,Sur,Supercenter,Juguetes,0,38678.06,1050,0.213
2024-04-12,T12,Sur,Supercenter,Farmacia,0,29631.4,1728,0.286
2024-04-12,T12,Sur,Supercenter,Jardin,0,29249.24,1830,0.27
2024-04-19,T12,Sur,Supercenter,Alimentacion,0,83067.77,2761,0.271
2024-04-19,T12,Sur,Supercenter,Electronica,0,84072.63,2895,0.265
2024-04-19,T12,Sur,Supercenter,Hogar,0,50482.49,1267,0.261
2024-04-19,T12,Sur,Supercenter,Ropa,0,33702.36,887,0.352
2024-04-19,T12,Sur,Supercenter,Juguetes,0,35030.94,2388,0.218
2024-04-19,T12,Sur,Supercenter,Farmacia,0,47280.98,2960,0.24
2024-04-19,T12,Sur,Supercenter,Jardin,0,21927.44,842,0.15
2024-04-26,T12,Sur,Supercenter,Alimentacion,0,125402.26,2985,0.228
2024-04-26,T12,Sur,Supercenter,Electronica,0,71939.72,4343,0.193
2024-04-26,T12,Sur,Supercenter,Hogar,0,58592.53,5339,0.191
2024-04-26,T12,Sur,Supercenter,Ropa,0,55304.29,1884,0.216
2024-04-26,T12,Sur,Supercenter,Juguetes,0,36007.26,1346,0.214
2024-04-26,T12,Sur,Supercenter,Farmacia,0,42704.76,5230,0.293
2024-04-26,T12,Sur,Supercenter,Jardin,0,21934.45,645,0.234
2024-05-03,T12,Sur,Supercenter,Alimentacion,0,132618.72,4916,0.22
2024-05-03,T12,Sur,Supercenter,Electronica,0,58676.12,3786,0.219
2024-05-03,T12,Sur,Supercenter,Hogar,0,52906.4,1238,0.194
2024-05-03,T12,Sur,Supercenter,Ropa,0,49381.71,3619,0.28
2024-05-03,T12,Sur,Supercenter,Juguetes,0,22671.62,702,0.267
2024-05-03,T12,Sur,Supercenter,Farmacia,0,31108.6,1084,0.24
2024-05-03,T12,Sur,Supercenter,Jardin,0,25219.18,1298,0.302
2024-05-10,T12,Sur,Supercenter,Alimentacion,0,100970.09,3598,0.209
2024-05-10,T12,Sur,Supercenter,Electronica,0,84566.41,4240,0.196
2024-05-10,T12,Sur,Supercenter,Hogar,0,38480.93,1365,0.196
2024-05-10,T12,Sur,Supercenter,Ropa,0,51856.49,1317,0.257
2024-05-10,T12,Sur,Supercenter,Juguetes,0,24022.58,1070,0.267
2024-05-10,T12,Sur,Supercenter,Farmacia,0,35646.22,1140,0.232
2024-05-10,T12,Sur,Supercenter,Jardin,0,32383.53,1399,0.226
2024-05-17,T12,Sur,Supercenter,Alimentacion,0,101751.54,3345,0.245
2024-05-17,T12,Sur,Supercenter,Electronica,0,66312.57,3224,0.148
2024-05-17,T12,Sur,Supercenter,Hogar,0,64875.06,3094,0.251
2024-05-17,T12,Sur,Supercenter,Ropa,0,42768.35,2034,0.306
2024-05-17,T12,Sur,Supercenter,Juguetes,0,31380.84,947,0.257
2024-05-17,T12,Sur,Supercenter,Farmacia,0,41472.13,2407,0.134
2024-05-17,T12,Sur,Supercenter,Jardin,0,24150.21,1022,0.122
2024-05-24,T12,Sur,Supercenter,Alimentacion,0,100134.16,3949,0.207
2024-05-24,T12,Sur,Supercenter,Electronica,0,62134.97,2048,0.239
2024-05-24,T12,Sur,Supercenter,Hogar,0,55523.99,2750,0.204
2024-05-24,T12,Sur,Supercenter,Ropa,0,44105.5,1654,0.258
2024-05-24,T12,Sur,Supercenter,Juguetes,0,34776.2,864,0.218
2024-05-24,T12,Sur,Supercenter,Farmacia,0,35393.93,1127,0.325
2024-05-24,T12,Sur,Supercenter,Jardin,0,32695.38,1383,0.22
2024-05-31,T12,Sur,Supercenter,Alimentacion,0,108037.66,3060,0.259
2024-05-31,T12,Sur,Supercenter,Electronica,0,96346.89,6975,0.199
2024-05-31,T12,Sur,Supercenter,Hogar,0,59172.05,1887,0.231
2024-05-31,T12,Sur,Supercenter,Ropa,0,39889.75,1013,0.222
2024-05-31,T12,Sur,Supercenter,Juguetes,0,26215.06,2067,0.272
2024-05-31,T12,Sur,Supercenter,Farmacia,0,30603.68,818,0.258
2024-05-31,T12,Sur,Supercenter,Jardin,0,25304.81,1390,0.285
2024-06-07,T12,Sur,Supercenter,Alimentacion,0,130867.17,3557,0.249
2024-06-07,T12,Sur,Supercenter,Electronica,0,80863.6,1890,0.172
2024-06-07,T12,Sur,Supercenter,Hogar,0,51939.23,2865,0.22
2024-06-07,T12,Sur,Supercenter,Ropa,0,51289.32,2515,0.17
2024-06-07,T12,Sur,Supercenter,Juguetes,0,40788.9,1681,0.144
2024-06-07,T12,Sur,Supercenter,Farmacia,0,42337.84,5068,0.264
2024-06-07,T12,Sur,Supercenter,Jardin,0,26055.95,997,0.181
2024-06-14,T12,Sur,Supercenter,Alimentacion,0,116611.27,5836,0.255
2024-06-14,T12,Sur,Supercenter,Electronica,0,73070.55,1777,0.248
2024-06-14,T12,Sur,Supercenter,Hogar,0,45925.9,3038,0.223
2024-06-14,T12,Sur,Supercenter,Ropa,0,35031.68,969,0.119
2024-06-14,T12,Sur,Supercenter,Juguetes,0,35256.81,1969,0.268
2024-06-14,T12,Sur,Supercenter,Farmacia,0,31562.73,901,0.185
2024-06-14,T12,Sur,Supercenter,Jardin,0,21376.81,494,0.194
2024-06-21,T12,Sur,Supercenter,Alimentacion,0,119482.33,3518,0.194
2024-06-21,T12,Sur,Supercenter,Electronica,0,74431.6,7082,0.276
2024-06-21,T12,Sur,Supercenter,Hogar,0,48754.3,1189,0.23
2024-06-21,T12,Sur,Supercenter,Ropa,0,56320.24,4260,0.214
2024-06-21,T12,Sur,Supercenter,Juguetes,0,28377.35,1927,0.299
2024-06-21,T12,Sur,Supercenter,Farmacia,0,42086.01,2531,0.205
2024-06-21,T12,Sur,Supercenter,Jardin,0,33042.39,1678,0.201
2024-06-28,T12,Sur,Supercenter,Alimentacion,0,90727.5,7307,0.195
2024-06-28,T12,Sur,Supercenter,Electronica,0,88283.29,4654,0.22
2024-06-28,T12,Sur,Supercenter,Hogar,0,55656.61,2907,0.274
2024-06-28,T12,Sur,Supercenter,Ropa,0,56594.67,3013,0.246
2024-06-28,T12,Sur,Supercenter,Juguetes,0,37981.04,1130,0.239
2024-06-28,T12,Sur,Supercenter,Farmacia,0,44786.43,1600,0.231
2024-06-28,T12,Sur,Supercenter,Jardin,0,29031.13,858,0.189
2024-07-05,T12,Sur,Supercenter,Alimentacion,0,107308.15,2775,0.154
2024-07-05,T12,Sur,Supercenter,Electronica,0,61081.28,2940,0.238
2024-07-05,T12,Sur,Supercenter,Hogar,0,56346.87,3405,0.262
2024-07-05,T12,Sur,Supercenter,Ropa,0,45262.99,3318,0.249
2024-07-05,T12,Sur,Supercenter,Juguetes,0,32494.37,925,0.257
2024-07-05,T12,Sur,Supercenter,Farmacia,0,32321.27,1708,0.197
2024-07-05,T12,Sur,Supercenter,Jardin,0,18349.9,416,0.179
2024-07-12,T12,Sur,Supercenter,Alimentacion,0,89484.86,2224,0.269
2024-07-12,T12,Sur,Supercenter,Electronica,0,74030.14,2312,0.212
2024-07-12,T12,Sur,Supercenter,Hogar,0,38985.51,2290,0.17
2024-07-12,T12,Sur,Supercenter,Ropa,0,52468.27,1171,0.274
2024-07-12,T12,Sur,Supercenter,Juguetes,0,40638.39,1961,0.202
2024-07-12,T12,Sur,Supercenter,Farmacia,0,47330.87,3305,0.176
2024-07-12,T12,Sur,Supercenter,Jardin,0,26907.47,686,0.231
2024-07-19,T12,Sur,Supercenter,Alimentacion,0,139785.06,6754,0.191
2024-07-19,T12,Sur,Supercenter,Electronica,0,69586.16,1667,0.238
2024-07-19,T12,Sur,Supercenter,Hogar,0,53609.11,3976,0.2
2024-07-19,T12,Sur,Supercenter,Ropa,0,52934.18,3178,0.268
2024-07-19,T12,Sur,Supercenter,Juguetes,0,29795.9,1295,0.173
2024-07-19,T12,Sur,Supercenter,Farmacia,0,39981.86,1677,0.217
2024-07-19,T12,Sur,Supercenter,Jardin,0,25012.24,1962,0.279
2024-07-26,T12,Sur,Supercenter,Alimentacion,0,103415.88,3412,0.232
2024-07-26,T12,Sur,Supercenter,Electronica,0,79298.62,4411,0.282
2024-07-26,T12,Sur,Supercenter,Hogar,0,36795.67,1451,0.186
2024-07-26,T12,Sur,Supercenter,Ropa,0,40339.91,4703,0.18
2024-07-26,T12,Sur,Supercenter,Juguetes,0,37215.14,3178,0.177
2024-07-26,T12,Sur,Supercenter,Farmacia,0,40435.95,1516,0.347
2024-07-26,T12,Sur,Supercenter,Jardin,0,23134.35,674,0.253
2024-08-02,T12,Sur,Supercenter,Alimentacion,0,134751.05,7498,0.218
2024-08-02,T12,Sur,Supercenter,Electronica,0,60728.56,2306,0.239
2024-08-02,T12,Sur,Supercenter,Hogar,0,41886.52,1335,0.295
2024-08-02,T12,Sur,Supercenter,Ropa,0,46484.36,1472,0.209
2024-08-02,T12,Sur,Supercenter,Juguetes,0,35062.08,2968,0.227
2024-08-02,T12,Sur,Supercenter,Farmacia,0,41626.93,2605,0.266
2024-08-02,T12,Sur,Supercenter,Jardin,0,32138.13,745,0.23
2024-08-09,T12,Sur,Supercenter,Alimentacion,0,130505.7,4011,0.267
2024-08-09,T12,Sur,Supercenter,Electronica,0,66154.44,4227,0.16
2024-08-09,T12,Sur,Supercenter,Hogar,0,65272.92,1661,0.28
2024-08-09,T12,Sur,Supercenter,Ropa,0,45715.88,3024,0.213
2024-08-09,T12,Sur,Supercenter,Juguetes,0,23704.39,745,0.263
2024-08-09,T12,Sur,Supercenter,Farmacia,0,46309.12,1150,0.257
2024-08-09,T12,Sur,Supercenter,Jardin,0,29402.98,2264,0.294
2024-08-16,T12,Sur,Supercenter,Alimentacion,0,116550.85,11856,0.249
2024-08-16,T12,Sur,Supercenter,Electronica,0,66410.84,5221,0.261
2024-08-16,T12,Sur,Supercenter,Hogar,0,44803.63,1687,0.093
2024-08-16,T12,Sur,Supercenter,Ropa,0,46702.34,2010,0.199
2024-08-16,T12,Sur,Supercenter,Juguetes,0,26735.49,1826,0.212
2024-08-16,T12,Sur,Supercenter,Farmacia,0,36812.51,981,0.266
2024-08-16,T12,Sur,Supercenter,Jardin,0,27473.56,801,0.296
2024-08-23,T12,Sur,Supercenter,Alimentacion,0,90931.24,5314,0.233
2024-08-23,T12,Sur,Supercenter,Electronica,0,83016.65,8824,0.207
2024-08-23,T12,Sur,Supercenter,Hogar,0,60111.58,2073,0.295
2024-08-23,T12,Sur,Supercenter,Ropa,0,55141.82,3258,0.225
2024-08-23,T12,Sur,Supercenter,Juguetes,0,34266.5,842,0.253
2024-08-23,T12,Sur,Supercenter,Farmacia,0,42678.44,3129,0.261
2024-08-23,T12,Sur,Supercenter,Jardin,0,31842.86,2575,0.227
2024-08-30,T12,Sur,Supercenter,Alimentacion,0,134523.56,6282,0.226
2024-08-30,T12,Sur,Supercenter,Electronica,0,90833.29,6196,0.23
2024-08-30,T12,Sur,Supercenter,Hogar,0,45579.9,3843,0.309
2024-08-30,T12,Sur,Supercenter,Ropa,0,40020.79,998,0.209
2024-08-30,T12,Sur,Supercenter,Juguetes,0,38793.98,1946,0.307
2024-08-30,T12,Sur,Supercenter,Farmacia,0,47563.15,1921,0.311
2024-08-30,T12,Sur,Supercenter,Jardin,0,30698.19,1679,0.133
2024-09-06,T12,Sur,Supercenter,Alimentacion,0,124123.04,4160,0.231
2024-09-06,T12,Sur,Supercenter,Electronica,0,80895.52,2172,0.386
2024-09-06,T12,Sur,Supercenter,Hogar,0,43387.1,1245,0.268
2024-09-06,T12,Sur,Supercenter,Ropa,0,57147.1,4245,0.249
2024-09-06,T12,Sur,Supercenter,Juguetes,0,37178.25,1094,0.188
2024-09-06,T12,Sur,Supercenter,Farmacia,0,27456.57,1025,0.205
2024-09-06,T12,Sur,Supercenter,Jardin,0,22424.94,530,0.223
2024-09-13,T12,Sur,Supercenter,Alimentacion,0,145560.04,5463,0.321
2024-09-13,T12,Sur,Supercenter,Electronica,0,66986.9,2129,0.222
2024-09-13,T12,Sur,Supercenter,Hogar,0,64383.38,4399,0.336
2024-09-13,T12,Sur,Supercenter,Ropa,0,57003.62,4903,0.244
2024-09-13,T12,Sur,Supercenter,Juguetes,0,23618.96,2177,0.283
2024-09-13,T12,Sur,Supercenter,Farmacia,0,39677.81,1358,0.333
2024-09-13,T12,Sur,Supercenter,Jardin,0,29392.49,657,0.259
2024-09-20,T12,Sur,Supercenter,Alimentacion,0,103241.49,5174,0.229
2024-09-20,T12,Sur,Supercenter,Electronica,0,69962.81,2117,0.227
2024-09-20,T12,Sur,Supercenter,Hogar,0,54641.61,1412,0.229
2024-09-20,T12,Sur,Supercenter,Ropa,0,44237.78,2474,0.258
2024-09-20,T12,Sur,Supercenter,Juguetes,0,27503.67,701,0.246
2024-09-20,T12,Sur,Supercenter,Farmacia,0,29925.75,1772,0.226
2024-09-20,T12,Sur,Supercenter,Jardin,0,32070.39,1677,0.229
2024-09-27,T12,Sur,Supercenter,Alimentacion,0,109000.44,2488,0.193
2024-09-27,T12,Sur,Supercenter,Electronica,0,60801.18,1979,0.248
2024-09-27,T12,Sur,Supercenter,Hogar,0,59574.85,2283,0.226
2024-09-27,T12,Sur,Supercenter,Ropa,0,36862.44,3659,0.189
2024-09-27,T12,Sur,Supercenter,Juguetes,0,23645.42,1045,0.2
2024-09-27,T12,Sur,Supercenter,Farmacia,0,46442.9,5015,0.263
2024-09-27,T12,Sur,Supercenter,Jardin,0,28276.35,1067,0.23
2024-10-04,T12,Sur,Supercenter,Alimentacion,0,136642.92,8534,0.156
2024-10-04,T12,Sur,Supercenter,Electronica,0,88507.61,2901,0.228
2024-10-04,T12,Sur,Supercenter,Hogar,0,57256.61,1372,0.261
2024-10-04,T12,Sur,Supercenter,Ropa,0,48346.91,3008,0.161
2024-10-04,T12,Sur,Supercenter,Juguetes,0,30613.18,1364,0.286
2024-10-04,T12,Sur,Supercenter,Farmacia,0,45481.13,2063,0.235
2024-10-04,T12,Sur,Supercenter,Jardin,0,23423.37,599,0.211
2024-10-11,T12,Sur,Supercenter,Alimentacion,0,107549.99,3158,0.223
2024-10-11,T12,Sur,Supercenter,Electronica,0,76183.43,3208,0.291
2024-10-11,T12,Sur,Supercenter,Hogar,0,53944.41,2272,0.243
2024-10-11,T12,Sur,Supercenter,Ropa,0,42204.81,1704,0.321
2024-10-11,T12,Sur,Supercenter,Juguetes,0,41445.99,2348,0.37
2024-10-11,T12,Sur,Supercenter,Farmacia,0,31029.22,925,0.205
2024-10-11,T12,Sur,Supercenter,Jardin,0,23945.9,1539,0.226
2024-10-18,T12,Sur,Supercenter,Alimentacion,0,111537.17,3658,0.297
2024-10-18,T12,Sur,Supercenter,Electronica,0,58875.27,5611,0.146
2024-10-18,T12,Sur,Supercenter,Hogar,0,50487.05,2961,0.274
2024-10-18,T12,Sur,Supercenter,Ropa,0,31603.37,1505,0.338
2024-10-18,T12,Sur,Supercenter,Juguetes,0,24924.21,3051,0.211
2024-10-18,T12,Sur,Supercenter,Farmacia,0,48451.92,1563,0.165
2024-10-18,T12,Sur,Supercenter,Jardin,0,33199.91,752,0.162
2024-10-25,T12,Sur,Supercenter,Alimentacion,0,88305.76,2547,0.327
2024-10-25,T12,Sur,Supercenter,Electronica,0,89856.01,2889,0.304
2024-10-25,T12,Sur,Supercenter,Hogar,0,66038.57,6168,0.223
2024-10-25,T12,Sur,Supercenter,Ropa,0,53820.11,4025,0.245
2024-10-25,T12,Sur,Supercenter,Juguetes,0,27871.02,1638,0.211
2024-10-25,T12,Sur,Supercenter,Farmacia,0,40021.53,1751,0.224
2024-10-25,T12,Sur,Supercenter,Jardin,0,22651.07,528,0.31
2024-11-01,T12,Sur,Supercenter,Alimentacion,1,147428.97,7037,0.242
2024-11-01,T12,Sur,Supercenter,Electronica,1,161954.15,4194,0.222
2024-11-01,T12,Sur,Supercenter,Hogar,1,55182.47,1700,0.257
2024-11-01,T12,Sur,Supercenter,Ropa,1,46321.94,2725,0.254
2024-11-01,T12,Sur,Supercenter,Juguetes,1,70447.85,2689,0.23
2024-11-01,T12,Sur,Supercenter,Farmacia,1,43639.16,974,0.215
2024-11-01,T12,Sur,Supercenter,Jardin,1,24545.51,1332,0.24
2024-11-08,T12,Sur,Supercenter,Alimentacion,1,114512.22,3275,0.285
2024-11-08,T12,Sur,Supercenter,Electronica,1,107877.14,2703,0.222
2024-11-08,T12,Sur,Supercenter,Hogar,1,46733.78,1393,0.314
2024-11-08,T12,Sur,Supercenter,Ropa,1,51938.35,2315,0.213
2024-11-08,T12,Sur,Supercenter,Juguetes,1,42418.93,2931,0.264
2024-11-08,T12,Sur,Supercenter,Farmacia,1,35756.24,3845,0.257
2024-11-08,T12,Sur,Supercenter,Jardin,1,24299.89,703,0.163
2024-11-15,T12,Sur,Supercenter,Alimentacion,1,132462.01,3332,0.307
2024-11-15,T12,Sur,Supercenter,Electronica,1,163542.98,12882,0.199
2024-11-15,T12,Sur,Supercenter,Hogar,1,38929.63,3915,0.306
2024-11-15,T12,Sur,Supercenter,Ropa,1,34257.14,880,0.224
2024-11-15,T12,Sur,Supercenter,Juguetes,1,73235.77,2624,0.244
2024-11-15,T12,Sur,Supercenter,Farmacia,1,31204.66,1114,0.253
2024-11-15,T12,Sur,Supercenter,Jardin,1,32303.61,759,0.183
2024-11-22,T12,Sur,Supercenter,Alimentacion,1,123797.63,3916,0.281
2024-11-22,T12,Sur,Supercenter,Electronica,1,107335.47,3333,0.279
2024-11-22,T12,Sur,Supercenter,Hogar,1,46555.98,1721,0.322
2024-11-22,T12,Sur,Supercenter,Ropa,1,56511.2,4688,0.273
2024-11-22,T12,Sur,Supercenter,Juguetes,1,50756.03,1316,0.205
2024-11-22,T12,Sur,Supercenter,Farmacia,1,27106.03,1832,0.24
2024-11-22,T12,Sur,Supercenter,Jardin,1,24180.36,2695,0.181
2024-11-29,T12,Sur,Supercenter,Alimentacion,1,91310.2,3396,0.159
2024-11-29,T12,Sur,Supercenter,Electronica,1,158312.86,4309,0.248
2024-11-29,T12,Sur,Supercenter,Hogar,1,56201.13,1349,0.298
2024-11-29,T12,Sur,Supercenter,Ropa,1,42613.72,1751,0.246
2024-11-29,T12,Sur,Supercenter,Juguetes,1,41606.8,4704,0.302
2024-11-29,T12,Sur,Supercenter,Farmacia,1,46057.85,3369,0.208
2024-11-29,T12,Sur,Supercenter,Jardin,1,27648.2,1865,0.187
2024-12-06,T12,Sur,Supercenter,Alimentacion,1,113181.97,6884,0.339
2024-12-06,T12,Sur,Supercenter,Electronica,1,110587.66,2803,0.26
2024-12-06,T12,Sur,Supercenter,Hogar,1,39901.5,3222,0.24
2024-12-06,T12,Sur,Supercenter,Ropa,1,40959.96,2455,0.254
2024-12-06,T12,Sur,Supercenter,Juguetes,1,56468.59,1332,0.197
2024-12-06,T12,Sur,Supercenter,Farmacia,1,31181.16,1037,0.25
2024-12-06,T12,Sur,Supercenter,Jardin,1,20810.1,1809,0.191
2024-12-13,T12,Sur,Supercenter,Alimentacion,1,133015.09,7213,0.197
2024-12-13,T12,Sur,Supercenter,Electronica,1,112223.48,5314,0.311
2024-12-13,T12,Sur,Supercenter,Hogar,1,61630.6,7364,0.227
2024-12-13,T12,Sur,Supercenter,Ropa,1,53742.65,6711,0.212
2024-12-13,T12,Sur,Supercenter,Juguetes,1,49404.88,2122,0.22
2024-12-13,T12,Sur,Supercenter,Farmacia,1,35991.55,877,0.224
2024-12-13,T12,Sur,Supercenter,Jardin,1,31877.3,913,0.151
2024-12-20,T12,Sur,Supercenter,Alimentacion,1,115028.47,5129,0.271
2024-12-20,T12,Sur,Supercenter,Electronica,1,112595.68,2640,0.194
2024-12-20,T12,Sur,Supercenter,Hogar,1,54763.34,2019,0.275
2024-12-20,T12,Sur,Supercenter,Ropa,1,49424.56,1533,0.122
2024-12-20,T12,Sur,Supercenter,Juguetes,1,60593.12,2868,0.231
2024-12-20,T12,Sur,Supercenter,Farmacia,1,39596.2,2703,0.089
2024-12-20,T12,Sur,Supercenter,Jardin,1,24999.13,880,0.211
2024-12-27,T12,Sur,Supercenter,Alimentacion,1,126066.07,3530,0.158
2024-12-27,T12,Sur,Supercenter,Electronica,1,106176.6,3241,0.175
2024-12-27,T12,Sur,Supercenter,Hogar,1,39454.42,3069,0.18
2024-12-27,T12,Sur,Supercenter,Ropa,1,58157.44,4208,0.269
2024-12-27,T12,Sur,Supercenter,Juguetes,1,72312.41,1656,0.162
2024-12-27,T12,Sur,Supercenter,Farmacia,1,47277.98,3598,0.236
2024-12-27,T12,Sur,Supercenter,Jardin,1,18162.97,788,0.089
2024-01-05,T13,Noreste,Discount,Alimentacion,0,93523.58,10882,0.166
2024-01-05,T13,Noreste,Discount,Electronica,0,62106.44,6384,0.219
2024-01-05,T13,Noreste,Discount,Hogar,0,33948.85,2405,0.2
2024-01-05,T13,Noreste,Discount,Ropa,0,29271.84,1908,0.231
2024-01-05,T13,Noreste,Discount,Juguetes,0,24991.71,1039,0.207
2024-01-05,T13,Noreste,Discount,Farmacia,0,32469.24,1696,0.163
2024-01-05,T13,Noreste,Discount,Jardin,0,22881.83,1412,0.283
2024-01-12,T13,Noreste,Discount,Alimentacion,0,105720.44,3830,0.16
2024-01-12,T13,Noreste,Discount,Electronica,0,49218.41,1704,0.181
2024-01-12,T13,Noreste,Discount,Hogar,0,26005.75,579,0.163
2024-01-12,T13,Noreste,Discount,Ropa,0,41602.09,1293,0.222
2024-01-12,T13,Noreste,Discount,Juguetes,0,29633.86,1021,0.25
2024-01-12,T13,Noreste,Discount,Farmacia,0,30356.87,1998,0.231
2024-01-12,T13,Noreste,Discount,Jardin,0,15814.46,656,0.222
2024-01-19,T13,Noreste,Discount,Alimentacion,0,84026.0,2597,0.216
2024-01-19,T13,Noreste,Discount,Electronica,0,68673.58,1569,0.247
2024-01-19,T13,Noreste,Discount,Hogar,0,39703.28,2542,0.294
2024-01-19,T13,Noreste,Discount,Ropa,0,26082.42,1917,0.23
2024-01-19,T13,Noreste,Discount,Juguetes,0,24167.82,727,0.246
2024-01-19,T13,Noreste,Discount,Farmacia,0,32407.96,2238,0.284
2024-01-19,T13,Noreste,Discount,Jardin,0,16539.91,814,0.247
2024-01-26,T13,Noreste,Discount,Alimentacion,0,60373.99,3953,0.25
2024-01-26,T13,Noreste,Discount,Electronica,0,64825.16,1460,0.264
2024-01-26,T13,Noreste,Discount,Hogar,0,39035.89,938,0.242
2024-01-26,T13,Noreste,Discount,Ropa,0,23974.9,892,0.243
2024-01-26,T13,Noreste,Discount,Juguetes,0,22466.29,902,0.202
2024-01-26,T13,Noreste,Discount,Farmacia,0,27546.86,1248,0.181
2024-01-26,T13,Noreste,Discount,Jardin,0,13420.49,1092,0.22
2024-02-02,T13,Noreste,Discount,Alimentacion,0,61413.84,6029,0.219
2024-02-02,T13,Noreste,Discount,Electronica,0,67143.91,1737,0.254
2024-02-02,T13,Noreste,Discount,Hogar,0,39581.77,1138,0.199
2024-02-02,T13,Noreste,Discount,Ropa,0,39973.04,1138,0.33
2024-02-02,T13,Noreste,Discount,Juguetes,0,27368.52,957,0.206
2024-02-02,T13,Noreste,Discount,Farmacia,0,20851.22,887,0.315
2024-02-02,T13,Noreste,Discount,Jardin,0,14842.51,1671,0.279
2024-02-09,T13,Noreste,Discount,Alimentacion,0,106821.62,4851,0.185
2024-02-09,T13,Noreste,Discount,Electronica,0,52331.52,2732,0.208
2024-02-09,T13,Noreste,Discount,Hogar,0,40020.84,4440,0.229
2024-02-09,T13,Noreste,Discount,Ropa,0,23386.53,707,0.274
2024-02-09,T13,Noreste,Discount,Juguetes,0,28804.57,1845,0.2
2024-02-09,T13,Noreste,Discount,Farmacia,0,32658.66,816,0.237
2024-02-09,T13,Noreste,Discount,Jardin,0,17970.29,1109,0.216
2024-02-16,T13,Noreste,Discount,Alimentacion,0,91274.05,3808,0.304
2024-02-16,T13,Noreste,Discount,Electronica,0,67118.4,2548,0.188
2024-02-16,T13,Noreste,Discount,Hogar,0,43551.37,1084,0.248
2024-02-16,T13,Noreste,Discount,Ropa,0,24742.15,2377,0.257
2024-02-16,T13,Noreste,Discount,Juguetes,0,18121.14,806,0.335
2024-02-16,T13,Noreste,Discount,Farmacia,0,22973.59,1406,0.309
2024-02-16,T13,Noreste,Discount,Jardin,0,16971.06,513,0.281
2024-02-23,T13,Noreste,Discount,Alimentacion,0,82762.28,5728,0.266
2024-02-23,T13,Noreste,Discount,Electronica,0,42758.02,2792,0.258
2024-02-23,T13,Noreste,Discount,Hogar,0,31148.48,883,0.217
2024-02-23,T13,Noreste,Discount,Ropa,0,27252.2,1429,0.238
2024-02-23,T13,Noreste,Discount,Juguetes,0,21717.53,1276,0.229
2024-02-23,T13,Noreste,Discount,Farmacia,0,25868.99,694,0.321
2024-02-23,T13,Noreste,Discount,Jardin,0,18811.75,761,0.149
2024-03-01,T13,Noreste,Discount,Alimentacion,0,106988.65,4133,0.283
2024-03-01,T13,Noreste,Discount,Electronica,0,71188.35,1634,0.268
2024-03-01,T13,Noreste,Discount,Hogar,0,33659.74,1014,0.135
2024-03-01,T13,Noreste,Discount,Ropa,0,32375.35,1599,0.266
2024-03-01,T13,Noreste,Discount,Juguetes,0,20737.54,1676,0.225
2024-03-01,T13,Noreste,Discount,Farmacia,0,21191.47,931,0.247
2024-03-01,T13,Noreste,Discount,Jardin,0,16236.33,376,0.239
2024-03-08,T13,Noreste,Discount,Alimentacion,0,102564.89,9960,0.275
2024-03-08,T13,Noreste,Discount,Electronica,0,59939.75,2763,0.221
2024-03-08,T13,Noreste,Discount,Hogar,0,30455.99,1048,0.246
2024-03-08,T13,Noreste,Discount,Ropa,0,38160.69,1289,0.33
2024-03-08,T13,Noreste,Discount,Juguetes,0,16961.12,640,0.289
2024-03-08,T13,Noreste,Discount,Farmacia,0,23869.64,721,0.294
2024-03-08,T13,Noreste,Discount,Jardin,0,15280.07,432,0.209
2024-03-15,T13,Noreste,Discount,Alimentacion,0,70603.11,2200,0.319
2024-03-15,T13,Noreste,Discount,Electronica,0,40600.79,3200,0.28
2024-03-15,T13,Noreste,Discount,Hogar,0,39094.9,1577,0.216
2024-03-15,T13,Noreste,Discount,Ropa,0,37380.99,866,0.205
2024-03-15,T13,Noreste,Discount,Juguetes,0,18467.04,1039,0.25
2024-03-15,T13,Noreste,Discount,Farmacia,0,26012.38,645,0.227
2024-03-15,T13,Noreste,Discount,Jardin,0,14614.96,534,0.319
2024-03-22,T13,Noreste,Discount,Alimentacion,0,67735.04,1841,0.202
2024-03-22,T13,Noreste,Discount,Electronica,0,52261.16,1690,0.19
2024-03-22,T13,Noreste,Discount,Hogar,0,31751.96,1336,0.224
2024-03-22,T13,Noreste,Discount,Ropa,0,36427.6,941,0.213
2024-03-22,T13,Noreste,Discount,Juguetes,0,24068.82,1450,0.24
2024-03-22,T13,Noreste,Discount,Farmacia,0,30501.44,2353,0.273
2024-03-22,T13,Noreste,Discount,Jardin,0,15980.72,417,0.176
2024-03-29,T13,Noreste,Discount,Alimentacion,0,76767.12,2146,0.238
2024-03-29,T13,Noreste,Discount,Electronica,0,45583.18,1155,0.157
2024-03-29,T13,Noreste,Discount,Hogar,0,28206.79,1205,0.192
2024-03-29,T13,Noreste,Discount,Ropa,0,34540.31,887,0.221
2024-03-29,T13,Noreste,Discount,Juguetes,0,19308.7,1092,0.292
2024-03-29,T13,Noreste,Discount,Farmacia,0,31706.41,2659,0.159
2024-03-29,T13,Noreste,Discount,Jardin,0,19593.58,528,0.217
2024-04-05,T13,Noreste,Discount,Alimentacion,0,68471.46,1643,0.319
2024-04-05,T13,Noreste,Discount,Electronica,0,54139.35,1518,0.219
2024-04-05,T13,Noreste,Discount,Hogar,0,31767.13,768,0.165
2024-04-05,T13,Noreste,Discount,Ropa,0,41691.16,2956,0.223
2024-04-05,T13,Noreste,Discount,Juguetes,0,17543.38,464,0.148
2024-04-05,T13,Noreste,Discount,Farmacia,0,24391.4,1216,0.23
2024-04-05,T13,Noreste,Discount,Jardin,0,14681.68,395,0.282
2024-04-12,T13,Noreste,Discount,Alimentacion,0,106710.45,2522,0.2
2024-04-12,T13,Noreste,Discount,Electronica,0,56533.54,1263,0.318
2024-04-12,T13,Noreste,Discount,Hogar,0,41813.24,4734,0.174
2024-04-12,T13,Noreste,Discount,Ropa,0,38120.27,1738,0.214
2024-04-12,T13,Noreste,Discount,Juguetes,0,26467.24,1120,0.217
2024-04-12,T13,Noreste,Discount,Farmacia,0,25886.54,643,0.285
2024-04-12,T13,Noreste,Discount,Jardin,0,13657.58,314,0.264
2024-04-19,T13,Noreste,Discount,Alimentacion,0,85366.9,2207,0.277
2024-04-19,T13,Noreste,Discount,Electronica,0,71718.29,1805,0.266
2024-04-19,T13,Noreste,Discount,Hogar,0,34167.73,1877,0.213
2024-04-19,T13,Noreste,Discount,Ropa,0,35112.83,1284,0.183
2024-04-19,T13,Noreste,Discount,Juguetes,0,22760.61,615,0.254
2024-04-19,T13,Noreste,Discount,Farmacia,0,28077.81,2937,0.209
2024-04-19,T13,Noreste,Discount,Jardin,0,20100.72,1592,0.227
2024-04-26,T13,Noreste,Discount,Alimentacion,0,81674.17,4085,0.226
2024-04-26,T13,Noreste,Discount,Electronica,0,50329.12,1623,0.293
2024-04-26,T13,Noreste,Discount,Hogar,0,27096.45,1145,0.168
2024-04-26,T13,Noreste,Discount,Ropa,0,26562.84,824,0.236
2024-04-26,T13,Noreste,Discount,Juguetes,0,29659.91,1310,0.288
2024-04-26,T13,Noreste,Discount,Farmacia,0,34773.57,1337,0.136
2024-04-26,T13,Noreste,Discount,Jardin,0,20692.39,514,0.239
2024-05-03,T13,Noreste,Discount,Alimentacion,0,62409.21,1394,0.232
2024-05-03,T13,Noreste,Discount,Electronica,0,62488.59,2041,0.283
2024-05-03,T13,Noreste,Discount,Hogar,0,43384.06,970,0.203
2024-05-03,T13,Noreste,Discount,Ropa,0,34630.63,1003,0.189
2024-05-03,T13,Noreste,Discount,Juguetes,0,28601.45,1148,0.229
2024-05-03,T13,Noreste,Discount,Farmacia,0,33680.92,785,0.27
2024-05-03,T13,Noreste,Discount,Jardin,0,21312.66,1335,0.236
2024-05-10,T13,Noreste,Discount,Alimentacion,0,71356.27,1800,0.248
2024-05-10,T13,Noreste,Discount,Electronica,0,43239.82,1223,0.223
2024-05-10,T13,Noreste,Discount,Hogar,0,29222.44,1769,0.251
2024-05-10,T13,Noreste,Discount,Ropa,0,34800.52,962,0.146
2024-05-10,T13,Noreste,Discount,Juguetes,0,22563.81,601,0.223
2024-05-10,T13,Noreste,Discount,Farmacia,0,22261.84,1006,0.293
2024-05-10,T13,Noreste,Discount,Jardin,0,15022.14,346,0.326
2024-05-17,T13,Noreste,Discount,Alimentacion,0,88727.51,7109,0.15
2024-05-17,T13,Noreste,Discount,Electronica,0,57393.41,1351,0.216
2024-05-17,T13,Noreste,Discount,Hogar,0,43300.38,2248,0.166
2024-05-17,T13,Noreste,Discount,Ropa,0,40705.19,1307,0.3
2024-05-17,T13,Noreste,Discount,Juguetes,0,28367.07,671,0.133
2024-05-17,T13,Noreste,Discount,Farmacia,0,22705.95,800,0.183
2024-05-17,T13,Noreste,Discount,Jardin,0,18407.1,909,0.192
2024-05-24,T13,Noreste,Discount,Alimentacion,0,61546.44,4228,0.249
2024-05-24,T13,Noreste,Discount,Electronica,0,39815.08,1146,0.155
2024-05-24,T13,Noreste,Discount,Hogar,0,29667.95,1100,0.188
2024-05-24,T13,Noreste,Discount,Ropa,0,30323.9,1541,0.245
2024-05-24,T13,Noreste,Discount,Juguetes,0,25761.03,2129,0.198
2024-05-24,T13,Noreste,Discount,Farmacia,0,22613.94,1116,0.267
2024-05-24,T13,Noreste,Discount,Jardin,0,16816.16,989,0.28
2024-05-31,T13,Noreste,Discount,Alimentacion,0,101850.42,5275,0.371
2024-05-31,T13,Noreste,Discount,Electronica,0,56266.99,4479,0.259
2024-05-31,T13,Noreste,Discount,Hogar,0,27291.36,1083,0.267
2024-05-31,T13,Noreste,Discount,Ropa,0,25773.45,1668,0.287
2024-05-31,T13,Noreste,Discount,Juguetes,0,29809.55,1338,0.266
2024-05-31,T13,Noreste,Discount,Farmacia,0,21980.67,692,0.242
2024-05-31,T13,Noreste,Discount,Jardin,0,19775.12,1753,0.252
2024-06-07,T13,Noreste,Discount,Alimentacion,0,70195.96,2112,0.151
2024-06-07,T13,Noreste,Discount,Electronica,0,54194.83,1651,0.229
2024-06-07,T13,Noreste,Discount,Hogar,0,46033.97,1495,0.207
2024-06-07,T13,Noreste,Discount,Ropa,0,31126.77,863,0.281
2024-06-07,T13,Noreste,Discount,Juguetes,0,27421.61,1019,0.147
2024-06-07,T13,Noreste,Discount,Farmacia,0,35199.61,1118,0.201
2024-06-07,T13,Noreste,Discount,Jardin,0,19608.82,626,0.362
2024-06-14,T13,Noreste,Discount,Alimentacion,0,85983.23,2128,0.174
2024-06-14,T13,Noreste,Discount,Electronica,0,53624.99,3766,0.28
2024-06-14,T13,Noreste,Discount,Hogar,0,39715.82,1451,0.225
2024-06-14,T13,Noreste,Discount,Ropa,0,24491.25,1314,0.129
2024-06-14,T13,Noreste,Discount,Juguetes,0,29247.93,1231,0.285
2024-06-14,T13,Noreste,Discount,Farmacia,0,26447.06,1063,0.253
2024-06-14,T13,Noreste,Discount,Jardin,0,16009.59,818,0.269
2024-06-21,T13,Noreste,Discount,Alimentacion,0,89413.33,2751,0.241
2024-06-21,T13,Noreste,Discount,Electronica,0,50098.67,2384,0.286
2024-06-21,T13,Noreste,Discount,Hogar,0,34705.38,1140,0.253
2024-06-21,T13,Noreste,Discount,Ropa,0,39718.52,1833,0.203
2024-06-21,T13,Noreste,Discount,Juguetes,0,27906.15,1999,0.166
2024-06-21,T13,Noreste,Discount,Farmacia,0,26106.75,587,0.269
2024-06-21,T13,Noreste,Discount,Jardin,0,13078.83,334,0.314
2024-06-28,T13,Noreste,Discount,Alimentacion,0,86372.0,5160,0.252
2024-06-28,T13,Noreste,Discount,Electronica,0,59829.04,2464,0.211
2024-06-28,T13,Noreste,Discount,Hogar,0,31753.0,1005,0.167
2024-06-28,T13,Noreste,Discount,Ropa,0,35054.21,3581,0.228
2024-06-28,T13,Noreste,Discount,Juguetes,0,18600.09,611,0.198
2024-06-28,T13,Noreste,Discount,Farmacia,0,32299.81,2638,0.198
2024-06-28,T13,Noreste,Discount,Jardin,0,19557.26,2217,0.269
2024-07-05,T13,Noreste,Discount,Alimentacion,0,73737.33,2414,0.305
2024-07-05,T13,Noreste,Discount,Electronica,0,41910.45,1232,0.301
2024-07-05,T13,Noreste,Discount,Hogar,0,40798.7,1505,0.258
2024-07-05,T13,Noreste,Discount,Ropa,0,32438.4,831,0.249
2024-07-05,T13,Noreste,Discount,Juguetes,0,27399.46,610,0.266
2024-07-05,T13,Noreste,Discount,Farmacia,0,24509.64,623,0.264
2024-07-05,T13,Noreste,Discount,Jardin,0,20490.82,991,0.25
2024-07-12,T13,Noreste,Discount,Alimentacion,0,78937.21,9471,0.324
2024-07-12,T13,Noreste,Discount,Electronica,0,40297.39,1692,0.178
2024-07-12,T13,Noreste,Discount,Hogar,0,42321.26,1137,0.216
2024-07-12,T13,Noreste,Discount,Ropa,0,29914.1,1119,0.243
2024-07-12,T13,Noreste,Discount,Juguetes,0,17774.11,589,0.263
2024-07-12,T13,Noreste,Discount,Farmacia,0,29624.02,832,0.318
2024-07-12,T13,Noreste,Discount,Jardin,0,21420.74,1364,0.239
2024-07-19,T13,Noreste,Discount,Alimentacion,0,70572.23,2693,0.122
2024-07-19,T13,Noreste,Discount,Electronica,0,47845.37,2237,0.267
2024-07-19,T13,Noreste,Discount,Hogar,0,38590.64,923,0.289
2024-07-19,T13,Noreste,Discount,Ropa,0,32560.64,816,0.214
2024-07-19,T13,Noreste,Discount,Juguetes,0,27745.97,1131,0.205
2024-07-19,T13,Noreste,Discount,Farmacia,0,22062.71,1747,0.181
2024-07-19,T13,Noreste,Discount,Jardin,0,22153.15,1702,0.257
2024-07-26,T13,Noreste,Discount,Alimentacion,0,76269.04,3213,0.254
2024-07-26,T13,Noreste,Discount,Electronica,0,68757.97,2507,0.22
2024-07-26,T13,Noreste,Discount,Hogar,0,29743.57,1647,0.217
2024-07-26,T13,Noreste,Discount,Ropa,0,28993.52,860,0.192
2024-07-26,T13,Noreste,Discount,Juguetes,0,22847.11,1086,0.241
2024-07-26,T13,Noreste,Discount,Farmacia,0,28940.39,647,0.228
2024-07-26,T13,Noreste,Discount,Jardin,0,20692.56,1511,0.259
2024-08-02,T13,Noreste,Discount,Alimentacion,0,102951.45,2522,0.293
2024-08-02,T13,Noreste,Discount,Electronica,0,44574.27,1241,0.247
2024-08-02,T13,Noreste,Discount,Hogar,0,33579.35,1495,0.214
2024-08-02,T13,Noreste,Discount,Ropa,0,29167.11,869,0.217
2024-08-02,T13,Noreste,Discount,Juguetes,0,23268.71,2327,0.258
2024-08-02,T13,Noreste,Discount,Farmacia,0,26303.19,1067,0.271
2024-08-02,T13,Noreste,Discount,Jardin,0,17016.98,516,0.252
2024-08-09,T13,Noreste,Discount,Alimentacion,0,101997.67,8651,0.211
2024-08-09,T13,Noreste,Discount,Electronica,0,57630.53,2844,0.199
2024-08-09,T13,Noreste,Discount,Hogar,0,42709.53,1596,0.201
2024-08-09,T13,Noreste,Discount,Ropa,0,42044.73,1286,0.246
2024-08-09,T13,Noreste,Discount,Juguetes,0,21728.35,1085,0.302
2024-08-09,T13,Noreste,Discount,Farmacia,0,29239.36,742,0.295
2024-08-09,T13,Noreste,Discount,Jardin,0,19431.2,757,0.235
2024-08-16,T13,Noreste,Discount,Alimentacion,0,79074.35,2000,0.288
2024-08-16,T13,Noreste,Discount,Electronica,0,61969.66,1509,0.235
2024-08-16,T13,Noreste,Discount,Hogar,0,33535.8,982,0.22
2024-08-16,T13,Noreste,Discount,Ropa,0,23813.59,638,0.174
2024-08-16,T13,Noreste,Discount,Juguetes,0,16520.39,383,0.3
2024-08-16,T13,Noreste,Discount,Farmacia,0,34528.56,929,0.25
2024-08-16,T13,Noreste,Discount,Jardin,0,22220.28,504,0.238
2024-08-23,T13,Noreste,Discount,Alimentacion,0,69688.71,3109,0.239
2024-08-23,T13,Noreste,Discount,Electronica,0,44116.41,1040,0.297
2024-08-23,T13,Noreste,Discount,Hogar,0,45387.1,1752,0.217
2024-08-23,T13,Noreste,Discount,Ropa,0,41314.22,1749,0.292
2024-08-23,T13,Noreste,Discount,Juguetes,0,19350.46,514,0.206
2024-08-23,T13,Noreste,Discount,Farmacia,0,24362.56,2739,0.216
2024-08-23,T13,Noreste,Discount,Jardin,0,14850.24,387,0.231
2024-08-30,T13,Noreste,Discount,Alimentacion,0,105506.51,2400,0.257
2024-08-30,T13,Noreste,Discount,Electronica,0,58869.64,3289,0.214
2024-08-30,T13,Noreste,Discount,Hogar,0,41512.43,940,0.239
2024-08-30,T13,Noreste,Discount,Ropa,0,23825.31,530,0.232
2024-08-30,T13,Noreste,Discount,Juguetes,0,26279.01,3274,0.296
2024-08-30,T13,Noreste,Discount,Farmacia,0,25488.98,1152,0.291
2024-08-30,T13,Noreste,Discount,Jardin,0,16015.06,645,0.144
2024-09-06,T13,Noreste,Discount,Alimentacion,0,81646.46,2780,0.309
2024-09-06,T13,Noreste,Discount,Electronica,0,61453.74,3624,0.256
2024-09-06,T13,Noreste,Discount,Hogar,0,44425.14,1103,0.214
2024-09-06,T13,Noreste,Discount,Ropa,0,41341.75,1314,0.232
2024-09-06,T13,Noreste,Discount,Juguetes,0,22423.61,603,0.155
2024-09-06,T13,Noreste,Discount,Farmacia,0,32712.2,1398,0.242
2024-09-06,T13,Noreste,Discount,Jardin,0,16200.57,750,0.289
2024-09-13,T13,Noreste,Discount,Alimentacion,0,93398.2,5415,0.26
2024-09-13,T13,Noreste,Discount,Electronica,0,51529.81,1799,0.156
2024-09-13,T13,Noreste,Discount,Hogar,0,37513.61,1071,0.154
2024-09-13,T13,Noreste,Discount,Ropa,0,37326.35,1661,0.254
2024-09-13,T13,Noreste,Discount,Juguetes,0,19517.02,760,0.171
2024-09-13,T13,Noreste,Discount,Farmacia,0,30882.46,739,0.215
2024-09-13,T13,Noreste,Discount,Jardin,0,22352.6,1145,0.257
2024-09-20,T13,Noreste,Discount,Alimentacion,0,99727.49,2869,0.173
2024-09-20,T13,Noreste,Discount,Electronica,0,66044.42,3623,0.336
2024-09-20,T13,Noreste,Discount,Hogar,0,46743.04,1954,0.261
2024-09-20,T13,Noreste,Discount,Ropa,0,28583.4,734,0.198
2024-09-20,T13,Noreste,Discount,Juguetes,0,27751.69,1223,0.303
2024-09-20,T13,Noreste,Discount,Farmacia,0,28067.78,1280,0.189
2024-09-20,T13,Noreste,Discount,Jardin,0,14137.58,1034,0.294
2024-09-27,T13,Noreste,Discount,Alimentacion,0,96012.22,4339,0.165
2024-09-27,T13,Noreste,Discount,Electronica,0,58828.54,1351,0.244
2024-09-27,T13,Noreste,Discount,Hogar,0,40270.72,1133,0.195
2024-09-27,T13,Noreste,Discount,Ropa,0,36102.78,1369,0.209
2024-09-27,T13,Noreste,Discount,Juguetes,0,22610.85,999,0.234
2024-09-27,T13,Noreste,Discount,Farmacia,0,25361.91,1063,0.302
2024-09-27,T13,Noreste,Discount,Jardin,0,18515.12,1543,0.259
2024-10-04,T13,Noreste,Discount,Alimentacion,0,77134.63,2258,0.255
2024-10-04,T13,Noreste,Discount,Electronica,0,39149.83,3520,0.302
2024-10-04,T13,Noreste,Discount,Hogar,0,30111.44,1144,0.267
2024-10-04,T13,Noreste,Discount,Ropa,0,40830.93,1265,0.251
2024-10-04,T13,Noreste,Discount,Juguetes,0,21489.29,575,0.253
2024-10-04,T13,Noreste,Discount,Farmacia,0,34856.88,1264,0.315
2024-10-04,T13,Noreste,Discount,Jardin,0,15646.49,376,0.265
2024-10-11,T13,Noreste,Discount,Alimentacion,0,101473.11,5108,0.234
2024-10-11,T13,Noreste,Discount,Electronica,0,46291.45,2082,0.336
2024-10-11,T13,Noreste,Discount,Hogar,0,47451.91,1956,0.357
2024-10-11,T13,Noreste,Discount,Ropa,0,26963.31,1176,0.205
2024-10-11,T13,Noreste,Discount,Juguetes,0,28125.45,3173,0.2
2024-10-11,T13,Noreste,Discount,Farmacia,0,23995.53,936,0.225
2024-10-11,T13,Noreste,Discount,Jardin,0,17406.3,616,0.254
2024-10-18,T13,Noreste,Discount,Alimentacion,0,105336.2,5191,0.157
2024-10-18,T13,Noreste,Discount,Electronica,0,68938.81,3678,0.277
2024-10-18,T13,Noreste,Discount,Hogar,0,47199.8,1199,0.29
2024-10-18,T13,Noreste,Discount,Ropa,0,36722.33,1423,0.152
2024-10-18,T13,Noreste,Discount,Juguetes,0,29734.84,1719,0.265
2024-10-18,T13,Noreste,Discount,Farmacia,0,27878.64,1916,0.226
2024-10-18,T13,Noreste,Discount,Jardin,0,21765.34,749,0.23
2024-10-25,T13,Noreste,Discount,Alimentacion,0,76618.44,1832,0.226
2024-10-25,T13,Noreste,Discount,Electronica,0,65653.73,3627,0.296
2024-10-25,T13,Noreste,Discount,Hogar,0,46134.63,4668,0.255
2024-10-25,T13,Noreste,Discount,Ropa,0,37853.94,1065,0.307
2024-10-25,T13,Noreste,Discount,Juguetes,0,26470.14,614,0.314
2024-10-25,T13,Noreste,Discount,Farmacia,0,29846.03,758,0.294
2024-10-25,T13,Noreste,Discount,Jardin,0,14095.4,653,0.192
2024-11-01,T13,Noreste,Discount,Alimentacion,1,96058.78,3417,0.229
2024-11-01,T13,Noreste,Discount,Electronica,1,120243.51,6751,0.346
2024-11-01,T13,Noreste,Discount,Hogar,1,38302.0,2333,0.159
2024-11-01,T13,Noreste,Discount,Ropa,1,33348.17,872,0.317
2024-11-01,T13,Noreste,Discount,Juguetes,1,31186.18,1198,0.174
2024-11-01,T13,Noreste,Discount,Farmacia,1,28962.22,1462,0.28
2024-11-01,T13,Noreste,Discount,Jardin,1,14690.83,731,0.276
2024-11-08,T13,Noreste,Discount,Alimentacion,1,95221.88,2446,0.184
2024-11-08,T13,Noreste,Discount,Electronica,1,117509.38,3390,0.226
2024-11-08,T13,Noreste,Discount,Hogar,1,45930.78,1249,0.265
2024-11-08,T13,Noreste,Discount,Ropa,1,28785.12,675,0.291
2024-11-08,T13,Noreste,Discount,Juguetes,1,42631.05,1017,0.235
2024-11-08,T13,Noreste,Discount,Farmacia,1,21339.38,592,0.183
2024-11-08,T13,Noreste,Discount,Jardin,1,13505.68,830,0.254
2024-11-15,T13,Noreste,Discount,Alimentacion,1,84326.53,7525,0.249
2024-11-15,T13,Noreste,Discount,Electronica,1,89433.86,4498,0.243
2024-11-15,T13,Noreste,Discount,Hogar,1,40633.43,1154,0.25
2024-11-15,T13,Noreste,Discount,Ropa,1,30994.55,1568,0.31
2024-11-15,T13,Noreste,Discount,Juguetes,1,53007.65,2240,0.169
2024-11-15,T13,Noreste,Discount,Farmacia,1,19681.63,981,0.258
2024-11-15,T13,Noreste,Discount,Jardin,1,16962.23,403,0.287
2024-11-22,T13,Noreste,Discount,Alimentacion,1,98106.01,6344,0.271
2024-11-22,T13,Noreste,Discount,Electronica,1,96734.45,2251,0.177
2024-11-22,T13,Noreste,Discount,Hogar,1,40033.42,4788,0.199
2024-11-22,T13,Noreste,Discount,Ropa,1,23984.07,625,0.302
2024-11-22,T13,Noreste,Discount,Juguetes,1,37383.56,1222,0.173
2024-11-22,T13,Noreste,Discount,Farmacia,1,26283.75,3221,0.215
2024-11-22,T13,Noreste,Discount,Jardin,1,21170.47,1267,0.335
2024-11-29,T13,Noreste,Discount,Alimentacion,1,59084.56,1420,0.289
2024-11-29,T13,Noreste,Discount,Electronica,1,70140.07,2812,0.193
2024-11-29,T13,Noreste,Discount,Hogar,1,44629.6,1593,0.318
2024-11-29,T13,Noreste,Discount,Ropa,1,26619.91,2453,0.197
2024-11-29,T13,Noreste,Discount,Juguetes,1,44678.71,1151,0.311
2024-11-29,T13,Noreste,Discount,Farmacia,1,29958.44,1073,0.255
2024-11-29,T13,Noreste,Discount,Jardin,1,21863.52,537,0.181
2024-12-06,T13,Noreste,Discount,Alimentacion,1,78500.1,2273,0.29
2024-12-06,T13,Noreste,Discount,Electronica,1,80439.83,2549,0.318
2024-12-06,T13,Noreste,Discount,Hogar,1,35936.15,2450,0.313
2024-12-06,T13,Noreste,Discount,Ropa,1,36252.32,1308,0.259
2024-12-06,T13,Noreste,Discount,Juguetes,1,43083.61,3680,0.184
2024-12-06,T13,Noreste,Discount,Farmacia,1,25647.62,630,0.223
2024-12-06,T13,Noreste,Discount,Jardin,1,19610.5,485,0.217
2024-12-13,T13,Noreste,Discount,Alimentacion,1,102507.37,7855,0.299
2024-12-13,T13,Noreste,Discount,Electronica,1,75675.41,2631,0.205
2024-12-13,T13,Noreste,Discount,Hogar,1,40520.45,1300,0.228
2024-12-13,T13,Noreste,Discount,Ropa,1,40785.61,1602,0.231
2024-12-13,T13,Noreste,Discount,Juguetes,1,53853.32,2276,0.331
2024-12-13,T13,Noreste,Discount,Farmacia,1,20024.96,1371,0.225
2024-12-13,T13,Noreste,Discount,Jardin,1,18324.25,422,0.205
2024-12-20,T13,Noreste,Discount,Alimentacion,1,89120.82,2572,0.32
2024-12-20,T13,Noreste,Discount,Electronica,1,101781.6,3462,0.26
2024-12-20,T13,Noreste,Discount,Hogar,1,45104.66,2206,0.304
2024-12-20,T13,Noreste,Discount,Ropa,1,35046.29,1785,0.219
2024-12-20,T13,Noreste,Discount,Juguetes,1,53315.09,3506,0.169
2024-12-20,T13,Noreste,Discount,Farmacia,1,29752.65,2738,0.228
2024-12-20,T13,Noreste,Discount,Jardin,1,13672.74,1088,0.217
2024-12-27,T13,Noreste,Discount,Alimentacion,1,99785.53,4831,0.221
2024-12-27,T13,Noreste,Discount,Electronica,1,106003.55,5526,0.265
2024-12-27,T13,Noreste,Discount,Hogar,1,34506.88,1671,0.234
2024-12-27,T13,Noreste,Discount,Ropa,1,22898.88,561,0.294
2024-12-27,T13,Noreste,Discount,Juguetes,1,50723.56,6176,0.24
2024-12-27,T13,Noreste,Discount,Farmacia,1,28992.96,2524,0.278
2024-12-27,T13,Noreste,Discount,Jardin,1,21585.25,1613,0.285
2024-01-05,T14,Medio_Oeste,Supercenter,Alimentacion,0,74670.75,3008,0.258
2024-01-05,T14,Medio_Oeste,Supercenter,Electronica,0,50704.29,1157,0.282
2024-01-05,T14,Medio_Oeste,Supercenter,Hogar,0,36600.41,996,0.24
2024-01-05,T14,Medio_Oeste,Supercenter,Ropa,0,46814.12,1100,0.255
2024-01-05,T14,Medio_Oeste,Supercenter,Juguetes,0,28967.83,1401,0.206
2024-01-05,T14,Medio_Oeste,Supercenter,Farmacia,0,24818.98,1742,0.184
2024-01-05,T14,Medio_Oeste,Supercenter,Jardin,0,18614.53,604,0.223
2024-01-12,T14,Medio_Oeste,Supercenter,Alimentacion,0,95742.03,3360,0.267
2024-01-12,T14,Medio_Oeste,Supercenter,Electronica,0,72165.59,6154,0.267
2024-01-12,T14,Medio_Oeste,Supercenter,Hogar,0,46410.3,1670,0.215
2024-01-12,T14,Medio_Oeste,Supercenter,Ropa,0,33705.82,3398,0.2
2024-01-12,T14,Medio_Oeste,Supercenter,Juguetes,0,25478.97,1041,0.227
2024-01-12,T14,Medio_Oeste,Supercenter,Farmacia,0,36659.95,2274,0.258
2024-01-12,T14,Medio_Oeste,Supercenter,Jardin,0,16671.23,1098,0.188
2024-01-19,T14,Medio_Oeste,Supercenter,Alimentacion,0,74652.94,4064,0.245
2024-01-19,T14,Medio_Oeste,Supercenter,Electronica,0,73349.45,1730,0.235
2024-01-19,T14,Medio_Oeste,Supercenter,Hogar,0,37971.27,1209,0.242
2024-01-19,T14,Medio_Oeste,Supercenter,Ropa,0,41861.55,2003,0.241
2024-01-19,T14,Medio_Oeste,Supercenter,Juguetes,0,20224.31,553,0.222
2024-01-19,T14,Medio_Oeste,Supercenter,Farmacia,0,34000.76,855,0.344
2024-01-19,T14,Medio_Oeste,Supercenter,Jardin,0,20280.13,1290,0.257
2024-01-26,T14,Medio_Oeste,Supercenter,Alimentacion,0,100095.0,4351,0.193
2024-01-26,T14,Medio_Oeste,Supercenter,Electronica,0,53200.39,2183,0.16
2024-01-26,T14,Medio_Oeste,Supercenter,Hogar,0,33153.16,1457,0.291
2024-01-26,T14,Medio_Oeste,Supercenter,Ropa,0,33815.9,1008,0.288
2024-01-26,T14,Medio_Oeste,Supercenter,Juguetes,0,32796.51,3396,0.247
2024-01-26,T14,Medio_Oeste,Supercenter,Farmacia,0,25293.45,747,0.334
2024-01-26,T14,Medio_Oeste,Supercenter,Jardin,0,24058.07,1511,0.218
2024-02-02,T14,Medio_Oeste,Supercenter,Alimentacion,0,74631.21,5226,0.154
2024-02-02,T14,Medio_Oeste,Supercenter,Electronica,0,57888.4,1700,0.212
2024-02-02,T14,Medio_Oeste,Supercenter,Hogar,0,45904.5,1310,0.26
2024-02-02,T14,Medio_Oeste,Supercenter,Ropa,0,46675.3,4251,0.191
2024-02-02,T14,Medio_Oeste,Supercenter,Juguetes,0,30730.11,1917,0.26
2024-02-02,T14,Medio_Oeste,Supercenter,Farmacia,0,27600.27,945,0.313
2024-02-02,T14,Medio_Oeste,Supercenter,Jardin,0,23522.89,769,0.211
2024-02-09,T14,Medio_Oeste,Supercenter,Alimentacion,0,81954.88,2251,0.212
2024-02-09,T14,Medio_Oeste,Supercenter,Electronica,0,49951.88,3242,0.26
2024-02-09,T14,Medio_Oeste,Supercenter,Hogar,0,53975.13,2688,0.256
2024-02-09,T14,Medio_Oeste,Supercenter,Ropa,0,29385.13,3197,0.222
2024-02-09,T14,Medio_Oeste,Supercenter,Juguetes,0,31506.23,1277,0.269
2024-02-09,T14,Medio_Oeste,Supercenter,Farmacia,0,23375.71,921,0.231
2024-02-09,T14,Medio_Oeste,Supercenter,Jardin,0,23633.62,597,0.256
2024-02-16,T14,Medio_Oeste,Supercenter,Alimentacion,0,96309.16,2914,0.277
2024-02-16,T14,Medio_Oeste,Supercenter,Electronica,0,76333.17,3909,0.279
2024-02-16,T14,Medio_Oeste,Supercenter,Hogar,0,49602.61,1455,0.232
2024-02-16,T14,Medio_Oeste,Supercenter,Ropa,0,46240.72,2526,0.248
2024-02-16,T14,Medio_Oeste,Supercenter,Juguetes,0,34746.49,2041,0.191
2024-02-16,T14,Medio_Oeste,Supercenter,Farmacia,0,39983.2,3384,0.198
2024-02-16,T14,Medio_Oeste,Supercenter,Jardin,0,21239.1,517,0.338
2024-02-23,T14,Medio_Oeste,Supercenter,Alimentacion,0,106161.46,2900,0.282
2024-02-23,T14,Medio_Oeste,Supercenter,Electronica,0,69092.94,1637,0.286
2024-02-23,T14,Medio_Oeste,Supercenter,Hogar,0,54803.73,1718,0.233
2024-02-23,T14,Medio_Oeste,Supercenter,Ropa,0,38612.85,1266,0.223
2024-02-23,T14,Medio_Oeste,Supercenter,Juguetes,0,20143.02,651,0.312
2024-02-23,T14,Medio_Oeste,Supercenter,Farmacia,0,28263.72,1864,0.265
2024-02-23,T14,Medio_Oeste,Supercenter,Jardin,0,27350.62,875,0.216
2024-03-01,T14,Medio_Oeste,Supercenter,Alimentacion,0,118431.64,7372,0.266
2024-03-01,T14,Medio_Oeste,Supercenter,Electronica,0,53068.28,4590,0.254
2024-03-01,T14,Medio_Oeste,Supercenter,Hogar,0,37203.0,890,0.32
2024-03-01,T14,Medio_Oeste,Supercenter,Ropa,0,34281.21,771,0.204
2024-03-01,T14,Medio_Oeste,Supercenter,Juguetes,0,31208.81,836,0.303
2024-03-01,T14,Medio_Oeste,Supercenter,Farmacia,0,34020.66,838,0.274
2024-03-01,T14,Medio_Oeste,Supercenter,Jardin,0,22084.99,830,0.26
2024-03-08,T14,Medio_Oeste,Supercenter,Alimentacion,0,72404.02,8220,0.201
2024-03-08,T14,Medio_Oeste,Supercenter,Electronica,0,46981.74,1985,0.205
2024-03-08,T14,Medio_Oeste,Supercenter,Hogar,0,45704.17,1387,0.257
2024-03-08,T14,Medio_Oeste,Supercenter,Ropa,0,45060.44,3360,0.231
2024-03-08,T14,Medio_Oeste,Supercenter,Juguetes,0,27008.33,636,0.172
2024-03-08,T14,Medio_Oeste,Supercenter,Farmacia,0,37528.46,1072,0.228
2024-03-08,T14,Medio_Oeste,Supercenter,Jardin,0,23516.89,1762,0.253
2024-03-15,T14,Medio_Oeste,Supercenter,Alimentacion,0,124251.06,2808,0.284
2024-03-15,T14,Medio_Oeste,Supercenter,Electronica,0,54202.68,3286,0.138
2024-03-15,T14,Medio_Oeste,Supercenter,Hogar,0,35691.5,1115,0.305
2024-03-15,T14,Medio_Oeste,Supercenter,Ropa,0,28532.78,1563,0.222
2024-03-15,T14,Medio_Oeste,Supercenter,Juguetes,0,23903.87,940,0.219
2024-03-15,T14,Medio_Oeste,Supercenter,Farmacia,0,37641.65,1943,0.195
2024-03-15,T14,Medio_Oeste,Supercenter,Jardin,0,18645.36,585,0.208
2024-03-22,T14,Medio_Oeste,Supercenter,Alimentacion,0,120900.35,2726,0.23
2024-03-22,T14,Medio_Oeste,Supercenter,Electronica,0,80170.39,6143,0.263
2024-03-22,T14,Medio_Oeste,Supercenter,Hogar,0,35039.54,1920,0.253
2024-03-22,T14,Medio_Oeste,Supercenter,Ropa,0,42869.65,1235,0.313
2024-03-22,T14,Medio_Oeste,Supercenter,Juguetes,0,27689.86,654,0.251
2024-03-22,T14,Medio_Oeste,Supercenter,Farmacia,0,38806.73,2353,0.217
2024-03-22,T14,Medio_Oeste,Supercenter,Jardin,0,24423.13,553,0.234
2024-03-29,T14,Medio_Oeste,Supercenter,Alimentacion,0,86274.85,4174,0.254
2024-03-29,T14,Medio_Oeste,Supercenter,Electronica,0,76395.46,7902,0.177
2024-03-29,T14,Medio_Oeste,Supercenter,Hogar,0,48216.04,2091,0.259
2024-03-29,T14,Medio_Oeste,Supercenter,Ropa,0,39924.27,1460,0.168
2024-03-29,T14,Medio_Oeste,Supercenter,Juguetes,0,30726.09,690,0.266
2024-03-29,T14,Medio_Oeste,Supercenter,Farmacia,0,37122.9,1306,0.168
2024-03-29,T14,Medio_Oeste,Supercenter,Jardin,0,20974.65,1322,0.273
2024-04-05,T14,Medio_Oeste,Supercenter,Alimentacion,0,115798.2,3035,0.214
2024-04-05,T14,Medio_Oeste,Supercenter,Electronica,0,69763.4,1976,0.231
2024-04-05,T14,Medio_Oeste,Supercenter,Hogar,0,38090.62,938,0.253
2024-04-05,T14,Medio_Oeste,Supercenter,Ropa,0,42380.69,1319,0.3
2024-04-05,T14,Medio_Oeste,Supercenter,Juguetes,0,21044.59,499,0.214
2024-04-05,T14,Medio_Oeste,Supercenter,Farmacia,0,38565.96,939,0.256
2024-04-05,T14,Medio_Oeste,Supercenter,Jardin,0,22652.77,1882,0.28
2024-04-12,T14,Medio_Oeste,Supercenter,Alimentacion,0,102708.16,9312,0.191
2024-04-12,T14,Medio_Oeste,Supercenter,Electronica,0,83174.36,4098,0.321
2024-04-12,T14,Medio_Oeste,Supercenter,Hogar,0,36404.15,1141,0.178
2024-04-12,T14,Medio_Oeste,Supercenter,Ropa,0,43957.73,1630,0.228
2024-04-12,T14,Medio_Oeste,Supercenter,Juguetes,0,26461.14,2635,0.307
2024-04-12,T14,Medio_Oeste,Supercenter,Farmacia,0,24648.82,1537,0.221
2024-04-12,T14,Medio_Oeste,Supercenter,Jardin,0,17478.9,625,0.215
2024-04-19,T14,Medio_Oeste,Supercenter,Alimentacion,0,122395.93,10860,0.204
2024-04-19,T14,Medio_Oeste,Supercenter,Electronica,0,72659.62,5711,0.234
2024-04-19,T14,Medio_Oeste,Supercenter,Hogar,0,52132.01,1403,0.31
2024-04-19,T14,Medio_Oeste,Supercenter,Ropa,0,42388.96,1877,0.27
2024-04-19,T14,Medio_Oeste,Supercenter,Juguetes,0,22332.7,754,0.254
2024-04-19,T14,Medio_Oeste,Supercenter,Farmacia,0,39253.83,936,0.313
2024-04-19,T14,Medio_Oeste,Supercenter,Jardin,0,24292.51,1562,0.233
2024-04-26,T14,Medio_Oeste,Supercenter,Alimentacion,0,107851.06,7331,0.317
2024-04-26,T14,Medio_Oeste,Supercenter,Electronica,0,62702.06,2229,0.277
2024-04-26,T14,Medio_Oeste,Supercenter,Hogar,0,46802.71,1571,0.236
2024-04-26,T14,Medio_Oeste,Supercenter,Ropa,0,30678.62,3415,0.187
2024-04-26,T14,Medio_Oeste,Supercenter,Juguetes,0,24244.29,877,0.29
2024-04-26,T14,Medio_Oeste,Supercenter,Farmacia,0,25913.43,856,0.296
2024-04-26,T14,Medio_Oeste,Supercenter,Jardin,0,17348.3,535,0.212
2024-05-03,T14,Medio_Oeste,Supercenter,Alimentacion,0,98058.99,2767,0.226
2024-05-03,T14,Medio_Oeste,Supercenter,Electronica,0,57768.8,1426,0.185
2024-05-03,T14,Medio_Oeste,Supercenter,Hogar,0,48503.28,1582,0.256
2024-05-03,T14,Medio_Oeste,Supercenter,Ropa,0,42863.37,1548,0.349
2024-05-03,T14,Medio_Oeste,Supercenter,Juguetes,0,33948.31,1295,0.373
2024-05-03,T14,Medio_Oeste,Supercenter,Farmacia,0,26651.84,2038,0.183
2024-05-03,T14,Medio_Oeste,Supercenter,Jardin,0,23622.09,1302,0.136
2024-05-10,T14,Medio_Oeste,Supercenter,Alimentacion,0,96548.36,4619,0.198
2024-05-10,T14,Medio_Oeste,Supercenter,Electronica,0,68669.95,2565,0.223
2024-05-10,T14,Medio_Oeste,Supercenter,Hogar,0,43932.95,1028,0.266
2024-05-10,T14,Medio_Oeste,Supercenter,Ropa,0,34249.25,1358,0.194
2024-05-10,T14,Medio_Oeste,Supercenter,Juguetes,0,33079.29,2194,0.249
2024-05-10,T14,Medio_Oeste,Supercenter,Farmacia,0,29476.5,726,0.179
2024-05-10,T14,Medio_Oeste,Supercenter,Jardin,0,25271.55,1388,0.232
2024-05-17,T14,Medio_Oeste,Supercenter,Alimentacion,0,69281.1,2930,0.242
2024-05-17,T14,Medio_Oeste,Supercenter,Electronica,0,65530.21,2279,0.343
2024-05-17,T14,Medio_Oeste,Supercenter,Hogar,0,35198.37,932,0.247
2024-05-17,T14,Medio_Oeste,Supercenter,Ropa,0,30508.62,1538,0.247
2024-05-17,T14,Medio_Oeste,Supercenter,Juguetes,0,30084.29,1209,0.192
2024-05-17,T14,Medio_Oeste,Supercenter,Farmacia,0,38465.86,3442,0.249
2024-05-17,T14,Medio_Oeste,Supercenter,Jardin,0,18160.79,432,0.238
2024-05-24,T14,Medio_Oeste,Supercenter,Alimentacion,0,99532.67,3208,0.169
2024-05-24,T14,Medio_Oeste,Supercenter,Electronica,0,76302.7,6280,0.254
2024-05-24,T14,Medio_Oeste,Supercenter,Hogar,0,52119.12,1274,0.31
2024-05-24,T14,Medio_Oeste,Supercenter,Ropa,0,38736.43,1068,0.237
2024-05-24,T14,Medio_Oeste,Supercenter,Juguetes,0,32255.52,1382,0.247
2024-05-24,T14,Medio_Oeste,Supercenter,Farmacia,0,31763.92,2568,0.295
2024-05-24,T14,Medio_Oeste,Supercenter,Jardin,0,22697.22,2237,0.265
2024-05-31,T14,Medio_Oeste,Supercenter,Alimentacion,0,83732.8,7927,0.335
2024-05-31,T14,Medio_Oeste,Supercenter,Electronica,0,73114.31,2694,0.247
2024-05-31,T14,Medio_Oeste,Supercenter,Hogar,0,44755.76,5428,0.206
2024-05-31,T14,Medio_Oeste,Supercenter,Ropa,0,32207.97,800,0.235
2024-05-31,T14,Medio_Oeste,Supercenter,Juguetes,0,20276.9,820,0.246
2024-05-31,T14,Medio_Oeste,Supercenter,Farmacia,0,40606.87,1488,0.159
2024-05-31,T14,Medio_Oeste,Supercenter,Jardin,0,15545.62,525,0.242
2024-06-07,T14,Medio_Oeste,Supercenter,Alimentacion,0,119889.94,4653,0.249
2024-06-07,T14,Medio_Oeste,Supercenter,Electronica,0,77580.85,6667,0.311
2024-06-07,T14,Medio_Oeste,Supercenter,Hogar,0,52888.7,2231,0.301
2024-06-07,T14,Medio_Oeste,Supercenter,Ropa,0,45814.62,2758,0.224
2024-06-07,T14,Medio_Oeste,Supercenter,Juguetes,0,25086.89,837,0.307
2024-06-07,T14,Medio_Oeste,Supercenter,Farmacia,0,32608.77,3319,0.195
2024-06-07,T14,Medio_Oeste,Supercenter,Jardin,0,20296.61,995,0.281
2024-06-14,T14,Medio_Oeste,Supercenter,Alimentacion,0,69571.56,4898,0.318
2024-06-14,T14,Medio_Oeste,Supercenter,Electronica,0,61882.04,3611,0.256
2024-06-14,T14,Medio_Oeste,Supercenter,Hogar,0,45286.88,1274,0.289
2024-06-14,T14,Medio_Oeste,Supercenter,Ropa,0,32407.31,818,0.162
2024-06-14,T14,Medio_Oeste,Supercenter,Juguetes,0,28578.53,1800,0.177
2024-06-14,T14,Medio_Oeste,Supercenter,Farmacia,0,31600.57,1881,0.191
2024-06-14,T14,Medio_Oeste,Supercenter,Jardin,0,18933.98,1390,0.221
2024-06-21,T14,Medio_Oeste,Supercenter,Alimentacion,0,74730.19,3079,0.237
2024-06-21,T14,Medio_Oeste,Supercenter,Electronica,0,65804.85,3456,0.209
2024-06-21,T14,Medio_Oeste,Supercenter,Hogar,0,53959.32,1343,0.279
2024-06-21,T14,Medio_Oeste,Supercenter,Ropa,0,35594.26,1051,0.232
2024-06-21,T14,Medio_Oeste,Supercenter,Juguetes,0,26571.2,2276,0.232
2024-06-21,T14,Medio_Oeste,Supercenter,Farmacia,0,22662.42,624,0.217
2024-06-21,T14,Medio_Oeste,Supercenter,Jardin,0,16342.17,442,0.282
2024-06-28,T14,Medio_Oeste,Supercenter,Alimentacion,0,99835.3,2602,0.319
2024-06-28,T14,Medio_Oeste,Supercenter,Electronica,0,62537.4,1393,0.301
2024-06-28,T14,Medio_Oeste,Supercenter,Hogar,0,34350.05,874,0.276
2024-06-28,T14,Medio_Oeste,Supercenter,Ropa,0,45845.97,4467,0.192
2024-06-28,T14,Medio_Oeste,Supercenter,Juguetes,0,19363.33,639,0.266
2024-06-28,T14,Medio_Oeste,Supercenter,Farmacia,0,30212.7,2660,0.169
2024-06-28,T14,Medio_Oeste,Supercenter,Jardin,0,19440.84,611,0.248
2024-07-05,T14,Medio_Oeste,Supercenter,Alimentacion,0,73332.26,3114,0.257
2024-07-05,T14,Medio_Oeste,Supercenter,Electronica,0,54888.54,2380,0.351
2024-07-05,T14,Medio_Oeste,Supercenter,Hogar,0,40288.99,4407,0.334
2024-07-05,T14,Medio_Oeste,Supercenter,Ropa,0,43635.42,2537,0.203
2024-07-05,T14,Medio_Oeste,Supercenter,Juguetes,0,26207.99,1027,0.222
2024-07-05,T14,Medio_Oeste,Supercenter,Farmacia,0,29839.84,1773,0.271
2024-07-05,T14,Medio_Oeste,Supercenter,Jardin,0,23597.52,929,0.284
2024-07-12,T14,Medio_Oeste,Supercenter,Alimentacion,0,93815.48,4018,0.261
2024-07-12,T14,Medio_Oeste,Supercenter,Electronica,0,52600.12,1358,0.329
2024-07-12,T14,Medio_Oeste,Supercenter,Hogar,0,53104.59,5903,0.232
2024-07-12,T14,Medio_Oeste,Supercenter,Ropa,0,27514.22,746,0.272
2024-07-12,T14,Medio_Oeste,Supercenter,Juguetes,0,27796.51,663,0.259
2024-07-12,T14,Medio_Oeste,Supercenter,Farmacia,0,25893.69,690,0.212
2024-07-12,T14,Medio_Oeste,Supercenter,Jardin,0,15142.9,582,0.338
2024-07-19,T14,Medio_Oeste,Supercenter,Alimentacion,0,92214.65,2557,0.172
2024-07-19,T14,Medio_Oeste,Supercenter,Electronica,0,62514.3,3131,0.322
2024-07-19,T14,Medio_Oeste,Supercenter,Hogar,0,39417.45,2757,0.196
2024-07-19,T14,Medio_Oeste,Supercenter,Ropa,0,45898.51,2482,0.291
2024-07-19,T14,Medio_Oeste,Supercenter,Juguetes,0,20857.73,2077,0.207
2024-07-19,T14,Medio_Oeste,Supercenter,Farmacia,0,32794.7,937,0.257
2024-07-19,T14,Medio_Oeste,Supercenter,Jardin,0,19495.65,519,0.291
2024-07-26,T14,Medio_Oeste,Supercenter,Alimentacion,0,110223.22,3210,0.27
2024-07-26,T14,Medio_Oeste,Supercenter,Electronica,0,77315.54,6849,0.308
2024-07-26,T14,Medio_Oeste,Supercenter,Hogar,0,44475.74,1083,0.209
2024-07-26,T14,Medio_Oeste,Supercenter,Ropa,0,26778.7,770,0.276
2024-07-26,T14,Medio_Oeste,Supercenter,Juguetes,0,29017.24,727,0.21
2024-07-26,T14,Medio_Oeste,Supercenter,Farmacia,0,39042.28,1883,0.161
2024-07-26,T14,Medio_Oeste,Supercenter,Jardin,0,25858.01,620,0.257
2024-08-02,T14,Medio_Oeste,Supercenter,Alimentacion,0,77866.6,3737,0.255
2024-08-02,T14,Medio_Oeste,Supercenter,Electronica,0,78611.63,2667,0.192
2024-08-02,T14,Medio_Oeste,Supercenter,Hogar,0,37744.58,950,0.311
2024-08-02,T14,Medio_Oeste,Supercenter,Ropa,0,28513.24,1486,0.179
2024-08-02,T14,Medio_Oeste,Supercenter,Juguetes,0,26634.29,1856,0.257
2024-08-02,T14,Medio_Oeste,Supercenter,Farmacia,0,40819.02,1702,0.278
2024-08-02,T14,Medio_Oeste,Supercenter,Jardin,0,16938.38,879,0.199
2024-08-09,T14,Medio_Oeste,Supercenter,Alimentacion,0,112789.73,4677,0.23
2024-08-09,T14,Medio_Oeste,Supercenter,Electronica,0,59562.84,1489,0.227
2024-08-09,T14,Medio_Oeste,Supercenter,Hogar,0,38860.73,980,0.262
2024-08-09,T14,Medio_Oeste,Supercenter,Ropa,0,43193.91,1317,0.193
2024-08-09,T14,Medio_Oeste,Supercenter,Juguetes,0,30068.82,1727,0.153
2024-08-09,T14,Medio_Oeste,Supercenter,Farmacia,0,35180.57,1182,0.248
2024-08-09,T14,Medio_Oeste,Supercenter,Jardin,0,21055.42,1443,0.194
2024-08-16,T14,Medio_Oeste,Supercenter,Alimentacion,0,116246.87,13967,0.156
2024-08-16,T14,Medio_Oeste,Supercenter,Electronica,0,47061.71,2092,0.218
2024-08-16,T14,Medio_Oeste,Supercenter,Hogar,0,40410.78,1051,0.294
2024-08-16,T14,Medio_Oeste,Supercenter,Ropa,0,37693.7,1275,0.252
2024-08-16,T14,Medio_Oeste,Supercenter,Juguetes,0,20219.23,984,0.23
2024-08-16,T14,Medio_Oeste,Supercenter,Farmacia,0,41326.29,1049,0.179
2024-08-16,T14,Medio_Oeste,Supercenter,Jardin,0,21611.65,748,0.334
2024-08-23,T14,Medio_Oeste,Supercenter,Alimentacion,0,117608.12,3120,0.304
2024-08-23,T14,Medio_Oeste,Supercenter,Electronica,0,78790.62,6452,0.279
2024-08-23,T14,Medio_Oeste,Supercenter,Hogar,0,55003.75,1953,0.29
2024-08-23,T14,Medio_Oeste,Supercenter,Ropa,0,37503.08,1175,0.161
2024-08-23,T14,Medio_Oeste,Supercenter,Juguetes,0,31747.25,3232,0.194
2024-08-23,T14,Medio_Oeste,Supercenter,Farmacia,0,22856.67,559,0.212
2024-08-23,T14,Medio_Oeste,Supercenter,Jardin,0,22993.84,789,0.24
2024-08-30,T14,Medio_Oeste,Supercenter,Alimentacion,0,99922.71,2898,0.241
2024-08-30,T14,Medio_Oeste,Supercenter,Electronica,0,48398.27,2243,0.291
2024-08-30,T14,Medio_Oeste,Supercenter,Hogar,0,38295.17,1059,0.283
2024-08-30,T14,Medio_Oeste,Supercenter,Ropa,0,44816.92,3337,0.227
2024-08-30,T14,Medio_Oeste,Supercenter,Juguetes,0,21660.62,786,0.31
2024-08-30,T14,Medio_Oeste,Supercenter,Farmacia,0,34730.64,2188,0.259
2024-08-30,T14,Medio_Oeste,Supercenter,Jardin,0,22335.54,514,0.323
2024-09-06,T14,Medio_Oeste,Supercenter,Alimentacion,0,102462.76,2649,0.35
2024-09-06,T14,Medio_Oeste,Supercenter,Electronica,0,69284.47,3086,0.132
2024-09-06,T14,Medio_Oeste,Supercenter,Hogar,0,30575.68,1283,0.26
2024-09-06,T14,Medio_Oeste,Supercenter,Ropa,0,36550.39,2174,0.268
2024-09-06,T14,Medio_Oeste,Supercenter,Juguetes,0,32349.96,2066,0.317
2024-09-06,T14,Medio_Oeste,Supercenter,Farmacia,0,41526.62,994,0.208
2024-09-06,T14,Medio_Oeste,Supercenter,Jardin,0,21780.42,2090,0.194
2024-09-13,T14,Medio_Oeste,Supercenter,Alimentacion,0,92883.89,3955,0.246
2024-09-13,T14,Medio_Oeste,Supercenter,Electronica,0,66823.16,4999,0.298
2024-09-13,T14,Medio_Oeste,Supercenter,Hogar,0,42556.61,1469,0.276
2024-09-13,T14,Medio_Oeste,Supercenter,Ropa,0,30362.68,2096,0.287
2024-09-13,T14,Medio_Oeste,Supercenter,Juguetes,0,31329.35,3081,0.264
2024-09-13,T14,Medio_Oeste,Supercenter,Farmacia,0,32101.24,1115,0.212
2024-09-13,T14,Medio_Oeste,Supercenter,Jardin,0,15694.67,910,0.243
2024-09-20,T14,Medio_Oeste,Supercenter,Alimentacion,0,91192.98,3173,0.252
2024-09-20,T14,Medio_Oeste,Supercenter,Electronica,0,46702.99,1895,0.209
2024-09-20,T14,Medio_Oeste,Supercenter,Hogar,0,32680.05,756,0.206
2024-09-20,T14,Medio_Oeste,Supercenter,Ropa,0,33200.35,771,0.289
2024-09-20,T14,Medio_Oeste,Supercenter,Juguetes,0,34454.07,885,0.32
2024-09-20,T14,Medio_Oeste,Supercenter,Farmacia,0,34003.16,905,0.264
2024-09-20,T14,Medio_Oeste,Supercenter,Jardin,0,19514.07,624,0.233
2024-09-27,T14,Medio_Oeste,Supercenter,Alimentacion,0,74209.39,4303,0.209
2024-09-27,T14,Medio_Oeste,Supercenter,Electronica,0,59036.88,2205,0.205
2024-09-27,T14,Medio_Oeste,Supercenter,Hogar,0,34930.13,1089,0.167
2024-09-27,T14,Medio_Oeste,Supercenter,Ropa,0,41204.27,1805,0.22
2024-09-27,T14,Medio_Oeste,Supercenter,Juguetes,0,24841.44,632,0.278
2024-09-27,T14,Medio_Oeste,Supercenter,Farmacia,0,39658.44,2210,0.265
2024-09-27,T14,Medio_Oeste,Supercenter,Jardin,0,22192.06,1361,0.288
2024-10-04,T14,Medio_Oeste,Supercenter,Alimentacion,0,113720.49,3049,0.26
2024-10-04,T14,Medio_Oeste,Supercenter,Electronica,0,82573.33,3282,0.212
2024-10-04,T14,Medio_Oeste,Supercenter,Hogar,0,50981.67,3149,0.224
2024-10-04,T14,Medio_Oeste,Supercenter,Ropa,0,27776.59,1379,0.21
2024-10-04,T14,Medio_Oeste,Supercenter,Juguetes,0,23574.69,787,0.239
2024-10-04,T14,Medio_Oeste,Supercenter,Farmacia,0,40514.56,3529,0.233
2024-10-04,T14,Medio_Oeste,Supercenter,Jardin,0,22544.22,1938,0.319
2024-10-11,T14,Medio_Oeste,Supercenter,Alimentacion,0,103453.66,2805,0.31
2024-10-11,T14,Medio_Oeste,Supercenter,Electronica,0,70641.47,2214,0.194
2024-10-11,T14,Medio_Oeste,Supercenter,Hogar,0,38001.25,1062,0.241
2024-10-11,T14,Medio_Oeste,Supercenter,Ropa,0,31576.59,1019,0.227
2024-10-11,T14,Medio_Oeste,Supercenter,Juguetes,0,23119.97,935,0.227
2024-10-11,T14,Medio_Oeste,Supercenter,Farmacia,0,37352.28,4654,0.239
2024-10-11,T14,Medio_Oeste,Supercenter,Jardin,0,17339.73,543,0.275
2024-10-18,T14,Medio_Oeste,Supercenter,Alimentacion,0,96325.09,3433,0.228
2024-10-18,T14,Medio_Oeste,Supercenter,Electronica,0,56985.52,1602,0.243
2024-10-18,T14,Medio_Oeste,Supercenter,Hogar,0,49751.54,1543,0.235
2024-10-18,T14,Medio_Oeste,Supercenter,Ropa,0,32047.14,1198,0.212
2024-10-18,T14,Medio_Oeste,Supercenter,Juguetes,0,33356.88,1011,0.329
2024-10-18,T14,Medio_Oeste,Supercenter,Farmacia,0,36566.41,1974,0.145
2024-10-18,T14,Medio_Oeste,Supercenter,Jardin,0,25253.35,2226,0.191
2024-10-25,T14,Medio_Oeste,Supercenter,Alimentacion,0,118893.84,2724,0.202
2024-10-25,T14,Medio_Oeste,Supercenter,Electronica,0,56253.5,1905,0.193
2024-10-25,T14,Medio_Oeste,Supercenter,Hogar,0,49306.52,3603,0.281
2024-10-25,T14,Medio_Oeste,Supercenter,Ropa,0,27796.68,809,0.292
2024-10-25,T14,Medio_Oeste,Supercenter,Juguetes,0,21888.48,1532,0.193
2024-10-25,T14,Medio_Oeste,Supercenter,Farmacia,0,40580.88,1560,0.246
2024-10-25,T14,Medio_Oeste,Supercenter,Jardin,0,17160.69,1972,0.167
2024-11-01,T14,Medio_Oeste,Supercenter,Alimentacion,1,73738.73,8193,0.188
2024-11-01,T14,Medio_Oeste,Supercenter,Electronica,1,102934.26,2876,0.287
2024-11-01,T14,Medio_Oeste,Supercenter,Hogar,1,47368.67,1529,0.235
2024-11-01,T14,Medio_Oeste,Supercenter,Ropa,1,30336.59,811,0.327
2024-11-01,T14,Medio_Oeste,Supercenter,Juguetes,1,61889.92,1632,0.288
2024-11-01,T14,Medio_Oeste,Supercenter,Farmacia,1,40694.8,1066,0.288
2024-11-01,T14,Medio_Oeste,Supercenter,Jardin,1,17094.04,400,0.209
2024-11-08,T14,Medio_Oeste,Supercenter,Alimentacion,1,112264.41,4882,0.174
2024-11-08,T14,Medio_Oeste,Supercenter,Electronica,1,87224.38,2504,0.228
2024-11-08,T14,Medio_Oeste,Supercenter,Hogar,1,53059.68,3544,0.338
2024-11-08,T14,Medio_Oeste,Supercenter,Ropa,1,30611.36,2806,0.224
2024-11-08,T14,Medio_Oeste,Supercenter,Juguetes,1,37238.86,2413,0.215
2024-11-08,T14,Medio_Oeste,Supercenter,Farmacia,1,27211.19,1677,0.199
2024-11-08,T14,Medio_Oeste,Supercenter,Jardin,1,20091.8,516,0.23
2024-11-15,T14,Medio_Oeste,Supercenter,Alimentacion,1,84028.15,2789,0.196
2024-11-15,T14,Medio_Oeste,Supercenter,Electronica,1,106119.72,3010,0.189
2024-11-15,T14,Medio_Oeste,Supercenter,Hogar,1,43887.9,1248,0.264
2024-11-15,T14,Medio_Oeste,Supercenter,Ropa,1,36422.59,3160,0.194
2024-11-15,T14,Medio_Oeste,Supercenter,Juguetes,1,51243.24,2549,0.21
2024-11-15,T14,Medio_Oeste,Supercenter,Farmacia,1,40284.23,2049,0.222
2024-11-15,T14,Medio_Oeste,Supercenter,Jardin,1,16270.15,554,0.232
2024-11-22,T14,Medio_Oeste,Supercenter,Alimentacion,1,116061.85,3489,0.238
2024-11-22,T14,Medio_Oeste,Supercenter,Electronica,1,120063.75,7242,0.237
2024-11-22,T14,Medio_Oeste,Supercenter,Hogar,1,45846.31,2942,0.234
2024-11-22,T14,Medio_Oeste,Supercenter,Ropa,1,39082.63,2483,0.201
2024-11-22,T14,Medio_Oeste,Supercenter,Juguetes,1,49471.15,3503,0.229
2024-11-22,T14,Medio_Oeste,Supercenter,Farmacia,1,40930.06,1727,0.265
2024-11-22,T14,Medio_Oeste,Supercenter,Jardin,1,20892.19,1137,0.255
2024-11-29,T14,Medio_Oeste,Supercenter,Alimentacion,1,100818.57,2453,0.164
2024-11-29,T14,Medio_Oeste,Supercenter,Electronica,1,87524.9,3833,0.243
2024-11-29,T14,Medio_Oeste,Supercenter,Hogar,1,37852.19,1155,0.209
2024-11-29,T14,Medio_Oeste,Supercenter,Ropa,1,45083.62,1756,0.205
2024-11-29,T14,Medio_Oeste,Supercenter,Juguetes,1,59215.27,1780,0.236
2024-11-29,T14,Medio_Oeste,Supercenter,Farmacia,1,38017.55,1311,0.212
2024-11-29,T14,Medio_Oeste,Supercenter,Jardin,1,18800.34,465,0.179
2024-12-06,T14,Medio_Oeste,Supercenter,Alimentacion,1,121755.66,6057,0.286
2024-12-06,T14,Medio_Oeste,Supercenter,Electronica,1,103731.86,2397,0.262
2024-12-06,T14,Medio_Oeste,Supercenter,Hogar,1,39017.02,973,0.261
2024-12-06,T14,Medio_Oeste,Supercenter,Ropa,1,32394.72,785,0.264
2024-12-06,T14,Medio_Oeste,Supercenter,Juguetes,1,36745.47,1247,0.189
2024-12-06,T14,Medio_Oeste,Supercenter,Farmacia,1,26602.52,864,0.132
2024-12-06,T14,Medio_Oeste,Supercenter,Jardin,1,21003.24,1202,0.291
2024-12-13,T14,Medio_Oeste,Supercenter,Alimentacion,1,99407.39,6228,0.25
2024-12-13,T14,Medio_Oeste,Supercenter,Electronica,1,137891.09,7739,0.266
2024-12-13,T14,Medio_Oeste,Supercenter,Hogar,1,36820.24,1955,0.237
2024-12-13,T14,Medio_Oeste,Supercenter,Ropa,1,29905.75,894,0.22
2024-12-13,T14,Medio_Oeste,Supercenter,Juguetes,1,59521.3,3519,0.201
2024-12-13,T14,Medio_Oeste,Supercenter,Farmacia,1,29364.89,2190,0.3
2024-12-13,T14,Medio_Oeste,Supercenter,Jardin,1,24181.97,645,0.382
2024-12-20,T14,Medio_Oeste,Supercenter,Alimentacion,1,81406.28,6165,0.283
2024-12-20,T14,Medio_Oeste,Supercenter,Electronica,1,138315.43,6837,0.241
2024-12-20,T14,Medio_Oeste,Supercenter,Hogar,1,46890.88,3044,0.212
2024-12-20,T14,Medio_Oeste,Supercenter,Ropa,1,26538.33,989,0.233
2024-12-20,T14,Medio_Oeste,Supercenter,Juguetes,1,59115.55,1703,0.254
2024-12-20,T14,Medio_Oeste,Supercenter,Farmacia,1,37660.56,1010,0.273
2024-12-20,T14,Medio_Oeste,Supercenter,Jardin,1,26901.0,713,0.188
2024-12-27,T14,Medio_Oeste,Supercenter,Alimentacion,1,89418.59,4268,0.245
2024-12-27,T14,Medio_Oeste,Supercenter,Electronica,1,146957.66,4774,0.279
2024-12-27,T14,Medio_Oeste,Supercenter,Hogar,1,54115.7,1595,0.226
2024-12-27,T14,Medio_Oeste,Supercenter,Ropa,1,46565.0,2245,0.232
2024-12-27,T14,Medio_Oeste,Supercenter,Juguetes,1,47530.01,1126,0.247
2024-12-27,T14,Medio_Oeste,Supercenter,Farmacia,1,28877.5,890,0.239
2024-12-27,T14,Medio_Oeste,Supercenter,Jardin,1,17667.57,410,0.211
2024-01-05,T15,Noreste,Supercenter,Alimentacion,0,87871.93,4138,0.284
2024-01-05,T15,Noreste,Supercenter,Electronica,0,71272.75,2478,0.259
2024-01-05,T15,Noreste,Supercenter,Hogar,0,31518.16,822,0.202
2024-01-05,T15,Noreste,Supercenter,Ropa,0,46255.8,4818,0.237
2024-01-05,T15,Noreste,Supercenter,Juguetes,0,21732.21,1337,0.25
2024-01-05,T15,Noreste,Supercenter,Farmacia,0,35281.7,859,0.228
2024-01-05,T15,Noreste,Supercenter,Jardin,0,21933.49,1106,0.268
2024-01-12,T15,Noreste,Supercenter,Alimentacion,0,74187.34,3875,0.32
2024-01-12,T15,Noreste,Supercenter,Electronica,0,53473.84,1800,0.239
2024-01-12,T15,Noreste,Supercenter,Hogar,0,32717.38,848,0.301
2024-01-12,T15,Noreste,Supercenter,Ropa,0,40090.58,1906,0.257
2024-01-12,T15,Noreste,Supercenter,Juguetes,0,30241.56,2965,0.248
2024-01-12,T15,Noreste,Supercenter,Farmacia,0,30604.0,1607,0.262
2024-01-12,T15,Noreste,Supercenter,Jardin,0,24327.81,1265,0.159
2024-01-19,T15,Noreste,Supercenter,Alimentacion,0,76850.35,2565,0.178
2024-01-19,T15,Noreste,Supercenter,Electronica,0,61313.55,1366,0.217
2024-01-19,T15,Noreste,Supercenter,Hogar,0,50672.57,1196,0.273
2024-01-19,T15,Noreste,Supercenter,Ropa,0,28824.43,1435,0.184
2024-01-19,T15,Noreste,Supercenter,Juguetes,0,28534.39,635,0.318
2024-01-19,T15,Noreste,Supercenter,Farmacia,0,27791.4,954,0.191
2024-01-19,T15,Noreste,Supercenter,Jardin,0,18026.5,503,0.282
2024-01-26,T15,Noreste,Supercenter,Alimentacion,0,103960.62,4377,0.238
2024-01-26,T15,Noreste,Supercenter,Electronica,0,69746.4,2119,0.277
2024-01-26,T15,Noreste,Supercenter,Hogar,0,50721.45,1889,0.258
2024-01-26,T15,Noreste,Supercenter,Ropa,0,47896.44,1115,0.198
2024-01-26,T15,Noreste,Supercenter,Juguetes,0,34090.4,929,0.218
2024-01-26,T15,Noreste,Supercenter,Farmacia,0,32645.34,3512,0.294
2024-01-26,T15,Noreste,Supercenter,Jardin,0,27105.88,1253,0.241
2024-02-02,T15,Noreste,Supercenter,Alimentacion,0,80987.95,2890,0.19
2024-02-02,T15,Noreste,Supercenter,Electronica,0,53515.56,1879,0.339
2024-02-02,T15,Noreste,Supercenter,Hogar,0,49427.49,1454,0.278
2024-02-02,T15,Noreste,Supercenter,Ropa,0,34889.27,1156,0.235
2024-02-02,T15,Noreste,Supercenter,Juguetes,0,29810.16,1017,0.121
2024-02-02,T15,Noreste,Supercenter,Farmacia,0,27407.21,2723,0.3
2024-02-02,T15,Noreste,Supercenter,Jardin,0,15843.85,382,0.127
2024-02-09,T15,Noreste,Supercenter,Alimentacion,0,121137.26,4191,0.321
2024-02-09,T15,Noreste,Supercenter,Electronica,0,73111.84,2665,0.175
2024-02-09,T15,Noreste,Supercenter,Hogar,0,30193.55,1746,0.318
2024-02-09,T15,Noreste,Supercenter,Ropa,0,32577.4,909,0.244
2024-02-09,T15,Noreste,Supercenter,Juguetes,0,23802.89,532,0.204
2024-02-09,T15,Noreste,Supercenter,Farmacia,0,33860.38,1350,0.158
2024-02-09,T15,Noreste,Supercenter,Jardin,0,17823.52,529,0.211
2024-02-16,T15,Noreste,Supercenter,Alimentacion,0,114299.41,3672,0.174
2024-02-16,T15,Noreste,Supercenter,Electronica,0,56286.61,4304,0.229
2024-02-16,T15,Noreste,Supercenter,Hogar,0,43879.11,5414,0.211
2024-02-16,T15,Noreste,Supercenter,Ropa,0,37261.21,1171,0.221
2024-02-16,T15,Noreste,Supercenter,Juguetes,0,19396.45,926,0.158
2024-02-16,T15,Noreste,Supercenter,Farmacia,0,35496.16,1940,0.169
2024-02-16,T15,Noreste,Supercenter,Jardin,0,23877.97,2652,0.197
2024-02-23,T15,Noreste,Supercenter,Alimentacion,0,92404.48,5485,0.249
2024-02-23,T15,Noreste,Supercenter,Electronica,0,53589.51,1855,0.226
2024-02-23,T15,Noreste,Supercenter,Hogar,0,40593.48,1509,0.256
2024-02-23,T15,Noreste,Supercenter,Ropa,0,40150.75,1122,0.182
2024-02-23,T15,Noreste,Supercenter,Juguetes,0,22102.4,1405,0.252
2024-02-23,T15,Noreste,Supercenter,Farmacia,0,39837.39,1728,0.229
2024-02-23,T15,Noreste,Supercenter,Jardin,0,24627.37,2618,0.285
2024-03-01,T15,Noreste,Supercenter,Alimentacion,0,93920.08,3018,0.213
2024-03-01,T15,Noreste,Supercenter,Electronica,0,57764.9,1831,0.252
2024-03-01,T15,Noreste,Supercenter,Hogar,0,33578.37,826,0.242
2024-03-01,T15,Noreste,Supercenter,Ropa,0,47174.76,1361,0.301
2024-03-01,T15,Noreste,Supercenter,Juguetes,0,25771.62,1154,0.219
2024-03-01,T15,Noreste,Supercenter,Farmacia,0,30539.12,1469,0.241
2024-03-01,T15,Noreste,Supercenter,Jardin,0,25994.92,1951,0.24
2024-03-08,T15,Noreste,Supercenter,Alimentacion,0,113349.83,3732,0.219
2024-03-08,T15,Noreste,Supercenter,Electronica,0,69120.07,1918,0.334
2024-03-08,T15,Noreste,Supercenter,Hogar,0,38346.4,4143,0.298
2024-03-08,T15,Noreste,Supercenter,Ropa,0,31454.84,852,0.27
2024-03-08,T15,Noreste,Supercenter,Juguetes,0,31300.65,714,0.21
2024-03-08,T15,Noreste,Supercenter,Farmacia,0,40099.75,1262,0.215
2024-03-08,T15,Noreste,Supercenter,Jardin,0,25377.71,753,0.179
2024-03-15,T15,Noreste,Supercenter,Alimentacion,0,81909.9,4029,0.23
2024-03-15,T15,Noreste,Supercenter,Electronica,0,47615.03,1515,0.25
2024-03-15,T15,Noreste,Supercenter,Hogar,0,34478.2,2443,0.192
2024-03-15,T15,Noreste,Supercenter,Ropa,0,26703.67,749,0.299
2024-03-15,T15,Noreste,Supercenter,Juguetes,0,29307.8,1265,0.264
2024-03-15,T15,Noreste,Supercenter,Farmacia,0,38114.36,3012,0.259
2024-03-15,T15,Noreste,Supercenter,Jardin,0,27281.38,1423,0.235
2024-03-22,T15,Noreste,Supercenter,Alimentacion,0,124310.62,11119,0.259
2024-03-22,T15,Noreste,Supercenter,Electronica,0,62153.62,1673,0.247
2024-03-22,T15,Noreste,Supercenter,Hogar,0,49627.92,1124,0.243
2024-03-22,T15,Noreste,Supercenter,Ropa,0,40349.3,3279,0.221
2024-03-22,T15,Noreste,Supercenter,Juguetes,0,33916.55,1765,0.302
2024-03-22,T15,Noreste,Supercenter,Farmacia,0,34793.63,2969,0.298
2024-03-22,T15,Noreste,Supercenter,Jardin,0,27659.26,1425,0.241
2024-03-29,T15,Noreste,Supercenter,Alimentacion,0,124509.35,5339,0.268
2024-03-29,T15,Noreste,Supercenter,Electronica,0,72775.78,2396,0.2
2024-03-29,T15,Noreste,Supercenter,Hogar,0,32700.86,846,0.118
2024-03-29,T15,Noreste,Supercenter,Ropa,0,41545.83,1042,0.221
2024-03-29,T15,Noreste,Supercenter,Juguetes,0,32691.51,912,0.195
2024-03-29,T15,Noreste,Supercenter,Farmacia,0,27112.75,1360,0.254
2024-03-29,T15,Noreste,Supercenter,Jardin,0,27010.43,603,0.265
2024-04-05,T15,Noreste,Supercenter,Alimentacion,0,99092.22,6924,0.212
2024-04-05,T15,Noreste,Supercenter,Electronica,0,77607.09,2066,0.324
2024-04-05,T15,Noreste,Supercenter,Hogar,0,54988.25,4415,0.182
2024-04-05,T15,Noreste,Supercenter,Ropa,0,38883.01,1396,0.233
2024-04-05,T15,Noreste,Supercenter,Juguetes,0,28661.2,2640,0.272
2024-04-05,T15,Noreste,Supercenter,Farmacia,0,32895.38,976,0.22
2024-04-05,T15,Noreste,Supercenter,Jardin,0,19648.93,1986,0.281
2024-04-12,T15,Noreste,Supercenter,Alimentacion,0,96650.46,3459,0.277
2024-04-12,T15,Noreste,Supercenter,Electronica,0,55455.21,3042,0.32
2024-04-12,T15,Noreste,Supercenter,Hogar,0,48387.76,2679,0.207
2024-04-12,T15,Noreste,Supercenter,Ropa,0,48797.74,2190,0.232
2024-04-12,T15,Noreste,Supercenter,Juguetes,0,25060.8,1337,0.237
2024-04-12,T15,Noreste,Supercenter,Farmacia,0,39142.7,1534,0.267
2024-04-12,T15,Noreste,Supercenter,Jardin,0,27434.65,3385,0.275
2024-04-19,T15,Noreste,Supercenter,Alimentacion,0,74661.02,2993,0.286
2024-04-19,T15,Noreste,Supercenter,Electronica,0,47948.31,1074,0.213
2024-04-19,T15,Noreste,Supercenter,Hogar,0,40317.25,4622,0.222
2024-04-19,T15,Noreste,Supercenter,Ropa,0,37534.25,2350,0.189
2024-04-19,T15,Noreste,Supercenter,Juguetes,0,19031.2,423,0.293
2024-04-19,T15,Noreste,Supercenter,Farmacia,0,31888.2,860,0.183
2024-04-19,T15,Noreste,Supercenter,Jardin,0,26529.8,619,0.211
2024-04-26,T15,Noreste,Supercenter,Alimentacion,0,90446.98,2707,0.199
2024-04-26,T15,Noreste,Supercenter,Electronica,0,72943.57,8916,0.267
2024-04-26,T15,Noreste,Supercenter,Hogar,0,48660.66,1682,0.224
2024-04-26,T15,Noreste,Supercenter,Ropa,0,48674.06,1380,0.19
2024-04-26,T15,Noreste,Supercenter,Juguetes,0,32142.9,3648,0.211
2024-04-26,T15,Noreste,Supercenter,Farmacia,0,26430.68,819,0.317
2024-04-26,T15,Noreste,Supercenter,Jardin,0,19257.23,437,0.211
2024-05-03,T15,Noreste,Supercenter,Alimentacion,0,112887.58,4376,0.256
2024-05-03,T15,Noreste,Supercenter,Electronica,0,46169.62,1321,0.231
2024-05-03,T15,Noreste,Supercenter,Hogar,0,38354.24,1413,0.283
2024-05-03,T15,Noreste,Supercenter,Ropa,0,34659.8,1126,0.17
2024-05-03,T15,Noreste,Supercenter,Juguetes,0,32993.0,953,0.205
2024-05-03,T15,Noreste,Supercenter,Farmacia,0,38072.27,1858,0.19
2024-05-03,T15,Noreste,Supercenter,Jardin,0,22848.46,2532,0.324
2024-05-10,T15,Noreste,Supercenter,Alimentacion,0,75363.52,1862,0.305
2024-05-10,T15,Noreste,Supercenter,Electronica,0,72103.65,2601,0.211
2024-05-10,T15,Noreste,Supercenter,Hogar,0,41191.46,3713,0.209
2024-05-10,T15,Noreste,Supercenter,Ropa,0,33791.03,1726,0.262
2024-05-10,T15,Noreste,Supercenter,Juguetes,0,34837.91,812,0.206
2024-05-10,T15,Noreste,Supercenter,Farmacia,0,27624.21,730,0.228
2024-05-10,T15,Noreste,Supercenter,Jardin,0,27552.52,666,0.251
2024-05-17,T15,Noreste,Supercenter,Alimentacion,0,72992.94,2148,0.179
2024-05-17,T15,Noreste,Supercenter,Electronica,0,59635.5,1468,0.259
2024-05-17,T15,Noreste,Supercenter,Hogar,0,55196.33,1715,0.313
2024-05-17,T15,Noreste,Supercenter,Ropa,0,37176.32,3778,0.231
2024-05-17,T15,Noreste,Supercenter,Juguetes,0,33595.04,2024,0.14
2024-05-17,T15,Noreste,Supercenter,Farmacia,0,24524.58,752,0.213
2024-05-17,T15,Noreste,Supercenter,Jardin,0,23503.98,569,0.184
2024-05-24,T15,Noreste,Supercenter,Alimentacion,0,105052.85,2843,0.251
2024-05-24,T15,Noreste,Supercenter,Electronica,0,61727.36,3306,0.275
2024-05-24,T15,Noreste,Supercenter,Hogar,0,47612.71,1549,0.261
2024-05-24,T15,Noreste,Supercenter,Ropa,0,28362.28,655,0.374
2024-05-24,T15,Noreste,Supercenter,Juguetes,0,24424.16,779,0.194
2024-05-24,T15,Noreste,Supercenter,Farmacia,0,35805.54,975,0.266
2024-05-24,T15,Noreste,Supercenter,Jardin,0,17374.92,1179,0.171
2024-05-31,T15,Noreste,Supercenter,Alimentacion,0,96282.04,7356,0.198
2024-05-31,T15,Noreste,Supercenter,Electronica,0,77725.74,1803,0.202
2024-05-31,T15,Noreste,Supercenter,Hogar,0,30136.48,1038,0.213
2024-05-31,T15,Noreste,Supercenter,Ropa,0,34842.82,1461,0.314
2024-05-31,T15,Noreste,Supercenter,Juguetes,0,29050.57,1622,0.231
2024-05-31,T15,Noreste,Supercenter,Farmacia,0,41020.48,4026,0.306
2024-05-31,T15,Noreste,Supercenter,Jardin,0,17859.68,1306,0.257
2024-06-07,T15,Noreste,Supercenter,Alimentacion,0,67876.84,1916,0.175
2024-06-07,T15,Noreste,Supercenter,Electronica,0,69111.71,2231,0.152
2024-06-07,T15,Noreste,Supercenter,Hogar,0,51356.9,1539,0.234
2024-06-07,T15,Noreste,Supercenter,Ropa,0,30113.84,955,0.301
2024-06-07,T15,Noreste,Supercenter,Juguetes,0,20082.48,463,0.209
2024-06-07,T15,Noreste,Supercenter,Farmacia,0,22631.25,547,0.272
2024-06-07,T15,Noreste,Supercenter,Jardin,0,24522.55,1796,0.268
2024-06-14,T15,Noreste,Supercenter,Alimentacion,0,105239.77,6088,0.175
2024-06-14,T15,Noreste,Supercenter,Electronica,0,54226.43,3445,0.233
2024-06-14,T15,Noreste,Supercenter,Hogar,0,37397.7,2183,0.244
2024-06-14,T15,Noreste,Supercenter,Ropa,0,39224.41,2690,0.209
2024-06-14,T15,Noreste,Supercenter,Juguetes,0,22462.5,946,0.232
2024-06-14,T15,Noreste,Supercenter,Farmacia,0,36516.54,1137,0.22
2024-06-14,T15,Noreste,Supercenter,Jardin,0,16668.03,464,0.334
2024-06-21,T15,Noreste,Supercenter,Alimentacion,0,103944.34,2358,0.323
2024-06-21,T15,Noreste,Supercenter,Electronica,0,76188.86,2656,0.311
2024-06-21,T15,Noreste,Supercenter,Hogar,0,31485.15,1022,0.221
2024-06-21,T15,Noreste,Supercenter,Ropa,0,42065.49,1239,0.296
2024-06-21,T15,Noreste,Supercenter,Juguetes,0,27479.91,881,0.168
2024-06-21,T15,Noreste,Supercenter,Farmacia,0,39578.06,3661,0.181
2024-06-21,T15,Noreste,Supercenter,Jardin,0,15491.67,986,0.262
2024-06-28,T15,Noreste,Supercenter,Alimentacion,0,72704.59,4107,0.223
2024-06-28,T15,Noreste,Supercenter,Electronica,0,73200.19,2488,0.282
2024-06-28,T15,Noreste,Supercenter,Hogar,0,41998.99,2672,0.205
2024-06-28,T15,Noreste,Supercenter,Ropa,0,28792.62,955,0.217
2024-06-28,T15,Noreste,Supercenter,Juguetes,0,28152.56,648,0.306
2024-06-28,T15,Noreste,Supercenter,Farmacia,0,37087.93,1510,0.218
2024-06-28,T15,Noreste,Supercenter,Jardin,0,19779.94,1205,0.233
2024-07-05,T15,Noreste,Supercenter,Alimentacion,0,123500.86,3322,0.307
2024-07-05,T15,Noreste,Supercenter,Electronica,0,65671.03,1907,0.174
2024-07-05,T15,Noreste,Supercenter,Hogar,0,41478.87,1199,0.173
2024-07-05,T15,Noreste,Supercenter,Ropa,0,38244.79,2424,0.243
2024-07-05,T15,Noreste,Supercenter,Juguetes,0,29962.64,876,0.313
2024-07-05,T15,Noreste,Supercenter,Farmacia,0,26094.75,737,0.334
2024-07-05,T15,Noreste,Supercenter,Jardin,0,23380.41,535,0.171
2024-07-12,T15,Noreste,Supercenter,Alimentacion,0,114334.22,2542,0.241
2024-07-12,T15,Noreste,Supercenter,Electronica,0,64428.28,1535,0.206
2024-07-12,T15,Noreste,Supercenter,Hogar,0,32962.49,1716,0.235
2024-07-12,T15,Noreste,Supercenter,Ropa,0,45674.96,2746,0.281
2024-07-12,T15,Noreste,Supercenter,Juguetes,0,27195.79,2514,0.196
2024-07-12,T15,Noreste,Supercenter,Farmacia,0,32098.1,2133,0.221
2024-07-12,T15,Noreste,Supercenter,Jardin,0,25361.9,806,0.225
2024-07-19,T15,Noreste,Supercenter,Alimentacion,0,87031.49,2106,0.229
2024-07-19,T15,Noreste,Supercenter,Electronica,0,72988.77,2978,0.271
2024-07-19,T15,Noreste,Supercenter,Hogar,0,48451.56,2046,0.279
2024-07-19,T15,Noreste,Supercenter,Ropa,0,46589.02,1316,0.259
2024-07-19,T15,Noreste,Supercenter,Juguetes,0,25660.31,958,0.201
2024-07-19,T15,Noreste,Supercenter,Farmacia,0,34118.28,1573,0.19
2024-07-19,T15,Noreste,Supercenter,Jardin,0,27300.03,1936,0.286
2024-07-26,T15,Noreste,Supercenter,Alimentacion,0,84119.38,9284,0.259
2024-07-26,T15,Noreste,Supercenter,Electronica,0,61799.67,2490,0.337
2024-07-26,T15,Noreste,Supercenter,Hogar,0,47385.57,1825,0.228
2024-07-26,T15,Noreste,Supercenter,Ropa,0,34217.63,2906,0.298
2024-07-26,T15,Noreste,Supercenter,Juguetes,0,22185.98,654,0.206
2024-07-26,T15,Noreste,Supercenter,Farmacia,0,39268.61,1091,0.205
2024-07-26,T15,Noreste,Supercenter,Jardin,0,19095.21,2324,0.249
2024-08-02,T15,Noreste,Supercenter,Alimentacion,0,84598.29,4903,0.171
2024-08-02,T15,Noreste,Supercenter,Electronica,0,51927.12,5644,0.207
2024-08-02,T15,Noreste,Supercenter,Hogar,0,38019.89,1685,0.262
2024-08-02,T15,Noreste,Supercenter,Ropa,0,35482.52,806,0.153
2024-08-02,T15,Noreste,Supercenter,Juguetes,0,26470.27,1366,0.332
2024-08-02,T15,Noreste,Supercenter,Farmacia,0,34424.82,1976,0.263
2024-08-02,T15,Noreste,Supercenter,Jardin,0,24047.11,598,0.256
2024-08-09,T15,Noreste,Supercenter,Alimentacion,0,116645.79,4221,0.266
2024-08-09,T15,Noreste,Supercenter,Electronica,0,81053.08,9143,0.214
2024-08-09,T15,Noreste,Supercenter,Hogar,0,35389.63,788,0.219
2024-08-09,T15,Noreste,Supercenter,Ropa,0,44475.99,2347,0.268
2024-08-09,T15,Noreste,Supercenter,Juguetes,0,19296.81,1290,0.194
2024-08-09,T15,Noreste,Supercenter,Farmacia,0,37944.55,932,0.218
2024-08-09,T15,Noreste,Supercenter,Jardin,0,20104.55,809,0.213
2024-08-16,T15,Noreste,Supercenter,Alimentacion,0,117955.71,5752,0.273
2024-08-16,T15,Noreste,Supercenter,Electronica,0,61025.92,1779,0.301
2024-08-16,T15,Noreste,Supercenter,Hogar,0,35680.09,2480,0.267
2024-08-16,T15,Noreste,Supercenter,Ropa,0,38799.34,1801,0.207
2024-08-16,T15,Noreste,Supercenter,Juguetes,0,34883.73,1007,0.178
2024-08-16,T15,Noreste,Supercenter,Farmacia,0,24356.83,1584,0.296
2024-08-16,T15,Noreste,Supercenter,Jardin,0,16493.81,999,0.302
2024-08-23,T15,Noreste,Supercenter,Alimentacion,0,89711.11,3451,0.277
2024-08-23,T15,Noreste,Supercenter,Electronica,0,77291.08,4442,0.232
2024-08-23,T15,Noreste,Supercenter,Hogar,0,53564.67,1231,0.259
2024-08-23,T15,Noreste,Supercenter,Ropa,0,31906.24,1026,0.223
2024-08-23,T15,Noreste,Supercenter,Juguetes,0,20206.39,1883,0.085
2024-08-23,T15,Noreste,Supercenter,Farmacia,0,38170.54,2171,0.208
2024-08-23,T15,Noreste,Supercenter,Jardin,0,25282.54,2326,0.266
2024-08-30,T15,Noreste,Supercenter,Alimentacion,0,71720.26,1713,0.189
2024-08-30,T15,Noreste,Supercenter,Electronica,0,71766.33,2157,0.218
2024-08-30,T15,Noreste,Supercenter,Hogar,0,54220.84,1286,0.166
2024-08-30,T15,Noreste,Supercenter,Ropa,0,36947.81,3792,0.263
2024-08-30,T15,Noreste,Supercenter,Juguetes,0,21053.71,700,0.194
2024-08-30,T15,Noreste,Supercenter,Farmacia,0,40954.65,2826,0.2
2024-08-30,T15,Noreste,Supercenter,Jardin,0,15758.22,353,0.255
2024-09-06,T15,Noreste,Supercenter,Alimentacion,0,95693.16,3266,0.291
2024-09-06,T15,Noreste,Supercenter,Electronica,0,55029.82,3703,0.195
2024-09-06,T15,Noreste,Supercenter,Hogar,0,36500.48,1274,0.261
2024-09-06,T15,Noreste,Supercenter,Ropa,0,42821.49,1475,0.216
2024-09-06,T15,Noreste,Supercenter,Juguetes,0,34174.51,1714,0.245
2024-09-06,T15,Noreste,Supercenter,Farmacia,0,22590.78,640,0.241
2024-09-06,T15,Noreste,Supercenter,Jardin,0,17749.8,2203,0.303
2024-09-13,T15,Noreste,Supercenter,Alimentacion,0,106264.41,3257,0.214
2024-09-13,T15,Noreste,Supercenter,Electronica,0,69936.64,2400,0.263
2024-09-13,T15,Noreste,Supercenter,Hogar,0,43512.73,1609,0.174
2024-09-13,T15,Noreste,Supercenter,Ropa,0,36147.2,1497,0.282
2024-09-13,T15,Noreste,Supercenter,Juguetes,0,33257.52,1960,0.265
2024-09-13,T15,Noreste,Supercenter,Farmacia,0,25261.21,638,0.312
2024-09-13,T15,Noreste,Supercenter,Jardin,0,20553.75,462,0.348
2024-09-20,T15,Noreste,Supercenter,Alimentacion,0,116551.06,4430,0.097
2024-09-20,T15,Noreste,Supercenter,Electronica,0,82065.19,2897,0.245
2024-09-20,T15,Noreste,Supercenter,Hogar,0,52557.4,6153,0.249
2024-09-20,T15,Noreste,Supercenter,Ropa,0,33965.76,1222,0.273
2024-09-20,T15,Noreste,Supercenter,Juguetes,0,25101.04,658,0.272
2024-09-20,T15,Noreste,Supercenter,Farmacia,0,36168.4,1444,0.301
2024-09-20,T15,Noreste,Supercenter,Jardin,0,17349.49,1312,0.323
2024-09-27,T15,Noreste,Supercenter,Alimentacion,0,72841.92,1894,0.216
2024-09-27,T15,Noreste,Supercenter,Electronica,0,48280.04,1181,0.178
2024-09-27,T15,Noreste,Supercenter,Hogar,0,31241.95,723,0.229
2024-09-27,T15,Noreste,Supercenter,Ropa,0,41371.61,2859,0.272
2024-09-27,T15,Noreste,Supercenter,Juguetes,0,32409.59,733,0.38
2024-09-27,T15,Noreste,Supercenter,Farmacia,0,24058.61,743,0.218
2024-09-27,T15,Noreste,Supercenter,Jardin,0,16680.88,1235,0.188
2024-10-04,T15,Noreste,Supercenter,Alimentacion,0,107481.27,10892,0.162
2024-10-04,T15,Noreste,Supercenter,Electronica,0,76462.44,3933,0.192
2024-10-04,T15,Noreste,Supercenter,Hogar,0,48877.69,1480,0.183
2024-10-04,T15,Noreste,Supercenter,Ropa,0,37929.56,3951,0.24
2024-10-04,T15,Noreste,Supercenter,Juguetes,0,24314.92,1310,0.252
2024-10-04,T15,Noreste,Supercenter,Farmacia,0,35155.16,1472,0.272
2024-10-04,T15,Noreste,Supercenter,Jardin,0,17114.73,392,0.314
2024-10-11,T15,Noreste,Supercenter,Alimentacion,0,91359.51,6075,0.301
2024-10-11,T15,Noreste,Supercenter,Electronica,0,62068.86,2663,0.24
2024-10-11,T15,Noreste,Supercenter,Hogar,0,49727.17,1825,0.132
2024-10-11,T15,Noreste,Supercenter,Ropa,0,48038.75,1107,0.281
2024-10-11,T15,Noreste,Supercenter,Juguetes,0,31090.26,753,0.171
2024-10-11,T15,Noreste,Supercenter,Farmacia,0,24182.86,538,0.233
2024-10-11,T15,Noreste,Supercenter,Jardin,0,20393.22,997,0.257
2024-10-18,T15,Noreste,Supercenter,Alimentacion,0,105784.28,6857,0.367
2024-10-18,T15,Noreste,Supercenter,Electronica,0,50646.32,1919,0.207
2024-10-18,T15,Noreste,Supercenter,Hogar,0,46531.14,3479,0.305
2024-10-18,T15,Noreste,Supercenter,Ropa,0,32198.94,1057,0.218
2024-10-18,T15,Noreste,Supercenter,Juguetes,0,31396.44,882,0.3
2024-10-18,T15,Noreste,Supercenter,Farmacia,0,24752.76,603,0.24
2024-10-18,T15,Noreste,Supercenter,Jardin,0,16357.31,588,0.295
2024-10-25,T15,Noreste,Supercenter,Alimentacion,0,86351.78,10351,0.325
2024-10-25,T15,Noreste,Supercenter,Electronica,0,46732.32,1946,0.217
2024-10-25,T15,Noreste,Supercenter,Hogar,0,55906.91,2576,0.254
2024-10-25,T15,Noreste,Supercenter,Ropa,0,37489.35,2057,0.237
2024-10-25,T15,Noreste,Supercenter,Juguetes,0,30305.35,1319,0.245
2024-10-25,T15,Noreste,Supercenter,Farmacia,0,29196.47,1069,0.227
2024-10-25,T15,Noreste,Supercenter,Jardin,0,17643.59,900,0.257
2024-11-01,T15,Noreste,Supercenter,Alimentacion,1,94599.03,4786,0.254
2024-11-01,T15,Noreste,Supercenter,Electronica,1,110526.7,4167,0.257
2024-11-01,T15,Noreste,Supercenter,Hogar,1,37282.88,1721,0.225
2024-11-01,T15,Noreste,Supercenter,Ropa,1,46488.6,1451,0.251
2024-11-01,T15,Noreste,Supercenter,Juguetes,1,57610.05,4082,0.263
2024-11-01,T15,Noreste,Supercenter,Farmacia,1,23569.38,1125,0.169
2024-11-01,T15,Noreste,Supercenter,Jardin,1,19310.78,485,0.129
2024-11-08,T15,Noreste,Supercenter,Alimentacion,1,94473.21,4497,0.299
2024-11-08,T15,Noreste,Supercenter,Electronica,1,107289.09,3342,0.313
2024-11-08,T15,Noreste,Supercenter,Hogar,1,51917.84,1251,0.143
2024-11-08,T15,Noreste,Supercenter,Ropa,1,48531.78,4550,0.223
2024-11-08,T15,Noreste,Supercenter,Juguetes,1,45987.68,1555,0.254
2024-11-08,T15,Noreste,Supercenter,Farmacia,1,33587.36,815,0.219
2024-11-08,T15,Noreste,Supercenter,Jardin,1,25604.19,893,0.161
2024-11-15,T15,Noreste,Supercenter,Alimentacion,1,85161.76,4423,0.26
2024-11-15,T15,Noreste,Supercenter,Electronica,1,134544.31,5247,0.23
2024-11-15,T15,Noreste,Supercenter,Hogar,1,49737.06,1528,0.288
2024-11-15,T15,Noreste,Supercenter,Ropa,1,38314.13,1189,0.166
2024-11-15,T15,Noreste,Supercenter,Juguetes,1,53657.31,2223,0.244
2024-11-15,T15,Noreste,Supercenter,Farmacia,1,41694.64,1203,0.321
2024-11-15,T15,Noreste,Supercenter,Jardin,1,21274.27,619,0.241
2024-11-22,T15,Noreste,Supercenter,Alimentacion,1,86712.71,6874,0.24
2024-11-22,T15,Noreste,Supercenter,Electronica,1,82811.34,2302,0.195
2024-11-22,T15,Noreste,Supercenter,Hogar,1,51599.61,1244,0.291
2024-11-22,T15,Noreste,Supercenter,Ropa,1,42367.87,1692,0.208
2024-11-22,T15,Noreste,Supercenter,Juguetes,1,47954.13,2177,0.213
2024-11-22,T15,Noreste,Supercenter,Farmacia,1,40086.34,2448,0.282
2024-11-22,T15,Noreste,Supercenter,Jardin,1,17566.53,552,0.257
2024-11-29,T15,Noreste,Supercenter,Alimentacion,1,73845.93,5833,0.228
2024-11-29,T15,Noreste,Supercenter,Electronica,1,134763.27,3853,0.18
2024-11-29,T15,Noreste,Supercenter,Hogar,1,42413.81,3659,0.16
2024-11-29,T15,Noreste,Supercenter,Ropa,1,44275.31,1078,0.247
2024-11-29,T15,Noreste,Supercenter,Juguetes,1,43698.46,2508,0.266
2024-11-29,T15,Noreste,Supercenter,Farmacia,1,25416.89,2492,0.2
2024-11-29,T15,Noreste,Supercenter,Jardin,1,24874.17,738,0.302
2024-12-06,T15,Noreste,Supercenter,Alimentacion,1,88654.02,4869,0.242
2024-12-06,T15,Noreste,Supercenter,Electronica,1,135851.0,8528,0.173
2024-12-06,T15,Noreste,Supercenter,Hogar,1,43352.18,1172,0.311
2024-12-06,T15,Noreste,Supercenter,Ropa,1,37171.11,1049,0.281
2024-12-06,T15,Noreste,Supercenter,Juguetes,1,57437.33,1492,0.28
2024-12-06,T15,Noreste,Supercenter,Farmacia,1,26813.73,610,0.291
2024-12-06,T15,Noreste,Supercenter,Jardin,1,23060.8,519,0.239
2024-12-13,T15,Noreste,Supercenter,Alimentacion,1,89580.57,3577,0.221
2024-12-13,T15,Noreste,Supercenter,Electronica,1,119600.2,3663,0.276
2024-12-13,T15,Noreste,Supercenter,Hogar,1,36718.48,1058,0.25
2024-12-13,T15,Noreste,Supercenter,Ropa,1,48625.31,2799,0.32
2024-12-13,T15,Noreste,Supercenter,Juguetes,1,38883.27,3027,0.353
2024-12-13,T15,Noreste,Supercenter,Farmacia,1,31223.09,835,0.256
2024-12-13,T15,Noreste,Supercenter,Jardin,1,17811.87,629,0.131
2024-12-20,T15,Noreste,Supercenter,Alimentacion,1,83961.41,5933,0.215
2024-12-20,T15,Noreste,Supercenter,Electronica,1,134682.9,10802,0.15
2024-12-20,T15,Noreste,Supercenter,Hogar,1,45216.6,1620,0.119
2024-12-20,T15,Noreste,Supercenter,Ropa,1,41351.25,1046,0.226
2024-12-20,T15,Noreste,Supercenter,Juguetes,1,57530.36,5599,0.172
2024-12-20,T15,Noreste,Supercenter,Farmacia,1,32493.15,2122,0.171
2024-12-20,T15,Noreste,Supercenter,Jardin,1,16026.85,1709,0.208
2024-12-27,T15,Noreste,Supercenter,Alimentacion,1,76800.63,2025,0.266
2024-12-27,T15,Noreste,Supercenter,Electronica,1,101705.8,7220,0.27
2024-12-27,T15,Noreste,Supercenter,Hogar,1,52879.16,2319,0.335
2024-12-27,T15,Noreste,Supercenter,Ropa,1,48598.23,1834,0.178
2024-12-27,T15,Noreste,Supercenter,Juguetes,1,59839.06,1414,0.168
2024-12-27,T15,Noreste,Supercenter,Farmacia,1,28528.66,1103,0.285
2024-12-27,T15,Noreste,Supercenter,Jardin,1,21233.19,1287,0.161
2024-01-05,T16,Sur,Supercenter,Alimentacion,0,137773.3,12315,0.304
2024-01-05,T16,Sur,Supercenter,Electronica,0,77637.58,4428,0.251
2024-01-05,T16,Sur,Supercenter,Hogar,0,58557.45,2757,0.266
2024-01-05,T16,Sur,Supercenter,Ropa,0,44679.12,1011,0.269
2024-01-05,T16,Sur,Supercenter,Juguetes,0,25245.8,934,0.234
2024-01-05,T16,Sur,Supercenter,Farmacia,0,27905.92,883,0.196
2024-01-05,T16,Sur,Supercenter,Jardin,0,28504.96,2102,0.266
2024-01-12,T16,Sur,Supercenter,Alimentacion,0,102096.41,10297,0.273
2024-01-12,T16,Sur,Supercenter,Electronica,0,74249.56,7832,0.226
2024-01-12,T16,Sur,Supercenter,Hogar,0,61941.23,7291,0.27
2024-01-12,T16,Sur,Supercenter,Ropa,0,57275.39,6277,0.198
2024-01-12,T16,Sur,Supercenter,Juguetes,0,41251.7,1100,0.244
2024-01-12,T16,Sur,Supercenter,Farmacia,0,46890.18,1371,0.214
2024-01-12,T16,Sur,Supercenter,Jardin,0,21195.53,786,0.125
2024-01-19,T16,Sur,Supercenter,Alimentacion,0,102589.89,7034,0.269
2024-01-19,T16,Sur,Supercenter,Electronica,0,85560.73,4223,0.304
2024-01-19,T16,Sur,Supercenter,Hogar,0,39459.86,3244,0.24
2024-01-19,T16,Sur,Supercenter,Ropa,0,34012.17,781,0.218
2024-01-19,T16,Sur,Supercenter,Juguetes,0,22713.26,572,0.321
2024-01-19,T16,Sur,Supercenter,Farmacia,0,34505.15,2785,0.218
2024-01-19,T16,Sur,Supercenter,Jardin,0,23244.61,604,0.236
2024-01-26,T16,Sur,Supercenter,Alimentacion,0,140333.83,4521,0.217
2024-01-26,T16,Sur,Supercenter,Electronica,0,85173.3,3391,0.213
2024-01-26,T16,Sur,Supercenter,Hogar,0,55778.88,6762,0.314
2024-01-26,T16,Sur,Supercenter,Ropa,0,38101.21,1358,0.377
2024-01-26,T16,Sur,Supercenter,Juguetes,0,22660.26,2647,0.222
2024-01-26,T16,Sur,Supercenter,Farmacia,0,27120.77,2102,0.286
2024-01-26,T16,Sur,Supercenter,Jardin,0,23876.66,539,0.292
2024-02-02,T16,Sur,Supercenter,Alimentacion,0,90062.69,3845,0.295
2024-02-02,T16,Sur,Supercenter,Electronica,0,69885.74,2653,0.214
2024-02-02,T16,Sur,Supercenter,Hogar,0,55086.25,2596,0.181
2024-02-02,T16,Sur,Supercenter,Ropa,0,38829.89,997,0.212
2024-02-02,T16,Sur,Supercenter,Juguetes,0,27835.66,751,0.29
2024-02-02,T16,Sur,Supercenter,Farmacia,0,37883.3,3368,0.228
2024-02-02,T16,Sur,Supercenter,Jardin,0,23986.45,1527,0.239
2024-02-09,T16,Sur,Supercenter,Alimentacion,0,109959.11,9782,0.297
2024-02-09,T16,Sur,Supercenter,Electronica,0,64516.49,2397,0.253
2024-02-09,T16,Sur,Supercenter,Hogar,0,39062.2,1104,0.218
2024-02-09,T16,Sur,Supercenter,Ropa,0,44276.9,1607,0.184
2024-02-09,T16,Sur,Supercenter,Juguetes,0,39571.81,3258,0.113
2024-02-09,T16,Sur,Supercenter,Farmacia,0,38477.76,915,0.158
2024-02-09,T16,Sur,Supercenter,Jardin,0,23666.53,580,0.239
2024-02-16,T16,Sur,Supercenter,Alimentacion,0,98593.97,3225,0.167
2024-02-16,T16,Sur,Supercenter,Electronica,0,81784.49,3531,0.205
2024-02-16,T16,Sur,Supercenter,Hogar,0,64637.93,3590,0.237
2024-02-16,T16,Sur,Supercenter,Ropa,0,50428.23,3637,0.277
2024-02-16,T16,Sur,Supercenter,Juguetes,0,33325.73,2461,0.109
2024-02-16,T16,Sur,Supercenter,Farmacia,0,36419.06,2505,0.195
2024-02-16,T16,Sur,Supercenter,Jardin,0,29746.76,697,0.238
2024-02-23,T16,Sur,Supercenter,Alimentacion,0,85403.52,7280,0.225
2024-02-23,T16,Sur,Supercenter,Electronica,0,70280.47,2957,0.188
2024-02-23,T16,Sur,Supercenter,Hogar,0,49742.33,1563,0.291
2024-02-23,T16,Sur,Supercenter,Ropa,0,35490.12,1355,0.187
2024-02-23,T16,Sur,Supercenter,Juguetes,0,32616.52,2696,0.261
2024-02-23,T16,Sur,Supercenter,Farmacia,0,38785.7,2132,0.238
2024-02-23,T16,Sur,Supercenter,Jardin,0,23457.29,1450,0.253
2024-03-01,T16,Sur,Supercenter,Alimentacion,0,107008.51,7736,0.265
2024-03-01,T16,Sur,Supercenter,Electronica,0,73069.3,1745,0.292
2024-03-01,T16,Sur,Supercenter,Hogar,0,62262.03,1630,0.322
2024-03-01,T16,Sur,Supercenter,Ropa,0,45288.31,1407,0.4
2024-03-01,T16,Sur,Supercenter,Juguetes,0,29655.17,690,0.226
2024-03-01,T16,Sur,Supercenter,Farmacia,0,48742.65,1239,0.202
2024-03-01,T16,Sur,Supercenter,Jardin,0,28834.41,903,0.234
2024-03-08,T16,Sur,Supercenter,Alimentacion,0,122059.76,11316,0.167
2024-03-08,T16,Sur,Supercenter,Electronica,0,58033.12,1345,0.253
2024-03-08,T16,Sur,Supercenter,Hogar,0,52488.41,3426,0.226
2024-03-08,T16,Sur,Supercenter,Ropa,0,40244.41,1219,0.207
2024-03-08,T16,Sur,Supercenter,Juguetes,0,31732.15,1828,0.222
2024-03-08,T16,Sur,Supercenter,Farmacia,0,37218.94,942,0.251
2024-03-08,T16,Sur,Supercenter,Jardin,0,29346.66,1480,0.275
2024-03-15,T16,Sur,Supercenter,Alimentacion,0,143448.53,3208,0.239
2024-03-15,T16,Sur,Supercenter,Electronica,0,84673.96,3568,0.257
2024-03-15,T16,Sur,Supercenter,Hogar,0,65972.46,1551,0.279
2024-03-15,T16,Sur,Supercenter,Ropa,0,34947.59,1333,0.229
2024-03-15,T16,Sur,Supercenter,Juguetes,0,35081.63,1456,0.258
2024-03-15,T16,Sur,Supercenter,Farmacia,0,27548.4,899,0.277
2024-03-15,T16,Sur,Supercenter,Jardin,0,17819.96,1280,0.258
2024-03-22,T16,Sur,Supercenter,Alimentacion,0,118463.58,5721,0.259
2024-03-22,T16,Sur,Supercenter,Electronica,0,87324.6,5140,0.25
2024-03-22,T16,Sur,Supercenter,Hogar,0,52595.09,2196,0.28
2024-03-22,T16,Sur,Supercenter,Ropa,0,49644.41,1701,0.15
2024-03-22,T16,Sur,Supercenter,Juguetes,0,30527.81,1276,0.298
2024-03-22,T16,Sur,Supercenter,Farmacia,0,36999.08,1526,0.165
2024-03-22,T16,Sur,Supercenter,Jardin,0,28822.31,2230,0.273
2024-03-29,T16,Sur,Supercenter,Alimentacion,0,122843.96,12523,0.228
2024-03-29,T16,Sur,Supercenter,Electronica,0,69858.2,1647,0.206
2024-03-29,T16,Sur,Supercenter,Hogar,0,61334.91,2114,0.296
2024-03-29,T16,Sur,Supercenter,Ropa,0,48438.29,1199,0.275
2024-03-29,T16,Sur,Supercenter,Juguetes,0,39443.86,1214,0.206
2024-03-29,T16,Sur,Supercenter,Farmacia,0,49472.77,1480,0.218
2024-03-29,T16,Sur,Supercenter,Jardin,0,17862.51,628,0.254
2024-04-05,T16,Sur,Supercenter,Alimentacion,0,80940.22,2235,0.199
2024-04-05,T16,Sur,Supercenter,Electronica,0,65892.36,1967,0.242
2024-04-05,T16,Sur,Supercenter,Hogar,0,60667.77,1514,0.349
2024-04-05,T16,Sur,Supercenter,Ropa,0,44641.94,1951,0.202
2024-04-05,T16,Sur,Supercenter,Juguetes,0,38848.02,2014,0.22
2024-04-05,T16,Sur,Supercenter,Farmacia,0,33521.18,1037,0.261
2024-04-05,T16,Sur,Supercenter,Jardin,0,20281.51,1163,0.204
2024-04-12,T16,Sur,Supercenter,Alimentacion,0,90982.09,3946,0.263
2024-04-12,T16,Sur,Supercenter,Electronica,0,78091.33,7831,0.24
2024-04-12,T16,Sur,Supercenter,Hogar,0,59792.11,2650,0.153
2024-04-12,T16,Sur,Supercenter,Ropa,0,51481.68,5794,0.188
2024-04-12,T16,Sur,Supercenter,Juguetes,0,37540.65,918,0.183
2024-04-12,T16,Sur,Supercenter,Farmacia,0,29129.09,722,0.16
2024-04-12,T16,Sur,Supercenter,Jardin,0,23755.76,813,0.202
2024-04-19,T16,Sur,Supercenter,Alimentacion,0,124137.87,2889,0.269
2024-04-19,T16,Sur,Supercenter,Electronica,0,74567.62,1712,0.291
2024-04-19,T16,Sur,Supercenter,Hogar,0,37290.69,1137,0.263
2024-04-19,T16,Sur,Supercenter,Ropa,0,39303.06,1276,0.293
2024-04-19,T16,Sur,Supercenter,Juguetes,0,22949.14,743,0.245
2024-04-19,T16,Sur,Supercenter,Farmacia,0,38847.87,2199,0.194
2024-04-19,T16,Sur,Supercenter,Jardin,0,31425.89,2805,0.214
2024-04-26,T16,Sur,Supercenter,Alimentacion,0,90701.71,4492,0.296
2024-04-26,T16,Sur,Supercenter,Electronica,0,62763.3,5820,0.247
2024-04-26,T16,Sur,Supercenter,Hogar,0,59741.02,1331,0.209
2024-04-26,T16,Sur,Supercenter,Ropa,0,42700.66,3301,0.245
2024-04-26,T16,Sur,Supercenter,Juguetes,0,32345.67,811,0.235
2024-04-26,T16,Sur,Supercenter,Farmacia,0,31213.23,1287,0.234
2024-04-26,T16,Sur,Supercenter,Jardin,0,24659.9,709,0.191
2024-05-03,T16,Sur,Supercenter,Alimentacion,0,105572.06,4342,0.226
2024-05-03,T16,Sur,Supercenter,Electronica,0,87818.58,3662,0.254
2024-05-03,T16,Sur,Supercenter,Hogar,0,39794.76,4943,0.182
2024-05-03,T16,Sur,Supercenter,Ropa,0,35501.16,1058,0.191
2024-05-03,T16,Sur,Supercenter,Juguetes,0,36258.5,1043,0.337
2024-05-03,T16,Sur,Supercenter,Farmacia,0,48667.86,2711,0.236
2024-05-03,T16,Sur,Supercenter,Jardin,0,20113.32,488,0.306
2024-05-10,T16,Sur,Supercenter,Alimentacion,0,103321.95,3740,0.28
2024-05-10,T16,Sur,Supercenter,Electronica,0,80565.09,2171,0.27
2024-05-10,T16,Sur,Supercenter,Hogar,0,61490.89,5524,0.172
2024-05-10,T16,Sur,Supercenter,Ropa,0,46843.52,2882,0.167
2024-05-10,T16,Sur,Supercenter,Juguetes,0,40121.06,1021,0.224
2024-05-10,T16,Sur,Supercenter,Farmacia,0,35400.57,2154,0.272
2024-05-10,T16,Sur,Supercenter,Jardin,0,31091.55,805,0.326
2024-05-17,T16,Sur,Supercenter,Alimentacion,0,138162.89,4400,0.26
2024-05-17,T16,Sur,Supercenter,Electronica,0,60867.91,2384,0.266
2024-05-17,T16,Sur,Supercenter,Hogar,0,40835.45,975,0.282
2024-05-17,T16,Sur,Supercenter,Ropa,0,39438.51,967,0.384
2024-05-17,T16,Sur,Supercenter,Juguetes,0,36186.37,1625,0.254
2024-05-17,T16,Sur,Supercenter,Farmacia,0,26954.49,966,0.245
2024-05-17,T16,Sur,Supercenter,Jardin,0,32540.12,793,0.216
2024-05-24,T16,Sur,Supercenter,Alimentacion,0,147232.5,10881,0.268
2024-05-24,T16,Sur,Supercenter,Electronica,0,87568.24,2109,0.207
2024-05-24,T16,Sur,Supercenter,Hogar,0,60696.38,3895,0.261
2024-05-24,T16,Sur,Supercenter,Ropa,0,32682.9,1106,0.324
2024-05-24,T16,Sur,Supercenter,Juguetes,0,24303.29,964,0.193
2024-05-24,T16,Sur,Supercenter,Farmacia,0,43190.42,1851,0.192
2024-05-24,T16,Sur,Supercenter,Jardin,0,27920.86,838,0.26
2024-05-31,T16,Sur,Supercenter,Alimentacion,0,81357.55,1892,0.239
2024-05-31,T16,Sur,Supercenter,Electronica,0,62525.33,2161,0.281
2024-05-31,T16,Sur,Supercenter,Hogar,0,39394.36,2610,0.328
2024-05-31,T16,Sur,Supercenter,Ropa,0,44657.11,2960,0.269
2024-05-31,T16,Sur,Supercenter,Juguetes,0,31184.85,986,0.21
2024-05-31,T16,Sur,Supercenter,Farmacia,0,27989.59,1984,0.285
2024-05-31,T16,Sur,Supercenter,Jardin,0,27279.49,703,0.257
2024-06-07,T16,Sur,Supercenter,Alimentacion,0,132486.01,5106,0.258
2024-06-07,T16,Sur,Supercenter,Electronica,0,69706.92,2250,0.232
2024-06-07,T16,Sur,Supercenter,Hogar,0,36944.13,983,0.317
2024-06-07,T16,Sur,Supercenter,Ropa,0,55442.09,3110,0.309
2024-06-07,T16,Sur,Supercenter,Juguetes,0,38200.77,1073,0.287
2024-06-07,T16,Sur,Supercenter,Farmacia,0,39487.5,1407,0.168
2024-06-07,T16,Sur,Supercenter,Jardin,0,29260.01,670,0.224
2024-06-14,T16,Sur,Supercenter,Alimentacion,0,89956.29,2556,0.177
2024-06-14,T16,Sur,Supercenter,Electronica,0,89684.27,6784,0.215
2024-06-14,T16,Sur,Supercenter,Hogar,0,56824.71,1268,0.168
2024-06-14,T16,Sur,Supercenter,Ropa,0,54158.96,2433,0.224
2024-06-14,T16,Sur,Supercenter,Juguetes,0,31936.24,1743,0.274
2024-06-14,T16,Sur,Supercenter,Farmacia,0,33244.94,1287,0.304
2024-06-14,T16,Sur,Supercenter,Jardin,0,30395.82,719,0.254
2024-06-21,T16,Sur,Supercenter,Alimentacion,0,110777.97,2497,0.253
2024-06-21,T16,Sur,Supercenter,Electronica,0,90296.86,3114,0.238
2024-06-21,T16,Sur,Supercenter,Hogar,0,44466.71,2345,0.321
2024-06-21,T16,Sur,Supercenter,Ropa,0,31553.93,2208,0.177
2024-06-21,T16,Sur,Supercenter,Juguetes,0,26963.52,3086,0.262
2024-06-21,T16,Sur,Supercenter,Farmacia,0,36000.53,1273,0.191
2024-06-21,T16,Sur,Supercenter,Jardin,0,29821.77,773,0.222
2024-06-28,T16,Sur,Supercenter,Alimentacion,0,134745.78,6304,0.223
2024-06-28,T16,Sur,Supercenter,Electronica,0,96137.59,2344,0.24
2024-06-28,T16,Sur,Supercenter,Hogar,0,50430.21,2711,0.257
2024-06-28,T16,Sur,Supercenter,Ropa,0,49294.26,4313,0.263
2024-06-28,T16,Sur,Supercenter,Juguetes,0,35914.29,3101,0.119
2024-06-28,T16,Sur,Supercenter,Farmacia,0,43664.19,2229,0.251
2024-06-28,T16,Sur,Supercenter,Jardin,0,30883.87,704,0.205
2024-07-05,T16,Sur,Supercenter,Alimentacion,0,124607.03,3128,0.351
2024-07-05,T16,Sur,Supercenter,Electronica,0,56564.96,2123,0.134
2024-07-05,T16,Sur,Supercenter,Hogar,0,35651.04,1474,0.297
2024-07-05,T16,Sur,Supercenter,Ropa,0,45149.88,1285,0.189
2024-07-05,T16,Sur,Supercenter,Juguetes,0,37181.74,2012,0.265
2024-07-05,T16,Sur,Supercenter,Farmacia,0,36254.18,3781,0.253
2024-07-05,T16,Sur,Supercenter,Jardin,0,29671.22,1421,0.259
2024-07-12,T16,Sur,Supercenter,Alimentacion,0,120383.5,2703,0.264
2024-07-12,T16,Sur,Supercenter,Electronica,0,96680.79,4780,0.276
2024-07-12,T16,Sur,Supercenter,Hogar,0,47188.35,4233,0.203
2024-07-12,T16,Sur,Supercenter,Ropa,0,35481.76,826,0.314
2024-07-12,T16,Sur,Supercenter,Juguetes,0,27306.35,649,0.254
2024-07-12,T16,Sur,Supercenter,Farmacia,0,30997.05,1036,0.194
2024-07-12,T16,Sur,Supercenter,Jardin,0,31101.94,3159,0.26
2024-07-19,T16,Sur,Supercenter,Alimentacion,0,84350.62,2501,0.288
2024-07-19,T16,Sur,Supercenter,Electronica,0,91322.98,4197,0.302
2024-07-19,T16,Sur,Supercenter,Hogar,0,39243.17,973,0.313
2024-07-19,T16,Sur,Supercenter,Ropa,0,47878.86,2217,0.364
2024-07-19,T16,Sur,Supercenter,Juguetes,0,31913.41,1127,0.212
2024-07-19,T16,Sur,Supercenter,Farmacia,0,48828.75,1649,0.219
2024-07-19,T16,Sur,Supercenter,Jardin,0,27449.82,1152,0.294
2024-07-26,T16,Sur,Supercenter,Alimentacion,0,129213.95,3810,0.301
2024-07-26,T16,Sur,Supercenter,Electronica,0,63849.4,1819,0.217
2024-07-26,T16,Sur,Supercenter,Hogar,0,56611.41,1637,0.277
2024-07-26,T16,Sur,Supercenter,Ropa,0,37995.14,1742,0.193
2024-07-26,T16,Sur,Supercenter,Juguetes,0,33783.78,951,0.152
2024-07-26,T16,Sur,Supercenter,Farmacia,0,27351.62,784,0.272
2024-07-26,T16,Sur,Supercenter,Jardin,0,30556.43,2828,0.25
2024-08-02,T16,Sur,Supercenter,Alimentacion,0,117620.81,5857,0.258
2024-08-02,T16,Sur,Supercenter,Electronica,0,58220.0,4462,0.247
2024-08-02,T16,Sur,Supercenter,Hogar,0,51228.34,2880,0.325
2024-08-02,T16,Sur,Supercenter,Ropa,0,35297.64,880,0.196
2024-08-02,T16,Sur,Supercenter,Juguetes,0,26885.16,1191,0.259
2024-08-02,T16,Sur,Supercenter,Farmacia,0,46936.31,4446,0.255
2024-08-02,T16,Sur,Supercenter,Jardin,0,20108.34,1272,0.172
2024-08-09,T16,Sur,Supercenter,Alimentacion,0,141381.44,12783,0.261
2024-08-09,T16,Sur,Supercenter,Electronica,0,89528.68,3344,0.284
2024-08-09,T16,Sur,Supercenter,Hogar,0,41660.86,1561,0.307
2024-08-09,T16,Sur,Supercenter,Ropa,0,53041.47,4795,0.321
2024-08-09,T16,Sur,Supercenter,Juguetes,0,36954.34,1889,0.292
2024-08-09,T16,Sur,Supercenter,Farmacia,0,32667.09,949,0.235
2024-08-09,T16,Sur,Supercenter,Jardin,0,23913.39,848,0.196
2024-08-16,T16,Sur,Supercenter,Alimentacion,0,134466.66,9051,0.237
2024-08-16,T16,Sur,Supercenter,Electronica,0,91949.3,2584,0.229
2024-08-16,T16,Sur,Supercenter,Hogar,0,37682.44,1097,0.234
2024-08-16,T16,Sur,Supercenter,Ropa,0,39370.93,4705,0.181
2024-08-16,T16,Sur,Supercenter,Juguetes,0,33758.45,2777,0.252
2024-08-16,T16,Sur,Supercenter,Farmacia,0,45401.05,2296,0.27
2024-08-16,T16,Sur,Supercenter,Jardin,0,19906.09,937,0.312
2024-08-23,T16,Sur,Supercenter,Alimentacion,0,123490.75,3078,0.165
2024-08-23,T16,Sur,Supercenter,Electronica,0,62592.16,1856,0.199
2024-08-23,T16,Sur,Supercenter,Hogar,0,50593.8,2523,0.319
2024-08-23,T16,Sur,Supercenter,Ropa,0,49144.24,1586,0.157
2024-08-23,T16,Sur,Supercenter,Juguetes,0,24480.38,832,0.319
2024-08-23,T16,Sur,Supercenter,Farmacia,0,39434.32,4847,0.262
2024-08-23,T16,Sur,Supercenter,Jardin,0,29641.21,835,0.233
2024-08-30,T16,Sur,Supercenter,Alimentacion,0,112246.47,4641,0.248
2024-08-30,T16,Sur,Supercenter,Electronica,0,59045.44,1905,0.21
2024-08-30,T16,Sur,Supercenter,Hogar,0,46884.06,2289,0.262
2024-08-30,T16,Sur,Supercenter,Ropa,0,32640.94,768,0.289
2024-08-30,T16,Sur,Supercenter,Juguetes,0,22329.2,540,0.288
2024-08-30,T16,Sur,Supercenter,Farmacia,0,39496.87,1193,0.141
2024-08-30,T16,Sur,Supercenter,Jardin,0,25837.99,827,0.213
2024-09-06,T16,Sur,Supercenter,Alimentacion,0,148174.41,9532,0.236
2024-09-06,T16,Sur,Supercenter,Electronica,0,96498.56,4041,0.263
2024-09-06,T16,Sur,Supercenter,Hogar,0,43956.02,4908,0.225
2024-09-06,T16,Sur,Supercenter,Ropa,0,41598.23,1526,0.296
2024-09-06,T16,Sur,Supercenter,Juguetes,0,38964.93,933,0.17
2024-09-06,T16,Sur,Supercenter,Farmacia,0,48598.3,1214,0.188
2024-09-06,T16,Sur,Supercenter,Jardin,0,28540.3,1860,0.289
2024-09-13,T16,Sur,Supercenter,Alimentacion,0,142304.48,5317,0.226
2024-09-13,T16,Sur,Supercenter,Electronica,0,86270.81,5438,0.237
2024-09-13,T16,Sur,Supercenter,Hogar,0,65049.78,7455,0.17
2024-09-13,T16,Sur,Supercenter,Ropa,0,57210.67,4826,0.219
2024-09-13,T16,Sur,Supercenter,Juguetes,0,32640.82,832,0.239
2024-09-13,T16,Sur,Supercenter,Farmacia,0,28028.26,2205,0.241
2024-09-13,T16,Sur,Supercenter,Jardin,0,22692.2,1406,0.163
2024-09-20,T16,Sur,Supercenter,Alimentacion,0,81841.56,2115,0.279
2024-09-20,T16,Sur,Supercenter,Electronica,0,82136.64,2637,0.227
2024-09-20,T16,Sur,Supercenter,Hogar,0,52874.58,2416,0.338
2024-09-20,T16,Sur,Supercenter,Ropa,0,46665.56,5801,0.233
2024-09-20,T16,Sur,Supercenter,Juguetes,0,34717.52,1397,0.247
2024-09-20,T16,Sur,Supercenter,Farmacia,0,26696.22,1482,0.258
2024-09-20,T16,Sur,Supercenter,Jardin,0,25922.68,2017,0.318
2024-09-27,T16,Sur,Supercenter,Alimentacion,0,116178.41,3743,0.242
2024-09-27,T16,Sur,Supercenter,Electronica,0,96576.94,10146,0.31
2024-09-27,T16,Sur,Supercenter,Hogar,0,39082.76,1068,0.227
2024-09-27,T16,Sur,Supercenter,Ropa,0,55180.19,6298,0.201
2024-09-27,T16,Sur,Supercenter,Juguetes,0,27470.7,1081,0.263
2024-09-27,T16,Sur,Supercenter,Farmacia,0,43783.29,1659,0.195
2024-09-27,T16,Sur,Supercenter,Jardin,0,28905.19,684,0.271
2024-10-04,T16,Sur,Supercenter,Alimentacion,0,130514.94,5010,0.271
2024-10-04,T16,Sur,Supercenter,Electronica,0,75563.18,1781,0.203
2024-10-04,T16,Sur,Supercenter,Hogar,0,40134.05,4121,0.169
2024-10-04,T16,Sur,Supercenter,Ropa,0,49399.09,1631,0.305
2024-10-04,T16,Sur,Supercenter,Juguetes,0,32610.15,1562,0.273
2024-10-04,T16,Sur,Supercenter,Farmacia,0,27315.49,928,0.252
2024-10-04,T16,Sur,Supercenter,Jardin,0,17843.38,454,0.194
2024-10-11,T16,Sur,Supercenter,Alimentacion,0,87273.77,2218,0.23
2024-10-11,T16,Sur,Supercenter,Electronica,0,75779.54,4438,0.25
2024-10-11,T16,Sur,Supercenter,Hogar,0,54214.2,3167,0.158
2024-10-11,T16,Sur,Supercenter,Ropa,0,55932.27,1598,0.306
2024-10-11,T16,Sur,Supercenter,Juguetes,0,40429.67,4921,0.291
2024-10-11,T16,Sur,Supercenter,Farmacia,0,41705.18,1722,0.323
2024-10-11,T16,Sur,Supercenter,Jardin,0,29681.65,3046,0.264
2024-10-18,T16,Sur,Supercenter,Alimentacion,0,118566.44,3760,0.29
2024-10-18,T16,Sur,Supercenter,Electronica,0,54411.06,1330,0.259
2024-10-18,T16,Sur,Supercenter,Hogar,0,50243.66,5733,0.321
2024-10-18,T16,Sur,Supercenter,Ropa,0,39535.06,2679,0.266
2024-10-18,T16,Sur,Supercenter,Juguetes,0,25636.06,1266,0.276
2024-10-18,T16,Sur,Supercenter,Farmacia,0,45783.97,1739,0.304
2024-10-18,T16,Sur,Supercenter,Jardin,0,19999.57,494,0.275
2024-10-25,T16,Sur,Supercenter,Alimentacion,0,96422.94,3110,0.288
2024-10-25,T16,Sur,Supercenter,Electronica,0,89955.7,3880,0.121
2024-10-25,T16,Sur,Supercenter,Hogar,0,44348.56,1528,0.3
2024-10-25,T16,Sur,Supercenter,Ropa,0,39859.43,4621,0.212
2024-10-25,T16,Sur,Supercenter,Juguetes,0,23375.9,1297,0.191
2024-10-25,T16,Sur,Supercenter,Farmacia,0,43473.69,1479,0.23
2024-10-25,T16,Sur,Supercenter,Jardin,0,19256.37,507,0.24
2024-11-01,T16,Sur,Supercenter,Alimentacion,1,145565.83,8789,0.24
2024-11-01,T16,Sur,Supercenter,Electronica,1,140869.39,10595,0.338
2024-11-01,T16,Sur,Supercenter,Hogar,1,59365.11,3741,0.217
2024-11-01,T16,Sur,Supercenter,Ropa,1,38989.84,1250,0.365
2024-11-01,T16,Sur,Supercenter,Juguetes,1,56139.76,1740,0.199
2024-11-01,T16,Sur,Supercenter,Farmacia,1,40814.43,1421,0.359
2024-11-01,T16,Sur,Supercenter,Jardin,1,23902.31,2250,0.223
2024-11-08,T16,Sur,Supercenter,Alimentacion,1,121599.95,2874,0.26
2024-11-08,T16,Sur,Supercenter,Electronica,1,140763.3,8124,0.213
2024-11-08,T16,Sur,Supercenter,Hogar,1,58401.0,1658,0.287
2024-11-08,T16,Sur,Supercenter,Ropa,1,51881.29,4854,0.25
2024-11-08,T16,Sur,Supercenter,Juguetes,1,48974.21,1163,0.219
2024-11-08,T16,Sur,Supercenter,Farmacia,1,29124.21,1713,0.291
2024-11-08,T16,Sur,Supercenter,Jardin,1,32449.97,2691,0.295
2024-11-15,T16,Sur,Supercenter,Alimentacion,1,103400.35,3239,0.221
2024-11-15,T16,Sur,Supercenter,Electronica,1,115794.76,3123,0.299
2024-11-15,T16,Sur,Supercenter,Hogar,1,60488.01,3818,0.302
2024-11-15,T16,Sur,Supercenter,Ropa,1,40371.84,1320,0.235
2024-11-15,T16,Sur,Supercenter,Juguetes,1,59506.05,7166,0.221
2024-11-15,T16,Sur,Supercenter,Farmacia,1,38077.53,1228,0.284
2024-11-15,T16,Sur,Supercenter,Jardin,1,30989.71,1351,0.217
2024-11-22,T16,Sur,Supercenter,Alimentacion,1,140129.88,5942,0.313
2024-11-22,T16,Sur,Supercenter,Electronica,1,151673.56,4219,0.194
2024-11-22,T16,Sur,Supercenter,Hogar,1,42900.77,3198,0.233
2024-11-22,T16,Sur,Supercenter,Ropa,1,50160.75,3345,0.224
2024-11-22,T16,Sur,Supercenter,Juguetes,1,66201.07,1538,0.256
2024-11-22,T16,Sur,Supercenter,Farmacia,1,33622.05,1609,0.205
2024-11-22,T16,Sur,Supercenter,Jardin,1,29669.51,1057,0.252
2024-11-29,T16,Sur,Supercenter,Alimentacion,1,106633.1,8217,0.358
2024-11-29,T16,Sur,Supercenter,Electronica,1,128927.92,10613,0.276
2024-11-29,T16,Sur,Supercenter,Hogar,1,62422.08,1528,0.241
2024-11-29,T16,Sur,Supercenter,Ropa,1,48208.85,4204,0.215
2024-11-29,T16,Sur,Supercenter,Juguetes,1,70154.92,2276,0.315
2024-11-29,T16,Sur,Supercenter,Farmacia,1,35156.92,2040,0.313
2024-11-29,T16,Sur,Supercenter,Jardin,1,19814.95,602,0.294
2024-12-06,T16,Sur,Supercenter,Alimentacion,1,92176.41,3096,0.219
2024-12-06,T16,Sur,Supercenter,Electronica,1,144446.68,5234,0.285
2024-12-06,T16,Sur,Supercenter,Hogar,1,35882.57,1164,0.214
2024-12-06,T16,Sur,Supercenter,Ropa,1,36272.1,819,0.26
2024-12-06,T16,Sur,Supercenter,Juguetes,1,51493.62,3612,0.111
2024-12-06,T16,Sur,Supercenter,Farmacia,1,46232.56,4366,0.298
2024-12-06,T16,Sur,Supercenter,Jardin,1,20023.46,580,0.28
2024-12-13,T16,Sur,Supercenter,Alimentacion,1,87567.65,3060,0.223
2024-12-13,T16,Sur,Supercenter,Electronica,1,124072.78,12558,0.27
2024-12-13,T16,Sur,Supercenter,Hogar,1,39876.2,1559,0.218
2024-12-13,T16,Sur,Supercenter,Ropa,1,37432.64,2570,0.167
2024-12-13,T16,Sur,Supercenter,Juguetes,1,42397.56,1581,0.267
2024-12-13,T16,Sur,Supercenter,Farmacia,1,29563.38,871,0.193
2024-12-13,T16,Sur,Supercenter,Jardin,1,18314.13,658,0.237
2024-12-20,T16,Sur,Supercenter,Alimentacion,1,121500.53,5806,0.212
2024-12-20,T16,Sur,Supercenter,Electronica,1,171576.02,10064,0.256
2024-12-20,T16,Sur,Supercenter,Hogar,1,41781.21,3935,0.215
2024-12-20,T16,Sur,Supercenter,Ropa,1,52841.09,1597,0.332
2024-12-20,T16,Sur,Supercenter,Juguetes,1,64335.55,2765,0.227
2024-12-20,T16,Sur,Supercenter,Farmacia,1,48565.7,1302,0.22
2024-12-20,T16,Sur,Supercenter,Jardin,1,30360.22,2075,0.26
2024-12-27,T16,Sur,Supercenter,Alimentacion,1,148538.0,4554,0.287
2024-12-27,T16,Sur,Supercenter,Electronica,1,107882.76,2480,0.257
2024-12-27,T16,Sur,Supercenter,Hogar,1,50896.29,1246,0.23
2024-12-27,T16,Sur,Supercenter,Ropa,1,35985.26,1334,0.204
2024-12-27,T16,Sur,Supercenter,Juguetes,1,54828.05,1460,0.261
2024-12-27,T16,Sur,Supercenter,Farmacia,1,43142.17,3829,0.303
2024-12-27,T16,Sur,Supercenter,Jardin,1,20853.9,592,0.307
2024-01-05,T17,Noreste,Discount,Alimentacion,0,108992.89,6089,0.297
2024-01-05,T17,Noreste,Discount,Electronica,0,71152.7,4614,0.252
2024-01-05,T17,Noreste,Discount,Hogar,0,59453.26,3747,0.284
2024-01-05,T17,Noreste,Discount,Ropa,0,41153.53,1638,0.227
2024-01-05,T17,Noreste,Discount,Juguetes,0,35715.93,1199,0.294
2024-01-05,T17,Noreste,Discount,Farmacia,0,36525.65,2048,0.373
2024-01-05,T17,Noreste,Discount,Jardin,0,23157.74,587,0.188
2024-01-12,T17,Noreste,Discount,Alimentacion,0,126428.67,4713,0.282
2024-01-12,T17,Noreste,Discount,Electronica,0,74345.83,3124,0.226
2024-01-12,T17,Noreste,Discount,Hogar,0,55284.37,2245,0.254
2024-01-12,T17,Noreste,Discount,Ropa,0,38547.57,1023,0.262
2024-01-12,T17,Noreste,Discount,Juguetes,0,22866.55,2622,0.299
2024-01-12,T17,Noreste,Discount,Farmacia,0,40408.45,1548,0.272
2024-01-12,T17,Noreste,Discount,Jardin,0,23691.15,633,0.308
2024-01-19,T17,Noreste,Discount,Alimentacion,0,115415.7,3148,0.3
2024-01-19,T17,Noreste,Discount,Electronica,0,64001.47,7400,0.188
2024-01-19,T17,Noreste,Discount,Hogar,0,49001.91,1741,0.326
2024-01-19,T17,Noreste,Discount,Ropa,0,54842.01,1581,0.188
2024-01-19,T17,Noreste,Discount,Juguetes,0,32023.94,725,0.232
2024-01-19,T17,Noreste,Discount,Farmacia,0,41849.81,1270,0.354
2024-01-19,T17,Noreste,Discount,Jardin,0,26984.87,1659,0.324
2024-01-26,T17,Noreste,Discount,Alimentacion,0,131206.68,13895,0.259
2024-01-26,T17,Noreste,Discount,Electronica,0,68830.73,3811,0.175
2024-01-26,T17,Noreste,Discount,Hogar,0,43115.08,989,0.331
2024-01-26,T17,Noreste,Discount,Ropa,0,44365.19,1941,0.192
2024-01-26,T17,Noreste,Discount,Juguetes,0,37933.0,2705,0.27
2024-01-26,T17,Noreste,Discount,Farmacia,0,50490.16,4029,0.172
2024-01-26,T17,Noreste,Discount,Jardin,0,25474.67,909,0.204
2024-02-02,T17,Noreste,Discount,Alimentacion,0,132718.23,9369,0.245
2024-02-02,T17,Noreste,Discount,Electronica,0,75861.48,2409,0.26
2024-02-02,T17,Noreste,Discount,Hogar,0,59435.83,2121,0.255
2024-02-02,T17,Noreste,Discount,Ropa,0,44475.36,2154,0.2
2024-02-02,T17,Noreste,Discount,Juguetes,0,27686.37,1196,0.22
2024-02-02,T17,Noreste,Discount,Farmacia,0,35832.9,878,0.149
2024-02-02,T17,Noreste,Discount,Jardin,0,18692.79,597,0.242
2024-02-09,T17,Noreste,Discount,Alimentacion,0,147430.74,6232,0.233
2024-02-09,T17,Noreste,Discount,Electronica,0,70046.37,3106,0.209
2024-02-09,T17,Noreste,Discount,Hogar,0,44973.58,1585,0.26
2024-02-09,T17,Noreste,Discount,Ropa,0,43426.69,1352,0.315
2024-02-09,T17,Noreste,Discount,Juguetes,0,38383.7,2135,0.27
2024-02-09,T17,Noreste,Discount,Farmacia,0,34332.79,3271,0.21
2024-02-09,T17,Noreste,Discount,Jardin,0,21512.06,524,0.233
2024-02-16,T17,Noreste,Discount,Alimentacion,0,150335.16,5734,0.311
2024-02-16,T17,Noreste,Discount,Electronica,0,72929.77,4932,0.206
2024-02-16,T17,Noreste,Discount,Hogar,0,40151.23,995,0.192
2024-02-16,T17,Noreste,Discount,Ropa,0,40037.46,3038,0.209
2024-02-16,T17,Noreste,Discount,Juguetes,0,32746.95,765,0.174
2024-02-16,T17,Noreste,Discount,Farmacia,0,28259.29,781,0.271
2024-02-16,T17,Noreste,Discount,Jardin,0,31114.33,1309,0.138
2024-02-23,T17,Noreste,Discount,Alimentacion,0,93927.96,2088,0.215
2024-02-23,T17,Noreste,Discount,Electronica,0,93453.72,5892,0.259
2024-02-23,T17,Noreste,Discount,Hogar,0,63283.98,1565,0.32
2024-02-23,T17,Noreste,Discount,Ropa,0,43565.48,1121,0.282
2024-02-23,T17,Noreste,Discount,Juguetes,0,34872.01,2083,0.264
2024-02-23,T17,Noreste,Discount,Farmacia,0,35952.43,1102,0.32
2024-02-23,T17,Noreste,Discount,Jardin,0,24534.73,622,0.198
2024-03-01,T17,Noreste,Discount,Alimentacion,0,144831.82,8722,0.192
2024-03-01,T17,Noreste,Discount,Electronica,0,78035.39,3419,0.175
2024-03-01,T17,Noreste,Discount,Hogar,0,41048.43,1508,0.236
2024-03-01,T17,Noreste,Discount,Ropa,0,49037.09,1266,0.223
2024-03-01,T17,Noreste,Discount,Juguetes,0,31666.71,1207,0.336
2024-03-01,T17,Noreste,Discount,Farmacia,0,29054.37,1261,0.226
2024-03-01,T17,Noreste,Discount,Jardin,0,26506.86,741,0.201
2024-03-08,T17,Noreste,Discount,Alimentacion,0,146520.03,13489,0.173
2024-03-08,T17,Noreste,Discount,Electronica,0,79349.32,3121,0.231
2024-03-08,T17,Noreste,Discount,Hogar,0,43555.43,2661,0.16
2024-03-08,T17,Noreste,Discount,Ropa,0,39823.31,1140,0.256
2024-03-08,T17,Noreste,Discount,Juguetes,0,24379.85,710,0.245
2024-03-08,T17,Noreste,Discount,Farmacia,0,46418.99,5573,0.25
2024-03-08,T17,Noreste,Discount,Jardin,0,32454.68,1076,0.27
2024-03-15,T17,Noreste,Discount,Alimentacion,0,95576.52,2866,0.232
2024-03-15,T17,Noreste,Discount,Electronica,0,97328.81,2344,0.274
2024-03-15,T17,Noreste,Discount,Hogar,0,55252.23,4699,0.203
2024-03-15,T17,Noreste,Discount,Ropa,0,33807.98,799,0.217
2024-03-15,T17,Noreste,Discount,Juguetes,0,32161.92,1338,0.225
2024-03-15,T17,Noreste,Discount,Farmacia,0,39891.03,4922,0.235
2024-03-15,T17,Noreste,Discount,Jardin,0,25683.0,680,0.27
2024-03-22,T17,Noreste,Discount,Alimentacion,0,141582.14,6458,0.243
2024-03-22,T17,Noreste,Discount,Electronica,0,73384.4,1681,0.194
2024-03-22,T17,Noreste,Discount,Hogar,0,41860.9,974,0.285
2024-03-22,T17,Noreste,Discount,Ropa,0,35931.49,985,0.222
2024-03-22,T17,Noreste,Discount,Juguetes,0,32354.8,1223,0.261
2024-03-22,T17,Noreste,Discount,Farmacia,0,31627.52,864,0.237
2024-03-22,T17,Noreste,Discount,Jardin,0,28012.03,871,0.243
2024-03-29,T17,Noreste,Discount,Alimentacion,0,146932.51,4093,0.327
2024-03-29,T17,Noreste,Discount,Electronica,0,66490.81,1486,0.272
2024-03-29,T17,Noreste,Discount,Hogar,0,49434.52,1860,0.227
2024-03-29,T17,Noreste,Discount,Ropa,0,48066.11,2295,0.322
2024-03-29,T17,Noreste,Discount,Juguetes,0,40854.23,965,0.16
2024-03-29,T17,Noreste,Discount,Farmacia,0,49824.41,2130,0.235
2024-03-29,T17,Noreste,Discount,Jardin,0,32510.36,1034,0.247
2024-04-05,T17,Noreste,Discount,Alimentacion,0,110897.23,4809,0.18
2024-04-05,T17,Noreste,Discount,Electronica,0,99863.97,6076,0.188
2024-04-05,T17,Noreste,Discount,Hogar,0,39983.99,1251,0.257
2024-04-05,T17,Noreste,Discount,Ropa,0,52817.94,1917,0.238
2024-04-05,T17,Noreste,Discount,Juguetes,0,22964.12,1447,0.214
2024-04-05,T17,Noreste,Discount,Farmacia,0,46696.75,2263,0.265
2024-04-05,T17,Noreste,Discount,Jardin,0,21948.68,540,0.214
2024-04-12,T17,Noreste,Discount,Alimentacion,0,134783.87,11939,0.278
2024-04-12,T17,Noreste,Discount,Electronica,0,100976.25,6124,0.221
2024-04-12,T17,Noreste,Discount,Hogar,0,65696.58,1794,0.328
2024-04-12,T17,Noreste,Discount,Ropa,0,45692.37,1078,0.228
2024-04-12,T17,Noreste,Discount,Juguetes,0,40332.97,1684,0.235
2024-04-12,T17,Noreste,Discount,Farmacia,0,48737.64,1717,0.257
2024-04-12,T17,Noreste,Discount,Jardin,0,18999.27,500,0.194
2024-04-19,T17,Noreste,Discount,Alimentacion,0,100386.27,2480,0.214
2024-04-19,T17,Noreste,Discount,Electronica,0,96138.97,3177,0.299
2024-04-19,T17,Noreste,Discount,Hogar,0,63706.92,5372,0.174
2024-04-19,T17,Noreste,Discount,Ropa,0,46841.96,1114,0.244
2024-04-19,T17,Noreste,Discount,Juguetes,0,35384.76,1761,0.225
2024-04-19,T17,Noreste,Discount,Farmacia,0,33782.52,1012,0.357
2024-04-19,T17,Noreste,Discount,Jardin,0,18240.33,1162,0.211
2024-04-26,T17,Noreste,Discount,Alimentacion,0,101831.95,7689,0.283
2024-04-26,T17,Noreste,Discount,Electronica,0,84469.96,2814,0.165
2024-04-26,T17,Noreste,Discount,Hogar,0,46232.36,3540,0.189
2024-04-26,T17,Noreste,Discount,Ropa,0,58839.47,2757,0.136
2024-04-26,T17,Noreste,Discount,Juguetes,0,37627.31,901,0.262
2024-04-26,T17,Noreste,Discount,Farmacia,0,29676.51,2397,0.253
2024-04-26,T17,Noreste,Discount,Jardin,0,31674.43,1271,0.222
2024-05-03,T17,Noreste,Discount,Alimentacion,0,86600.42,2872,0.2
2024-05-03,T17,Noreste,Discount,Electronica,0,73315.46,2285,0.258
2024-05-03,T17,Noreste,Discount,Hogar,0,64173.53,1654,0.298
2024-05-03,T17,Noreste,Discount,Ropa,0,50357.19,1279,0.255
2024-05-03,T17,Noreste,Discount,Juguetes,0,34260.56,2361,0.306
2024-05-03,T17,Noreste,Discount,Farmacia,0,42888.91,2371,0.295
2024-05-03,T17,Noreste,Discount,Jardin,0,21781.93,522,0.28
2024-05-10,T17,Noreste,Discount,Alimentacion,0,81955.61,2916,0.242
2024-05-10,T17,Noreste,Discount,Electronica,0,95305.64,3403,0.29
2024-05-10,T17,Noreste,Discount,Hogar,0,65329.9,2259,0.249
2024-05-10,T17,Noreste,Discount,Ropa,0,56400.34,4521,0.274
2024-05-10,T17,Noreste,Discount,Juguetes,0,33189.44,1066,0.224
2024-05-10,T17,Noreste,Discount,Farmacia,0,49048.41,2767,0.158
2024-05-10,T17,Noreste,Discount,Jardin,0,18505.62,1494,0.273
2024-05-17,T17,Noreste,Discount,Alimentacion,0,87504.06,3613,0.264
2024-05-17,T17,Noreste,Discount,Electronica,0,93030.5,2616,0.235
2024-05-17,T17,Noreste,Discount,Hogar,0,63422.96,2797,0.321
2024-05-17,T17,Noreste,Discount,Ropa,0,51705.42,3549,0.231
2024-05-17,T17,Noreste,Discount,Juguetes,0,40818.85,2301,0.296
2024-05-17,T17,Noreste,Discount,Farmacia,0,49728.53,2329,0.245
2024-05-17,T17,Noreste,Discount,Jardin,0,25265.13,666,0.205
2024-05-24,T17,Noreste,Discount,Alimentacion,0,116058.13,7152,0.268
2024-05-24,T17,Noreste,Discount,Electronica,0,96381.83,3190,0.272
2024-05-24,T17,Noreste,Discount,Hogar,0,57846.12,1330,0.226
2024-05-24,T17,Noreste,Discount,Ropa,0,38012.74,932,0.259
2024-05-24,T17,Noreste,Discount,Juguetes,0,29993.69,835,0.237
2024-05-24,T17,Noreste,Discount,Farmacia,0,35358.48,1556,0.262
2024-05-24,T17,Noreste,Discount,Jardin,0,20174.88,1223,0.226
2024-05-31,T17,Noreste,Discount,Alimentacion,0,136812.16,5820,0.244
2024-05-31,T17,Noreste,Discount,Electronica,0,85061.5,6155,0.243
2024-05-31,T17,Noreste,Discount,Hogar,0,42902.6,1336,0.311
2024-05-31,T17,Noreste,Discount,Ropa,0,44084.55,1466,0.308
2024-05-31,T17,Noreste,Discount,Juguetes,0,36886.27,860,0.272
2024-05-31,T17,Noreste,Discount,Farmacia,0,35478.27,2140,0.201
2024-05-31,T17,Noreste,Discount,Jardin,0,22534.96,1725,0.332
2024-06-07,T17,Noreste,Discount,Alimentacion,0,131247.74,3905,0.149
2024-06-07,T17,Noreste,Discount,Electronica,0,78416.24,4894,0.238
2024-06-07,T17,Noreste,Discount,Hogar,0,52325.22,2732,0.234
2024-06-07,T17,Noreste,Discount,Ropa,0,58604.33,2102,0.198
2024-06-07,T17,Noreste,Discount,Juguetes,0,22906.66,1555,0.286
2024-06-07,T17,Noreste,Discount,Farmacia,0,49914.13,3446,0.258
2024-06-07,T17,Noreste,Discount,Jardin,0,33653.31,1304,0.208
2024-06-14,T17,Noreste,Discount,Alimentacion,0,126457.78,4796,0.26
2024-06-14,T17,Noreste,Discount,Electronica,0,58505.46,1570,0.262
2024-06-14,T17,Noreste,Discount,Hogar,0,61580.64,1564,0.343
2024-06-14,T17,Noreste,Discount,Ropa,0,55522.11,1606,0.251
2024-06-14,T17,Noreste,Discount,Juguetes,0,23766.95,1153,0.34
2024-06-14,T17,Noreste,Discount,Farmacia,0,34388.34,969,0.32
2024-06-14,T17,Noreste,Discount,Jardin,0,33368.83,1462,0.211
2024-06-21,T17,Noreste,Discount,Alimentacion,0,133959.55,3004,0.249
2024-06-21,T17,Noreste,Discount,Electronica,0,67885.13,7925,0.322
2024-06-21,T17,Noreste,Discount,Hogar,0,58753.33,1543,0.209
2024-06-21,T17,Noreste,Discount,Ropa,0,51946.87,1450,0.288
2024-06-21,T17,Noreste,Discount,Juguetes,0,40583.44,1842,0.254
2024-06-21,T17,Noreste,Discount,Farmacia,0,28210.9,1150,0.294
2024-06-21,T17,Noreste,Discount,Jardin,0,31429.14,1368,0.257
2024-06-28,T17,Noreste,Discount,Alimentacion,0,117487.38,3027,0.247
2024-06-28,T17,Noreste,Discount,Electronica,0,61155.38,2857,0.275
2024-06-28,T17,Noreste,Discount,Hogar,0,53204.64,1373,0.205
2024-06-28,T17,Noreste,Discount,Ropa,0,34599.7,2122,0.246
2024-06-28,T17,Noreste,Discount,Juguetes,0,28535.58,1234,0.217
2024-06-28,T17,Noreste,Discount,Farmacia,0,28850.59,739,0.18
2024-06-28,T17,Noreste,Discount,Jardin,0,31061.9,1606,0.221
2024-07-05,T17,Noreste,Discount,Alimentacion,0,88990.59,10480,0.185
2024-07-05,T17,Noreste,Discount,Electronica,0,93713.81,2229,0.27
2024-07-05,T17,Noreste,Discount,Hogar,0,37371.95,2693,0.23
2024-07-05,T17,Noreste,Discount,Ropa,0,37450.94,2264,0.243
2024-07-05,T17,Noreste,Discount,Juguetes,0,39819.62,1213,0.266
2024-07-05,T17,Noreste,Discount,Farmacia,0,36226.28,2164,0.19
2024-07-05,T17,Noreste,Discount,Jardin,0,30373.12,2290,0.252
2024-07-12,T17,Noreste,Discount,Alimentacion,0,114413.71,3057,0.252
2024-07-12,T17,Noreste,Discount,Electronica,0,71489.78,8364,0.2
2024-07-12,T17,Noreste,Discount,Hogar,0,38886.8,1895,0.261
2024-07-12,T17,Noreste,Discount,Ropa,0,52307.45,1650,0.132
2024-07-12,T17,Noreste,Discount,Juguetes,0,35456.24,1117,0.185
2024-07-12,T17,Noreste,Discount,Farmacia,0,27964.78,1148,0.207
2024-07-12,T17,Noreste,Discount,Jardin,0,25519.53,1013,0.207
2024-07-19,T17,Noreste,Discount,Alimentacion,0,136983.09,4022,0.206
2024-07-19,T17,Noreste,Discount,Electronica,0,97952.49,5258,0.25
2024-07-19,T17,Noreste,Discount,Hogar,0,42131.79,1496,0.185
2024-07-19,T17,Noreste,Discount,Ropa,0,55582.18,2885,0.137
2024-07-19,T17,Noreste,Discount,Juguetes,0,33082.2,1706,0.28
2024-07-19,T17,Noreste,Discount,Farmacia,0,43503.38,1203,0.312
2024-07-19,T17,Noreste,Discount,Jardin,0,25384.02,1031,0.296
2024-07-26,T17,Noreste,Discount,Alimentacion,0,108389.97,4482,0.268
2024-07-26,T17,Noreste,Discount,Electronica,0,86424.33,7968,0.197
2024-07-26,T17,Noreste,Discount,Hogar,0,40892.95,1844,0.316
2024-07-26,T17,Noreste,Discount,Ropa,0,39793.08,1996,0.312
2024-07-26,T17,Noreste,Discount,Juguetes,0,26201.95,1475,0.162
2024-07-26,T17,Noreste,Discount,Farmacia,0,35063.31,818,0.242
2024-07-26,T17,Noreste,Discount,Jardin,0,30332.66,1209,0.161
2024-08-02,T17,Noreste,Discount,Alimentacion,0,139771.26,15543,0.266
2024-08-02,T17,Noreste,Discount,Electronica,0,77323.52,3683,0.227
2024-08-02,T17,Noreste,Discount,Hogar,0,47013.2,1064,0.219
2024-08-02,T17,Noreste,Discount,Ropa,0,39172.29,1901,0.272
2024-08-02,T17,Noreste,Discount,Juguetes,0,26569.81,757,0.239
2024-08-02,T17,Noreste,Discount,Farmacia,0,32117.72,1211,0.309
2024-08-02,T17,Noreste,Discount,Jardin,0,29741.15,974,0.222
2024-08-09,T17,Noreste,Discount,Alimentacion,0,111082.17,6492,0.252
2024-08-09,T17,Noreste,Discount,Electronica,0,69741.1,2312,0.173
2024-08-09,T17,Noreste,Discount,Hogar,0,37735.86,1122,0.266
2024-08-09,T17,Noreste,Discount,Ropa,0,58364.33,2784,0.245
2024-08-09,T17,Noreste,Discount,Juguetes,0,40007.57,1325,0.305
2024-08-09,T17,Noreste,Discount,Farmacia,0,37487.22,1776,0.229
2024-08-09,T17,Noreste,Discount,Jardin,0,24538.62,858,0.257
2024-08-16,T17,Noreste,Discount,Alimentacion,0,105273.17,9534,0.219
2024-08-16,T17,Noreste,Discount,Electronica,0,70940.68,1609,0.237
2024-08-16,T17,Noreste,Discount,Hogar,0,51232.09,2653,0.273
2024-08-16,T17,Noreste,Discount,Ropa,0,53929.38,2072,0.309
2024-08-16,T17,Noreste,Discount,Juguetes,0,37280.25,2471,0.259
2024-08-16,T17,Noreste,Discount,Farmacia,0,44475.88,2475,0.262
2024-08-16,T17,Noreste,Discount,Jardin,0,29675.58,2403,0.266
2024-08-23,T17,Noreste,Discount,Alimentacion,0,110445.2,3008,0.274
2024-08-23,T17,Noreste,Discount,Electronica,0,75654.9,3822,0.243
2024-08-23,T17,Noreste,Discount,Hogar,0,37038.42,2192,0.127
2024-08-23,T17,Noreste,Discount,Ropa,0,35121.87,1159,0.183
2024-08-23,T17,Noreste,Discount,Juguetes,0,23627.87,788,0.228
2024-08-23,T17,Noreste,Discount,Farmacia,0,36134.45,809,0.269
2024-08-23,T17,Noreste,Discount,Jardin,0,18737.15,898,0.208
2024-08-30,T17,Noreste,Discount,Alimentacion,0,97686.69,2236,0.284
2024-08-30,T17,Noreste,Discount,Electronica,0,55598.22,1985,0.197
2024-08-30,T17,Noreste,Discount,Hogar,0,50637.25,1195,0.258
2024-08-30,T17,Noreste,Discount,Ropa,0,35650.88,3253,0.264
2024-08-30,T17,Noreste,Discount,Juguetes,0,34615.64,1143,0.229
2024-08-30,T17,Noreste,Discount,Farmacia,0,49565.86,2558,0.325
2024-08-30,T17,Noreste,Discount,Jardin,0,31185.25,2678,0.254
2024-09-06,T17,Noreste,Discount,Alimentacion,0,146489.39,6978,0.271
2024-09-06,T17,Noreste,Discount,Electronica,0,76986.94,3089,0.232
2024-09-06,T17,Noreste,Discount,Hogar,0,50166.35,1410,0.207
2024-09-06,T17,Noreste,Discount,Ropa,0,34638.11,3476,0.339
2024-09-06,T17,Noreste,Discount,Juguetes,0,36841.74,1688,0.216
2024-09-06,T17,Noreste,Discount,Farmacia,0,29689.96,956,0.256
2024-09-06,T17,Noreste,Discount,Jardin,0,27950.76,629,0.251
2024-09-13,T17,Noreste,Discount,Alimentacion,0,83016.95,3132,0.247
2024-09-13,T17,Noreste,Discount,Electronica,0,86746.37,2322,0.171
2024-09-13,T17,Noreste,Discount,Hogar,0,65034.21,7141,0.211
2024-09-13,T17,Noreste,Discount,Ropa,0,42355.51,1295,0.296
2024-09-13,T17,Noreste,Discount,Juguetes,0,41031.43,961,0.25
2024-09-13,T17,Noreste,Discount,Farmacia,0,39232.28,1245,0.175
2024-09-13,T17,Noreste,Discount,Jardin,0,26684.77,895,0.29
2024-09-20,T17,Noreste,Discount,Alimentacion,0,124822.34,8187,0.213
2024-09-20,T17,Noreste,Discount,Electronica,0,64720.15,4586,0.201
2024-09-20,T17,Noreste,Discount,Hogar,0,43067.38,3679,0.202
2024-09-20,T17,Noreste,Discount,Ropa,0,54443.49,5312,0.188
2024-09-20,T17,Noreste,Discount,Juguetes,0,24090.71,1009,0.181
2024-09-20,T17,Noreste,Discount,Farmacia,0,30515.05,718,0.248
2024-09-20,T17,Noreste,Discount,Jardin,0,31358.07,755,0.272
2024-09-27,T17,Noreste,Discount,Alimentacion,0,134445.06,6945,0.213
2024-09-27,T17,Noreste,Discount,Electronica,0,78960.66,4374,0.245
2024-09-27,T17,Noreste,Discount,Hogar,0,45807.51,1814,0.26
2024-09-27,T17,Noreste,Discount,Ropa,0,45096.07,2517,0.325
2024-09-27,T17,Noreste,Discount,Juguetes,0,39445.29,1682,0.176
2024-09-27,T17,Noreste,Discount,Farmacia,0,45180.3,1145,0.248
2024-09-27,T17,Noreste,Discount,Jardin,0,28070.66,1666,0.257
2024-10-04,T17,Noreste,Discount,Alimentacion,0,121792.9,3517,0.096
2024-10-04,T17,Noreste,Discount,Electronica,0,84425.11,3899,0.199
2024-10-04,T17,Noreste,Discount,Hogar,0,57695.22,1540,0.335
2024-10-04,T17,Noreste,Discount,Ropa,0,55700.72,3459,0.278
2024-10-04,T17,Noreste,Discount,Juguetes,0,25704.92,1374,0.234
2024-10-04,T17,Noreste,Discount,Farmacia,0,27576.05,658,0.249
2024-10-04,T17,Noreste,Discount,Jardin,0,29060.33,2550,0.23
2024-10-11,T17,Noreste,Discount,Alimentacion,0,145773.9,5107,0.313
2024-10-11,T17,Noreste,Discount,Electronica,0,91758.14,2669,0.143
2024-10-11,T17,Noreste,Discount,Hogar,0,57181.55,1754,0.238
2024-10-11,T17,Noreste,Discount,Ropa,0,40493.43,1772,0.31
2024-10-11,T17,Noreste,Discount,Juguetes,0,33939.33,1265,0.297
2024-10-11,T17,Noreste,Discount,Farmacia,0,32678.31,1438,0.247
2024-10-11,T17,Noreste,Discount,Jardin,0,29330.35,670,0.227
2024-10-18,T17,Noreste,Discount,Alimentacion,0,103900.45,4574,0.299
2024-10-18,T17,Noreste,Discount,Electronica,0,97850.06,7668,0.274
2024-10-18,T17,Noreste,Discount,Hogar,0,48933.5,3773,0.28
2024-10-18,T17,Noreste,Discount,Ropa,0,49156.46,5368,0.288
2024-10-18,T17,Noreste,Discount,Juguetes,0,40485.62,3637,0.356
2024-10-18,T17,Noreste,Discount,Farmacia,0,34995.7,3333,0.266
2024-10-18,T17,Noreste,Discount,Jardin,0,30824.93,944,0.315
2024-10-25,T17,Noreste,Discount,Alimentacion,0,132413.19,3872,0.333
2024-10-25,T17,Noreste,Discount,Electronica,0,79919.03,2086,0.228
2024-10-25,T17,Noreste,Discount,Hogar,0,40320.68,1061,0.272
2024-10-25,T17,Noreste,Discount,Ropa,0,51107.87,1549,0.285
2024-10-25,T17,Noreste,Discount,Juguetes,0,25908.11,768,0.282
2024-10-25,T17,Noreste,Discount,Farmacia,0,46924.18,1504,0.315
2024-10-25,T17,Noreste,Discount,Jardin,0,23137.59,644,0.208
2024-11-01,T17,Noreste,Discount,Alimentacion,1,133348.51,6856,0.235
2024-11-01,T17,Noreste,Discount,Electronica,1,149148.41,4933,0.238
2024-11-01,T17,Noreste,Discount,Hogar,1,44776.52,1178,0.198
2024-11-01,T17,Noreste,Discount,Ropa,1,52673.93,1720,0.215
2024-11-01,T17,Noreste,Discount,Juguetes,1,64818.12,2214,0.232
2024-11-01,T17,Noreste,Discount,Farmacia,1,42484.98,3800,0.268
2024-11-01,T17,Noreste,Discount,Jardin,1,23432.06,1436,0.226
2024-11-08,T17,Noreste,Discount,Alimentacion,1,98151.79,2188,0.247
2024-11-08,T17,Noreste,Discount,Electronica,1,123292.78,11974,0.259
2024-11-08,T17,Noreste,Discount,Hogar,1,39376.41,4810,0.208
2024-11-08,T17,Noreste,Discount,Ropa,1,40333.63,1686,0.125
2024-11-08,T17,Noreste,Discount,Juguetes,1,43161.01,4059,0.257
2024-11-08,T17,Noreste,Discount,Farmacia,1,34715.27,2576,0.196
2024-11-08,T17,Noreste,Discount,Jardin,1,32593.28,1843,0.224
2024-11-15,T17,Noreste,Discount,Alimentacion,1,128593.51,4915,0.202
2024-11-15,T17,Noreste,Discount,Electronica,1,164678.46,4777,0.192
2024-11-15,T17,Noreste,Discount,Hogar,1,65688.56,2217,0.278
2024-11-15,T17,Noreste,Discount,Ropa,1,43038.31,1052,0.286
2024-11-15,T17,Noreste,Discount,Juguetes,1,52387.53,6273,0.164
2024-11-15,T17,Noreste,Discount,Farmacia,1,39603.23,1041,0.28
2024-11-15,T17,Noreste,Discount,Jardin,1,30926.57,3610,0.176
2024-11-22,T17,Noreste,Discount,Alimentacion,1,109781.42,5416,0.224
2024-11-22,T17,Noreste,Discount,Electronica,1,117139.23,7921,0.159
2024-11-22,T17,Noreste,Discount,Hogar,1,43514.93,1233,0.168
2024-11-22,T17,Noreste,Discount,Ropa,1,32768.51,807,0.213
2024-11-22,T17,Noreste,Discount,Juguetes,1,68906.01,1816,0.282
2024-11-22,T17,Noreste,Discount,Farmacia,1,50555.42,3455,0.215
2024-11-22,T17,Noreste,Discount,Jardin,1,29190.96,1546,0.109
2024-11-29,T17,Noreste,Discount,Alimentacion,1,109419.76,5379,0.223
2024-11-29,T17,Noreste,Discount,Electronica,1,110268.22,7354,0.265
2024-11-29,T17,Noreste,Discount,Hogar,1,60829.55,1568,0.2
2024-11-29,T17,Noreste,Discount,Ropa,1,55943.1,1830,0.216
2024-11-29,T17,Noreste,Discount,Juguetes,1,43363.96,2044,0.223
2024-11-29,T17,Noreste,Discount,Farmacia,1,40809.11,3498,0.213
2024-11-29,T17,Noreste,Discount,Jardin,1,28587.42,1337,0.24
2024-12-06,T17,Noreste,Discount,Alimentacion,1,102459.05,2548,0.289
2024-12-06,T17,Noreste,Discount,Electronica,1,144748.82,3370,0.224
2024-12-06,T17,Noreste,Discount,Hogar,1,45139.69,1421,0.313
2024-12-06,T17,Noreste,Discount,Ropa,1,32499.77,1042,0.217
2024-12-06,T17,Noreste,Discount,Juguetes,1,69621.92,2195,0.281
2024-12-06,T17,Noreste,Discount,Farmacia,1,42976.88,4975,0.249
2024-12-06,T17,Noreste,Discount,Jardin,1,32303.81,1946,0.194
2024-12-13,T17,Noreste,Discount,Alimentacion,1,132463.14,4981,0.195
2024-12-13,T17,Noreste,Discount,Electronica,1,121884.91,6067,0.22
2024-12-13,T17,Noreste,Discount,Hogar,1,51124.35,1964,0.264
2024-12-13,T17,Noreste,Discount,Ropa,1,39458.83,1199,0.138
2024-12-13,T17,Noreste,Discount,Juguetes,1,55646.13,1947,0.252
2024-12-13,T17,Noreste,Discount,Farmacia,1,49427.65,2753,0.303
2024-12-13,T17,Noreste,Discount,Jardin,1,24894.23,881,0.292
2024-12-20,T17,Noreste,Discount,Alimentacion,1,144442.25,3845,0.332
2024-12-20,T17,Noreste,Discount,Electronica,1,136221.16,14327,0.206
2024-12-20,T17,Noreste,Discount,Hogar,1,54998.52,1341,0.241
2024-12-20,T17,Noreste,Discount,Ropa,1,36153.77,2465,0.267
2024-12-20,T17,Noreste,Discount,Juguetes,1,73907.64,1978,0.268
2024-12-20,T17,Noreste,Discount,Farmacia,1,46975.72,4071,0.178
2024-12-20,T17,Noreste,Discount,Jardin,1,29193.6,1788,0.235
2024-12-27,T17,Noreste,Discount,Alimentacion,1,89670.15,2186,0.257
2024-12-27,T17,Noreste,Discount,Electronica,1,176120.8,21533,0.31
2024-12-27,T17,Noreste,Discount,Hogar,1,57978.67,2912,0.283
2024-12-27,T17,Noreste,Discount,Ropa,1,52689.06,5816,0.291
2024-12-27,T17,Noreste,Discount,Juguetes,1,74225.05,3055,0.208
2024-12-27,T17,Noreste,Discount,Farmacia,1,36878.22,1770,0.155
2024-12-27,T17,Noreste,Discount,Jardin,1,23791.07,1162,0.31
2024-01-05,T18,Oeste,Supercenter,Alimentacion,0,161380.47,18314,0.159
2024-01-05,T18,Oeste,Supercenter,Electronica,0,93320.64,3598,0.253
2024-01-05,T18,Oeste,Supercenter,Hogar,0,49037.38,3006,0.224
2024-01-05,T18,Oeste,Supercenter,Ropa,0,35616.12,1007,0.273
2024-01-05,T18,Oeste,Supercenter,Juguetes,0,34234.55,1244,0.276
2024-01-05,T18,Oeste,Supercenter,Farmacia,0,52859.91,1590,0.342
2024-01-05,T18,Oeste,Supercenter,Jardin,0,28223.26,1175,0.305
2024-01-12,T18,Oeste,Supercenter,Alimentacion,0,132371.43,4420,0.211
2024-01-12,T18,Oeste,Supercenter,Electronica,0,67651.03,3736,0.23
2024-01-12,T18,Oeste,Supercenter,Hogar,0,51073.43,1732,0.191
2024-01-12,T18,Oeste,Supercenter,Ropa,0,40441.05,4023,0.187
2024-01-12,T18,Oeste,Supercenter,Juguetes,0,28433.17,842,0.238
2024-01-12,T18,Oeste,Supercenter,Farmacia,0,55364.87,1395,0.326
2024-01-12,T18,Oeste,Supercenter,Jardin,0,35879.98,1148,0.295
2024-01-19,T18,Oeste,Supercenter,Alimentacion,0,111757.13,2489,0.262
2024-01-19,T18,Oeste,Supercenter,Electronica,0,78377.64,1839,0.154
2024-01-19,T18,Oeste,Supercenter,Hogar,0,47316.24,4638,0.257
2024-01-19,T18,Oeste,Supercenter,Ropa,0,45774.58,1940,0.255
2024-01-19,T18,Oeste,Supercenter,Juguetes,0,42543.59,5007,0.202
2024-01-19,T18,Oeste,Supercenter,Farmacia,0,44959.33,1249,0.234
2024-01-19,T18,Oeste,Supercenter,Jardin,0,35575.09,3105,0.257
2024-01-26,T18,Oeste,Supercenter,Alimentacion,0,160538.56,4638,0.202
2024-01-26,T18,Oeste,Supercenter,Electronica,0,91811.74,2442,0.252
2024-01-26,T18,Oeste,Supercenter,Hogar,0,61844.75,1581,0.264
2024-01-26,T18,Oeste,Supercenter,Ropa,0,40931.02,1444,0.294
2024-01-26,T18,Oeste,Supercenter,Juguetes,0,33719.39,1017,0.218
2024-01-26,T18,Oeste,Supercenter,Farmacia,0,52697.55,1413,0.19
2024-01-26,T18,Oeste,Supercenter,Jardin,0,29093.38,1905,0.163
2024-02-02,T18,Oeste,Supercenter,Alimentacion,0,95562.88,3519,0.19
2024-02-02,T18,Oeste,Supercenter,Electronica,0,87400.89,2618,0.269
2024-02-02,T18,Oeste,Supercenter,Hogar,0,54434.0,4339,0.211
2024-02-02,T18,Oeste,Supercenter,Ropa,0,48452.99,1212,0.258
2024-02-02,T18,Oeste,Supercenter,Juguetes,0,45551.16,3890,0.216
2024-02-02,T18,Oeste,Supercenter,Farmacia,0,42011.66,1323,0.291
2024-02-02,T18,Oeste,Supercenter,Jardin,0,33560.99,1273,0.192
2024-02-09,T18,Oeste,Supercenter,Alimentacion,0,164524.85,9746,0.284
2024-02-09,T18,Oeste,Supercenter,Electronica,0,96857.21,7346,0.283
2024-02-09,T18,Oeste,Supercenter,Hogar,0,69505.49,1886,0.239
2024-02-09,T18,Oeste,Supercenter,Ropa,0,39291.3,1180,0.284
2024-02-09,T18,Oeste,Supercenter,Juguetes,0,27499.01,1205,0.237
2024-02-09,T18,Oeste,Supercenter,Farmacia,0,48677.79,1739,0.176
2024-02-09,T18,Oeste,Supercenter,Jardin,0,29394.26,2939,0.183
2024-02-16,T18,Oeste,Supercenter,Alimentacion,0,127779.31,4823,0.288
2024-02-16,T18,Oeste,Supercenter,Electronica,0,92214.29,4129,0.179
2024-02-16,T18,Oeste,Supercenter,Hogar,0,52126.86,1512,0.144
2024-02-16,T18,Oeste,Supercenter,Ropa,0,39904.07,1195,0.256
2024-02-16,T18,Oeste,Supercenter,Juguetes,0,26479.78,866,0.249
2024-02-16,T18,Oeste,Supercenter,Farmacia,0,33033.29,798,0.226
2024-02-16,T18,Oeste,Supercenter,Jardin,0,32732.98,793,0.278
2024-02-23,T18,Oeste,Supercenter,Alimentacion,0,135394.32,3975,0.239
2024-02-23,T18,Oeste,Supercenter,Electronica,0,75110.09,1902,0.232
2024-02-23,T18,Oeste,Supercenter,Hogar,0,68373.81,6925,0.288
2024-02-23,T18,Oeste,Supercenter,Ropa,0,40206.36,1461,0.293
2024-02-23,T18,Oeste,Supercenter,Juguetes,0,32452.22,729,0.197
2024-02-23,T18,Oeste,Supercenter,Farmacia,0,49686.02,3822,0.162
2024-02-23,T18,Oeste,Supercenter,Jardin,0,31748.98,3607,0.259
2024-03-01,T18,Oeste,Supercenter,Alimentacion,0,162051.39,14669,0.255
2024-03-01,T18,Oeste,Supercenter,Electronica,0,70184.71,4679,0.276
2024-03-01,T18,Oeste,Supercenter,Hogar,0,72114.49,2376,0.239
2024-03-01,T18,Oeste,Supercenter,Ropa,0,46110.97,1143,0.297
2024-03-01,T18,Oeste,Supercenter,Juguetes,0,37951.34,1059,0.252
2024-03-01,T18,Oeste,Supercenter,Farmacia,0,47656.36,3843,0.13
2024-03-01,T18,Oeste,Supercenter,Jardin,0,24535.74,546,0.248
2024-03-08,T18,Oeste,Supercenter,Alimentacion,0,99513.2,5052,0.209
2024-03-08,T18,Oeste,Supercenter,Electronica,0,80338.41,2078,0.181
2024-03-08,T18,Oeste,Supercenter,Hogar,0,47440.47,1698,0.21
2024-03-08,T18,Oeste,Supercenter,Ropa,0,61896.41,2737,0.279
2024-03-08,T18,Oeste,Supercenter,Juguetes,0,25837.31,782,0.209
2024-03-08,T18,Oeste,Supercenter,Farmacia,0,41037.89,4881,0.195
2024-03-08,T18,Oeste,Supercenter,Jardin,0,25939.33,1904,0.202
2024-03-15,T18,Oeste,Supercenter,Alimentacion,0,149721.08,10025,0.16
2024-03-15,T18,Oeste,Supercenter,Electronica,0,110189.5,3054,0.266
2024-03-15,T18,Oeste,Supercenter,Hogar,0,58262.34,4105,0.191
2024-03-15,T18,Oeste,Supercenter,Ropa,0,39448.58,3556,0.143
2024-03-15,T18,Oeste,Supercenter,Juguetes,0,38096.92,2512,0.23
2024-03-15,T18,Oeste,Supercenter,Farmacia,0,52432.68,4189,0.196
2024-03-15,T18,Oeste,Supercenter,Jardin,0,27218.67,924,0.211
2024-03-22,T18,Oeste,Supercenter,Alimentacion,0,90233.86,2359,0.362
2024-03-22,T18,Oeste,Supercenter,Electronica,0,63831.59,3082,0.235
2024-03-22,T18,Oeste,Supercenter,Hogar,0,44760.76,1586,0.264
2024-03-22,T18,Oeste,Supercenter,Ropa,0,53222.11,1401,0.216
2024-03-22,T18,Oeste,Supercenter,Juguetes,0,44154.28,1727,0.177
2024-03-22,T18,Oeste,Supercenter,Farmacia,0,46981.48,1522,0.249
2024-03-22,T18,Oeste,Supercenter,Jardin,0,36936.79,861,0.229
2024-03-29,T18,Oeste,Supercenter,Alimentacion,0,133434.34,3654,0.221
2024-03-29,T18,Oeste,Supercenter,Electronica,0,90365.05,10385,0.21
2024-03-29,T18,Oeste,Supercenter,Hogar,0,43302.76,1318,0.321
2024-03-29,T18,Oeste,Supercenter,Ropa,0,54360.08,3623,0.167
2024-03-29,T18,Oeste,Supercenter,Juguetes,0,38340.67,2006,0.205
2024-03-29,T18,Oeste,Supercenter,Farmacia,0,35818.32,901,0.172
2024-03-29,T18,Oeste,Supercenter,Jardin,0,31413.58,1161,0.186
2024-04-05,T18,Oeste,Supercenter,Alimentacion,0,129560.39,11312,0.171
2024-04-05,T18,Oeste,Supercenter,Electronica,0,60838.89,1569,0.26
2024-04-05,T18,Oeste,Supercenter,Hogar,0,66200.26,1921,0.282
2024-04-05,T18,Oeste,Supercenter,Ropa,0,64775.9,2013,0.241
2024-04-05,T18,Oeste,Supercenter,Juguetes,0,27242.8,913,0.251
2024-04-05,T18,Oeste,Supercenter,Farmacia,0,44555.15,2316,0.178
2024-04-05,T18,Oeste,Supercenter,Jardin,0,27750.99,1491,0.197
2024-04-12,T18,Oeste,Supercenter,Alimentacion,0,134821.5,7292,0.185
2024-04-12,T18,Oeste,Supercenter,Electronica,0,89630.74,3790,0.232
2024-04-12,T18,Oeste,Supercenter,Hogar,0,61087.71,1823,0.24
2024-04-12,T18,Oeste,Supercenter,Ropa,0,51238.03,1745,0.305
2024-04-12,T18,Oeste,Supercenter,Juguetes,0,32341.81,1637,0.191
2024-04-12,T18,Oeste,Supercenter,Farmacia,0,51009.82,2011,0.298
2024-04-12,T18,Oeste,Supercenter,Jardin,0,26516.72,782,0.277
2024-04-19,T18,Oeste,Supercenter,Alimentacion,0,149189.32,3650,0.245
2024-04-19,T18,Oeste,Supercenter,Electronica,0,85650.93,1997,0.205
2024-04-19,T18,Oeste,Supercenter,Hogar,0,74374.27,5393,0.238
2024-04-19,T18,Oeste,Supercenter,Ropa,0,48243.55,1373,0.306
2024-04-19,T18,Oeste,Supercenter,Juguetes,0,33090.97,1121,0.168
2024-04-19,T18,Oeste,Supercenter,Farmacia,0,48926.79,2966,0.318
2024-04-19,T18,Oeste,Supercenter,Jardin,0,26037.45,863,0.258
2024-04-26,T18,Oeste,Supercenter,Alimentacion,0,113160.16,4667,0.311
2024-04-26,T18,Oeste,Supercenter,Electronica,0,88428.28,8792,0.189
2024-04-26,T18,Oeste,Supercenter,Hogar,0,46374.94,1784,0.314
2024-04-26,T18,Oeste,Supercenter,Ropa,0,49722.65,5435,0.256
2024-04-26,T18,Oeste,Supercenter,Juguetes,0,26154.54,1119,0.137
2024-04-26,T18,Oeste,Supercenter,Farmacia,0,46939.93,4518,0.296
2024-04-26,T18,Oeste,Supercenter,Jardin,0,31421.03,1136,0.175
2024-05-03,T18,Oeste,Supercenter,Alimentacion,0,106098.48,8520,0.345
2024-05-03,T18,Oeste,Supercenter,Electronica,0,93002.95,3579,0.204
2024-05-03,T18,Oeste,Supercenter,Hogar,0,42553.89,1286,0.222
2024-05-03,T18,Oeste,Supercenter,Ropa,0,55226.69,2920,0.182
2024-05-03,T18,Oeste,Supercenter,Juguetes,0,29572.18,666,0.227
2024-05-03,T18,Oeste,Supercenter,Farmacia,0,33358.11,856,0.244
2024-05-03,T18,Oeste,Supercenter,Jardin,0,24876.01,1403,0.26
2024-05-10,T18,Oeste,Supercenter,Alimentacion,0,122035.5,3120,0.3
2024-05-10,T18,Oeste,Supercenter,Electronica,0,87539.21,5084,0.261
2024-05-10,T18,Oeste,Supercenter,Hogar,0,69871.04,1794,0.251
2024-05-10,T18,Oeste,Supercenter,Ropa,0,56083.19,1647,0.267
2024-05-10,T18,Oeste,Supercenter,Juguetes,0,30725.09,828,0.282
2024-05-10,T18,Oeste,Supercenter,Farmacia,0,52731.63,1566,0.191
2024-05-10,T18,Oeste,Supercenter,Jardin,0,26231.7,1896,0.3
2024-05-17,T18,Oeste,Supercenter,Alimentacion,0,153270.12,11908,0.232
2024-05-17,T18,Oeste,Supercenter,Electronica,0,111074.64,2701,0.277
2024-05-17,T18,Oeste,Supercenter,Hogar,0,67349.34,5471,0.179
2024-05-17,T18,Oeste,Supercenter,Ropa,0,51088.94,1382,0.26
2024-05-17,T18,Oeste,Supercenter,Juguetes,0,27352.27,808,0.297
2024-05-17,T18,Oeste,Supercenter,Farmacia,0,51792.37,2006,0.27
2024-05-17,T18,Oeste,Supercenter,Jardin,0,28779.86,778,0.264
2024-05-24,T18,Oeste,Supercenter,Alimentacion,0,110811.73,5697,0.231
2024-05-24,T18,Oeste,Supercenter,Electronica,0,72065.95,2131,0.249
2024-05-24,T18,Oeste,Supercenter,Hogar,0,66061.27,4062,0.326
2024-05-24,T18,Oeste,Supercenter,Ropa,0,52061.37,3352,0.126
2024-05-24,T18,Oeste,Supercenter,Juguetes,0,43954.22,1324,0.274
2024-05-24,T18,Oeste,Supercenter,Farmacia,0,50303.8,1581,0.271
2024-05-24,T18,Oeste,Supercenter,Jardin,0,36163.33,1315,0.25
2024-05-31,T18,Oeste,Supercenter,Alimentacion,0,154773.79,3617,0.294
2024-05-31,T18,Oeste,Supercenter,Electronica,0,67231.12,2203,0.153
2024-05-31,T18,Oeste,Supercenter,Hogar,0,52946.73,1484,0.263
2024-05-31,T18,Oeste,Supercenter,Ropa,0,44154.39,1411,0.23
2024-05-31,T18,Oeste,Supercenter,Juguetes,0,41968.62,5172,0.268
2024-05-31,T18,Oeste,Supercenter,Farmacia,0,37981.17,873,0.245
2024-05-31,T18,Oeste,Supercenter,Jardin,0,24194.42,547,0.179
2024-06-07,T18,Oeste,Supercenter,Alimentacion,0,160576.35,3824,0.261
2024-06-07,T18,Oeste,Supercenter,Electronica,0,110605.1,5484,0.166
2024-06-07,T18,Oeste,Supercenter,Hogar,0,41108.95,1974,0.179
2024-06-07,T18,Oeste,Supercenter,Ropa,0,44275.39,1503,0.207
2024-06-07,T18,Oeste,Supercenter,Juguetes,0,32671.8,915,0.21
2024-06-07,T18,Oeste,Supercenter,Farmacia,0,48506.45,1338,0.19
2024-06-07,T18,Oeste,Supercenter,Jardin,0,35280.93,814,0.266
2024-06-14,T18,Oeste,Supercenter,Alimentacion,0,142754.03,8509,0.259
2024-06-14,T18,Oeste,Supercenter,Electronica,0,92285.59,2686,0.188
2024-06-14,T18,Oeste,Supercenter,Hogar,0,64350.41,1750,0.298
2024-06-14,T18,Oeste,Supercenter,Ropa,0,38611.2,4391,0.216
2024-06-14,T18,Oeste,Supercenter,Juguetes,0,40437.16,3361,0.212
2024-06-14,T18,Oeste,Supercenter,Farmacia,0,36681.88,1265,0.258
2024-06-14,T18,Oeste,Supercenter,Jardin,0,23514.28,2880,0.205
2024-06-21,T18,Oeste,Supercenter,Alimentacion,0,130153.4,3071,0.292
2024-06-21,T18,Oeste,Supercenter,Electronica,0,86567.48,2989,0.257
2024-06-21,T18,Oeste,Supercenter,Hogar,0,51397.49,4400,0.206
2024-06-21,T18,Oeste,Supercenter,Ropa,0,63746.82,2632,0.22
2024-06-21,T18,Oeste,Supercenter,Juguetes,0,25688.15,2635,0.171
2024-06-21,T18,Oeste,Supercenter,Farmacia,0,49122.84,2993,0.283
2024-06-21,T18,Oeste,Supercenter,Jardin,0,20194.9,2282,0.227
2024-06-28,T18,Oeste,Supercenter,Alimentacion,0,132126.84,4490,0.211
2024-06-28,T18,Oeste,Supercenter,Electronica,0,83850.51,2337,0.206
2024-06-28,T18,Oeste,Supercenter,Hogar,0,48274.64,1218,0.212
2024-06-28,T18,Oeste,Supercenter,Ropa,0,49433.29,2717,0.247
2024-06-28,T18,Oeste,Supercenter,Juguetes,0,25868.5,654,0.13
2024-06-28,T18,Oeste,Supercenter,Farmacia,0,31258.97,2254,0.229
2024-06-28,T18,Oeste,Supercenter,Jardin,0,24573.08,868,0.249
2024-07-05,T18,Oeste,Supercenter,Alimentacion,0,158464.79,4577,0.259
2024-07-05,T18,Oeste,Supercenter,Electronica,0,104643.01,2486,0.333
2024-07-05,T18,Oeste,Supercenter,Hogar,0,50817.6,3224,0.282
2024-07-05,T18,Oeste,Supercenter,Ropa,0,53981.67,1626,0.319
2024-07-05,T18,Oeste,Supercenter,Juguetes,0,42704.36,1155,0.238
2024-07-05,T18,Oeste,Supercenter,Farmacia,0,41307.84,3018,0.236
2024-07-05,T18,Oeste,Supercenter,Jardin,0,22787.3,749,0.186
2024-07-12,T18,Oeste,Supercenter,Alimentacion,0,109359.54,4496,0.193
2024-07-12,T18,Oeste,Supercenter,Electronica,0,79101.86,1812,0.236
2024-07-12,T18,Oeste,Supercenter,Hogar,0,71482.17,8907,0.18
2024-07-12,T18,Oeste,Supercenter,Ropa,0,65058.08,1862,0.258
2024-07-12,T18,Oeste,Supercenter,Juguetes,0,40663.85,1759,0.205
2024-07-12,T18,Oeste,Supercenter,Farmacia,0,34070.06,911,0.223
2024-07-12,T18,Oeste,Supercenter,Jardin,0,34792.8,983,0.252
2024-07-19,T18,Oeste,Supercenter,Alimentacion,0,130534.69,5769,0.162
2024-07-19,T18,Oeste,Supercenter,Electronica,0,93538.75,3882,0.275
2024-07-19,T18,Oeste,Supercenter,Hogar,0,41963.05,1101,0.289
2024-07-19,T18,Oeste,Supercenter,Ropa,0,41963.95,4467,0.295
2024-07-19,T18,Oeste,Supercenter,Juguetes,0,29358.57,654,0.232
2024-07-19,T18,Oeste,Supercenter,Farmacia,0,36001.65,3767,0.2
2024-07-19,T18,Oeste,Supercenter,Jardin,0,29997.74,761,0.3
2024-07-26,T18,Oeste,Supercenter,Alimentacion,0,137419.89,8290,0.18
2024-07-26,T18,Oeste,Supercenter,Electronica,0,104820.5,6140,0.251
2024-07-26,T18,Oeste,Supercenter,Hogar,0,70293.74,2250,0.143
2024-07-26,T18,Oeste,Supercenter,Ropa,0,63688.81,1770,0.204
2024-07-26,T18,Oeste,Supercenter,Juguetes,0,34425.96,1328,0.227
2024-07-26,T18,Oeste,Supercenter,Farmacia,0,54474.25,1723,0.269
2024-07-26,T18,Oeste,Supercenter,Jardin,0,20690.99,523,0.262
2024-08-02,T18,Oeste,Supercenter,Alimentacion,0,147245.85,15530,0.231
2024-08-02,T18,Oeste,Supercenter,Electronica,0,94177.44,3778,0.272
2024-08-02,T18,Oeste,Supercenter,Hogar,0,50794.49,2642,0.244
2024-08-02,T18,Oeste,Supercenter,Ropa,0,49040.58,1979,0.264
2024-08-02,T18,Oeste,Supercenter,Juguetes,0,40169.75,1706,0.272
2024-08-02,T18,Oeste,Supercenter,Farmacia,0,52044.13,2193,0.256
2024-08-02,T18,Oeste,Supercenter,Jardin,0,36033.88,990,0.261
2024-08-09,T18,Oeste,Supercenter,Alimentacion,0,132385.49,3357,0.16
2024-08-09,T18,Oeste,Supercenter,Electronica,0,69366.49,2224,0.288
2024-08-09,T18,Oeste,Supercenter,Hogar,0,67716.35,5368,0.307
2024-08-09,T18,Oeste,Supercenter,Ropa,0,50677.5,2889,0.262
2024-08-09,T18,Oeste,Supercenter,Juguetes,0,35295.75,1856,0.148
2024-08-09,T18,Oeste,Supercenter,Farmacia,0,52162.95,1302,0.281
2024-08-09,T18,Oeste,Supercenter,Jardin,0,35758.41,827,0.314
2024-08-16,T18,Oeste,Supercenter,Alimentacion,0,97711.62,2598,0.243
2024-08-16,T18,Oeste,Supercenter,Electronica,0,79774.89,1809,0.344
2024-08-16,T18,Oeste,Supercenter,Hogar,0,71302.5,2382,0.256
2024-08-16,T18,Oeste,Supercenter,Ropa,0,60967.06,1684,0.223
2024-08-16,T18,Oeste,Supercenter,Juguetes,0,38268.27,2377,0.205
2024-08-16,T18,Oeste,Supercenter,Farmacia,0,30829.54,2249,0.201
2024-08-16,T18,Oeste,Supercenter,Jardin,0,29345.14,2285,0.204
2024-08-23,T18,Oeste,Supercenter,Alimentacion,0,110598.08,6357,0.286
2024-08-23,T18,Oeste,Supercenter,Electronica,0,111321.54,2927,0.276
2024-08-23,T18,Oeste,Supercenter,Hogar,0,65149.43,4461,0.21
2024-08-23,T18,Oeste,Supercenter,Ropa,0,61971.0,2808,0.23
2024-08-23,T18,Oeste,Supercenter,Juguetes,0,40283.14,2104,0.306
2024-08-23,T18,Oeste,Supercenter,Farmacia,0,51097.76,2048,0.29
2024-08-23,T18,Oeste,Supercenter,Jardin,0,21824.01,498,0.281
2024-08-30,T18,Oeste,Supercenter,Alimentacion,0,164990.49,4969,0.319
2024-08-30,T18,Oeste,Supercenter,Electronica,0,79940.44,2175,0.204
2024-08-30,T18,Oeste,Supercenter,Hogar,0,42672.78,2585,0.326
2024-08-30,T18,Oeste,Supercenter,Ropa,0,56029.51,2111,0.395
2024-08-30,T18,Oeste,Supercenter,Juguetes,0,35260.6,948,0.19
2024-08-30,T18,Oeste,Supercenter,Farmacia,0,55723.24,1399,0.193
2024-08-30,T18,Oeste,Supercenter,Jardin,0,35014.34,1053,0.209
2024-09-06,T18,Oeste,Supercenter,Alimentacion,0,101037.8,2433,0.28
2024-09-06,T18,Oeste,Supercenter,Electronica,0,101570.42,5322,0.255
2024-09-06,T18,Oeste,Supercenter,Hogar,0,73263.73,2777,0.225
2024-09-06,T18,Oeste,Supercenter,Ropa,0,60226.29,3670,0.243
2024-09-06,T18,Oeste,Supercenter,Juguetes,0,44753.25,4185,0.281
2024-09-06,T18,Oeste,Supercenter,Farmacia,0,55381.81,1304,0.258
2024-09-06,T18,Oeste,Supercenter,Jardin,0,31747.35,1045,0.302
2024-09-13,T18,Oeste,Supercenter,Alimentacion,0,140736.53,6923,0.191
2024-09-13,T18,Oeste,Supercenter,Electronica,0,81810.07,2069,0.173
2024-09-13,T18,Oeste,Supercenter,Hogar,0,48724.05,5890,0.259
2024-09-13,T18,Oeste,Supercenter,Ropa,0,64526.55,2682,0.197
2024-09-13,T18,Oeste,Supercenter,Juguetes,0,45811.16,5088,0.27
2024-09-13,T18,Oeste,Supercenter,Farmacia,0,50820.64,1388,0.207
2024-09-13,T18,Oeste,Supercenter,Jardin,0,32216.5,1038,0.231
2024-09-20,T18,Oeste,Supercenter,Alimentacion,0,110813.45,2916,0.196
2024-09-20,T18,Oeste,Supercenter,Electronica,0,97540.92,2280,0.177
2024-09-20,T18,Oeste,Supercenter,Hogar,0,66995.53,3579,0.209
2024-09-20,T18,Oeste,Supercenter,Ropa,0,52374.21,5645,0.295
2024-09-20,T18,Oeste,Supercenter,Juguetes,0,40894.35,1418,0.263
2024-09-20,T18,Oeste,Supercenter,Farmacia,0,52654.15,1752,0.225
2024-09-20,T18,Oeste,Supercenter,Jardin,0,29806.9,2693,0.318
2024-09-27,T18,Oeste,Supercenter,Alimentacion,0,94932.87,3228,0.293
2024-09-27,T18,Oeste,Supercenter,Electronica,0,70864.3,4261,0.233
2024-09-27,T18,Oeste,Supercenter,Hogar,0,70759.55,1874,0.259
2024-09-27,T18,Oeste,Supercenter,Ropa,0,36804.36,995,0.235
2024-09-27,T18,Oeste,Supercenter,Juguetes,0,35140.47,2935,0.286
2024-09-27,T18,Oeste,Supercenter,Farmacia,0,55815.35,3885,0.203
2024-09-27,T18,Oeste,Supercenter,Jardin,0,34926.72,785,0.215
2024-10-04,T18,Oeste,Supercenter,Alimentacion,0,156514.04,5217,0.208
2024-10-04,T18,Oeste,Supercenter,Electronica,0,65904.63,1859,0.242
2024-10-04,T18,Oeste,Supercenter,Hogar,0,42160.45,2243,0.183
2024-10-04,T18,Oeste,Supercenter,Ropa,0,47277.01,3082,0.222
2024-10-04,T18,Oeste,Supercenter,Juguetes,0,31424.43,1040,0.245
2024-10-04,T18,Oeste,Supercenter,Farmacia,0,36293.21,1839,0.203
2024-10-04,T18,Oeste,Supercenter,Jardin,0,20706.27,460,0.225
2024-10-11,T18,Oeste,Supercenter,Alimentacion,0,112456.2,3941,0.151
2024-10-11,T18,Oeste,Supercenter,Electronica,0,83708.62,4864,0.266
2024-10-11,T18,Oeste,Supercenter,Hogar,0,56704.06,2397,0.176
2024-10-11,T18,Oeste,Supercenter,Ropa,0,65046.02,2259,0.259
2024-10-11,T18,Oeste,Supercenter,Juguetes,0,37244.15,861,0.227
2024-10-11,T18,Oeste,Supercenter,Farmacia,0,35633.21,2370,0.265
2024-10-11,T18,Oeste,Supercenter,Jardin,0,34141.37,1306,0.27
2024-10-18,T18,Oeste,Supercenter,Alimentacion,0,115353.61,6341,0.238
2024-10-18,T18,Oeste,Supercenter,Electronica,0,81278.56,4773,0.291
2024-10-18,T18,Oeste,Supercenter,Hogar,0,61946.54,1797,0.281
2024-10-18,T18,Oeste,Supercenter,Ropa,0,38135.22,4723,0.234
2024-10-18,T18,Oeste,Supercenter,Juguetes,0,40249.22,945,0.348
2024-10-18,T18,Oeste,Supercenter,Farmacia,0,50217.17,1435,0.358
2024-10-18,T18,Oeste,Supercenter,Jardin,0,28143.21,1989,0.252
2024-10-25,T18,Oeste,Supercenter,Alimentacion,0,153561.48,4494,0.301
2024-10-25,T18,Oeste,Supercenter,Electronica,0,79293.59,2364,0.236
2024-10-25,T18,Oeste,Supercenter,Hogar,0,55449.31,3267,0.227
2024-10-25,T18,Oeste,Supercenter,Ropa,0,36171.75,1101,0.24
2024-10-25,T18,Oeste,Supercenter,Juguetes,0,31819.5,1332,0.242
2024-10-25,T18,Oeste,Supercenter,Farmacia,0,40721.13,2212,0.309
2024-10-25,T18,Oeste,Supercenter,Jardin,0,35666.43,1334,0.196
2024-11-01,T18,Oeste,Supercenter,Alimentacion,1,144795.84,10615,0.296
2024-11-01,T18,Oeste,Supercenter,Electronica,1,118779.93,4886,0.245
2024-11-01,T18,Oeste,Supercenter,Hogar,1,56635.02,2276,0.205
2024-11-01,T18,Oeste,Supercenter,Ropa,1,44420.91,1041,0.22
2024-11-01,T18,Oeste,Supercenter,Juguetes,1,73399.65,7678,0.243
2024-11-01,T18,Oeste,Supercenter,Farmacia,1,38107.57,921,0.208
2024-11-01,T18,Oeste,Supercenter,Jardin,1,32542.28,2291,0.304
2024-11-08,T18,Oeste,Supercenter,Alimentacion,1,135618.85,4373,0.253
2024-11-08,T18,Oeste,Supercenter,Electronica,1,123323.69,3022,0.185
2024-11-08,T18,Oeste,Supercenter,Hogar,1,47392.1,2034,0.31
2024-11-08,T18,Oeste,Supercenter,Ropa,1,49388.47,2085,0.243
2024-11-08,T18,Oeste,Supercenter,Juguetes,1,62300.51,1967,0.213
2024-11-08,T18,Oeste,Supercenter,Farmacia,1,48206.05,1812,0.251
2024-11-08,T18,Oeste,Supercenter,Jardin,1,24862.92,759,0.245
2024-11-15,T18,Oeste,Supercenter,Alimentacion,1,95843.62,3082,0.183
2024-11-15,T18,Oeste,Supercenter,Electronica,1,172200.13,5456,0.295
2024-11-15,T18,Oeste,Supercenter,Hogar,1,53595.05,1746,0.281
2024-11-15,T18,Oeste,Supercenter,Ropa,1,59636.1,2948,0.211
2024-11-15,T18,Oeste,Supercenter,Juguetes,1,58815.56,7121,0.132
2024-11-15,T18,Oeste,Supercenter,Farmacia,1,36307.84,2881,0.247
2024-11-15,T18,Oeste,Supercenter,Jardin,1,34281.09,819,0.333
2024-11-22,T18,Oeste,Supercenter,Alimentacion,1,113653.88,4570,0.216
2024-11-22,T18,Oeste,Supercenter,Electronica,1,137783.53,6192,0.144
2024-11-22,T18,Oeste,Supercenter,Hogar,1,59777.96,1845,0.283
2024-11-22,T18,Oeste,Supercenter,Ropa,1,35819.16,1016,0.311
2024-11-22,T18,Oeste,Supercenter,Juguetes,1,53585.09,2728,0.262
2024-11-22,T18,Oeste,Supercenter,Farmacia,1,46324.53,1542,0.233
2024-11-22,T18,Oeste,Supercenter,Jardin,1,36455.79,1771,0.269
2024-11-29,T18,Oeste,Supercenter,Alimentacion,1,119370.4,3171,0.345
2024-11-29,T18,Oeste,Supercenter,Electronica,1,127474.33,7751,0.236
2024-11-29,T18,Oeste,Supercenter,Hogar,1,62157.2,2856,0.272
2024-11-29,T18,Oeste,Supercenter,Ropa,1,57788.38,6299,0.264
2024-11-29,T18,Oeste,Supercenter,Juguetes,1,53247.69,1286,0.206
2024-11-29,T18,Oeste,Supercenter,Farmacia,1,46636.3,3738,0.238
2024-11-29,T18,Oeste,Supercenter,Jardin,1,32093.08,1131,0.255
2024-12-06,T18,Oeste,Supercenter,Alimentacion,1,133807.05,4603,0.311
2024-12-06,T18,Oeste,Supercenter,Electronica,1,147694.5,3592,0.124
2024-12-06,T18,Oeste,Supercenter,Hogar,1,51398.45,1395,0.248
2024-12-06,T18,Oeste,Supercenter,Ropa,1,40269.47,3779,0.227
2024-12-06,T18,Oeste,Supercenter,Juguetes,1,69404.33,8278,0.262
2024-12-06,T18,Oeste,Supercenter,Farmacia,1,37877.18,2005,0.204
2024-12-06,T18,Oeste,Supercenter,Jardin,1,23022.39,585,0.19
2024-12-13,T18,Oeste,Supercenter,Alimentacion,1,113132.91,6375,0.158
2024-12-13,T18,Oeste,Supercenter,Electronica,1,140660.95,6188,0.26
2024-12-13,T18,Oeste,Supercenter,Hogar,1,65647.31,2551,0.25
2024-12-13,T18,Oeste,Supercenter,Ropa,1,54826.04,1286,0.223
2024-12-13,T18,Oeste,Supercenter,Juguetes,1,77932.71,5314,0.309
2024-12-13,T18,Oeste,Supercenter,Farmacia,1,34817.39,1152,0.295
2024-12-13,T18,Oeste,Supercenter,Jardin,1,29361.87,972,0.291
2024-12-20,T18,Oeste,Supercenter,Alimentacion,1,143041.42,13553,0.297
2024-12-20,T18,Oeste,Supercenter,Electronica,1,122627.12,3710,0.361
2024-12-20,T18,Oeste,Supercenter,Hogar,1,56582.79,2536,0.384
2024-12-20,T18,Oeste,Supercenter,Ropa,1,54063.5,4799,0.193
2024-12-20,T18,Oeste,Supercenter,Juguetes,1,52623.71,2831,0.242
2024-12-20,T18,Oeste,Supercenter,Farmacia,1,50089.07,1166,0.273
2024-12-20,T18,Oeste,Supercenter,Jardin,1,22985.2,2245,0.287
2024-12-27,T18,Oeste,Supercenter,Alimentacion,1,112523.75,3806,0.317
2024-12-27,T18,Oeste,Supercenter,Electronica,1,125580.75,5742,0.343
2024-12-27,T18,Oeste,Supercenter,Hogar,1,62445.86,1462,0.244
2024-12-27,T18,Oeste,Supercenter,Ropa,1,44220.98,1170,0.235
2024-12-27,T18,Oeste,Supercenter,Juguetes,1,81220.18,3170,0.241
2024-12-27,T18,Oeste,Supercenter,Farmacia,1,38425.83,2141,0.201
2024-12-27,T18,Oeste,Supercenter,Jardin,1,36847.84,1335,0.177
2024-01-05,T19,Oeste,Supercenter,Alimentacion,0,73049.35,1851,0.235
2024-01-05,T19,Oeste,Supercenter,Electronica,0,60241.42,1742,0.233
2024-01-05,T19,Oeste,Supercenter,Hogar,0,43044.71,1912,0.362
2024-01-05,T19,Oeste,Supercenter,Ropa,0,25185.63,1635,0.307
2024-01-05,T19,Oeste,Supercenter,Juguetes,0,25541.16,617,0.234
2024-01-05,T19,Oeste,Supercenter,Farmacia,0,19551.44,730,0.24
2024-01-05,T19,Oeste,Supercenter,Jardin,0,22792.36,573,0.358
2024-01-12,T19,Oeste,Supercenter,Alimentacion,0,97380.87,6118,0.222
2024-01-12,T19,Oeste,Supercenter,Electronica,0,55437.41,2474,0.167
2024-01-12,T19,Oeste,Supercenter,Hogar,0,41588.14,2463,0.17
2024-01-12,T19,Oeste,Supercenter,Ropa,0,35440.31,819,0.249
2024-01-12,T19,Oeste,Supercenter,Juguetes,0,17445.66,548,0.198
2024-01-12,T19,Oeste,Supercenter,Farmacia,0,23508.22,2563,0.311
2024-01-12,T19,Oeste,Supercenter,Jardin,0,15862.21,1366,0.289
2024-01-19,T19,Oeste,Supercenter,Alimentacion,0,87028.43,4654,0.249
2024-01-19,T19,Oeste,Supercenter,Electronica,0,54732.3,1525,0.264
2024-01-19,T19,Oeste,Supercenter,Hogar,0,34938.24,1018,0.144
2024-01-19,T19,Oeste,Supercenter,Ropa,0,34316.71,1247,0.272
2024-01-19,T19,Oeste,Supercenter,Juguetes,0,19410.43,978,0.235
2024-01-19,T19,Oeste,Supercenter,Farmacia,0,33859.58,2152,0.246
2024-01-19,T19,Oeste,Supercenter,Jardin,0,23002.92,744,0.292
2024-01-26,T19,Oeste,Supercenter,Alimentacion,0,102024.76,4990,0.222
2024-01-26,T19,Oeste,Supercenter,Electronica,0,51104.65,3023,0.22
2024-01-26,T19,Oeste,Supercenter,Hogar,0,29562.62,771,0.23
2024-01-26,T19,Oeste,Supercenter,Ropa,0,39097.37,4089,0.304
2024-01-26,T19,Oeste,Supercenter,Juguetes,0,16527.67,410,0.314
2024-01-26,T19,Oeste,Supercenter,Farmacia,0,28159.67,3017,0.325
2024-01-26,T19,Oeste,Supercenter,Jardin,0,19022.8,664,0.237
2024-02-02,T19,Oeste,Supercenter,Alimentacion,0,102404.51,2284,0.227
2024-02-02,T19,Oeste,Supercenter,Electronica,0,40245.55,3106,0.303
2024-02-02,T19,Oeste,Supercenter,Hogar,0,45808.53,1898,0.281
2024-02-02,T19,Oeste,Supercenter,Ropa,0,28350.05,1274,0.273
2024-02-02,T19,Oeste,Supercenter,Juguetes,0,24694.41,1997,0.215
2024-02-02,T19,Oeste,Supercenter,Farmacia,0,19431.34,604,0.198
2024-02-02,T19,Oeste,Supercenter,Jardin,0,13049.51,639,0.245
2024-02-09,T19,Oeste,Supercenter,Alimentacion,0,95626.8,3269,0.22
2024-02-09,T19,Oeste,Supercenter,Electronica,0,69061.0,1989,0.285
2024-02-09,T19,Oeste,Supercenter,Hogar,0,26399.37,1665,0.272
2024-02-09,T19,Oeste,Supercenter,Ropa,0,37954.95,1126,0.286
2024-02-09,T19,Oeste,Supercenter,Juguetes,0,28526.76,657,0.3
2024-02-09,T19,Oeste,Supercenter,Farmacia,0,29000.52,886,0.237
2024-02-09,T19,Oeste,Supercenter,Jardin,0,19778.94,1221,0.202
2024-02-16,T19,Oeste,Supercenter,Alimentacion,0,96187.62,2318,0.244
2024-02-16,T19,Oeste,Supercenter,Electronica,0,42583.43,1995,0.188
2024-02-16,T19,Oeste,Supercenter,Hogar,0,31766.44,926,0.286
2024-02-16,T19,Oeste,Supercenter,Ropa,0,25079.56,922,0.201
2024-02-16,T19,Oeste,Supercenter,Juguetes,0,22437.33,706,0.268
2024-02-16,T19,Oeste,Supercenter,Farmacia,0,31100.33,970,0.186
2024-02-16,T19,Oeste,Supercenter,Jardin,0,17077.63,613,0.274
2024-02-23,T19,Oeste,Supercenter,Alimentacion,0,87947.03,5650,0.174
2024-02-23,T19,Oeste,Supercenter,Electronica,0,63288.38,2298,0.177
2024-02-23,T19,Oeste,Supercenter,Hogar,0,39174.63,2961,0.149
2024-02-23,T19,Oeste,Supercenter,Ropa,0,40340.7,4239,0.153
2024-02-23,T19,Oeste,Supercenter,Juguetes,0,23510.59,1006,0.246
2024-02-23,T19,Oeste,Supercenter,Farmacia,0,28031.44,754,0.289
2024-02-23,T19,Oeste,Supercenter,Jardin,0,17133.53,430,0.302
2024-03-01,T19,Oeste,Supercenter,Alimentacion,0,80131.28,9107,0.085
2024-03-01,T19,Oeste,Supercenter,Electronica,0,52137.38,2290,0.3
2024-03-01,T19,Oeste,Supercenter,Hogar,0,37918.39,934,0.336
2024-03-01,T19,Oeste,Supercenter,Ropa,0,26263.97,3035,0.349
2024-03-01,T19,Oeste,Supercenter,Juguetes,0,19931.25,956,0.219
2024-03-01,T19,Oeste,Supercenter,Farmacia,0,29736.01,1619,0.28
2024-03-01,T19,Oeste,Supercenter,Jardin,0,17802.71,497,0.243
2024-03-08,T19,Oeste,Supercenter,Alimentacion,0,90600.68,3610,0.221
2024-03-08,T19,Oeste,Supercenter,Electronica,0,48807.19,3646,0.31
2024-03-08,T19,Oeste,Supercenter,Hogar,0,43618.72,3702,0.2
2024-03-08,T19,Oeste,Supercenter,Ropa,0,23769.37,1110,0.27
2024-03-08,T19,Oeste,Supercenter,Juguetes,0,26709.91,2006,0.259
2024-03-08,T19,Oeste,Supercenter,Farmacia,0,28702.6,1524,0.222
2024-03-08,T19,Oeste,Supercenter,Jardin,0,21183.96,1953,0.308
2024-03-15,T19,Oeste,Supercenter,Alimentacion,0,57767.63,1400,0.258
2024-03-15,T19,Oeste,Supercenter,Electronica,0,58654.87,1320,0.284
2024-03-15,T19,Oeste,Supercenter,Hogar,0,25819.05,3171,0.218
2024-03-15,T19,Oeste,Supercenter,Ropa,0,30194.31,971,0.173
2024-03-15,T19,Oeste,Supercenter,Juguetes,0,24568.45,997,0.282
2024-03-15,T19,Oeste,Supercenter,Farmacia,0,22271.27,497,0.343
2024-03-15,T19,Oeste,Supercenter,Jardin,0,15898.58,1164,0.144
2024-03-22,T19,Oeste,Supercenter,Alimentacion,0,67019.74,2098,0.265
2024-03-22,T19,Oeste,Supercenter,Electronica,0,39435.55,1142,0.244
2024-03-22,T19,Oeste,Supercenter,Hogar,0,39374.16,2379,0.221
2024-03-22,T19,Oeste,Supercenter,Ropa,0,32180.47,733,0.253
2024-03-22,T19,Oeste,Supercenter,Juguetes,0,20943.66,1025,0.244
2024-03-22,T19,Oeste,Supercenter,Farmacia,0,30608.49,1177,0.236
2024-03-22,T19,Oeste,Supercenter,Jardin,0,14304.28,1450,0.189
2024-03-29,T19,Oeste,Supercenter,Alimentacion,0,69864.93,5651,0.27
2024-03-29,T19,Oeste,Supercenter,Electronica,0,39781.48,899,0.281
2024-03-29,T19,Oeste,Supercenter,Hogar,0,44766.05,1345,0.271
2024-03-29,T19,Oeste,Supercenter,Ropa,0,30634.38,916,0.23
2024-03-29,T19,Oeste,Supercenter,Juguetes,0,15685.93,377,0.162
2024-03-29,T19,Oeste,Supercenter,Farmacia,0,24303.69,1054,0.285
2024-03-29,T19,Oeste,Supercenter,Jardin,0,16444.92,753,0.206
2024-04-05,T19,Oeste,Supercenter,Alimentacion,0,75950.85,5613,0.305
2024-04-05,T19,Oeste,Supercenter,Electronica,0,48007.38,1102,0.294
2024-04-05,T19,Oeste,Supercenter,Hogar,0,40994.24,951,0.304
2024-04-05,T19,Oeste,Supercenter,Ropa,0,32346.79,3402,0.163
2024-04-05,T19,Oeste,Supercenter,Juguetes,0,20430.48,614,0.307
2024-04-05,T19,Oeste,Supercenter,Farmacia,0,22754.77,637,0.372
2024-04-05,T19,Oeste,Supercenter,Jardin,0,12501.15,1248,0.297
2024-04-12,T19,Oeste,Supercenter,Alimentacion,0,79812.7,4432,0.235
2024-04-12,T19,Oeste,Supercenter,Electronica,0,55474.64,1450,0.205
2024-04-12,T19,Oeste,Supercenter,Hogar,0,40574.73,1288,0.198
2024-04-12,T19,Oeste,Supercenter,Ropa,0,22665.84,537,0.141
2024-04-12,T19,Oeste,Supercenter,Juguetes,0,20870.47,523,0.342
2024-04-12,T19,Oeste,Supercenter,Farmacia,0,30283.72,782,0.305
2024-04-12,T19,Oeste,Supercenter,Jardin,0,20547.91,1020,0.329
2024-04-19,T19,Oeste,Supercenter,Alimentacion,0,73724.57,7365,0.258
2024-04-19,T19,Oeste,Supercenter,Electronica,0,61511.37,2318,0.252
2024-04-19,T19,Oeste,Supercenter,Hogar,0,25625.22,1760,0.264
2024-04-19,T19,Oeste,Supercenter,Ropa,0,28952.02,872,0.216
2024-04-19,T19,Oeste,Supercenter,Juguetes,0,24338.35,1038,0.287
2024-04-19,T19,Oeste,Supercenter,Farmacia,0,33250.9,1010,0.208
2024-04-19,T19,Oeste,Supercenter,Jardin,0,15650.76,440,0.246
2024-04-26,T19,Oeste,Supercenter,Alimentacion,0,91931.2,2263,0.23
2024-04-26,T19,Oeste,Supercenter,Electronica,0,41038.31,1060,0.177
2024-04-26,T19,Oeste,Supercenter,Hogar,0,35072.55,1054,0.325
2024-04-26,T19,Oeste,Supercenter,Ropa,0,28105.01,843,0.231
2024-04-26,T19,Oeste,Supercenter,Juguetes,0,23312.74,846,0.144
2024-04-26,T19,Oeste,Supercenter,Farmacia,0,25099.41,2380,0.213
2024-04-26,T19,Oeste,Supercenter,Jardin,0,20148.58,1056,0.228
2024-05-03,T19,Oeste,Supercenter,Alimentacion,0,99705.44,2495,0.182
2024-05-03,T19,Oeste,Supercenter,Electronica,0,62465.33,1424,0.178
2024-05-03,T19,Oeste,Supercenter,Hogar,0,30079.11,950,0.284
2024-05-03,T19,Oeste,Supercenter,Ropa,0,34638.68,3861,0.216
2024-05-03,T19,Oeste,Supercenter,Juguetes,0,25588.41,1118,0.191
2024-05-03,T19,Oeste,Supercenter,Farmacia,0,30194.47,783,0.203
2024-05-03,T19,Oeste,Supercenter,Jardin,0,12858.5,350,0.232
2024-05-10,T19,Oeste,Supercenter,Alimentacion,0,97653.95,2410,0.222
2024-05-10,T19,Oeste,Supercenter,Electronica,0,62228.47,1664,0.206
2024-05-10,T19,Oeste,Supercenter,Hogar,0,33540.32,2736,0.276
2024-05-10,T19,Oeste,Supercenter,Ropa,0,33815.22,1102,0.161
2024-05-10,T19,Oeste,Supercenter,Juguetes,0,23741.05,956,0.352
2024-05-10,T19,Oeste,Supercenter,Farmacia,0,32455.27,1181,0.305
2024-05-10,T19,Oeste,Supercenter,Jardin,0,14190.21,1207,0.237
2024-05-17,T19,Oeste,Supercenter,Alimentacion,0,90828.38,9116,0.192
2024-05-17,T19,Oeste,Supercenter,Electronica,0,54491.51,5278,0.205
2024-05-17,T19,Oeste,Supercenter,Hogar,0,35151.07,834,0.3
2024-05-17,T19,Oeste,Supercenter,Ropa,0,24910.53,3009,0.327
2024-05-17,T19,Oeste,Supercenter,Juguetes,0,25550.97,1044,0.338
2024-05-17,T19,Oeste,Supercenter,Farmacia,0,33573.92,904,0.178
2024-05-17,T19,Oeste,Supercenter,Jardin,0,15303.66,388,0.262
2024-05-24,T19,Oeste,Supercenter,Alimentacion,0,101322.21,9363,0.224
2024-05-24,T19,Oeste,Supercenter,Electronica,0,39753.4,1943,0.24
2024-05-24,T19,Oeste,Supercenter,Hogar,0,40031.83,4955,0.19
2024-05-24,T19,Oeste,Supercenter,Ropa,0,36288.24,2864,0.195
2024-05-24,T19,Oeste,Supercenter,Juguetes,0,17996.06,1484,0.204
2024-05-24,T19,Oeste,Supercenter,Farmacia,0,19635.74,705,0.195
2024-05-24,T19,Oeste,Supercenter,Jardin,0,13050.5,415,0.3
2024-05-31,T19,Oeste,Supercenter,Alimentacion,0,95949.6,2557,0.262
2024-05-31,T19,Oeste,Supercenter,Electronica,0,50058.96,1302,0.243
2024-05-31,T19,Oeste,Supercenter,Hogar,0,32946.67,2999,0.282
2024-05-31,T19,Oeste,Supercenter,Ropa,0,26453.91,1386,0.286
2024-05-31,T19,Oeste,Supercenter,Juguetes,0,28869.84,2168,0.209
2024-05-31,T19,Oeste,Supercenter,Farmacia,0,29952.4,1132,0.337
2024-05-31,T19,Oeste,Supercenter,Jardin,0,20044.52,668,0.261
2024-06-07,T19,Oeste,Supercenter,Alimentacion,0,67690.58,1622,0.133
2024-06-07,T19,Oeste,Supercenter,Electronica,0,38342.92,2148,0.138
2024-06-07,T19,Oeste,Supercenter,Hogar,0,33016.63,774,0.272
2024-06-07,T19,Oeste,Supercenter,Ropa,0,38349.22,1278,0.227
2024-06-07,T19,Oeste,Supercenter,Juguetes,0,17680.34,980,0.159
2024-06-07,T19,Oeste,Supercenter,Farmacia,0,31126.33,1267,0.27
2024-06-07,T19,Oeste,Supercenter,Jardin,0,21168.99,1742,0.272
2024-06-14,T19,Oeste,Supercenter,Alimentacion,0,94284.95,2487,0.226
2024-06-14,T19,Oeste,Supercenter,Electronica,0,44492.8,1911,0.24
2024-06-14,T19,Oeste,Supercenter,Hogar,0,27195.73,869,0.238
2024-06-14,T19,Oeste,Supercenter,Ropa,0,24655.36,830,0.208
2024-06-14,T19,Oeste,Supercenter,Juguetes,0,20649.73,553,0.229
2024-06-14,T19,Oeste,Supercenter,Farmacia,0,22576.17,567,0.255
2024-06-14,T19,Oeste,Supercenter,Jardin,0,18905.92,426,0.365
2024-06-21,T19,Oeste,Supercenter,Alimentacion,0,59273.34,1511,0.34
2024-06-21,T19,Oeste,Supercenter,Electronica,0,48389.31,4817,0.226
2024-06-21,T19,Oeste,Supercenter,Hogar,0,26807.25,1811,0.19
2024-06-21,T19,Oeste,Supercenter,Ropa,0,27013.6,706,0.249
2024-06-21,T19,Oeste,Supercenter,Juguetes,0,19833.9,477,0.222
2024-06-21,T19,Oeste,Supercenter,Farmacia,0,23196.4,601,0.198
2024-06-21,T19,Oeste,Supercenter,Jardin,0,13003.52,297,0.26
2024-06-28,T19,Oeste,Supercenter,Alimentacion,0,87522.57,6889,0.201
2024-06-28,T19,Oeste,Supercenter,Electronica,0,52019.88,1577,0.261
2024-06-28,T19,Oeste,Supercenter,Hogar,0,43733.47,1185,0.21
2024-06-28,T19,Oeste,Supercenter,Ropa,0,30330.57,980,0.29
2024-06-28,T19,Oeste,Supercenter,Juguetes,0,17343.94,438,0.381
2024-06-28,T19,Oeste,Supercenter,Farmacia,0,33610.95,775,0.257
2024-06-28,T19,Oeste,Supercenter,Jardin,0,16535.14,601,0.214
2024-07-05,T19,Oeste,Supercenter,Alimentacion,0,95414.65,7216,0.374
2024-07-05,T19,Oeste,Supercenter,Electronica,0,67453.85,1503,0.251
2024-07-05,T19,Oeste,Supercenter,Hogar,0,45608.2,3642,0.259
2024-07-05,T19,Oeste,Supercenter,Ropa,0,26360.04,866,0.231
2024-07-05,T19,Oeste,Supercenter,Juguetes,0,18721.51,979,0.282
2024-07-05,T19,Oeste,Supercenter,Farmacia,0,27987.07,818,0.204
2024-07-05,T19,Oeste,Supercenter,Jardin,0,16618.36,1950,0.32
2024-07-12,T19,Oeste,Supercenter,Alimentacion,0,77973.58,1820,0.279
2024-07-12,T19,Oeste,Supercenter,Electronica,0,63744.16,1534,0.278
2024-07-12,T19,Oeste,Supercenter,Hogar,0,44728.03,1466,0.234
2024-07-12,T19,Oeste,Supercenter,Ropa,0,36284.87,2155,0.208
2024-07-12,T19,Oeste,Supercenter,Juguetes,0,24206.44,644,0.366
2024-07-12,T19,Oeste,Supercenter,Farmacia,0,28526.22,3047,0.266
2024-07-12,T19,Oeste,Supercenter,Jardin,0,21796.23,698,0.223
2024-07-19,T19,Oeste,Supercenter,Alimentacion,0,74410.39,2789,0.164
2024-07-19,T19,Oeste,Supercenter,Electronica,0,61679.4,2807,0.256
2024-07-19,T19,Oeste,Supercenter,Hogar,0,43641.92,1176,0.284
2024-07-19,T19,Oeste,Supercenter,Ropa,0,31954.09,2053,0.265
2024-07-19,T19,Oeste,Supercenter,Juguetes,0,17720.31,1122,0.141
2024-07-19,T19,Oeste,Supercenter,Farmacia,0,24450.79,640,0.349
2024-07-19,T19,Oeste,Supercenter,Jardin,0,13191.08,617,0.258
2024-07-26,T19,Oeste,Supercenter,Alimentacion,0,89235.34,2138,0.249
2024-07-26,T19,Oeste,Supercenter,Electronica,0,62204.07,1559,0.254
2024-07-26,T19,Oeste,Supercenter,Hogar,0,36995.1,1074,0.221
2024-07-26,T19,Oeste,Supercenter,Ropa,0,23084.58,676,0.289
2024-07-26,T19,Oeste,Supercenter,Juguetes,0,18526.83,427,0.258
2024-07-26,T19,Oeste,Supercenter,Farmacia,0,30422.81,694,0.219
2024-07-26,T19,Oeste,Supercenter,Jardin,0,22163.42,574,0.191
2024-08-02,T19,Oeste,Supercenter,Alimentacion,0,101717.78,3158,0.281
2024-08-02,T19,Oeste,Supercenter,Electronica,0,47699.61,4319,0.238
2024-08-02,T19,Oeste,Supercenter,Hogar,0,41997.2,977,0.192
2024-08-02,T19,Oeste,Supercenter,Ropa,0,25616.76,879,0.272
2024-08-02,T19,Oeste,Supercenter,Juguetes,0,17891.56,606,0.157
2024-08-02,T19,Oeste,Supercenter,Farmacia,0,33723.88,1933,0.21
2024-08-02,T19,Oeste,Supercenter,Jardin,0,21997.02,624,0.277
2024-08-09,T19,Oeste,Supercenter,Alimentacion,0,68454.5,1558,0.187
2024-08-09,T19,Oeste,Supercenter,Electronica,0,41054.17,928,0.234
2024-08-09,T19,Oeste,Supercenter,Hogar,0,40786.0,2928,0.277
2024-08-09,T19,Oeste,Supercenter,Ropa,0,37448.37,1856,0.28
2024-08-09,T19,Oeste,Supercenter,Juguetes,0,15691.59,505,0.247
2024-08-09,T19,Oeste,Supercenter,Farmacia,0,32464.93,1755,0.259
2024-08-09,T19,Oeste,Supercenter,Jardin,0,22674.9,518,0.267
2024-08-16,T19,Oeste,Supercenter,Alimentacion,0,100499.07,7184,0.314
2024-08-16,T19,Oeste,Supercenter,Electronica,0,43838.74,1704,0.222
2024-08-16,T19,Oeste,Supercenter,Hogar,0,42886.94,5259,0.254
2024-08-16,T19,Oeste,Supercenter,Ropa,0,40308.28,1352,0.198
2024-08-16,T19,Oeste,Supercenter,Juguetes,0,20729.06,1039,0.296
2024-08-16,T19,Oeste,Supercenter,Farmacia,0,25762.19,962,0.301
2024-08-16,T19,Oeste,Supercenter,Jardin,0,17938.33,1985,0.291
2024-08-23,T19,Oeste,Supercenter,Alimentacion,0,73768.34,1810,0.227
2024-08-23,T19,Oeste,Supercenter,Electronica,0,40832.47,1552,0.218
2024-08-23,T19,Oeste,Supercenter,Hogar,0,35132.08,1039,0.163
2024-08-23,T19,Oeste,Supercenter,Ropa,0,23563.75,870,0.245
2024-08-23,T19,Oeste,Supercenter,Juguetes,0,23039.4,1625,0.253
2024-08-23,T19,Oeste,Supercenter,Farmacia,0,19363.9,546,0.261
2024-08-23,T19,Oeste,Supercenter,Jardin,0,15958.89,357,0.167
2024-08-30,T19,Oeste,Supercenter,Alimentacion,0,81846.04,1833,0.19
2024-08-30,T19,Oeste,Supercenter,Electronica,0,41722.27,1396,0.204
2024-08-30,T19,Oeste,Supercenter,Hogar,0,38793.9,906,0.175
2024-08-30,T19,Oeste,Supercenter,Ropa,0,23207.58,901,0.264
2024-08-30,T19,Oeste,Supercenter,Juguetes,0,20324.18,2257,0.195
2024-08-30,T19,Oeste,Supercenter,Farmacia,0,29562.4,2643,0.24
2024-08-30,T19,Oeste,Supercenter,Jardin,0,13855.76,541,0.25
2024-09-06,T19,Oeste,Supercenter,Alimentacion,0,61195.14,1809,0.227
2024-09-06,T19,Oeste,Supercenter,Electronica,0,42260.12,1412,0.277
2024-09-06,T19,Oeste,Supercenter,Hogar,0,25576.59,1067,0.388
2024-09-06,T19,Oeste,Supercenter,Ropa,0,31923.85,713,0.265
2024-09-06,T19,Oeste,Supercenter,Juguetes,0,23221.67,552,0.358
2024-09-06,T19,Oeste,Supercenter,Farmacia,0,31144.93,1100,0.23
2024-09-06,T19,Oeste,Supercenter,Jardin,0,22377.01,2788,0.257
2024-09-13,T19,Oeste,Supercenter,Alimentacion,0,79838.82,2621,0.272
2024-09-13,T19,Oeste,Supercenter,Electronica,0,45653.91,4372,0.294
2024-09-13,T19,Oeste,Supercenter,Hogar,0,38174.15,946,0.251
2024-09-13,T19,Oeste,Supercenter,Ropa,0,26950.08,1319,0.154
2024-09-13,T19,Oeste,Supercenter,Juguetes,0,22181.16,520,0.241
2024-09-13,T19,Oeste,Supercenter,Farmacia,0,26571.5,1271,0.328
2024-09-13,T19,Oeste,Supercenter,Jardin,0,18963.23,569,0.271
2024-09-20,T19,Oeste,Supercenter,Alimentacion,0,57248.11,5294,0.158
2024-09-20,T19,Oeste,Supercenter,Electronica,0,61174.24,1419,0.287
2024-09-20,T19,Oeste,Supercenter,Hogar,0,36278.24,1821,0.201
2024-09-20,T19,Oeste,Supercenter,Ropa,0,27131.67,805,0.202
2024-09-20,T19,Oeste,Supercenter,Juguetes,0,16948.21,1231,0.215
2024-09-20,T19,Oeste,Supercenter,Farmacia,0,32159.02,715,0.338
2024-09-20,T19,Oeste,Supercenter,Jardin,0,18124.77,488,0.152
2024-09-27,T19,Oeste,Supercenter,Alimentacion,0,94791.23,2628,0.218
2024-09-27,T19,Oeste,Supercenter,Electronica,0,38044.9,2457,0.092
2024-09-27,T19,Oeste,Supercenter,Hogar,0,44939.93,1421,0.233
2024-09-27,T19,Oeste,Supercenter,Ropa,0,30875.58,837,0.29
2024-09-27,T19,Oeste,Supercenter,Juguetes,0,16805.28,508,0.206
2024-09-27,T19,Oeste,Supercenter,Farmacia,0,23861.09,961,0.322
2024-09-27,T19,Oeste,Supercenter,Jardin,0,22261.88,565,0.37
2024-10-04,T19,Oeste,Supercenter,Alimentacion,0,102233.8,5206,0.243
2024-10-04,T19,Oeste,Supercenter,Electronica,0,59639.94,6945,0.315
2024-10-04,T19,Oeste,Supercenter,Hogar,0,25104.36,907,0.222
2024-10-04,T19,Oeste,Supercenter,Ropa,0,38817.34,1219,0.16
2024-10-04,T19,Oeste,Supercenter,Juguetes,0,19548.01,654,0.22
2024-10-04,T19,Oeste,Supercenter,Farmacia,0,19768.0,968,0.291
2024-10-04,T19,Oeste,Supercenter,Jardin,0,15884.49,512,0.235
2024-10-11,T19,Oeste,Supercenter,Alimentacion,0,100894.26,7195,0.272
2024-10-11,T19,Oeste,Supercenter,Electronica,0,64888.44,1987,0.303
2024-10-11,T19,Oeste,Supercenter,Hogar,0,33292.41,1433,0.284
2024-10-11,T19,Oeste,Supercenter,Ropa,0,34282.88,809,0.259
2024-10-11,T19,Oeste,Supercenter,Juguetes,0,22834.58,747,0.262
2024-10-11,T19,Oeste,Supercenter,Farmacia,0,32073.12,990,0.163
2024-10-11,T19,Oeste,Supercenter,Jardin,0,22482.84,692,0.3
2024-10-18,T19,Oeste,Supercenter,Alimentacion,0,76339.22,2986,0.258
2024-10-18,T19,Oeste,Supercenter,Electronica,0,62139.03,5699,0.189
2024-10-18,T19,Oeste,Supercenter,Hogar,0,41286.43,923,0.228
2024-10-18,T19,Oeste,Supercenter,Ropa,0,26704.01,1059,0.197
2024-10-18,T19,Oeste,Supercenter,Juguetes,0,15904.48,568,0.271
2024-10-18,T19,Oeste,Supercenter,Farmacia,0,25307.68,1167,0.291
2024-10-18,T19,Oeste,Supercenter,Jardin,0,17527.02,467,0.251
2024-10-25,T19,Oeste,Supercenter,Alimentacion,0,95788.57,2489,0.247
2024-10-25,T19,Oeste,Supercenter,Electronica,0,58283.9,1753,0.299
2024-10-25,T19,Oeste,Supercenter,Hogar,0,41370.08,2137,0.307
2024-10-25,T19,Oeste,Supercenter,Ropa,0,40235.21,2753,0.248
2024-10-25,T19,Oeste,Supercenter,Juguetes,0,17440.53,388,0.226
2024-10-25,T19,Oeste,Supercenter,Farmacia,0,21696.8,643,0.235
2024-10-25,T19,Oeste,Supercenter,Jardin,0,18055.03,407,0.231
2024-11-01,T19,Oeste,Supercenter,Alimentacion,1,85745.27,2816,0.271
2024-11-01,T19,Oeste,Supercenter,Electronica,1,118932.69,4179,0.152
2024-11-01,T19,Oeste,Supercenter,Hogar,1,26756.98,2236,0.224
2024-11-01,T19,Oeste,Supercenter,Ropa,1,26433.52,636,0.349
2024-11-01,T19,Oeste,Supercenter,Juguetes,1,51581.88,1328,0.194
2024-11-01,T19,Oeste,Supercenter,Farmacia,1,20030.93,530,0.193
2024-11-01,T19,Oeste,Supercenter,Jardin,1,15231.43,404,0.21
2024-11-08,T19,Oeste,Supercenter,Alimentacion,1,92788.72,2267,0.185
2024-11-08,T19,Oeste,Supercenter,Electronica,1,112034.88,5403,0.283
2024-11-08,T19,Oeste,Supercenter,Hogar,1,39365.18,1344,0.17
2024-11-08,T19,Oeste,Supercenter,Ropa,1,30527.72,987,0.226
2024-11-08,T19,Oeste,Supercenter,Juguetes,1,34230.66,1692,0.151
2024-11-08,T19,Oeste,Supercenter,Farmacia,1,24924.7,752,0.267
2024-11-08,T19,Oeste,Supercenter,Jardin,1,21921.86,608,0.203
2024-11-15,T19,Oeste,Supercenter,Alimentacion,1,73015.12,2126,0.22
2024-11-15,T19,Oeste,Supercenter,Electronica,1,96137.41,4865,0.202
2024-11-15,T19,Oeste,Supercenter,Hogar,1,46132.22,1088,0.192
2024-11-15,T19,Oeste,Supercenter,Ropa,1,25514.15,572,0.237
2024-11-15,T19,Oeste,Supercenter,Juguetes,1,51153.52,5342,0.191
2024-11-15,T19,Oeste,Supercenter,Farmacia,1,29484.0,709,0.215
2024-11-15,T19,Oeste,Supercenter,Jardin,1,15816.84,531,0.205
2024-11-22,T19,Oeste,Supercenter,Alimentacion,1,88344.83,2183,0.246
2024-11-22,T19,Oeste,Supercenter,Electronica,1,74304.63,2169,0.206
2024-11-22,T19,Oeste,Supercenter,Hogar,1,35220.79,1937,0.212
2024-11-22,T19,Oeste,Supercenter,Ropa,1,37068.7,1726,0.28
2024-11-22,T19,Oeste,Supercenter,Juguetes,1,36850.54,3076,0.251
2024-11-22,T19,Oeste,Supercenter,Farmacia,1,26562.15,2424,0.277
2024-11-22,T19,Oeste,Supercenter,Jardin,1,20912.27,738,0.245
2024-11-29,T19,Oeste,Supercenter,Alimentacion,1,101741.52,4142,0.224
2024-11-29,T19,Oeste,Supercenter,Electronica,1,80470.01,2488,0.223
2024-11-29,T19,Oeste,Supercenter,Hogar,1,39477.5,1208,0.312
2024-11-29,T19,Oeste,Supercenter,Ropa,1,24708.39,1329,0.237
2024-11-29,T19,Oeste,Supercenter,Juguetes,1,47755.88,1436,0.243
2024-11-29,T19,Oeste,Supercenter,Farmacia,1,29402.3,1104,0.263
2024-11-29,T19,Oeste,Supercenter,Jardin,1,14580.53,1105,0.161
2024-12-06,T19,Oeste,Supercenter,Alimentacion,1,71289.88,1919,0.321
2024-12-06,T19,Oeste,Supercenter,Electronica,1,73571.49,5840,0.227
2024-12-06,T19,Oeste,Supercenter,Hogar,1,29184.22,3426,0.221
2024-12-06,T19,Oeste,Supercenter,Ropa,1,40349.8,1973,0.202
2024-12-06,T19,Oeste,Supercenter,Juguetes,1,39871.96,2418,0.165
2024-12-06,T19,Oeste,Supercenter,Farmacia,1,25061.34,608,0.258
2024-12-06,T19,Oeste,Supercenter,Jardin,1,20037.78,1253,0.303
2024-12-13,T19,Oeste,Supercenter,Alimentacion,1,70615.73,1881,0.244
2024-12-13,T19,Oeste,Supercenter,Electronica,1,105293.05,5275,0.345
2024-12-13,T19,Oeste,Supercenter,Hogar,1,31759.4,1477,0.268
2024-12-13,T19,Oeste,Supercenter,Ropa,1,32872.92,1930,0.277
2024-12-13,T19,Oeste,Supercenter,Juguetes,1,48513.9,1850,0.313
2024-12-13,T19,Oeste,Supercenter,Farmacia,1,26465.95,856,0.24
2024-12-13,T19,Oeste,Supercenter,Jardin,1,12596.92,454,0.238
2024-12-20,T19,Oeste,Supercenter,Alimentacion,1,60561.01,1701,0.28
2024-12-20,T19,Oeste,Supercenter,Electronica,1,70296.28,1863,0.186
2024-12-20,T19,Oeste,Supercenter,Hogar,1,30004.77,897,0.237
2024-12-20,T19,Oeste,Supercenter,Ropa,1,35217.01,1397,0.262
2024-12-20,T19,Oeste,Supercenter,Juguetes,1,37409.2,1782,0.192
2024-12-20,T19,Oeste,Supercenter,Farmacia,1,19272.85,1291,0.224
2024-12-20,T19,Oeste,Supercenter,Jardin,1,18793.52,2294,0.292
2024-12-27,T19,Oeste,Supercenter,Alimentacion,1,74120.85,2367,0.224
2024-12-27,T19,Oeste,Supercenter,Electronica,1,92535.81,3244,0.157
2024-12-27,T19,Oeste,Supercenter,Hogar,1,27400.06,733,0.244
2024-12-27,T19,Oeste,Supercenter,Ropa,1,36901.86,856,0.203
2024-12-27,T19,Oeste,Supercenter,Juguetes,1,43628.18,3066,0.366
2024-12-27,T19,Oeste,Supercenter,Farmacia,1,27937.89,1580,0.308
2024-12-27,T19,Oeste,Supercenter,Jardin,1,18688.55,433,0.229
2024-01-05,T20,Noreste,Neighborhood,Alimentacion,0,81648.18,2892,0.229
2024-01-05,T20,Noreste,Neighborhood,Electronica,0,51238.03,4310,0.292
2024-01-05,T20,Noreste,Neighborhood,Hogar,0,38177.78,911,0.148
2024-01-05,T20,Noreste,Neighborhood,Ropa,0,19092.75,1062,0.257
2024-01-05,T20,Noreste,Neighborhood,Juguetes,0,13938.56,564,0.308
2024-01-05,T20,Noreste,Neighborhood,Farmacia,0,27250.49,1003,0.217
2024-01-05,T20,Noreste,Neighborhood,Jardin,0,15010.77,1234,0.33
2024-01-12,T20,Noreste,Neighborhood,Alimentacion,0,71304.91,2359,0.201
2024-01-12,T20,Noreste,Neighborhood,Electronica,0,38905.65,3734,0.267
2024-01-12,T20,Noreste,Neighborhood,Hogar,0,28108.59,1066,0.24
2024-01-12,T20,Noreste,Neighborhood,Ropa,0,33470.42,893,0.173
2024-01-12,T20,Noreste,Neighborhood,Juguetes,0,19694.15,759,0.259
2024-01-12,T20,Noreste,Neighborhood,Farmacia,0,28814.61,810,0.15
2024-01-12,T20,Noreste,Neighborhood,Jardin,0,14818.45,679,0.26
2024-01-19,T20,Noreste,Neighborhood,Alimentacion,0,76541.15,4661,0.241
2024-01-19,T20,Noreste,Neighborhood,Electronica,0,34099.98,2130,0.236
2024-01-19,T20,Noreste,Neighborhood,Hogar,0,23282.65,612,0.119
2024-01-19,T20,Noreste,Neighborhood,Ropa,0,28431.61,682,0.247
2024-01-19,T20,Noreste,Neighborhood,Juguetes,0,22110.55,1251,0.14
2024-01-19,T20,Noreste,Neighborhood,Farmacia,0,25292.33,688,0.209
2024-01-19,T20,Noreste,Neighborhood,Jardin,0,16926.5,1021,0.254
2024-01-26,T20,Noreste,Neighborhood,Alimentacion,0,84235.77,2956,0.236
2024-01-26,T20,Noreste,Neighborhood,Electronica,0,47026.84,1114,0.19
2024-01-26,T20,Noreste,Neighborhood,Hogar,0,25353.53,622,0.272
2024-01-26,T20,Noreste,Neighborhood,Ropa,0,24974.48,632,0.286
2024-01-26,T20,Noreste,Neighborhood,Juguetes,0,16172.16,493,0.131
2024-01-26,T20,Noreste,Neighborhood,Farmacia,0,24869.81,904,0.256
2024-01-26,T20,Noreste,Neighborhood,Jardin,0,17013.05,596,0.255
2024-02-02,T20,Noreste,Neighborhood,Alimentacion,0,76318.87,1716,0.217
2024-02-02,T20,Noreste,Neighborhood,Electronica,0,32848.56,891,0.252
2024-02-02,T20,Noreste,Neighborhood,Hogar,0,22307.21,733,0.24
2024-02-02,T20,Noreste,Neighborhood,Ropa,0,21187.31,879,0.23
2024-02-02,T20,Noreste,Neighborhood,Juguetes,0,17530.13,433,0.274
2024-02-02,T20,Noreste,Neighborhood,Farmacia,0,25808.48,701,0.181
2024-02-02,T20,Noreste,Neighborhood,Jardin,0,15145.5,1106,0.19
2024-02-09,T20,Noreste,Neighborhood,Alimentacion,0,67842.63,4158,0.207
2024-02-09,T20,Noreste,Neighborhood,Electronica,0,47480.16,4704,0.156
2024-02-09,T20,Noreste,Neighborhood,Hogar,0,35953.61,1968,0.197
2024-02-09,T20,Noreste,Neighborhood,Ropa,0,19581.1,461,0.205
2024-02-09,T20,Noreste,Neighborhood,Juguetes,0,18400.22,632,0.163
2024-02-09,T20,Noreste,Neighborhood,Farmacia,0,25192.37,2950,0.229
2024-02-09,T20,Noreste,Neighborhood,Jardin,0,12032.7,381,0.238
2024-02-16,T20,Noreste,Neighborhood,Alimentacion,0,49146.6,1242,0.205
2024-02-16,T20,Noreste,Neighborhood,Electronica,0,33110.23,2489,0.15
2024-02-16,T20,Noreste,Neighborhood,Hogar,0,22748.92,630,0.238
2024-02-16,T20,Noreste,Neighborhood,Ropa,0,24505.08,703,0.207
2024-02-16,T20,Noreste,Neighborhood,Juguetes,0,22616.43,702,0.311
2024-02-16,T20,Noreste,Neighborhood,Farmacia,0,22723.5,1291,0.302
2024-02-16,T20,Noreste,Neighborhood,Jardin,0,14223.41,345,0.219
2024-02-23,T20,Noreste,Neighborhood,Alimentacion,0,68007.51,1942,0.292
2024-02-23,T20,Noreste,Neighborhood,Electronica,0,33508.15,774,0.181
2024-02-23,T20,Noreste,Neighborhood,Hogar,0,36586.32,1134,0.214
2024-02-23,T20,Noreste,Neighborhood,Ropa,0,24602.77,1613,0.274
2024-02-23,T20,Noreste,Neighborhood,Juguetes,0,20880.5,2291,0.214
2024-02-23,T20,Noreste,Neighborhood,Farmacia,0,21525.78,824,0.202
2024-02-23,T20,Noreste,Neighborhood,Jardin,0,11116.55,373,0.214
2024-03-01,T20,Noreste,Neighborhood,Alimentacion,0,71534.01,2504,0.284
2024-03-01,T20,Noreste,Neighborhood,Electronica,0,43363.95,2235,0.205
2024-03-01,T20,Noreste,Neighborhood,Hogar,0,34378.45,4073,0.229
2024-03-01,T20,Noreste,Neighborhood,Ropa,0,26374.25,1029,0.211
2024-03-01,T20,Noreste,Neighborhood,Juguetes,0,22307.13,622,0.234
2024-03-01,T20,Noreste,Neighborhood,Farmacia,0,21245.93,2271,0.208
2024-03-01,T20,Noreste,Neighborhood,Jardin,0,14179.99,713,0.128
2024-03-08,T20,Noreste,Neighborhood,Alimentacion,0,76729.67,2805,0.211
2024-03-08,T20,Noreste,Neighborhood,Electronica,0,55614.05,4567,0.319
2024-03-08,T20,Noreste,Neighborhood,Hogar,0,28568.83,664,0.217
2024-03-08,T20,Noreste,Neighborhood,Ropa,0,24435.22,649,0.208
2024-03-08,T20,Noreste,Neighborhood,Juguetes,0,13863.71,654,0.288
2024-03-08,T20,Noreste,Neighborhood,Farmacia,0,15658.92,578,0.271
2024-03-08,T20,Noreste,Neighborhood,Jardin,0,17976.98,1082,0.222
2024-03-15,T20,Noreste,Neighborhood,Alimentacion,0,53451.61,3012,0.279
2024-03-15,T20,Noreste,Neighborhood,Electronica,0,57641.52,3395,0.206
2024-03-15,T20,Noreste,Neighborhood,Hogar,0,27528.13,1123,0.322
2024-03-15,T20,Noreste,Neighborhood,Ropa,0,20418.56,860,0.276
2024-03-15,T20,Noreste,Neighborhood,Juguetes,0,22321.31,623,0.22
2024-03-15,T20,Noreste,Neighborhood,Farmacia,0,21295.5,549,0.257
2024-03-15,T20,Noreste,Neighborhood,Jardin,0,18233.9,1857,0.273
2024-03-22,T20,Noreste,Neighborhood,Alimentacion,0,52149.4,1370,0.227
2024-03-22,T20,Noreste,Neighborhood,Electronica,0,52776.02,1782,0.25
2024-03-22,T20,Noreste,Neighborhood,Hogar,0,34458.44,2930,0.225
2024-03-22,T20,Noreste,Neighborhood,Ropa,0,23281.55,645,0.172
2024-03-22,T20,Noreste,Neighborhood,Juguetes,0,18097.42,502,0.211
2024-03-22,T20,Noreste,Neighborhood,Farmacia,0,24711.88,1240,0.203
2024-03-22,T20,Noreste,Neighborhood,Jardin,0,12398.23,496,0.334
2024-03-29,T20,Noreste,Neighborhood,Alimentacion,0,78851.32,2579,0.243
2024-03-29,T20,Noreste,Neighborhood,Electronica,0,34006.04,4222,0.234
2024-03-29,T20,Noreste,Neighborhood,Hogar,0,30341.21,714,0.25
2024-03-29,T20,Noreste,Neighborhood,Ropa,0,21458.92,634,0.153
2024-03-29,T20,Noreste,Neighborhood,Juguetes,0,13672.84,406,0.287
2024-03-29,T20,Noreste,Neighborhood,Farmacia,0,18923.88,2065,0.239
2024-03-29,T20,Noreste,Neighborhood,Jardin,0,16852.12,1019,0.224
2024-04-05,T20,Noreste,Neighborhood,Alimentacion,0,77044.99,3326,0.197
2024-04-05,T20,Noreste,Neighborhood,Electronica,0,38531.24,2728,0.279
2024-04-05,T20,Noreste,Neighborhood,Hogar,0,35231.35,3232,0.238
2024-04-05,T20,Noreste,Neighborhood,Ropa,0,22269.96,2423,0.323
2024-04-05,T20,Noreste,Neighborhood,Juguetes,0,14361.39,884,0.182
2024-04-05,T20,Noreste,Neighborhood,Farmacia,0,20979.4,828,0.248
2024-04-05,T20,Noreste,Neighborhood,Jardin,0,13641.04,515,0.249
2024-04-12,T20,Noreste,Neighborhood,Alimentacion,0,85130.5,8105,0.18
2024-04-12,T20,Noreste,Neighborhood,Electronica,0,36226.64,1654,0.27
2024-04-12,T20,Noreste,Neighborhood,Hogar,0,34202.77,774,0.295
2024-04-12,T20,Noreste,Neighborhood,Ropa,0,22116.06,593,0.302
2024-04-12,T20,Noreste,Neighborhood,Juguetes,0,18580.81,472,0.274
2024-04-12,T20,Noreste,Neighborhood,Farmacia,0,22951.26,1847,0.276
2024-04-12,T20,Noreste,Neighborhood,Jardin,0,19111.79,1307,0.211
2024-04-19,T20,Noreste,Neighborhood,Alimentacion,0,66764.87,3054,0.315
2024-04-19,T20,Noreste,Neighborhood,Electronica,0,36313.64,1382,0.221
2024-04-19,T20,Noreste,Neighborhood,Hogar,0,34884.25,1785,0.286
2024-04-19,T20,Noreste,Neighborhood,Ropa,0,22517.34,1111,0.265
2024-04-19,T20,Noreste,Neighborhood,Juguetes,0,22271.91,1128,0.235
2024-04-19,T20,Noreste,Neighborhood,Farmacia,0,26749.96,2391,0.211
2024-04-19,T20,Noreste,Neighborhood,Jardin,0,15075.17,389,0.292
2024-04-26,T20,Noreste,Neighborhood,Alimentacion,0,66169.42,1517,0.293
2024-04-26,T20,Noreste,Neighborhood,Electronica,0,51843.61,4082,0.216
2024-04-26,T20,Noreste,Neighborhood,Hogar,0,30355.12,1706,0.219
2024-04-26,T20,Noreste,Neighborhood,Ropa,0,31785.49,1247,0.236
2024-04-26,T20,Noreste,Neighborhood,Juguetes,0,13573.78,432,0.288
2024-04-26,T20,Noreste,Neighborhood,Farmacia,0,20884.65,1229,0.184
2024-04-26,T20,Noreste,Neighborhood,Jardin,0,13056.58,1215,0.254
2024-05-03,T20,Noreste,Neighborhood,Alimentacion,0,68141.18,1558,0.16
2024-05-03,T20,Noreste,Neighborhood,Electronica,0,36617.4,943,0.219
2024-05-03,T20,Noreste,Neighborhood,Hogar,0,37744.15,1883,0.272
2024-05-03,T20,Noreste,Neighborhood,Ropa,0,31778.31,795,0.225
2024-05-03,T20,Noreste,Neighborhood,Juguetes,0,22376.07,645,0.313
2024-05-03,T20,Noreste,Neighborhood,Farmacia,0,22060.73,696,0.208
2024-05-03,T20,Noreste,Neighborhood,Jardin,0,17281.37,724,0.256
2024-05-10,T20,Noreste,Neighborhood,Alimentacion,0,54029.32,2281,0.271
2024-05-10,T20,Noreste,Neighborhood,Electronica,0,47223.75,1277,0.246
2024-05-10,T20,Noreste,Neighborhood,Hogar,0,27462.16,774,0.328
2024-05-10,T20,Noreste,Neighborhood,Ropa,0,33326.4,773,0.241
2024-05-10,T20,Noreste,Neighborhood,Juguetes,0,22757.87,845,0.201
2024-05-10,T20,Noreste,Neighborhood,Farmacia,0,26454.64,1431,0.204
2024-05-10,T20,Noreste,Neighborhood,Jardin,0,12139.75,299,0.281
2024-05-17,T20,Noreste,Neighborhood,Alimentacion,0,80287.85,3059,0.216
2024-05-17,T20,Noreste,Neighborhood,Electronica,0,55750.93,2375,0.162
2024-05-17,T20,Noreste,Neighborhood,Hogar,0,22328.34,748,0.287
2024-05-17,T20,Noreste,Neighborhood,Ropa,0,27766.47,2961,0.224
2024-05-17,T20,Noreste,Neighborhood,Juguetes,0,22881.47,678,0.191
2024-05-17,T20,Noreste,Neighborhood,Farmacia,0,16528.63,1181,0.273
2024-05-17,T20,Noreste,Neighborhood,Jardin,0,16775.39,530,0.235
2024-05-24,T20,Noreste,Neighborhood,Alimentacion,0,80913.53,3978,0.189
2024-05-24,T20,Noreste,Neighborhood,Electronica,0,42399.18,950,0.265
2024-05-24,T20,Noreste,Neighborhood,Hogar,0,30422.78,801,0.198
2024-05-24,T20,Noreste,Neighborhood,Ropa,0,24421.76,769,0.285
2024-05-24,T20,Noreste,Neighborhood,Juguetes,0,14659.71,592,0.217
2024-05-24,T20,Noreste,Neighborhood,Farmacia,0,25195.64,820,0.243
2024-05-24,T20,Noreste,Neighborhood,Jardin,0,12018.41,550,0.238
2024-05-31,T20,Noreste,Neighborhood,Alimentacion,0,78900.3,2276,0.215
2024-05-31,T20,Noreste,Neighborhood,Electronica,0,35625.71,1829,0.26
2024-05-31,T20,Noreste,Neighborhood,Hogar,0,23616.72,1764,0.233
2024-05-31,T20,Noreste,Neighborhood,Ropa,0,21020.2,1925,0.212
2024-05-31,T20,Noreste,Neighborhood,Juguetes,0,22661.57,2245,0.269
2024-05-31,T20,Noreste,Neighborhood,Farmacia,0,23031.51,833,0.247
2024-05-31,T20,Noreste,Neighborhood,Jardin,0,10509.54,1077,0.252
2024-06-07,T20,Noreste,Neighborhood,Alimentacion,0,85285.1,3692,0.195
2024-06-07,T20,Noreste,Neighborhood,Electronica,0,57223.01,1553,0.218
2024-06-07,T20,Noreste,Neighborhood,Hogar,0,29674.17,719,0.297
2024-06-07,T20,Noreste,Neighborhood,Ropa,0,28325.6,762,0.205
2024-06-07,T20,Noreste,Neighborhood,Juguetes,0,23523.43,527,0.294
2024-06-07,T20,Noreste,Neighborhood,Farmacia,0,18491.59,504,0.302
2024-06-07,T20,Noreste,Neighborhood,Jardin,0,15479.5,1381,0.21
2024-06-14,T20,Noreste,Neighborhood,Alimentacion,0,84916.7,7392,0.165
2024-06-14,T20,Noreste,Neighborhood,Electronica,0,53994.68,4480,0.153
2024-06-14,T20,Noreste,Neighborhood,Hogar,0,27670.38,710,0.155
2024-06-14,T20,Noreste,Neighborhood,Ropa,0,20251.63,1158,0.147
2024-06-14,T20,Noreste,Neighborhood,Juguetes,0,13381.36,426,0.222
2024-06-14,T20,Noreste,Neighborhood,Farmacia,0,25932.53,737,0.347
2024-06-14,T20,Noreste,Neighborhood,Jardin,0,11756.56,388,0.228
2024-06-21,T20,Noreste,Neighborhood,Alimentacion,0,67206.83,5234,0.271
2024-06-21,T20,Noreste,Neighborhood,Electronica,0,47205.31,1787,0.215
2024-06-21,T20,Noreste,Neighborhood,Hogar,0,35517.13,1021,0.279
2024-06-21,T20,Noreste,Neighborhood,Ropa,0,28914.58,2532,0.336
2024-06-21,T20,Noreste,Neighborhood,Juguetes,0,21998.79,1030,0.205
2024-06-21,T20,Noreste,Neighborhood,Farmacia,0,17109.33,1114,0.265
2024-06-21,T20,Noreste,Neighborhood,Jardin,0,17879.59,446,0.284
2024-06-28,T20,Noreste,Neighborhood,Alimentacion,0,61856.12,1938,0.199
2024-06-28,T20,Noreste,Neighborhood,Electronica,0,37434.83,1239,0.226
2024-06-28,T20,Noreste,Neighborhood,Hogar,0,33980.3,2671,0.269
2024-06-28,T20,Noreste,Neighborhood,Ropa,0,30195.08,1720,0.242
2024-06-28,T20,Noreste,Neighborhood,Juguetes,0,19560.69,624,0.277
2024-06-28,T20,Noreste,Neighborhood,Farmacia,0,23261.73,1609,0.206
2024-06-28,T20,Noreste,Neighborhood,Jardin,0,11835.55,409,0.205
2024-07-05,T20,Noreste,Neighborhood,Alimentacion,0,83074.47,5845,0.309
2024-07-05,T20,Noreste,Neighborhood,Electronica,0,47097.54,2300,0.298
2024-07-05,T20,Noreste,Neighborhood,Hogar,0,29987.87,1680,0.26
2024-07-05,T20,Noreste,Neighborhood,Ropa,0,28860.21,778,0.166
2024-07-05,T20,Noreste,Neighborhood,Juguetes,0,14110.62,669,0.243
2024-07-05,T20,Noreste,Neighborhood,Farmacia,0,25652.38,632,0.199
2024-07-05,T20,Noreste,Neighborhood,Jardin,0,15055.72,371,0.23
2024-07-12,T20,Noreste,Neighborhood,Alimentacion,0,68960.61,2466,0.249
2024-07-12,T20,Noreste,Neighborhood,Electronica,0,51658.71,2783,0.231
2024-07-12,T20,Noreste,Neighborhood,Hogar,0,36540.69,848,0.193
2024-07-12,T20,Noreste,Neighborhood,Ropa,0,33463.22,903,0.209
2024-07-12,T20,Noreste,Neighborhood,Juguetes,0,17742.13,452,0.233
2024-07-12,T20,Noreste,Neighborhood,Farmacia,0,23331.83,519,0.159
2024-07-12,T20,Noreste,Neighborhood,Jardin,0,16053.4,807,0.254
2024-07-19,T20,Noreste,Neighborhood,Alimentacion,0,60144.18,2951,0.239
2024-07-19,T20,Noreste,Neighborhood,Electronica,0,32579.04,3438,0.16
2024-07-19,T20,Noreste,Neighborhood,Hogar,0,26232.96,2986,0.149
2024-07-19,T20,Noreste,Neighborhood,Ropa,0,21166.42,2163,0.318
2024-07-19,T20,Noreste,Neighborhood,Juguetes,0,19252.36,852,0.264
2024-07-19,T20,Noreste,Neighborhood,Farmacia,0,17037.06,501,0.26
2024-07-19,T20,Noreste,Neighborhood,Jardin,0,11516.38,843,0.238
2024-07-26,T20,Noreste,Neighborhood,Alimentacion,0,52673.5,4159,0.283
2024-07-26,T20,Noreste,Neighborhood,Electronica,0,47545.13,2961,0.266
2024-07-26,T20,Noreste,Neighborhood,Hogar,0,22581.7,1112,0.327
2024-07-26,T20,Noreste,Neighborhood,Ropa,0,27660.77,915,0.233
2024-07-26,T20,Noreste,Neighborhood,Juguetes,0,20119.0,498,0.183
2024-07-26,T20,Noreste,Neighborhood,Farmacia,0,20878.12,574,0.245
2024-07-26,T20,Noreste,Neighborhood,Jardin,0,17099.46,931,0.294
2024-08-02,T20,Noreste,Neighborhood,Alimentacion,0,76132.69,2438,0.199
2024-08-02,T20,Noreste,Neighborhood,Electronica,0,42961.97,1129,0.33
2024-08-02,T20,Noreste,Neighborhood,Hogar,0,29000.63,2594,0.274
2024-08-02,T20,Noreste,Neighborhood,Ropa,0,25734.79,2401,0.255
2024-08-02,T20,Noreste,Neighborhood,Juguetes,0,17563.01,773,0.271
2024-08-02,T20,Noreste,Neighborhood,Farmacia,0,22443.91,876,0.284
2024-08-02,T20,Noreste,Neighborhood,Jardin,0,16203.63,698,0.276
2024-08-09,T20,Noreste,Neighborhood,Alimentacion,0,81958.87,3818,0.248
2024-08-09,T20,Noreste,Neighborhood,Electronica,0,54129.57,2547,0.263
2024-08-09,T20,Noreste,Neighborhood,Hogar,0,34930.74,1168,0.298
2024-08-09,T20,Noreste,Neighborhood,Ropa,0,25435.59,988,0.276
2024-08-09,T20,Noreste,Neighborhood,Juguetes,0,15135.0,540,0.198
2024-08-09,T20,Noreste,Neighborhood,Farmacia,0,21574.51,1167,0.231
2024-08-09,T20,Noreste,Neighborhood,Jardin,0,14574.1,456,0.187
2024-08-16,T20,Noreste,Neighborhood,Alimentacion,0,77624.04,5791,0.193
2024-08-16,T20,Noreste,Neighborhood,Electronica,0,55965.45,1329,0.262
2024-08-16,T20,Noreste,Neighborhood,Hogar,0,28168.57,713,0.249
2024-08-16,T20,Noreste,Neighborhood,Ropa,0,19943.28,1627,0.242
2024-08-16,T20,Noreste,Neighborhood,Juguetes,0,21609.26,713,0.187
2024-08-16,T20,Noreste,Neighborhood,Farmacia,0,17692.9,1407,0.199
2024-08-16,T20,Noreste,Neighborhood,Jardin,0,18220.36,658,0.228
2024-08-23,T20,Noreste,Neighborhood,Alimentacion,0,57914.43,1951,0.207
2024-08-23,T20,Noreste,Neighborhood,Electronica,0,33405.0,1283,0.282
2024-08-23,T20,Noreste,Neighborhood,Hogar,0,21632.42,843,0.193
2024-08-23,T20,Noreste,Neighborhood,Ropa,0,30397.55,1157,0.224
2024-08-23,T20,Noreste,Neighborhood,Juguetes,0,22361.16,1636,0.258
2024-08-23,T20,Noreste,Neighborhood,Farmacia,0,17189.59,688,0.239
2024-08-23,T20,Noreste,Neighborhood,Jardin,0,17698.89,705,0.304
2024-08-30,T20,Noreste,Neighborhood,Alimentacion,0,70406.89,2318,0.262
2024-08-30,T20,Noreste,Neighborhood,Electronica,0,36132.6,1231,0.296
2024-08-30,T20,Noreste,Neighborhood,Hogar,0,24347.44,939,0.224
2024-08-30,T20,Noreste,Neighborhood,Ropa,0,24940.04,1537,0.246
2024-08-30,T20,Noreste,Neighborhood,Juguetes,0,16502.04,411,0.275
2024-08-30,T20,Noreste,Neighborhood,Farmacia,0,16888.38,1501,0.321
2024-08-30,T20,Noreste,Neighborhood,Jardin,0,12818.86,333,0.181
2024-09-06,T20,Noreste,Neighborhood,Alimentacion,0,80667.21,6720,0.194
2024-09-06,T20,Noreste,Neighborhood,Electronica,0,51498.35,1468,0.279
2024-09-06,T20,Noreste,Neighborhood,Hogar,0,29062.85,2151,0.187
2024-09-06,T20,Noreste,Neighborhood,Ropa,0,30788.28,773,0.149
2024-09-06,T20,Noreste,Neighborhood,Juguetes,0,21071.5,1229,0.292
2024-09-06,T20,Noreste,Neighborhood,Farmacia,0,23341.17,988,0.266
2024-09-06,T20,Noreste,Neighborhood,Jardin,0,17115.17,618,0.236
2024-09-13,T20,Noreste,Neighborhood,Alimentacion,0,54166.68,3200,0.173
2024-09-13,T20,Noreste,Neighborhood,Electronica,0,53756.71,3692,0.216
2024-09-13,T20,Noreste,Neighborhood,Hogar,0,34704.96,909,0.284
2024-09-13,T20,Noreste,Neighborhood,Ropa,0,23589.73,645,0.272
2024-09-13,T20,Noreste,Neighborhood,Juguetes,0,15407.54,673,0.287
2024-09-13,T20,Noreste,Neighborhood,Farmacia,0,22263.75,540,0.264
2024-09-13,T20,Noreste,Neighborhood,Jardin,0,12884.81,295,0.154
2024-09-20,T20,Noreste,Neighborhood,Alimentacion,0,47048.46,1192,0.268
2024-09-20,T20,Noreste,Neighborhood,Electronica,0,49235.52,2132,0.204
2024-09-20,T20,Noreste,Neighborhood,Hogar,0,35484.48,870,0.311
2024-09-20,T20,Noreste,Neighborhood,Ropa,0,31608.09,1024,0.252
2024-09-20,T20,Noreste,Neighborhood,Juguetes,0,14149.46,1461,0.216
2024-09-20,T20,Noreste,Neighborhood,Farmacia,0,21214.12,615,0.24
2024-09-20,T20,Noreste,Neighborhood,Jardin,0,17397.55,673,0.218
2024-09-27,T20,Noreste,Neighborhood,Alimentacion,0,67412.51,1812,0.239
2024-09-27,T20,Noreste,Neighborhood,Electronica,0,44932.11,1042,0.194
2024-09-27,T20,Noreste,Neighborhood,Hogar,0,36556.59,3916,0.252
2024-09-27,T20,Noreste,Neighborhood,Ropa,0,32286.42,782,0.316
2024-09-27,T20,Noreste,Neighborhood,Juguetes,0,18184.19,478,0.189
2024-09-27,T20,Noreste,Neighborhood,Farmacia,0,28013.62,1621,0.254
2024-09-27,T20,Noreste,Neighborhood,Jardin,0,17208.93,749,0.221
2024-10-04,T20,Noreste,Neighborhood,Alimentacion,0,59423.68,1342,0.212
2024-10-04,T20,Noreste,Neighborhood,Electronica,0,57485.37,2775,0.222
2024-10-04,T20,Noreste,Neighborhood,Hogar,0,24472.72,1022,0.314
2024-10-04,T20,Noreste,Neighborhood,Ropa,0,18132.6,732,0.202
2024-10-04,T20,Noreste,Neighborhood,Juguetes,0,17795.47,655,0.264
2024-10-04,T20,Noreste,Neighborhood,Farmacia,0,22549.49,614,0.269
2024-10-04,T20,Noreste,Neighborhood,Jardin,0,17796.0,1122,0.214
2024-10-11,T20,Noreste,Neighborhood,Alimentacion,0,79800.29,1862,0.215
2024-10-11,T20,Noreste,Neighborhood,Electronica,0,44198.73,1217,0.187
2024-10-11,T20,Noreste,Neighborhood,Hogar,0,28275.1,2004,0.131
2024-10-11,T20,Noreste,Neighborhood,Ropa,0,29160.25,2181,0.17
2024-10-11,T20,Noreste,Neighborhood,Juguetes,0,19084.39,544,0.232
2024-10-11,T20,Noreste,Neighborhood,Farmacia,0,17608.45,1099,0.281
2024-10-11,T20,Noreste,Neighborhood,Jardin,0,11387.27,430,0.23
2024-10-18,T20,Noreste,Neighborhood,Alimentacion,0,60160.48,1605,0.234
2024-10-18,T20,Noreste,Neighborhood,Electronica,0,51773.8,1622,0.245
2024-10-18,T20,Noreste,Neighborhood,Hogar,0,36201.23,2338,0.214
2024-10-18,T20,Noreste,Neighborhood,Ropa,0,21040.98,471,0.223
2024-10-18,T20,Noreste,Neighborhood,Juguetes,0,19084.1,1342,0.223
2024-10-18,T20,Noreste,Neighborhood,Farmacia,0,17504.79,1153,0.26
2024-10-18,T20,Noreste,Neighborhood,Jardin,0,10427.58,301,0.277
2024-10-25,T20,Noreste,Neighborhood,Alimentacion,0,48425.66,1132,0.279
2024-10-25,T20,Noreste,Neighborhood,Electronica,0,38107.49,1572,0.285
2024-10-25,T20,Noreste,Neighborhood,Hogar,0,30831.6,776,0.317
2024-10-25,T20,Noreste,Neighborhood,Ropa,0,33328.25,955,0.257
2024-10-25,T20,Noreste,Neighborhood,Juguetes,0,20473.94,579,0.241
2024-10-25,T20,Noreste,Neighborhood,Farmacia,0,15860.1,1247,0.146
2024-10-25,T20,Noreste,Neighborhood,Jardin,0,12766.6,307,0.189
2024-11-01,T20,Noreste,Neighborhood,Alimentacion,1,52328.02,2200,0.296
2024-11-01,T20,Noreste,Neighborhood,Electronica,1,95705.6,2280,0.249
2024-11-01,T20,Noreste,Neighborhood,Hogar,1,28108.89,649,0.267
2024-11-01,T20,Noreste,Neighborhood,Ropa,1,31609.65,1488,0.261
2024-11-01,T20,Noreste,Neighborhood,Juguetes,1,37109.83,2836,0.127
2024-11-01,T20,Noreste,Neighborhood,Farmacia,1,25585.87,1326,0.324
2024-11-01,T20,Noreste,Neighborhood,Jardin,1,17451.0,409,0.137
2024-11-08,T20,Noreste,Neighborhood,Alimentacion,1,78161.92,5143,0.229
2024-11-08,T20,Noreste,Neighborhood,Electronica,1,88821.34,6506,0.293
2024-11-08,T20,Noreste,Neighborhood,Hogar,1,33568.03,946,0.17
2024-11-08,T20,Noreste,Neighborhood,Ropa,1,29616.59,767,0.177
2024-11-08,T20,Noreste,Neighborhood,Juguetes,1,27455.81,672,0.183
2024-11-08,T20,Noreste,Neighborhood,Farmacia,1,21665.11,534,0.235
2024-11-08,T20,Noreste,Neighborhood,Jardin,1,17552.12,670,0.216
2024-11-15,T20,Noreste,Neighborhood,Alimentacion,1,85457.01,2322,0.322
2024-11-15,T20,Noreste,Neighborhood,Electronica,1,100203.52,2351,0.198
2024-11-15,T20,Noreste,Neighborhood,Hogar,1,22970.86,1542,0.241
2024-11-15,T20,Noreste,Neighborhood,Ropa,1,32319.73,2025,0.329
2024-11-15,T20,Noreste,Neighborhood,Juguetes,1,26393.95,1027,0.23
2024-11-15,T20,Noreste,Neighborhood,Farmacia,1,15781.87,496,0.232
2024-11-15,T20,Noreste,Neighborhood,Jardin,1,14395.66,350,0.235
2024-11-22,T20,Noreste,Neighborhood,Alimentacion,1,48654.14,1846,0.256
2024-11-22,T20,Noreste,Neighborhood,Electronica,1,68709.29,1576,0.238
2024-11-22,T20,Noreste,Neighborhood,Hogar,1,25509.54,671,0.2
2024-11-22,T20,Noreste,Neighborhood,Ropa,1,26452.76,3038,0.21
2024-11-22,T20,Noreste,Neighborhood,Juguetes,1,27775.02,1032,0.286
2024-11-22,T20,Noreste,Neighborhood,Farmacia,1,20760.31,744,0.255
2024-11-22,T20,Noreste,Neighborhood,Jardin,1,12541.59,822,0.253
2024-11-29,T20,Noreste,Neighborhood,Alimentacion,1,48083.38,3542,0.249
2024-11-29,T20,Noreste,Neighborhood,Electronica,1,82548.19,2733,0.257
2024-11-29,T20,Noreste,Neighborhood,Hogar,1,28068.03,1017,0.292
2024-11-29,T20,Noreste,Neighborhood,Ropa,1,30959.45,699,0.205
2024-11-29,T20,Noreste,Neighborhood,Juguetes,1,30779.33,825,0.202
2024-11-29,T20,Noreste,Neighborhood,Farmacia,1,19806.08,462,0.194
2024-11-29,T20,Noreste,Neighborhood,Jardin,1,11351.79,402,0.289
2024-12-06,T20,Noreste,Neighborhood,Alimentacion,1,70458.54,5002,0.13
2024-12-06,T20,Noreste,Neighborhood,Electronica,1,67539.27,1567,0.39
2024-12-06,T20,Noreste,Neighborhood,Hogar,1,21020.42,724,0.214
2024-12-06,T20,Noreste,Neighborhood,Ropa,1,27888.71,1692,0.194
2024-12-06,T20,Noreste,Neighborhood,Juguetes,1,26887.7,1126,0.232
2024-12-06,T20,Noreste,Neighborhood,Farmacia,1,20035.1,1304,0.219
2024-12-06,T20,Noreste,Neighborhood,Jardin,1,16831.03,1187,0.272
2024-12-13,T20,Noreste,Neighborhood,Alimentacion,1,47632.82,2906,0.291
2024-12-13,T20,Noreste,Neighborhood,Electronica,1,75094.07,1708,0.222
2024-12-13,T20,Noreste,Neighborhood,Hogar,1,22101.2,1592,0.221
2024-12-13,T20,Noreste,Neighborhood,Ropa,1,20271.26,734,0.166
2024-12-13,T20,Noreste,Neighborhood,Juguetes,1,24497.96,1980,0.203
2024-12-13,T20,Noreste,Neighborhood,Farmacia,1,15792.57,359,0.243
2024-12-13,T20,Noreste,Neighborhood,Jardin,1,13344.43,521,0.234
2024-12-20,T20,Noreste,Neighborhood,Alimentacion,1,63382.53,2438,0.129
2024-12-20,T20,Noreste,Neighborhood,Electronica,1,71361.02,7919,0.284
2024-12-20,T20,Noreste,Neighborhood,Hogar,1,31672.15,967,0.193
2024-12-20,T20,Noreste,Neighborhood,Ropa,1,25473.21,627,0.207
2024-12-20,T20,Noreste,Neighborhood,Juguetes,1,32841.74,1045,0.315
2024-12-20,T20,Noreste,Neighborhood,Farmacia,1,18429.02,686,0.319
2024-12-20,T20,Noreste,Neighborhood,Jardin,1,12457.36,333,0.379
2024-12-27,T20,Noreste,Neighborhood,Alimentacion,1,47667.86,4651,0.22
2024-12-27,T20,Noreste,Neighborhood,Electronica,1,101786.51,3208,0.263
2024-12-27,T20,Noreste,Neighborhood,Hogar,1,27248.09,1411,0.264
2024-12-27,T20,Noreste,Neighborhood,Ropa,1,26467.52,718,0.19
2024-12-27,T20,Noreste,Neighborhood,Juguetes,1,40669.23,1703,0.231
2024-12-27,T20,Noreste,Neighborhood,Farmacia,1,22047.41,737,0.247
2024-12-27,T20,Noreste,Neighborhood,Jardin,1,14420.04,339,0.226
