campana_id,sector,plataforma,objetivo,inversion_usd,impresiones,clics,conversiones,ctr_pct,cpc_usd
AD1526,Salud,Instagram,Reconocimiento,2543.46,749633,7681,14,1.025,0.33
AD1354,Viajes,Instagram,Conversiones,818.51,73881,1319,15,1.785,0.62
AD1168,Moda,Facebook,Tráfico,5469.14,621098,8592,90,1.383,0.64
AD1135,Moda,Facebook,Leads,1494.46,144657,3226,41,2.23,0.46
AD1937,Salud,Instagram,Leads,2699.04,131377,1259,5,0.958,2.14
AD2544,Finanzas,Instagram,Leads,1323.79,89820,630,6,0.701,2.1
AD2253,Educación,Instagram,Tráfico,900.56,56942,1026,3,1.802,0.88
AD1237,Finanzas,Instagram,Reconocimiento,2079.4,220662,2998,4,1.359,0.69
AD1478,Videojuegos,Facebook,Tráfico,1729.81,306532,4421,49,1.442,0.39
AD1650,Viajes,Facebook,Leads,3289.16,185903,2720,14,1.463,1.21
AD1514,Educación,Instagram,Reconocimiento,1936.76,296897,2935,7,0.989,0.66
AD2103,Viajes,Audience Network,Tráfico,1029.92,60303,462,0,0.766,2.23
AD1968,E-commerce,Instagram,Conversiones,745.07,55726,1262,10,2.265,0.59
AD2569,Educación,Audience Network,Conversiones,1216.5,117842,920,5,0.781,1.32
AD1584,Salud,Facebook,Leads,1897.41,257251,2001,6,0.778,0.95
AD1065,Viajes,Audience Network,Tráfico,418.27,50906,274,1,0.538,1.53
AD1030,Educación,Facebook,Conversiones,1147.66,156151,2030,15,1.3,0.57
AD1904,Educación,Facebook,Leads,495.31,111304,456,0,0.41,1.09
AD1367,Salud,Facebook,Reconocimiento,3067.56,249565,2153,2,0.863,1.42
AD2134,Videojuegos,Instagram,Tráfico,870.28,109251,894,14,0.818,0.97
AD2487,Videojuegos,Audience Network,Leads,702.91,75017,593,7,0.79,1.19
AD1485,Videojuegos,Audience Network,Conversiones,1300.9,163567,1027,8,0.628,1.27
AD2548,Videojuegos,Facebook,Reconocimiento,283.99,41963,491,2,1.17,0.58
AD1374,Educación,Facebook,Reconocimiento,1299.06,71645,832,2,1.161,1.56
AD1029,E-commerce,Facebook,Conversiones,1482.54,115308,2997,17,2.599,0.49
AD2142,Salud,Facebook,Leads,1759.48,79927,1141,5,1.428,1.54
AD1958,Finanzas,Instagram,Reconocimiento,1830.14,125163,1025,2,0.819,1.79
AD2466,Finanzas,Facebook,Reconocimiento,1512.87,133103,982,1,0.738,1.54
AD1332,Moda,Facebook,Reconocimiento,2091.62,95753,3365,21,3.514,0.62
AD1712,Videojuegos,Facebook,Tráfico,543.55,85687,950,9,1.109,0.57
AD1070,Videojuegos,Facebook,Reconocimiento,945.43,202817,2788,22,1.375,0.34
AD1289,Moda,Facebook,Leads,803.73,176831,1767,7,0.999,0.45
AD1987,Videojuegos,Instagram,Reconocimiento,4089.91,329122,5404,24,1.642,0.76
AD2526,Salud,Instagram,Conversiones,534.39,34709,462,2,1.331,1.16
AD1416,Educación,Instagram,Tráfico,2978.47,441097,4399,20,0.997,0.68
AD2087,E-commerce,Facebook,Conversiones,310.55,24725,686,7,2.775,0.45
AD1324,Salud,Instagram,Conversiones,1036.04,50038,713,2,1.425,1.45
AD1617,E-commerce,Instagram,Tráfico,2422.02,719106,6817,91,0.948,0.36
AD1380,Salud,Facebook,Reconocimiento,1308.23,166333,1234,0,0.742,1.06
AD1173,Moda,Instagram,Reconocimiento,1132.78,64352,1843,3,2.864,0.61
AD1634,Educación,Facebook,Leads,590.93,73517,394,2,0.536,1.5
AD1701,Finanzas,Messenger,Tráfico,80.44,2857,33,0,1.155,2.44
AD2521,Finanzas,Facebook,Leads,3449.98,234801,1976,11,0.842,1.75
AD1023,Videojuegos,Audience Network,Leads,473.31,70326,382,2,0.543,1.24
AD2523,Moda,Instagram,Tráfico,3722.67,250775,6753,45,2.693,0.55
AD1032,Educación,Instagram,Leads,311.88,32008,472,1,1.475,0.66
AD1566,Salud,Instagram,Leads,878.38,78789,904,2,1.147,0.97
AD1099,E-commerce,Facebook,Conversiones,2471.42,1482438,8106,62,0.547,0.3
AD1518,Educación,Instagram,Conversiones,1764.08,181260,2567,11,1.416,0.69
AD2187,Videojuegos,Facebook,Leads,211.09,23486,343,5,1.46,0.62
AD2352,Finanzas,Facebook,Leads,443.11,46575,265,1,0.569,1.67
AD2175,Finanzas,Audience Network,Tráfico,1738.76,135656,534,3,0.394,3.26
AD1807,Viajes,Facebook,Conversiones,1706.98,140189,1783,5,1.272,0.96
AD1394,Finanzas,Facebook,Tráfico,1502.99,135567,1383,3,1.02,1.09
AD2395,Videojuegos,Instagram,Conversiones,789.93,111446,1623,37,1.456,0.49
AD2452,Salud,Facebook,Leads,949.73,45271,415,2,0.917,2.29
AD1352,Videojuegos,Audience Network,Conversiones,651.05,89348,561,12,0.628,1.16
AD1570,Moda,Facebook,Reconocimiento,2700.07,258260,4438,17,1.718,0.61
AD1415,Educación,Instagram,Tráfico,1071.2,85893,1294,7,1.507,0.83
AD1611,Educación,Messenger,Leads,1971.93,361679,1488,5,0.411,1.33
AD1300,Viajes,Instagram,Reconocimiento,1667.89,192308,2435,2,1.266,0.68
AD1069,Videojuegos,Messenger,Conversiones,2015.46,161942,2067,36,1.276,0.98
AD2493,Salud,Facebook,Leads,1405.9,167375,871,2,0.52,1.61
AD2036,Viajes,Facebook,Conversiones,471.87,84641,601,6,0.71,0.79
AD1782,Educación,Audience Network,Reconocimiento,1017.15,153700,488,0,0.318,2.08
AD1059,Salud,Facebook,Leads,1240.76,179307,1176,4,0.656,1.06
AD1636,Salud,Instagram,Reconocimiento,1872.88,236934,2061,1,0.87,0.91
AD2018,Viajes,Messenger,Leads,431.5,33746,349,3,1.034,1.24
AD1759,Moda,Facebook,Leads,236.92,16371,475,6,2.901,0.5
AD1677,Videojuegos,Instagram,Tráfico,1598.36,258641,3191,44,1.234,0.5
AD2292,Moda,Instagram,Tráfico,4313.65,503900,10872,130,2.158,0.4
AD1527,E-commerce,Messenger,Tráfico,1517.94,218492,2057,17,0.941,0.74
AD2553,Moda,Instagram,Reconocimiento,2312.16,146325,3853,23,2.633,0.6
AD1817,Finanzas,Facebook,Tráfico,824.78,39705,428,3,1.078,1.93
AD1244,Salud,Facebook,Reconocimiento,2520.64,204934,1761,3,0.859,1.43
AD2043,Moda,Instagram,Tráfico,326.93,20300,596,7,2.936,0.55
AD2410,Finanzas,Facebook,Conversiones,774.74,32170,376,2,1.169,2.06
AD2073,Educación,Facebook,Conversiones,1943.85,188613,1919,17,1.017,1.01
AD2462,E-commerce,Instagram,Reconocimiento,2240.42,193199,5520,16,2.857,0.41
AD2429,Moda,Facebook,Leads,441.78,41446,638,5,1.539,0.69
AD2205,Educación,Instagram,Conversiones,1513.96,103749,1797,14,1.732,0.84
AD2107,Finanzas,Facebook,Reconocimiento,1421.04,106486,783,1,0.735,1.81
AD2398,Finanzas,Instagram,Leads,180.19,29842,223,1,0.747,0.81
AD1535,Viajes,Facebook,Reconocimiento,717.19,183173,564,2,0.308,1.27
AD2567,E-commerce,Facebook,Reconocimiento,1017.07,228193,2208,10,0.968,0.46
AD2303,E-commerce,Messenger,Leads,244.12,33411,369,3,1.104,0.66
AD1298,Salud,Facebook,Reconocimiento,1747.22,148298,1059,2,0.714,1.65
AD1764,Viajes,Instagram,Tráfico,3126.28,138696,2753,25,1.985,1.14
AD1344,Viajes,Facebook,Conversiones,2537.09,480364,2630,15,0.548,0.96
AD1530,Educación,Facebook,Reconocimiento,885.07,48007,602,1,1.254,1.47
AD2084,Educación,Audience Network,Conversiones,690.54,42337,356,3,0.841,1.94
AD1534,Finanzas,Facebook,Conversiones,400.32,23164,221,1,0.954,1.81
AD2285,Educación,Instagram,Conversiones,699.98,49307,640,5,1.298,1.09
AD1471,Moda,Facebook,Reconocimiento,1567.25,132559,2983,7,2.25,0.53
AD1610,Finanzas,Facebook,Reconocimiento,2583.17,281336,2650,7,0.942,0.97
AD1185,Viajes,Instagram,Reconocimiento,2962.67,118548,2177,8,1.836,1.36
AD1707,Finanzas,Facebook,Leads,818.17,44799,478,2,1.067,1.71
AD1049,E-commerce,Facebook,Tráfico,978.97,86388,2164,23,2.505,0.45
AD2114,Moda,Facebook,Leads,2330.59,388590,4077,44,1.049,0.57
AD1818,Videojuegos,Instagram,Leads,336.19,33667,641,4,1.904,0.52
AD1124,E-commerce,Instagram,Leads,983.05,188487,3587,44,1.903,0.27
AD1903,E-commerce,Messenger,Tráfico,2096.41,248922,4387,38,1.762,0.48
AD1339,Educación,Facebook,Tráfico,437.5,26821,312,1,1.163,1.4
AD1834,Videojuegos,Facebook,Conversiones,1921.26,309120,3500,54,1.132,0.55
AD1907,Videojuegos,Instagram,Leads,1600.33,267039,3109,51,1.164,0.51
AD1309,E-commerce,Instagram,Leads,840.59,132464,2966,34,2.239,0.28
AD1366,Videojuegos,Messenger,Reconocimiento,530.36,93977,447,2,0.476,1.19
AD1361,Salud,Messenger,Conversiones,2451.02,385083,1586,5,0.412,1.55
AD1601,Salud,Instagram,Conversiones,269.61,21799,263,1,1.206,1.03
AD2177,Salud,Instagram,Leads,713.99,66366,494,2,0.744,1.45
AD2405,Salud,Messenger,Leads,1571.78,167461,910,4,0.543,1.73
AD1405,E-commerce,Facebook,Reconocimiento,2102.31,160210,3462,14,2.161,0.61
AD2116,Finanzas,Instagram,Tráfico,1473.37,203926,2720,15,1.334,0.54
AD2339,Salud,Instagram,Conversiones,1870.3,266793,1427,5,0.535,1.31
AD1561,Moda,Facebook,Reconocimiento,3946.68,257502,6455,20,2.507,0.61
AD2138,Videojuegos,Audience Network,Reconocimiento,1158.65,245288,1074,6,0.438,1.08
AD1247,Videojuegos,Facebook,Tráfico,898.37,151383,1263,17,0.834,0.71
AD1109,Videojuegos,Audience Network,Conversiones,468.22,127823,468,9,0.366,1.0
AD1220,Videojuegos,Instagram,Reconocimiento,1695.33,235198,2462,19,1.047,0.69
AD1203,Videojuegos,Messenger,Conversiones,2031.4,241258,2819,40,1.168,0.72
AD1847,Viajes,Instagram,Tráfico,205.88,35723,573,3,1.604,0.36
AD2225,Moda,Instagram,Tráfico,559.41,52647,1144,14,2.173,0.49
AD1275,Moda,Facebook,Tráfico,2888.07,452504,9335,118,2.063,0.31
AD1462,Salud,Instagram,Leads,3176.39,220636,2277,9,1.032,1.39
AD2364,Videojuegos,Facebook,Leads,754.78,168530,1767,16,1.048,0.43
AD1350,Viajes,Facebook,Reconocimiento,3453.82,280773,3536,12,1.259,0.98
AD1270,Educación,Instagram,Reconocimiento,2006.77,98356,1457,2,1.481,1.38
AD1598,Viajes,Facebook,Tráfico,1225.18,39738,895,5,2.252,1.37
AD1051,Viajes,Facebook,Leads,2813.83,122306,2472,20,2.021,1.14
AD1076,Viajes,Facebook,Reconocimiento,158.99,8809,155,0,1.76,1.03
AD1551,E-commerce,Facebook,Leads,440.34,92527,812,9,0.878,0.54
AD2489,Educación,Instagram,Reconocimiento,2934.56,425125,2630,5,0.619,1.12
AD2460,Finanzas,Facebook,Reconocimiento,1311.92,58287,604,1,1.036,2.17
AD2113,E-commerce,Messenger,Leads,2691.37,318091,3853,51,1.211,0.7
AD1614,Moda,Instagram,Tráfico,1623.46,342693,8323,43,2.429,0.2
AD1162,E-commerce,Facebook,Leads,3931.24,853049,8259,22,0.968,0.48
AD1123,Videojuegos,Instagram,Conversiones,2922.41,279856,3781,53,1.351,0.77
AD2409,Salud,Messenger,Tráfico,1208.6,172502,616,3,0.357,1.96
AD1438,Educación,Audience Network,Conversiones,4475.23,235991,2694,22,1.142,1.66
AD1855,Educación,Audience Network,Tráfico,565.37,305000,305,1,0.1,1.85
AD2244,Moda,Audience Network,Tráfico,4146.33,1117306,4141,28,0.371,1.0
AD1251,Moda,Instagram,Tráfico,2814.89,280220,7751,65,2.766,0.36
AD1271,Educación,Messenger,Reconocimiento,2383.55,126065,1486,2,1.179,1.6
AD1184,Salud,Instagram,Leads,1834.09,217833,1574,5,0.723,1.17
AD1067,Educación,Instagram,Reconocimiento,1019.82,78902,1051,3,1.332,0.97
AD1483,E-commerce,Facebook,Reconocimiento,1164.43,198521,3055,12,1.539,0.38
AD1141,Salud,Audience Network,Conversiones,2885.22,219496,1239,8,0.564,2.33
AD2389,Educación,Instagram,Tráfico,1543.0,178720,2153,12,1.205,0.72
AD1932,Videojuegos,Messenger,Conversiones,1081.34,135719,1197,21,0.882,0.9
AD1528,Moda,Facebook,Leads,555.49,34847,960,5,2.755,0.58
AD1464,Moda,Facebook,Reconocimiento,1175.95,177927,1866,7,1.049,0.63
AD1715,Moda,Instagram,Reconocimiento,1042.43,111655,3263,11,2.922,0.32
AD2001,Finanzas,Instagram,Tráfico,2194.31,115155,1630,11,1.415,1.35
AD1306,Viajes,Instagram,Tráfico,2277.67,201579,2695,24,1.337,0.85
AD1765,Salud,Messenger,Reconocimiento,1750.73,187835,979,1,0.521,1.79
AD2403,Salud,Audience Network,Tráfico,1059.37,98590,462,1,0.469,2.29
AD2421,E-commerce,Facebook,Tráfico,893.8,139399,3216,15,2.307,0.28
AD1591,E-commerce,Facebook,Tráfico,1621.79,162241,3085,32,1.901,0.53
AD2458,E-commerce,Instagram,Reconocimiento,1810.57,253572,4734,21,1.867,0.38
AD1297,Videojuegos,Facebook,Tráfico,531.64,74966,1101,13,1.469,0.48
AD2379,Viajes,Audience Network,Conversiones,2311.87,1230000,1230,13,0.1,1.88
AD1938,Salud,Instagram,Conversiones,1434.93,145876,1595,8,1.093,0.9
AD2197,Salud,Facebook,Conversiones,1709.83,213541,1195,5,0.56,1.43
AD1730,Salud,Instagram,Tráfico,1410.58,176947,1499,5,0.847,0.94
AD2145,Finanzas,Messenger,Leads,2400.95,87422,739,5,0.845,3.25
AD2380,Finanzas,Audience Network,Tráfico,1137.96,48118,362,2,0.752,3.14
AD1888,Salud,Facebook,Reconocimiento,1311.53,179899,1174,2,0.653,1.12
AD2538,E-commerce,Instagram,Tráfico,1703.83,127356,3483,44,2.735,0.49
AD1560,Salud,Instagram,Tráfico,567.53,86043,658,1,0.765,0.86
AD1925,Educación,Facebook,Leads,826.57,56735,669,2,1.179,1.24
AD1382,Moda,Audience Network,Conversiones,951.12,40189,838,9,2.085,1.13
AD2065,Viajes,Facebook,Reconocimiento,2123.76,167191,1932,6,1.156,1.1
AD1239,Videojuegos,Messenger,Tráfico,1236.63,163315,1155,13,0.707,1.07
AD2298,Videojuegos,Facebook,Tráfico,2654.87,2145662,6800,80,0.317,0.39
AD1451,Viajes,Messenger,Tráfico,1144.38,121671,1021,4,0.839,1.12
AD1316,Moda,Facebook,Reconocimiento,786.32,58339,1883,9,3.228,0.42
AD2163,Finanzas,Instagram,Reconocimiento,881.02,29344,382,0,1.302,2.31
AD1331,Viajes,Facebook,Leads,485.24,47733,441,1,0.924,1.1
AD1978,Moda,Instagram,Tráfico,842.69,147252,4003,51,2.718,0.21
AD1554,Salud,Facebook,Tráfico,1839.83,175918,1300,7,0.739,1.42
AD1590,Viajes,Facebook,Conversiones,3227.97,164061,2992,33,1.824,1.08
AD1303,Moda,Facebook,Conversiones,250.08,13829,481,8,3.478,0.52
AD2185,Videojuegos,Instagram,Conversiones,4352.1,536083,6835,156,1.275,0.64
AD1170,Educación,Facebook,Leads,1709.41,160682,1379,8,0.858,1.24
AD2088,Finanzas,Facebook,Leads,2687.05,184740,1580,10,0.855,1.7
AD1261,Moda,Facebook,Leads,1265.07,98445,1842,21,1.871,0.69
AD1575,Finanzas,Facebook,Leads,2926.14,156909,1384,15,0.882,2.11
AD1044,Finanzas,Messenger,Leads,1447.22,88378,410,2,0.464,3.53
AD1468,Finanzas,Facebook,Reconocimiento,1151.26,44190,576,1,1.303,2.0
AD1259,Salud,Facebook,Conversiones,2682.48,147443,1814,7,1.23,1.48
AD1544,Moda,Audience Network,Leads,2149.9,113608,1756,12,1.546,1.22
AD1941,Educación,Instagram,Reconocimiento,1440.99,100560,1114,2,1.108,1.29
AD1353,Moda,Facebook,Conversiones,851.39,74499,1615,27,2.168,0.53
AD1398,E-commerce,Instagram,Reconocimiento,1336.69,145089,2404,11,1.657,0.56
AD1842,Videojuegos,Messenger,Tráfico,2647.17,426531,3552,37,0.833,0.75
AD1752,Finanzas,Messenger,Leads,3339.11,212830,1840,9,0.865,1.81
AD1529,E-commerce,Messenger,Reconocimiento,905.77,80991,1163,5,1.436,0.78
AD2037,Viajes,Facebook,Leads,781.15,86930,963,9,1.108,0.81
AD1115,Moda,Audience Network,Conversiones,1585.68,281960,2006,21,0.711,0.79
AD1736,Videojuegos,Facebook,Reconocimiento,613.58,108143,905,5,0.837,0.68
AD1836,Educación,Facebook,Tráfico,1465.07,311428,1407,9,0.452,1.04
AD1867,Videojuegos,Instagram,Tráfico,1906.0,217216,3772,32,1.737,0.51
AD1175,Videojuegos,Instagram,Tráfico,1073.58,107771,1837,19,1.705,0.58
AD1342,Finanzas,Facebook,Conversiones,1411.08,88480,933,8,1.054,1.51
AD2317,Viajes,Facebook,Conversiones,3382.82,169636,2941,36,1.734,1.15
AD1413,Salud,Audience Network,Leads,1670.81,225313,700,2,0.311,2.39
AD2211,Educación,Instagram,Leads,1073.63,103547,878,3,0.848,1.22
AD1078,E-commerce,Messenger,Tráfico,1334.58,82816,1798,16,2.171,0.74
AD2144,Videojuegos,Instagram,Leads,2284.18,190678,2605,49,1.366,0.88
AD2474,Viajes,Facebook,Tráfico,3104.0,217429,2632,20,1.211,1.18
AD2054,E-commerce,Instagram,Leads,648.89,87151,1926,14,2.21,0.34
AD2533,Salud,Facebook,Reconocimiento,1432.08,145484,982,1,0.675,1.46
AD1615,Moda,Instagram,Tráfico,809.13,69697,2148,22,3.082,0.38
AD1585,Finanzas,Messenger,Leads,1865.42,134815,725,4,0.538,2.57
AD1198,Educación,Facebook,Reconocimiento,1686.07,82342,948,1,1.151,1.78
AD1015,Videojuegos,Facebook,Conversiones,1178.28,167296,1853,43,1.108,0.64
AD1786,Educación,Instagram,Tráfico,2141.32,318003,3732,28,1.174,0.57
AD2132,Salud,Instagram,Reconocimiento,548.92,60039,360,0,0.6,1.52
AD1274,Salud,Instagram,Tráfico,2507.36,176779,2234,12,1.264,1.12
AD2368,Finanzas,Instagram,Conversiones,1096.28,111984,768,6,0.686,1.43
AD2031,Salud,Instagram,Reconocimiento,1296.86,128309,1382,2,1.077,0.94
AD1720,Educación,Messenger,Leads,716.25,52451,361,1,0.688,1.98
AD1893,Videojuegos,Instagram,Leads,1091.11,115756,1630,17,1.408,0.67
AD2322,Videojuegos,Instagram,Reconocimiento,2847.46,873989,4653,30,0.532,0.61
AD1672,E-commerce,Instagram,Reconocimiento,687.1,63628,1456,5,2.288,0.47
AD2245,Videojuegos,Instagram,Leads,2750.98,237335,3560,68,1.5,0.77
AD1493,Educación,Messenger,Reconocimiento,385.39,20496,224,0,1.093,1.72
AD1654,Viajes,Instagram,Conversiones,1098.41,185891,3355,26,1.805,0.33
AD1199,Viajes,Facebook,Conversiones,1004.93,115978,1771,14,1.527,0.57
AD1607,Finanzas,Audience Network,Reconocimiento,1569.27,428000,428,0,0.1,3.67
AD2329,Viajes,Messenger,Reconocimiento,1127.96,212695,1011,2,0.475,1.12
AD1906,Salud,Instagram,Tráfico,1221.45,155905,1501,9,0.963,0.81
AD2226,Videojuegos,Facebook,Conversiones,3718.06,314929,4722,71,1.499,0.79
AD2591,Moda,Facebook,Leads,649.42,89863,1273,14,1.417,0.51
AD1351,Viajes,Instagram,Conversiones,2311.88,467026,4641,64,0.994,0.5
AD2128,Educación,Facebook,Tráfico,2826.09,2446085,3060,12,0.125,0.92
AD1381,Educación,Instagram,Reconocimiento,279.45,18745,316,0,1.686,0.88
AD1819,Educación,Messenger,Conversiones,654.22,83623,418,1,0.5,1.57
AD1983,Salud,Messenger,Reconocimiento,985.05,50813,505,0,0.994,1.95
AD2176,Videojuegos,Facebook,Reconocimiento,2868.25,423248,6099,32,1.441,0.47
AD2004,E-commerce,Facebook,Reconocimiento,948.46,211196,4121,11,1.951,0.23
AD2083,Salud,Facebook,Leads,2827.94,275733,2021,7,0.733,1.4
AD1808,Finanzas,Facebook,Tráfico,1006.44,294751,626,4,0.212,1.61
AD2085,Finanzas,Instagram,Tráfico,2357.47,74093,941,6,1.27,2.51
AD1240,Viajes,Instagram,Tráfico,3396.74,158996,2723,28,1.713,1.25
AD1432,Viajes,Facebook,Leads,971.52,42347,843,8,1.991,1.15
AD1056,Viajes,Instagram,Tráfico,592.82,25554,587,4,2.297,1.01
AD1073,Videojuegos,Messenger,Conversiones,574.47,70957,570,11,0.803,1.01
AD2157,E-commerce,Facebook,Conversiones,3922.04,601969,7799,165,1.296,0.5
AD1886,E-commerce,Messenger,Conversiones,3098.69,550616,6282,117,1.141,0.49
AD2029,Educación,Instagram,Conversiones,4232.83,570823,4881,40,0.855,0.87
AD1724,Finanzas,Instagram,Reconocimiento,573.46,37047,450,0,1.215,1.27
AD2399,Viajes,Instagram,Conversiones,3824.2,178362,3264,25,1.83,1.17
AD1043,Salud,Facebook,Reconocimiento,1522.97,98752,886,1,0.897,1.72
AD1100,Videojuegos,Audience Network,Leads,1132.8,748726,890,6,0.119,1.27
AD2388,Educación,Facebook,Reconocimiento,1256.61,139431,1691,0,1.213,0.74
AD2155,Videojuegos,Messenger,Conversiones,220.5,38222,188,2,0.492,1.17
AD1101,Educación,Facebook,Conversiones,2839.48,563335,2767,12,0.491,1.03
AD1631,Moda,Instagram,Conversiones,2696.5,264889,6713,142,2.534,0.4
AD1107,Finanzas,Messenger,Leads,1052.96,64071,364,2,0.568,2.89
AD2080,Educación,Messenger,Reconocimiento,1674.11,125847,1617,1,1.285,1.04
AD2260,Videojuegos,Audience Network,Leads,896.49,262627,685,9,0.261,1.31
AD1682,Moda,Instagram,Tráfico,965.34,391060,7162,75,1.831,0.13
AD2232,E-commerce,Instagram,Conversiones,644.95,74839,1542,14,2.06,0.42
AD2093,Finanzas,Instagram,Leads,3830.48,279312,2601,23,0.931,1.47
AD1582,Salud,Facebook,Reconocimiento,653.84,126529,404,0,0.319,1.62
AD1787,Educación,Instagram,Conversiones,2528.61,239824,2146,12,0.895,1.18
AD2214,E-commerce,Instagram,Tráfico,378.54,29957,1077,7,3.595,0.35
AD1128,Videojuegos,Facebook,Tráfico,1097.1,122361,1671,14,1.366,0.66
AD1425,Moda,Instagram,Leads,1428.78,150946,4375,39,2.898,0.33
AD2581,Viajes,Messenger,Conversiones,915.29,72438,657,4,0.907,1.39
AD2318,Viajes,Instagram,Leads,1585.52,135754,1924,13,1.417,0.82
AD2589,Finanzas,Instagram,Leads,213.5,13367,152,1,1.137,1.4
AD2595,Finanzas,Facebook,Tráfico,2303.73,134189,910,4,0.678,2.53
AD1500,Videojuegos,Facebook,Conversiones,1769.09,487826,5120,58,1.05,0.35
AD2560,E-commerce,Facebook,Tráfico,632.64,68632,1444,12,2.104,0.44
AD1522,E-commerce,Instagram,Tráfico,1046.12,61467,1991,19,3.239,0.53
AD2436,Finanzas,Facebook,Reconocimiento,2567.24,162710,1150,3,0.707,2.23
AD1371,Educación,Instagram,Leads,615.11,109572,1040,5,0.949,0.59
AD1864,Moda,Facebook,Tráfico,1390.54,102565,1713,22,1.67,0.81
AD1543,Educación,Facebook,Tráfico,1725.14,91623,1245,9,1.359,1.39
AD1909,E-commerce,Facebook,Reconocimiento,1088.05,147864,2144,6,1.45,0.51
AD1481,Salud,Instagram,Tráfico,1065.22,123186,751,3,0.61,1.42
AD2517,Salud,Instagram,Leads,1712.04,165850,1683,8,1.015,1.02
AD1411,Educación,Instagram,Reconocimiento,1568.8,148040,2143,3,1.448,0.73
AD2181,Salud,Instagram,Leads,2617.33,554367,4365,15,0.787,0.6
AD1997,Finanzas,Facebook,Reconocimiento,4270.99,138517,1820,3,1.314,2.35
AD1231,Finanzas,Messenger,Tráfico,704.9,263000,263,2,0.1,2.68
AD2366,Viajes,Messenger,Tráfico,250.08,11512,193,0,1.677,1.3
AD1429,Salud,Messenger,Tráfico,1050.07,115688,408,1,0.353,2.57
AD1163,Viajes,Messenger,Conversiones,656.83,38593,381,5,0.987,1.72
AD2296,Videojuegos,Instagram,Reconocimiento,1517.7,333770,3898,20,1.168,0.39
AD1266,E-commerce,Instagram,Conversiones,1717.98,157537,3992,26,2.534,0.43
AD2005,Viajes,Instagram,Conversiones,1072.82,90556,2045,17,2.258,0.52
AD1873,Moda,Facebook,Conversiones,2630.28,114486,3143,30,2.745,0.84
AD1692,Videojuegos,Instagram,Tráfico,2028.08,183277,2950,44,1.61,0.69
AD2450,Educación,Audience Network,Conversiones,1174.62,75158,522,3,0.695,2.25
AD2263,Finanzas,Audience Network,Leads,1727.84,215509,720,2,0.334,2.4
AD1192,Moda,Facebook,Conversiones,1660.4,404633,4396,82,1.086,0.38
AD1548,Viajes,Instagram,Reconocimiento,1033.12,82234,1075,2,1.307,0.96
AD1063,Salud,Facebook,Conversiones,843.11,63598,728,4,1.145,1.16
AD1772,Viajes,Facebook,Leads,948.22,36641,735,5,2.006,1.29
AD1966,Finanzas,Instagram,Reconocimiento,2244.95,118573,1471,3,1.241,1.53
AD2023,Videojuegos,Facebook,Leads,2565.43,243819,3296,39,1.352,0.78
AD1651,Viajes,Instagram,Reconocimiento,3686.19,213807,4255,14,1.99,0.87
AD2312,Moda,Instagram,Conversiones,2464.6,200655,5076,64,2.53,0.49
AD1858,Moda,Messenger,Reconocimiento,1881.15,113251,2322,8,2.05,0.81
AD1816,E-commerce,Instagram,Reconocimiento,2895.12,866176,12817,28,1.48,0.23
AD1629,Salud,Facebook,Conversiones,729.68,72114,692,1,0.96,1.05
AD1218,E-commerce,Instagram,Conversiones,714.39,48965,1357,13,2.771,0.53
AD2578,Educación,Facebook,Leads,4076.83,373707,5289,19,1.415,0.77
AD1286,Finanzas,Instagram,Conversiones,2154.8,183835,1335,11,0.726,1.61
AD2288,Finanzas,Instagram,Conversiones,3943.77,178242,2224,22,1.248,1.77
AD2174,Educación,Instagram,Conversiones,564.93,72657,659,3,0.907,0.86
AD1589,Videojuegos,Facebook,Reconocimiento,4427.03,4332007,15595,88,0.36,0.28
AD2074,Educación,Instagram,Conversiones,1085.0,128396,864,2,0.673,1.26
AD2315,Viajes,Instagram,Conversiones,1817.81,344161,4391,58,1.276,0.41
AD1383,E-commerce,Audience Network,Tráfico,857.36,58658,921,7,1.57,0.93
AD2273,Videojuegos,Instagram,Leads,870.3,147968,1789,25,1.209,0.49
AD1700,Videojuegos,Facebook,Conversiones,1149.55,210508,1983,37,0.942,0.58
AD2532,Educación,Facebook,Reconocimiento,1803.51,395475,3232,6,0.817,0.56
AD1628,E-commerce,Facebook,Tráfico,676.88,55697,1619,7,2.907,0.42
AD1693,E-commerce,Instagram,Conversiones,410.6,68002,969,9,1.425,0.42
AD1705,Videojuegos,Facebook,Leads,2420.37,286029,3595,33,1.257,0.67
AD1497,Videojuegos,Instagram,Leads,1712.32,336686,3492,32,1.037,0.49
AD2168,Educación,Facebook,Tráfico,586.42,68615,605,2,0.882,0.97
AD1490,Videojuegos,Facebook,Conversiones,1499.55,196555,2237,28,1.138,0.67
AD2524,Educación,Audience Network,Tráfico,1743.81,143446,923,5,0.643,1.89
AD1706,E-commerce,Audience Network,Conversiones,1486.91,197990,1799,21,0.909,0.83
AD1774,E-commerce,Instagram,Conversiones,209.98,26034,606,7,2.328,0.35
AD2255,Viajes,Audience Network,Leads,2677.61,276996,1702,14,0.614,1.57
AD1979,Moda,Facebook,Leads,1003.85,86168,1987,26,2.306,0.51
AD2299,Salud,Messenger,Reconocimiento,1585.38,68806,804,1,1.169,1.97
AD1277,Viajes,Instagram,Leads,343.96,149289,1710,15,1.145,0.2
AD2240,Educación,Instagram,Reconocimiento,2734.82,642125,3144,7,0.49,0.87
AD1949,Salud,Instagram,Conversiones,982.57,59971,663,2,1.106,1.48
AD1793,Moda,Instagram,Leads,1543.88,137749,3574,37,2.595,0.43
AD1236,Videojuegos,Facebook,Conversiones,2146.71,252017,2095,48,0.831,1.02
AD1670,Viajes,Instagram,Tráfico,264.37,9493,247,1,2.602,1.07
AD2333,Finanzas,Facebook,Reconocimiento,947.12,41043,486,0,1.184,1.95
AD2541,Salud,Instagram,Conversiones,3967.74,698514,4916,24,0.704,0.81
AD2271,E-commerce,Facebook,Conversiones,2652.09,333842,5549,74,1.662,0.48
AD2105,Finanzas,Audience Network,Conversiones,2784.6,103560,757,7,0.731,3.68
AD1208,E-commerce,Facebook,Conversiones,272.42,50855,704,11,1.384,0.39
AD2149,Moda,Facebook,Conversiones,860.14,81774,1715,26,2.097,0.5
AD2356,Educación,Facebook,Leads,1111.46,67979,886,5,1.303,1.25
AD1450,E-commerce,Facebook,Conversiones,1603.05,289864,5554,47,1.916,0.29
AD1058,Moda,Facebook,Reconocimiento,733.72,47521,910,4,1.915,0.81
AD1495,E-commerce,Instagram,Reconocimiento,2898.98,272796,9008,17,3.302,0.32
AD2204,E-commerce,Instagram,Tráfico,462.13,87627,1554,6,1.773,0.3
AD2529,Educación,Facebook,Conversiones,831.37,44433,632,1,1.422,1.32
AD2311,Videojuegos,Instagram,Conversiones,1115.95,280917,3865,47,1.376,0.29
AD2433,Moda,Messenger,Leads,2304.64,322474,3349,34,1.039,0.69
AD1649,E-commerce,Audience Network,Reconocimiento,611.63,249667,1061,2,0.425,0.58
AD1809,Moda,Facebook,Leads,4257.1,277735,7038,52,2.534,0.6
AD2287,Viajes,Facebook,Tráfico,2300.28,74175,1716,12,2.313,1.34
AD1427,Viajes,Instagram,Tráfico,1608.35,76312,1570,16,2.057,1.02
AD2189,Moda,Messenger,Conversiones,3558.46,513535,3680,69,0.717,0.97
AD1292,E-commerce,Instagram,Conversiones,3275.84,283289,6280,56,2.217,0.52
AD1552,E-commerce,Instagram,Reconocimiento,1948.96,371057,5789,24,1.56,0.34
AD2228,Salud,Audience Network,Tráfico,2610.29,163131,1020,3,0.625,2.56
AD1923,E-commerce,Instagram,Leads,4953.78,430080,10303,71,2.396,0.48
AD2131,E-commerce,Facebook,Reconocimiento,909.81,109157,1910,8,1.75,0.48
AD1233,Moda,Instagram,Reconocimiento,1518.24,96003,1993,10,2.076,0.76
AD1788,Videojuegos,Messenger,Reconocimiento,2253.67,170178,2159,10,1.269,1.04
AD1196,Videojuegos,Facebook,Conversiones,1999.41,218478,2606,31,1.193,0.77
AD2293,Salud,Audience Network,Reconocimiento,1666.76,114780,608,1,0.53,2.74
AD2341,Moda,Facebook,Tráfico,1983.17,151854,3543,37,2.333,0.56
AD1081,Finanzas,Facebook,Tráfico,940.86,198880,446,2,0.224,2.11
AD2496,Salud,Instagram,Reconocimiento,1075.07,90947,856,1,0.941,1.26
AD1486,Salud,Facebook,Tráfico,3599.93,375280,2084,7,0.555,1.73
AD2230,Moda,Facebook,Tráfico,652.5,50012,747,9,1.494,0.87
AD1111,E-commerce,Instagram,Conversiones,1727.16,468901,5376,59,1.147,0.32
AD2359,E-commerce,Instagram,Reconocimiento,4299.73,249408,7912,16,3.172,0.54
AD2193,Videojuegos,Facebook,Reconocimiento,1288.09,63491,1055,3,1.662,1.22
AD2365,Salud,Facebook,Conversiones,4358.07,354517,3013,8,0.85,1.45
AD2536,Salud,Messenger,Conversiones,1193.79,374171,495,2,0.132,2.41
AD2347,Moda,Audience Network,Tráfico,1646.81,158273,2221,11,1.403,0.74
AD2280,Finanzas,Instagram,Reconocimiento,3220.16,144263,1396,4,0.968,2.31
AD2328,Salud,Instagram,Reconocimiento,1356.36,77768,989,1,1.272,1.37
AD1310,Moda,Instagram,Tráfico,1930.46,206719,2698,32,1.305,0.72
AD2108,Educación,Instagram,Tráfico,1800.74,118056,2139,13,1.812,0.84
AD1482,Educación,Instagram,Tráfico,234.48,16148,284,1,1.759,0.83
AD1602,Educación,Instagram,Leads,2064.83,207308,2242,16,1.081,0.92
AD2236,Viajes,Messenger,Reconocimiento,704.34,732000,732,2,0.1,0.96
AD2182,Educación,Facebook,Conversiones,497.81,70459,421,3,0.598,1.18
AD1668,Salud,Facebook,Reconocimiento,2332.68,153328,1852,3,1.208,1.26
AD1433,Educación,Facebook,Tráfico,779.33,51513,738,4,1.433,1.06
AD2587,Videojuegos,Facebook,Tráfico,343.47,51157,403,2,0.788,0.85
AD2090,Educación,Messenger,Conversiones,999.92,249366,579,1,0.232,1.73
AD1583,Videojuegos,Facebook,Reconocimiento,608.14,51007,779,4,1.527,0.78
AD1422,Videojuegos,Facebook,Tráfico,2047.05,171676,1961,23,1.142,1.04
AD2534,Moda,Audience Network,Reconocimiento,695.47,90109,689,2,0.765,1.01
AD1984,Salud,Instagram,Conversiones,826.23,92479,1125,8,1.216,0.73
AD1722,Salud,Facebook,Reconocimiento,471.4,29131,300,0,1.03,1.57
AD2221,Videojuegos,Facebook,Leads,1532.22,132633,1908,11,1.439,0.8
AD1621,E-commerce,Messenger,Tráfico,4131.73,406993,8608,68,2.115,0.48
AD1839,E-commerce,Audience Network,Reconocimiento,3849.92,785978,5643,14,0.718,0.68
AD1767,Educación,Instagram,Tráfico,483.08,49335,451,2,0.914,1.07
AD1857,Salud,Facebook,Leads,1796.06,258703,1363,6,0.527,1.32
AD1327,Educación,Instagram,Conversiones,2304.14,391552,4290,19,1.096,0.54
AD1254,Viajes,Audience Network,Leads,1182.36,107177,760,4,0.709,1.56
AD1322,Viajes,Instagram,Reconocimiento,980.11,66334,1186,3,1.788,0.83
AD2161,Videojuegos,Instagram,Tráfico,452.04,47374,744,7,1.57,0.61
AD1506,Salud,Instagram,Reconocimiento,1084.04,185634,1968,4,1.06,0.55
AD2323,Viajes,Instagram,Conversiones,2005.68,69349,2097,14,3.024,0.96
AD1754,Videojuegos,Audience Network,Reconocimiento,3365.2,588104,2893,12,0.492,1.16
AD1964,Moda,Instagram,Conversiones,927.73,89999,2610,18,2.9,0.36
AD1494,Educación,Instagram,Tráfico,1070.04,104235,1189,7,1.141,0.9
AD2283,E-commerce,Instagram,Leads,506.03,51189,1098,10,2.145,0.46
AD2050,Salud,Facebook,Conversiones,1746.78,185657,1374,7,0.74,1.27
AD1420,Finanzas,Instagram,Leads,2250.08,120596,1300,2,1.078,1.73
AD1086,Finanzas,Instagram,Tráfico,575.92,33122,358,2,1.081,1.61
AD2258,Educación,Messenger,Tráfico,2109.63,298559,1812,8,0.607,1.16
AD2514,E-commerce,Instagram,Leads,340.95,34638,833,9,2.405,0.41
AD1365,Finanzas,Instagram,Leads,1958.78,196311,1753,9,0.893,1.12
AD1265,Videojuegos,Instagram,Tráfico,859.0,86935,1656,18,1.905,0.52
AD1287,Finanzas,Instagram,Reconocimiento,1179.73,122933,622,1,0.506,1.9
AD2583,Videojuegos,Instagram,Tráfico,1349.67,229879,2957,37,1.286,0.46
AD1358,Salud,Instagram,Tráfico,270.11,65445,623,2,0.952,0.43
AD1054,Videojuegos,Facebook,Reconocimiento,925.31,92908,1501,5,1.616,0.62
AD2101,Educación,Facebook,Leads,197.68,15322,235,1,1.534,0.84
AD2201,Finanzas,Instagram,Tráfico,3031.83,203924,1760,14,0.863,1.72
AD1901,Educación,Facebook,Tráfico,2946.73,119212,2042,11,1.713,1.44
AD1596,Educación,Messenger,Leads,1172.82,87893,869,5,0.989,1.35
AD1626,Videojuegos,Facebook,Leads,998.44,88131,1192,12,1.353,0.84
AD2007,Educación,Facebook,Leads,2074.19,193546,1983,6,1.025,1.05
AD1221,Educación,Messenger,Tráfico,823.03,38747,417,3,1.076,1.97
AD1113,Educación,Facebook,Conversiones,2753.7,141804,1781,18,1.256,1.55
AD1643,Educación,Instagram,Leads,1231.66,84812,1495,5,1.763,0.82
AD2372,Salud,Instagram,Leads,1616.98,278260,1847,10,0.664,0.88
AD1174,Videojuegos,Audience Network,Tráfico,2614.38,370104,1997,19,0.54,1.31
AD1513,Finanzas,Messenger,Reconocimiento,1473.37,258758,548,1,0.212,2.69
AD1599,Finanzas,Instagram,Conversiones,1057.03,87663,901,5,1.028,1.17
AD1453,Educación,Audience Network,Reconocimiento,1481.55,63639,793,0,1.246,1.87
AD2251,Moda,Facebook,Reconocimiento,1595.91,157902,3312,14,2.098,0.48
AD1018,E-commerce,Facebook,Leads,294.21,22046,404,3,1.833,0.73
AD1423,Salud,Audience Network,Tráfico,754.11,109728,355,1,0.324,2.12
AD2068,Salud,Facebook,Tráfico,1471.07,78262,973,2,1.243,1.51
AD1285,Finanzas,Instagram,Tráfico,3435.86,165105,1801,12,1.091,1.91
AD1428,Viajes,Audience Network,Leads,2144.92,257851,1194,8,0.463,1.8
AD1990,Moda,Messenger,Tráfico,1735.33,120892,2257,13,1.867,0.77
AD2469,Finanzas,Instagram,Tráfico,940.96,69611,653,2,0.938,1.44
AD2272,Finanzas,Audience Network,Tráfico,801.38,66032,328,0,0.497,2.44
AD1031,Moda,Facebook,Conversiones,1436.31,218188,4640,38,2.127,0.31
AD1618,Finanzas,Facebook,Leads,1791.57,168221,1256,4,0.747,1.43
AD1210,Videojuegos,Facebook,Leads,1872.62,269755,2001,10,0.742,0.94
AD1439,Salud,Audience Network,Conversiones,657.77,52376,281,1,0.537,2.34
AD2543,Salud,Messenger,Leads,3479.67,222956,1351,7,0.606,2.58
AD2052,Salud,Facebook,Conversiones,522.55,109986,452,2,0.411,1.16
AD1214,Viajes,Instagram,Leads,1020.08,55464,1095,10,1.974,0.93
AD2472,Finanzas,Facebook,Conversiones,1007.52,116922,512,3,0.438,1.97
AD1918,Moda,Instagram,Conversiones,2461.59,591895,15377,323,2.598,0.16
AD1755,Moda,Instagram,Reconocimiento,1969.22,129843,3480,10,2.68,0.57
AD1326,Viajes,Instagram,Tráfico,1591.96,137731,2284,15,1.658,0.7
AD1664,Salud,Instagram,Leads,1518.04,119381,1571,5,1.316,0.97
AD2426,E-commerce,Facebook,Conversiones,3973.95,595749,7294,71,1.224,0.54
AD1188,Salud,Instagram,Reconocimiento,1881.36,130448,1175,1,0.901,1.6
AD2350,Finanzas,Instagram,Leads,1121.3,49552,586,3,1.183,1.91
AD1341,E-commerce,Audience Network,Reconocimiento,1589.01,285362,1805,5,0.633,0.88
AD2391,Videojuegos,Facebook,Leads,2237.16,469059,3287,41,0.701,0.68
AD1147,Moda,Facebook,Conversiones,299.95,36987,775,9,2.095,0.39
AD2494,Educación,Instagram,Reconocimiento,3017.63,497894,5676,10,1.14,0.53
AD1360,E-commerce,Instagram,Tráfico,2841.99,261237,6812,70,2.608,0.42
AD1083,Videojuegos,Facebook,Leads,2319.65,290855,4161,77,1.431,0.56
AD1757,E-commerce,Facebook,Leads,810.19,159411,1985,21,1.245,0.41
AD1479,Finanzas,Messenger,Reconocimiento,1296.86,77585,469,0,0.604,2.77
AD1048,E-commerce,Instagram,Leads,2118.29,237441,4057,53,1.709,0.52
AD2310,Viajes,Instagram,Tráfico,337.13,18733,311,2,1.66,1.08
AD1155,Finanzas,Messenger,Leads,5751.68,293972,1772,16,0.603,3.25
AD2022,Salud,Instagram,Tráfico,517.87,104361,863,5,0.827,0.6
AD2212,Educación,Audience Network,Tráfico,496.83,18941,243,0,1.283,2.04
AD2586,Viajes,Instagram,Tráfico,2860.07,103661,2734,16,2.637,1.05
AD2170,Viajes,Instagram,Leads,2268.75,98666,2120,21,2.149,1.07
AD1916,Videojuegos,Audience Network,Conversiones,4677.61,407451,3634,28,0.892,1.29
AD2308,E-commerce,Facebook,Tráfico,536.85,95656,901,9,0.942,0.6
AD2580,Moda,Instagram,Reconocimiento,2789.1,229342,5078,30,2.214,0.55
AD1619,Videojuegos,Facebook,Conversiones,93.44,10559,154,2,1.458,0.61
AD1179,Videojuegos,Instagram,Conversiones,1444.56,285261,2262,10,0.793,0.64
AD2276,Viajes,Audience Network,Reconocimiento,128.68,7487,73,0,0.975,1.76
AD2247,Moda,Instagram,Reconocimiento,4831.87,437096,10242,24,2.343,0.47
AD2326,Viajes,Facebook,Conversiones,173.56,6450,133,1,2.062,1.3
AD1679,Finanzas,Instagram,Tráfico,415.31,24785,278,2,1.122,1.49
AD1845,Finanzas,Instagram,Leads,1618.19,76169,946,3,1.242,1.71
AD1926,E-commerce,Instagram,Reconocimiento,3860.65,403832,6548,24,1.621,0.59
AD1363,Finanzas,Instagram,Leads,2238.41,115087,1455,9,1.264,1.54
AD2124,E-commerce,Instagram,Leads,1565.88,153936,3913,37,2.542,0.4
AD1426,Viajes,Messenger,Tráfico,1545.57,88857,1239,8,1.394,1.25
AD2252,Finanzas,Audience Network,Conversiones,3052.84,192814,1004,8,0.521,3.04
AD2506,Videojuegos,Messenger,Leads,2123.17,157163,2168,13,1.379,0.98
AD1346,Salud,Audience Network,Reconocimiento,9233.39,4032000,4032,6,0.1,2.29
AD2106,Educación,Instagram,Reconocimiento,994.11,77728,872,1,1.122,1.14
AD2565,Educación,Instagram,Leads,950.04,63197,930,2,1.472,1.02
AD1532,Finanzas,Facebook,Reconocimiento,2041.55,132624,1348,3,1.016,1.51
AD1710,Finanzas,Facebook,Tráfico,844.72,47534,453,2,0.953,1.86
AD2179,Viajes,Instagram,Conversiones,2649.46,209750,4283,61,2.042,0.62
AD2376,Educación,Facebook,Tráfico,1518.65,117131,1282,7,1.095,1.18
AD1674,Educación,Messenger,Conversiones,2676.72,299044,1639,5,0.548,1.63
AD2305,Salud,Facebook,Tráfico,1178.67,56477,542,1,0.96,2.17
AD1711,Videojuegos,Instagram,Leads,3366.85,465590,5897,90,1.267,0.57
AD1243,Educación,Instagram,Conversiones,1799.87,190468,2396,4,1.258,0.75
AD2049,Videojuegos,Messenger,Conversiones,1873.53,367761,1637,34,0.445,1.14
AD1781,Moda,Facebook,Reconocimiento,1066.2,142292,1871,7,1.315,0.57
AD1942,Viajes,Facebook,Reconocimiento,1087.77,147481,1185,4,0.803,0.92
AD1865,E-commerce,Instagram,Reconocimiento,2989.14,279203,4688,15,1.679,0.64
AD2334,Moda,Facebook,Reconocimiento,1083.37,186824,2688,16,1.439,0.4
AD1312,Educación,Facebook,Tráfico,2675.31,173366,2614,17,1.508,1.02
AD1435,Videojuegos,Instagram,Leads,550.54,54079,861,7,1.592,0.64
AD2513,E-commerce,Instagram,Conversiones,1330.84,95437,2169,24,2.273,0.61
AD1613,Salud,Instagram,Conversiones,3359.49,240459,2539,9,1.056,1.32
AD1308,Salud,Facebook,Leads,1989.14,121738,1183,5,0.972,1.68
AD1881,Viajes,Facebook,Reconocimiento,965.36,50206,1090,3,2.171,0.89
AD1430,Videojuegos,Audience Network,Reconocimiento,3481.31,368206,2771,8,0.753,1.26
AD1370,Salud,Facebook,Conversiones,3390.56,247491,2661,8,1.075,1.27
AD2351,E-commerce,Audience Network,Reconocimiento,1930.0,182155,1964,9,1.078,0.98
AD1181,Viajes,Messenger,Conversiones,1225.06,196131,985,5,0.502,1.24
AD2210,Viajes,Facebook,Conversiones,930.86,87640,963,7,1.099,0.97
AD1538,E-commerce,Instagram,Leads,1052.19,111008,2333,21,2.102,0.45
AD1915,Videojuegos,Facebook,Conversiones,233.48,28110,297,5,1.057,0.79
AD2467,Finanzas,Instagram,Reconocimiento,4974.03,355779,2623,6,0.737,1.9
AD1296,Viajes,Instagram,Tráfico,2182.76,151912,2285,20,1.504,0.96
AD2483,Educación,Facebook,Reconocimiento,3788.14,177165,2681,5,1.513,1.41
AD1461,E-commerce,Facebook,Leads,589.34,59565,1247,12,2.094,0.47
AD2593,E-commerce,Messenger,Tráfico,1436.45,153948,2055,21,1.335,0.7
AD1785,Finanzas,Instagram,Tráfico,2634.93,128348,2134,12,1.663,1.23
AD1377,Moda,Instagram,Conversiones,344.78,25928,744,11,2.869,0.46
AD2471,Moda,Instagram,Tráfico,1976.93,82115,3079,28,3.75,0.64
AD1126,Viajes,Instagram,Tráfico,127.67,15313,234,2,1.528,0.55
AD1820,Educación,Facebook,Tráfico,1134.86,113307,1651,7,1.457,0.69
AD1567,Educación,Facebook,Reconocimiento,1575.66,117685,1603,3,1.362,0.98
AD1355,Salud,Facebook,Conversiones,2697.55,297242,2262,8,0.761,1.19
AD2545,E-commerce,Facebook,Tráfico,3156.68,343737,7879,63,2.292,0.4
AD1209,Moda,Audience Network,Conversiones,3652.55,479521,3926,70,0.819,0.93
AD1140,Viajes,Instagram,Tráfico,664.09,52109,888,5,1.704,0.75
AD2488,Finanzas,Facebook,Reconocimiento,2532.86,87894,889,2,1.011,2.85
AD2120,Finanzas,Audience Network,Conversiones,786.79,301000,301,2,0.1,2.61
AD2047,E-commerce,Instagram,Reconocimiento,1297.41,139812,3513,13,2.513,0.37
AD2446,Salud,Audience Network,Conversiones,1347.09,202711,561,3,0.277,2.4
AD1810,Videojuegos,Audience Network,Leads,2211.14,312947,1762,15,0.563,1.25
AD1588,Finanzas,Facebook,Conversiones,626.78,24050,275,2,1.143,2.28
AD2013,Educación,Facebook,Leads,2422.64,140602,1892,9,1.346,1.28
AD1899,E-commerce,Instagram,Conversiones,1938.48,146573,3185,32,2.173,0.61
AD1010,Moda,Messenger,Leads,655.32,46927,688,9,1.466,0.95
AD1812,Videojuegos,Facebook,Conversiones,1010.65,109394,1634,15,1.494,0.62
AD1282,Salud,Audience Network,Conversiones,897.96,106460,345,2,0.324,2.6
AD1291,E-commerce,Facebook,Leads,1173.45,452890,2406,24,0.531,0.49
AD1620,E-commerce,Facebook,Tráfico,1340.69,555713,4287,42,0.771,0.31
AD1889,Viajes,Instagram,Reconocimiento,1002.67,66355,1188,4,1.79,0.84
AD1129,Finanzas,Audience Network,Conversiones,1118.89,59580,339,3,0.569,3.3
AD1323,E-commerce,Instagram,Leads,891.74,119150,1681,13,1.411,0.53
AD1849,Viajes,Instagram,Reconocimiento,95.24,11623,133,0,1.144,0.72
AD1576,Educación,Instagram,Reconocimiento,2436.44,221995,3468,8,1.562,0.7
AD2415,Videojuegos,Instagram,Reconocimiento,1316.21,174212,2246,3,1.289,0.59
AD2590,Viajes,Audience Network,Reconocimiento,631.92,88571,387,1,0.437,1.63
AD1597,Videojuegos,Instagram,Tráfico,1513.14,277244,4631,59,1.67,0.33
AD1741,Videojuegos,Facebook,Tráfico,1247.43,130702,1807,12,1.383,0.69
AD2547,Salud,Instagram,Reconocimiento,4257.43,401022,4222,5,1.053,1.01
AD1158,Moda,Facebook,Reconocimiento,7811.49,1192450,15651,56,1.313,0.5
AD2549,Educación,Instagram,Reconocimiento,1183.08,78264,1355,2,1.731,0.87
AD1516,Educación,Facebook,Reconocimiento,640.85,58452,445,0,0.761,1.44
AD2140,Educación,Instagram,Leads,485.5,31597,392,1,1.241,1.24
AD1195,Moda,Facebook,Leads,1503.92,109902,2498,19,2.273,0.6
AD2320,Viajes,Instagram,Leads,667.06,35685,767,4,2.149,0.87
AD1914,Viajes,Audience Network,Conversiones,1056.48,96901,697,8,0.719,1.52
AD1410,E-commerce,Instagram,Tráfico,2968.86,507735,9356,105,1.843,0.32
AD1096,E-commerce,Facebook,Leads,1499.54,144166,3160,32,2.192,0.47
AD2335,Viajes,Instagram,Reconocimiento,1196.39,89434,1812,5,2.026,0.66
AD1680,Salud,Facebook,Tráfico,1984.22,121816,1117,3,0.917,1.78
AD1156,Moda,Facebook,Conversiones,962.2,118089,1384,29,1.172,0.7
AD1419,Finanzas,Audience Network,Conversiones,1657.75,52369,407,2,0.777,4.07
AD2503,Educación,Facebook,Reconocimiento,2198.29,203566,2607,4,1.281,0.84
AD1477,Viajes,Facebook,Leads,1686.84,400605,2463,16,0.615,0.68
AD2557,Viajes,Instagram,Leads,2347.6,162748,3804,17,2.337,0.62
AD1727,E-commerce,Instagram,Conversiones,1012.71,67192,1842,19,2.741,0.55
AD2078,Videojuegos,Audience Network,Leads,1514.96,167145,1068,8,0.639,1.42
AD1447,Finanzas,Instagram,Conversiones,3678.73,403429,3982,41,0.987,0.92
AD2156,Viajes,Instagram,Tráfico,2561.87,283543,5980,27,2.109,0.43
AD1178,Finanzas,Instagram,Tráfico,1347.81,56673,587,4,1.036,2.3
AD1390,Viajes,Facebook,Reconocimiento,950.7,47534,934,2,1.965,1.02
AD1578,Salud,Facebook,Tráfico,1134.24,95315,676,1,0.709,1.68
AD2373,Educación,Facebook,Tráfico,1837.98,151987,1560,7,1.026,1.18
AD1721,Finanzas,Facebook,Leads,2271.45,129110,1107,1,0.857,2.05
AD2348,Educación,Facebook,Reconocimiento,827.8,163727,1223,3,0.747,0.68
AD1780,Finanzas,Instagram,Leads,1521.56,202858,1012,5,0.499,1.5
AD2342,Salud,Instagram,Conversiones,516.51,35830,439,3,1.225,1.18
AD1714,Finanzas,Facebook,Leads,609.75,20328,292,1,1.436,2.09
AD1988,Finanzas,Audience Network,Reconocimiento,2633.45,305781,900,1,0.294,2.93
AD2277,Educación,Messenger,Leads,835.78,100492,711,3,0.708,1.18
AD2063,Videojuegos,Facebook,Leads,1143.13,260957,2981,24,1.142,0.38
AD1841,Finanzas,Messenger,Reconocimiento,605.84,38621,202,0,0.523,3.0
AD1838,Educación,Messenger,Reconocimiento,1448.67,231725,1163,2,0.502,1.25
AD1294,Educación,Instagram,Reconocimiento,376.08,31166,399,0,1.28,0.94
AD1905,E-commerce,Messenger,Conversiones,656.66,87088,902,10,1.036,0.73
AD1993,Moda,Facebook,Conversiones,931.4,68167,1020,12,1.496,0.91
AD1088,Educación,Instagram,Leads,796.6,36794,673,5,1.829,1.18
AD1041,Salud,Facebook,Tráfico,2759.18,180612,1342,5,0.743,2.06
AD1131,Finanzas,Instagram,Tráfico,2100.26,149883,1383,9,0.923,1.52
AD2055,Finanzas,Audience Network,Leads,865.35,138341,372,1,0.269,2.33
AD1962,E-commerce,Facebook,Leads,2284.59,182789,4087,39,2.236,0.56
AD2447,Moda,Facebook,Reconocimiento,790.51,58597,1262,6,2.154,0.63
AD2479,Finanzas,Facebook,Tráfico,1636.38,127039,805,7,0.634,2.03
AD1974,Finanzas,Messenger,Reconocimiento,1186.43,105522,566,0,0.536,2.1
AD1164,Moda,Instagram,Tráfico,429.62,18559,601,8,3.238,0.71
AD1290,E-commerce,Facebook,Leads,2995.68,612695,7419,44,1.211,0.4
AD2511,Viajes,Instagram,Leads,1817.02,201926,2077,15,1.029,0.87
AD1669,Moda,Instagram,Tráfico,511.5,26276,738,6,2.809,0.69
AD1348,E-commerce,Facebook,Tráfico,713.43,64778,1427,9,2.203,0.5
AD1571,Educación,Facebook,Tráfico,1695.13,387388,1535,10,0.396,1.1
AD2439,Viajes,Audience Network,Tráfico,3539.91,289331,1978,10,0.684,1.79
AD2504,Videojuegos,Instagram,Reconocimiento,3016.1,325820,5640,28,1.731,0.53
AD1777,Finanzas,Facebook,Reconocimiento,643.88,36842,357,1,0.969,1.8
AD1940,Salud,Facebook,Reconocimiento,4038.21,395770,2434,5,0.615,1.66
AD2053,Videojuegos,Instagram,Reconocimiento,2039.9,193596,2475,8,1.278,0.82
AD2357,Salud,Instagram,Leads,777.78,75650,796,3,1.052,0.98
AD1458,Moda,Instagram,Leads,1153.64,105769,1905,16,1.801,0.61
AD1375,Salud,Instagram,Conversiones,2409.16,561127,3616,25,0.644,0.67
AD1333,E-commerce,Instagram,Leads,143.92,24226,379,1,1.564,0.38
AD2566,Moda,Instagram,Conversiones,1006.43,125067,2199,14,1.758,0.46
AD2418,Salud,Instagram,Conversiones,1112.1,86441,692,3,0.801,1.61
AD2164,Moda,Instagram,Tráfico,630.25,170940,2726,37,1.595,0.23
AD1798,E-commerce,Audience Network,Leads,1849.98,268740,2684,29,0.999,0.69
AD2424,Finanzas,Audience Network,Conversiones,1316.91,174760,403,2,0.231,3.27
AD2481,Salud,Messenger,Leads,1343.07,237416,713,4,0.3,1.88
AD1637,Videojuegos,Facebook,Reconocimiento,1510.71,206332,2004,6,0.971,0.75
AD1328,Educación,Instagram,Tráfico,1170.59,183158,722,4,0.394,1.62
AD1694,Educación,Instagram,Conversiones,2040.42,214659,2389,16,1.113,0.85
AD1318,Videojuegos,Instagram,Tráfico,2429.93,405681,4332,39,1.068,0.56
AD2227,Moda,Instagram,Reconocimiento,690.7,47975,1097,6,2.287,0.63
AD2564,Salud,Facebook,Tráfico,1427.49,183963,1094,2,0.595,1.3
AD1167,Moda,Instagram,Conversiones,3056.44,206022,6701,138,3.253,0.46
AD1012,Moda,Facebook,Reconocimiento,1757.54,109087,4296,13,3.938,0.41
AD1171,Viajes,Instagram,Conversiones,709.48,63334,1322,12,2.087,0.54
AD1260,Viajes,Facebook,Tráfico,2099.07,164174,1719,16,1.047,1.22
AD1930,Moda,Instagram,Leads,2067.13,307377,5730,79,1.864,0.36
AD1982,Finanzas,Facebook,Tráfico,3122.06,206441,1571,10,0.761,1.99
AD2231,Viajes,Instagram,Tráfico,601.18,84228,1727,12,2.05,0.35
AD1138,Viajes,Messenger,Tráfico,2096.22,172301,1389,14,0.806,1.51
AD1549,Finanzas,Facebook,Tráfico,273.95,23021,165,1,0.717,1.66
AD2121,Videojuegos,Instagram,Leads,757.8,72598,1116,14,1.537,0.68
AD1963,Viajes,Instagram,Leads,899.82,109039,1225,9,1.123,0.73
AD1879,E-commerce,Instagram,Tráfico,2386.75,269249,6731,70,2.5,0.35
AD1558,E-commerce,Instagram,Tráfico,1147.32,114360,2477,11,2.166,0.46
AD1139,Moda,Facebook,Leads,1770.01,232183,6108,55,2.631,0.29
AD2393,Finanzas,Facebook,Conversiones,1712.6,471499,3232,24,0.685,0.53
AD2512,E-commerce,Facebook,Tráfico,1124.92,119995,2391,15,1.993,0.47
AD1224,Educación,Messenger,Conversiones,1720.59,461678,1027,10,0.222,1.68
AD1660,Moda,Audience Network,Leads,550.18,229752,777,8,0.338,0.71
AD1409,Finanzas,Facebook,Conversiones,1036.11,168300,876,7,0.52,1.18
AD1325,Viajes,Facebook,Conversiones,1811.09,137284,1502,8,1.094,1.21
AD2539,E-commerce,Audience Network,Reconocimiento,673.67,68465,614,1,0.897,1.1
AD1299,Videojuegos,Instagram,Conversiones,1196.76,101083,1919,31,1.898,0.62
AD2091,Moda,Facebook,Tráfico,2346.53,136396,3946,41,2.893,0.59
AD1832,Viajes,Facebook,Reconocimiento,541.38,40355,593,2,1.469,0.91
AD1756,Videojuegos,Instagram,Leads,478.9,84516,1089,17,1.289,0.44
AD2588,E-commerce,Facebook,Conversiones,1159.54,127275,3238,66,2.544,0.36
AD1193,Viajes,Instagram,Tráfico,337.13,27188,493,4,1.813,0.68
AD1994,Finanzas,Facebook,Conversiones,1743.28,88725,1033,4,1.164,1.69
AD1573,Viajes,Messenger,Conversiones,1965.15,133081,2038,18,1.531,0.96
AD1503,Viajes,Audience Network,Conversiones,2247.53,113673,1129,5,0.993,1.99
AD1605,Educación,Facebook,Tráfico,2033.59,199230,1525,5,0.765,1.33
AD1861,Finanzas,Messenger,Conversiones,1089.1,300551,360,2,0.12,3.03
AD2427,Viajes,Instagram,Leads,1041.82,102737,882,7,0.859,1.18
AD1003,Viajes,Instagram,Conversiones,1102.69,186845,3198,41,1.712,0.34
AD1844,Finanzas,Facebook,Tráfico,1768.44,134647,1190,5,0.884,1.49
AD1467,Educación,Messenger,Conversiones,1071.94,83167,718,6,0.863,1.49
AD1321,Videojuegos,Facebook,Conversiones,2649.57,312521,5141,113,1.645,0.52
AD1005,E-commerce,Facebook,Leads,973.12,93172,2444,22,2.623,0.4
AD1222,Salud,Instagram,Leads,681.68,79506,800,1,1.006,0.85
AD1547,Salud,Instagram,Leads,2268.11,202373,2437,5,1.204,0.93
AD1846,Moda,Instagram,Conversiones,4032.34,788482,14182,263,1.799,0.28
AD1039,Viajes,Facebook,Tráfico,1268.31,81809,943,5,1.153,1.34
AD1542,Finanzas,Facebook,Reconocimiento,2606.17,274389,1787,4,0.651,1.46
AD1242,Educación,Facebook,Tráfico,1512.8,213880,1733,8,0.81,0.87
AD1136,Finanzas,Facebook,Tráfico,1420.75,67290,680,5,1.011,2.09
AD2404,Salud,Audience Network,Conversiones,1706.57,206537,772,7,0.374,2.21
AD2262,Finanzas,Instagram,Conversiones,2277.64,191848,1567,16,0.817,1.45
AD1678,Videojuegos,Audience Network,Leads,1234.88,134661,1046,15,0.777,1.18
AD1874,Moda,Instagram,Leads,2371.61,515481,11138,98,2.161,0.21
AD2137,Viajes,Instagram,Reconocimiento,1512.99,63368,1467,4,2.315,1.03
AD2133,Educación,Facebook,Tráfico,1439.71,62062,933,7,1.503,1.54
AD2270,Videojuegos,Facebook,Leads,2531.6,483964,5423,32,1.121,0.47
AD2457,Moda,Messenger,Leads,406.9,110660,551,6,0.498,0.74
AD1581,Viajes,Instagram,Tráfico,998.75,55448,1170,5,2.11,0.85
AD2573,Salud,Instagram,Leads,4982.15,621966,5699,32,0.916,0.87
AD1661,Moda,Instagram,Conversiones,1431.27,140242,2827,34,2.016,0.51
AD2449,Finanzas,Audience Network,Conversiones,1798.93,88208,557,4,0.631,3.23
AD2480,Videojuegos,Audience Network,Leads,1027.53,205508,1028,8,0.5,1.0
AD1376,Moda,Facebook,Tráfico,1173.46,70928,1690,22,2.383,0.69
AD1314,E-commerce,Facebook,Conversiones,2213.22,230873,4662,81,2.019,0.47
AD1442,Salud,Facebook,Leads,538.16,43797,422,1,0.964,1.28
AD1319,Finanzas,Instagram,Tráfico,2750.83,164992,1412,8,0.856,1.95
AD2314,E-commerce,Instagram,Conversiones,209.49,32860,452,0,1.376,0.46
AD1803,Finanzas,Messenger,Conversiones,72.19,5055,33,0,0.653,2.19
AD1898,Salud,Instagram,Conversiones,2770.82,418666,2609,11,0.623,1.06
AD2203,Salud,Instagram,Tráfico,1970.92,266700,1855,3,0.696,1.06
AD1424,Moda,Facebook,Tráfico,2629.0,136987,3442,43,2.513,0.76
AD1553,Videojuegos,Facebook,Conversiones,878.91,127308,1212,17,0.952,0.73
AD1594,Moda,Instagram,Conversiones,1960.92,171522,3083,45,1.797,0.64
AD2281,Moda,Facebook,Conversiones,1918.91,122824,3204,36,2.609,0.6
AD2057,Finanzas,Facebook,Leads,2395.61,204630,1240,9,0.606,1.93
AD2454,Educación,Facebook,Reconocimiento,648.64,50594,472,1,0.933,1.37
AD2295,Moda,Facebook,Tráfico,1181.84,67628,1931,10,2.855,0.61
AD1704,Videojuegos,Facebook,Conversiones,425.18,106124,857,18,0.808,0.5
AD1227,E-commerce,Instagram,Reconocimiento,1558.49,377085,6062,20,1.608,0.26
AD1802,E-commerce,Facebook,Leads,1611.65,203644,3732,27,1.833,0.43
AD2594,Educación,Facebook,Reconocimiento,2814.16,349063,3768,5,1.079,0.75
AD2061,Videojuegos,Instagram,Conversiones,5365.31,376753,6767,118,1.796,0.79
AD2110,E-commerce,Facebook,Reconocimiento,581.5,49730,930,2,1.87,0.63
AD1066,Moda,Facebook,Conversiones,1125.02,68426,1251,24,1.828,0.9
AD1393,Moda,Instagram,Tráfico,5788.01,448618,12632,103,2.816,0.46
AD1579,Videojuegos,Instagram,Conversiones,4475.91,586028,6810,113,1.162,0.66
AD1024,Finanzas,Instagram,Leads,3029.95,159617,1760,8,1.103,1.72
AD1211,Salud,Instagram,Tráfico,879.14,78520,649,3,0.827,1.35
AD2233,Viajes,Instagram,Reconocimiento,670.9,32545,847,1,2.603,0.79
AD2067,Educación,Instagram,Conversiones,1751.17,170056,1756,15,1.033,1.0
AD1536,E-commerce,Facebook,Leads,2166.82,171275,3772,43,2.202,0.57
AD1806,Finanzas,Instagram,Tráfico,2280.08,125438,1319,9,1.052,1.73
AD1744,Educación,Messenger,Reconocimiento,1143.48,124655,948,2,0.76,1.21
AD1085,Videojuegos,Instagram,Tráfico,2716.05,288743,3385,50,1.172,0.8
AD2440,Educación,Facebook,Tráfico,716.41,43743,553,3,1.264,1.3
AD1272,Finanzas,Audience Network,Tráfico,288.06,48171,79,0,0.164,3.65
AD2034,Salud,Audience Network,Tráfico,1511.66,173033,681,2,0.394,2.22
AD1887,E-commerce,Facebook,Reconocimiento,811.27,132278,3154,8,2.384,0.26
AD1743,Educación,Facebook,Reconocimiento,1065.26,91984,1212,2,1.318,0.88
AD2442,Salud,Facebook,Leads,102.0,8325,63,0,0.757,1.62
AD1630,E-commerce,Audience Network,Leads,1074.42,136018,1246,9,0.916,0.86
AD2094,Moda,Instagram,Conversiones,182.13,14789,489,9,3.307,0.37
AD2491,E-commerce,Instagram,Conversiones,966.1,144532,2617,33,1.811,0.37
AD1505,Moda,Facebook,Conversiones,1311.25,547376,11741,198,2.145,0.11
AD1273,Viajes,Facebook,Conversiones,348.41,27230,345,3,1.267,1.01
AD1813,Videojuegos,Facebook,Tráfico,1001.09,302333,2824,26,0.934,0.35
AD1362,Moda,Facebook,Conversiones,2802.06,180964,5101,85,2.819,0.55
AD1622,Videojuegos,Facebook,Leads,2555.89,301844,3309,41,1.096,0.77
AD1002,Salud,Facebook,Leads,1626.1,189707,1168,5,0.616,1.39
AD1006,Videojuegos,Instagram,Tráfico,2242.52,230084,3033,16,1.318,0.74
AD1311,Viajes,Audience Network,Reconocimiento,1828.81,95784,1132,3,1.182,1.62
AD2079,Salud,Instagram,Reconocimiento,1330.81,68547,649,1,0.947,2.05
AD1745,Videojuegos,Facebook,Conversiones,1188.33,159509,2413,47,1.513,0.49
AD1665,Educación,Audience Network,Reconocimiento,468.77,252000,252,0,0.1,1.86
AD1364,Moda,Instagram,Conversiones,1593.0,97736,3324,37,3.401,0.48
AD2576,Videojuegos,Facebook,Leads,395.73,117879,1795,29,1.523,0.22
AD1215,Viajes,Instagram,Conversiones,1707.56,135368,1890,17,1.396,0.9
AD2484,Salud,Messenger,Reconocimiento,969.32,70188,414,0,0.59,2.34
AD1027,Salud,Instagram,Leads,532.79,64800,558,1,0.861,0.95
AD2146,Videojuegos,Instagram,Conversiones,2774.67,352330,4230,41,1.201,0.66
AD1989,Viajes,Audience Network,Reconocimiento,844.33,58962,440,1,0.746,1.92
AD2463,E-commerce,Facebook,Conversiones,2133.36,269984,4341,52,1.608,0.49
AD1910,Videojuegos,Instagram,Reconocimiento,1929.27,301957,3175,14,1.051,0.61
AD1638,Educación,Instagram,Leads,759.04,47638,863,4,1.812,0.88
AD2112,Finanzas,Facebook,Reconocimiento,4108.01,240058,2263,5,0.943,1.82
AD1718,E-commerce,Facebook,Tráfico,4127.3,885522,14071,125,1.589,0.29
AD1691,Viajes,Instagram,Reconocimiento,712.92,33682,630,2,1.87,1.13
AD1939,Salud,Facebook,Reconocimiento,526.12,61017,328,0,0.538,1.6
AD1624,Finanzas,Facebook,Conversiones,821.59,74596,480,4,0.643,1.71
AD1973,Educación,Messenger,Reconocimiento,1942.13,85404,1069,3,1.252,1.82
AD1256,Salud,Instagram,Conversiones,2182.59,241528,2028,8,0.84,1.08
AD1025,Moda,Messenger,Leads,1637.88,112112,2146,20,1.914,0.76
AD1336,Viajes,Instagram,Leads,3772.49,304208,3858,25,1.268,0.98
AD1572,Viajes,Instagram,Tráfico,1617.74,251392,3701,12,1.472,0.44
AD1047,Viajes,Facebook,Conversiones,3516.5,381915,4304,51,1.127,0.82
AD1106,E-commerce,Instagram,Reconocimiento,2276.18,387314,5656,19,1.46,0.4
AD1349,E-commerce,Audience Network,Conversiones,1958.49,111203,2123,22,1.909,0.92
AD1055,Salud,Instagram,Leads,3339.1,255365,2875,11,1.126,1.16
AD1917,Videojuegos,Instagram,Leads,677.3,101880,1499,14,1.471,0.45
AD1213,Viajes,Audience Network,Leads,402.21,63486,306,2,0.482,1.31
AD1120,E-commerce,Facebook,Tráfico,3198.64,324021,7038,63,2.172,0.45
AD2202,Salud,Instagram,Tráfico,1100.18,76470,715,3,0.935,1.54
AD1829,Videojuegos,Instagram,Tráfico,697.26,297150,2384,26,0.802,0.29
AD1072,Videojuegos,Instagram,Reconocimiento,2828.05,506009,6017,27,1.189,0.47
AD2384,Videojuegos,Facebook,Leads,827.39,74539,834,7,1.119,0.99
AD1936,Viajes,Facebook,Tráfico,420.78,33437,372,2,1.113,1.13
AD1811,Educación,Facebook,Reconocimiento,2660.32,180995,1983,3,1.096,1.34
AD1045,Finanzas,Messenger,Leads,1457.98,90101,636,3,0.706,2.29
AD2345,Videojuegos,Facebook,Tráfico,664.87,63968,916,12,1.432,0.73
AD1523,Viajes,Facebook,Leads,2750.11,231976,3609,23,1.556,0.76
AD2438,Moda,Facebook,Leads,711.79,103450,1826,20,1.765,0.39
AD2027,Viajes,Instagram,Leads,785.73,75182,1058,6,1.407,0.74
AD1986,E-commerce,Instagram,Conversiones,1040.58,229931,5306,71,2.308,0.2
AD1900,Viajes,Facebook,Reconocimiento,282.45,39987,363,1,0.908,0.78
AD1533,Moda,Facebook,Conversiones,377.05,30359,599,8,1.973,0.63
AD2208,E-commerce,Facebook,Conversiones,901.32,119893,2120,28,1.768,0.43
AD1603,Videojuegos,Instagram,Reconocimiento,627.56,93077,904,4,0.971,0.69
AD1465,Salud,Facebook,Reconocimiento,1905.03,131861,924,1,0.701,2.06
AD1943,Viajes,Facebook,Leads,1838.64,125245,2017,10,1.61,0.91
AD2360,Viajes,Facebook,Tráfico,699.52,26377,605,2,2.294,1.16
AD2284,Finanzas,Instagram,Leads,1251.02,55967,748,2,1.337,1.67
AD2509,Viajes,Audience Network,Reconocimiento,2354.57,200469,1442,1,0.719,1.63
AD1060,Moda,Instagram,Tráfico,744.43,87889,1716,8,1.952,0.43
AD2009,Viajes,Instagram,Reconocimiento,3647.64,185205,3176,6,1.715,1.15
AD1092,Salud,Facebook,Leads,705.02,50712,464,2,0.915,1.52
AD1666,Moda,Instagram,Conversiones,3338.68,239572,5414,50,2.26,0.62
AD1792,E-commerce,Facebook,Tráfico,818.15,91613,1951,17,2.13,0.42
AD1194,Finanzas,Instagram,Conversiones,335.25,54910,346,2,0.63,0.97
AD1280,Finanzas,Messenger,Reconocimiento,1680.5,57726,660,1,1.143,2.55
AD1695,Finanzas,Instagram,Tráfico,3858.4,368430,1944,11,0.528,1.98
AD1359,Moda,Instagram,Reconocimiento,1024.79,236537,6375,26,2.695,0.16
AD1519,Salud,Instagram,Conversiones,289.63,26922,350,3,1.3,0.83
AD1921,Videojuegos,Messenger,Conversiones,2986.36,379126,3368,68,0.888,0.89
AD2261,Videojuegos,Messenger,Tráfico,1694.68,546510,1112,20,0.203,1.52
AD1182,Educación,Instagram,Leads,1287.36,88354,1270,11,1.437,1.01
AD2089,Viajes,Instagram,Conversiones,981.3,219988,1532,18,0.696,0.64
AD2102,Moda,Instagram,Tráfico,983.95,60291,1714,14,2.843,0.57
AD1110,Viajes,Facebook,Leads,181.86,6803,154,1,2.264,1.18
AD1944,Salud,Instagram,Leads,516.79,37407,352,1,0.941,1.47
AD1042,Salud,Facebook,Tráfico,633.47,59071,704,2,1.192,0.9
AD1746,Moda,Instagram,Reconocimiento,2131.28,385936,7638,32,1.979,0.28
AD1125,Salud,Instagram,Reconocimiento,1856.44,257400,1176,1,0.457,1.58
AD1204,Finanzas,Facebook,Conversiones,2595.76,221352,1956,8,0.884,1.33
AD1931,Educación,Instagram,Leads,1109.91,150273,1367,7,0.91,0.81
AD1052,Viajes,Audience Network,Tráfico,2143.26,997000,997,6,0.1,2.15
AD2196,Moda,Facebook,Conversiones,4238.14,393592,9661,192,2.455,0.44
AD1545,E-commerce,Facebook,Reconocimiento,1201.96,91960,2112,9,2.297,0.57
AD1068,Salud,Instagram,Reconocimiento,3179.38,385464,1669,2,0.433,1.9
AD2160,Finanzas,Instagram,Reconocimiento,1523.32,92851,831,2,0.895,1.83
AD2242,Videojuegos,Messenger,Leads,1126.86,119450,1356,9,1.135,0.83
AD1976,Videojuegos,Facebook,Conversiones,3473.35,632139,7065,142,1.118,0.49
AD2125,E-commerce,Facebook,Leads,693.98,76477,1310,10,1.713,0.53
AD1183,Videojuegos,Instagram,Tráfico,2671.39,431479,4310,56,0.999,0.62
AD1137,Moda,Messenger,Reconocimiento,1450.12,275981,2121,6,0.769,0.68
AD1796,Salud,Facebook,Conversiones,1011.56,107150,995,4,0.929,1.02
AD1132,Salud,Messenger,Reconocimiento,3036.05,966905,1472,1,0.152,2.06
AD1080,Educación,Messenger,Leads,805.29,151066,466,1,0.308,1.73
AD2290,Salud,Messenger,Tráfico,3072.13,1451000,1451,5,0.1,2.12
AD1105,Salud,Instagram,Tráfico,2442.3,262619,1580,8,0.602,1.55
AD2237,Educación,Facebook,Conversiones,1252.65,166622,1238,11,0.743,1.01
AD1541,Educación,Messenger,Leads,5467.12,504216,3585,18,0.711,1.52
AD2219,Educación,Instagram,Reconocimiento,3145.06,201057,2999,7,1.492,1.05
AD1480,Educación,Messenger,Reconocimiento,3189.37,182229,2213,4,1.214,1.44
AD1165,Moda,Audience Network,Reconocimiento,1882.58,202405,2049,3,1.012,0.92
AD1248,E-commerce,Instagram,Conversiones,2234.92,370203,7498,58,2.025,0.3
AD1307,Educación,Instagram,Leads,835.15,66598,1032,6,1.55,0.81
AD1446,E-commerce,Instagram,Conversiones,910.33,99655,2810,23,2.82,0.32
AD1843,Finanzas,Messenger,Leads,434.52,17768,150,0,0.844,2.9
AD1334,Salud,Facebook,Leads,1405.02,123689,1058,3,0.855,1.33
AD1948,Finanzas,Instagram,Conversiones,1405.32,70274,797,8,1.134,1.76
AD1097,Videojuegos,Instagram,Reconocimiento,422.35,47055,969,4,2.059,0.44
AD1859,Moda,Facebook,Leads,2329.67,359150,4725,56,1.316,0.49
AD2577,E-commerce,Messenger,Reconocimiento,1997.36,206825,3998,16,1.933,0.5
AD1737,Salud,Instagram,Conversiones,1231.72,294648,1145,7,0.389,1.08
AD2000,Videojuegos,Facebook,Leads,1794.83,118493,2158,40,1.821,0.83
AD2425,Videojuegos,Facebook,Leads,1000.56,146480,2459,22,1.679,0.41
AD1421,Finanzas,Instagram,Conversiones,2139.31,109339,1393,9,1.274,1.54
AD1102,Moda,Instagram,Leads,6198.12,650854,16721,201,2.569,0.37
AD1434,Salud,Facebook,Conversiones,596.34,47492,492,1,1.036,1.21
AD1074,Salud,Instagram,Reconocimiento,3054.57,299986,2679,5,0.893,1.14
AD2431,E-commerce,Instagram,Conversiones,2176.24,217180,4998,63,2.301,0.44
AD1999,Moda,Facebook,Reconocimiento,507.73,95564,1321,4,1.382,0.38
AD2530,Salud,Instagram,Reconocimiento,2655.07,470022,2725,5,0.58,0.97
AD1302,Educación,Facebook,Reconocimiento,647.4,102205,1134,2,1.11,0.57
AD2377,Viajes,Instagram,Tráfico,2405.56,123131,2403,12,1.952,1.0
AD2344,Videojuegos,Instagram,Conversiones,1852.1,683601,5971,111,0.873,0.31
AD2301,Salud,Instagram,Conversiones,584.53,71318,562,3,0.788,1.04
AD1824,Viajes,Instagram,Reconocimiento,1937.3,184684,1734,4,0.939,1.12
AD1762,Finanzas,Facebook,Reconocimiento,1240.78,62240,548,0,0.88,2.26
AD1733,Finanzas,Instagram,Leads,1520.67,38928,613,3,1.575,2.48
AD1388,Videojuegos,Instagram,Conversiones,1122.14,149513,2147,42,1.436,0.52
AD1235,Educación,Facebook,Leads,80.5,6523,89,0,1.364,0.9
AD2325,Videojuegos,Facebook,Leads,669.52,57059,855,9,1.498,0.78
AD1267,Educación,Messenger,Leads,385.44,21806,262,1,1.202,1.47
AD1305,Finanzas,Facebook,Conversiones,403.61,26637,309,1,1.16,1.31
AD1892,E-commerce,Facebook,Leads,375.91,33554,573,3,1.708,0.66
AD1117,Salud,Facebook,Reconocimiento,1642.23,125256,1072,1,0.856,1.53
AD2289,Videojuegos,Facebook,Reconocimiento,1268.22,132626,1937,8,1.46,0.65
AD1673,Videojuegos,Messenger,Leads,1075.86,82299,998,18,1.213,1.08
AD1249,Videojuegos,Instagram,Conversiones,1324.34,579018,3065,61,0.529,0.43
AD2159,Finanzas,Audience Network,Conversiones,1833.31,105433,532,3,0.505,3.45
AD2324,Moda,Facebook,Conversiones,133.21,11443,214,3,1.87,0.62
AD1071,Finanzas,Facebook,Leads,538.4,30136,210,1,0.697,2.56
AD1094,Moda,Instagram,Reconocimiento,890.13,43098,1208,3,2.803,0.74
AD1965,E-commerce,Instagram,Reconocimiento,1609.29,389635,7173,12,1.841,0.22
AD1033,Videojuegos,Messenger,Conversiones,748.54,86503,857,6,0.991,0.87
AD1799,Videojuegos,Instagram,Conversiones,1207.99,266068,1761,14,0.662,0.69
AD2167,Videojuegos,Instagram,Tráfico,2659.69,672385,4510,64,0.671,0.59
AD1448,E-commerce,Instagram,Tráfico,730.82,53019,1296,10,2.444,0.56
AD1445,Finanzas,Instagram,Conversiones,3793.99,1177915,11537,82,0.979,0.33
AD1771,E-commerce,Facebook,Reconocimiento,1819.84,446180,6733,34,1.509,0.27
AD1716,Viajes,Instagram,Conversiones,1090.68,52442,1188,14,2.265,0.92
AD2010,Salud,Facebook,Conversiones,1902.66,158812,1130,8,0.712,1.68
AD2216,Viajes,Facebook,Reconocimiento,413.27,36609,742,2,2.027,0.56
AD1000,Salud,Instagram,Reconocimiento,2170.37,128352,1650,3,1.286,1.32
AD2313,Salud,Facebook,Leads,2034.11,742921,5385,20,0.725,0.38
AD2096,E-commerce,Instagram,Leads,3124.03,804616,8510,47,1.058,0.37
AD1077,Viajes,Messenger,Tráfico,2906.09,371239,2544,16,0.685,1.14
AD1084,Educación,Facebook,Conversiones,1677.3,131635,1362,4,1.035,1.23
AD1950,Viajes,Messenger,Reconocimiento,2281.65,144705,1451,2,1.003,1.57
AD1082,Moda,Facebook,Tráfico,1297.55,123369,3122,32,2.531,0.42
AD1457,Viajes,Facebook,Reconocimiento,884.82,60392,648,2,1.073,1.37
AD2035,Viajes,Facebook,Conversiones,1356.25,91151,1404,9,1.54,0.97
AD1676,E-commerce,Facebook,Conversiones,2794.89,315569,5948,59,1.885,0.47
AD2537,Finanzas,Instagram,Conversiones,1098.25,58802,558,6,0.949,1.97
AD2169,Finanzas,Facebook,Conversiones,2029.45,164594,1165,0,0.708,1.74
AD1436,E-commerce,Audience Network,Tráfico,1333.47,1298457,3002,15,0.231,0.44
AD1770,Moda,Facebook,Tráfico,3374.32,344895,4790,59,1.389,0.7
AD1869,Finanzas,Facebook,Leads,803.47,35550,418,2,1.176,1.92
AD1644,Videojuegos,Messenger,Reconocimiento,1373.76,146973,1397,8,0.951,0.98
AD1862,Videojuegos,Facebook,Conversiones,616.51,274587,1007,8,0.367,0.61
AD2554,Viajes,Instagram,Conversiones,1117.81,88428,1698,19,1.92,0.66
AD2030,Educación,Facebook,Tráfico,4263.14,385042,4676,27,1.214,0.91
AD2269,Salud,Instagram,Conversiones,1770.08,152917,1517,9,0.992,1.17
AD2190,E-commerce,Audience Network,Conversiones,3381.28,281304,4542,61,1.615,0.74
AD1404,Finanzas,Instagram,Leads,4155.89,233249,2236,8,0.959,1.86
AD2387,Salud,Instagram,Reconocimiento,2393.76,293549,1885,3,0.642,1.27
AD2041,Educación,Messenger,Leads,1068.7,55889,622,1,1.113,1.72
AD2268,Moda,Instagram,Reconocimiento,1350.2,174397,5117,13,2.934,0.26
AD1104,Videojuegos,Instagram,Conversiones,3128.75,748761,4744,73,0.634,0.66
AD1609,Finanzas,Facebook,Reconocimiento,420.29,33460,280,0,0.837,1.5
AD1946,Videojuegos,Instagram,Conversiones,3258.22,231730,3009,62,1.298,1.08
AD1688,Salud,Instagram,Tráfico,195.16,23339,187,1,0.801,1.04
AD2046,Videojuegos,Facebook,Reconocimiento,1206.39,244812,2764,17,1.129,0.44
AD1826,E-commerce,Instagram,Tráfico,1055.94,98944,2460,28,2.486,0.43
AD2217,Finanzas,Instagram,Reconocimiento,1125.13,53118,520,1,0.979,2.16
AD2040,E-commerce,Audience Network,Conversiones,2821.7,255242,4615,52,1.808,0.61
AD1062,Viajes,Instagram,Tráfico,472.89,32591,590,6,1.81,0.8
AD1281,Moda,Instagram,Leads,351.39,16778,510,6,3.04,0.69
AD1852,Educación,Instagram,Tráfico,692.09,89236,975,4,1.093,0.71
AD1778,Educación,Facebook,Conversiones,914.38,97502,762,8,0.782,1.2
AD2206,Videojuegos,Instagram,Tráfico,3823.18,493991,7093,88,1.436,0.54
AD1238,Viajes,Audience Network,Reconocimiento,1776.8,152971,1359,4,0.888,1.31
AD1223,Moda,Facebook,Tráfico,1167.63,158280,3193,40,2.017,0.37
AD1145,Salud,Instagram,Tráfico,934.89,192334,917,4,0.477,1.02
AD2490,E-commerce,Instagram,Reconocimiento,454.72,343700,3155,13,0.918,0.14
AD1373,Moda,Facebook,Reconocimiento,1299.0,153551,1909,4,1.243,0.68
AD2307,Videojuegos,Facebook,Leads,329.06,110017,1023,13,0.93,0.32
AD1118,Videojuegos,Facebook,Conversiones,568.58,190161,1063,30,0.559,0.53
AD2198,Finanzas,Facebook,Conversiones,2250.78,123234,791,3,0.642,2.85
AD2274,Educación,Instagram,Conversiones,386.48,44579,334,2,0.749,1.16
AD1250,Salud,Instagram,Leads,4837.08,983952,4015,16,0.408,1.2
AD2540,Viajes,Instagram,Leads,2183.34,271176,2406,15,0.887,0.91
AD2286,Moda,Facebook,Conversiones,1872.81,136556,3501,42,2.564,0.53
AD2477,Educación,Messenger,Conversiones,3105.91,215853,2058,12,0.953,1.51
AD1009,Salud,Messenger,Conversiones,2593.86,172971,1250,8,0.723,2.08
AD1449,E-commerce,Instagram,Leads,1629.3,115172,2686,30,2.332,0.61
AD2235,Viajes,Instagram,Reconocimiento,1069.13,57869,1243,3,2.148,0.86
AD2006,Salud,Instagram,Conversiones,4028.17,427445,3819,25,0.893,1.05
AD1708,Finanzas,Instagram,Conversiones,2015.95,103934,1153,7,1.109,1.75
AD1255,Salud,Instagram,Reconocimiento,2599.79,329129,2065,4,0.627,1.26
AD1882,Viajes,Instagram,Leads,1410.97,73838,1185,2,1.605,1.19
AD1593,E-commerce,Instagram,Tráfico,1497.27,327144,6507,49,1.989,0.23
AD1389,Salud,Audience Network,Leads,402.97,22341,176,0,0.788,2.29
AD2582,Moda,Facebook,Reconocimiento,2081.15,152637,4049,14,2.653,0.51
AD2278,Finanzas,Instagram,Leads,2140.55,136261,1100,5,0.807,1.95
AD1557,Finanzas,Facebook,Tráfico,1083.06,114869,912,6,0.794,1.19
AD1908,E-commerce,Messenger,Conversiones,1117.82,128318,1691,31,1.318,0.66
AD1924,E-commerce,Facebook,Conversiones,1749.21,387999,8421,120,2.17,0.21
AD2422,Videojuegos,Messenger,Reconocimiento,1579.0,270351,1594,5,0.59,0.99
AD2151,Viajes,Messenger,Reconocimiento,1479.25,117982,1510,3,1.28,0.98
AD1460,Salud,Audience Network,Tráfico,1682.15,455844,683,2,0.15,2.46
AD1723,Finanzas,Facebook,Leads,2234.43,146590,1757,8,1.199,1.27
AD2343,Moda,Facebook,Tráfico,2171.16,101007,3385,35,3.351,0.64
AD2473,Salud,Instagram,Conversiones,1013.62,90422,870,6,0.962,1.17
AD1144,Moda,Instagram,Conversiones,476.17,28490,965,16,3.387,0.49
AD1501,Moda,Instagram,Tráfico,4491.99,343526,9188,136,2.675,0.49
AD1922,Finanzas,Facebook,Tráfico,909.22,42710,333,1,0.78,2.73
AD2165,Finanzas,Facebook,Reconocimiento,1195.58,68486,697,2,1.018,1.72
AD1739,E-commerce,Facebook,Conversiones,812.07,52686,1129,15,2.143,0.72
AD2476,E-commerce,Facebook,Tráfico,877.87,79964,1692,11,2.116,0.52
AD1868,Salud,Facebook,Tráfico,1961.67,184862,1492,5,0.807,1.31
AD1731,Videojuegos,Facebook,Conversiones,1294.37,141263,2503,48,1.772,0.52
AD1539,Salud,Facebook,Conversiones,458.79,38621,356,1,0.922,1.29
AD1177,Salud,Instagram,Leads,3784.45,160645,1888,6,1.175,2.0
AD2542,Videojuegos,Facebook,Leads,1196.5,128096,1884,10,1.471,0.64
AD1697,E-commerce,Facebook,Reconocimiento,1051.47,189598,2056,11,1.084,0.51
AD2486,E-commerce,Facebook,Conversiones,1968.1,182595,4633,49,2.537,0.42
AD2111,E-commerce,Instagram,Tráfico,540.93,61683,1344,21,2.179,0.4
AD1998,Salud,Instagram,Tráfico,766.02,82143,686,2,0.835,1.12
AD2026,Videojuegos,Instagram,Tráfico,1738.81,188143,2370,32,1.26,0.73
AD2592,E-commerce,Facebook,Tráfico,719.55,116965,1969,8,1.683,0.37
AD1007,Moda,Facebook,Leads,1934.19,119655,3153,32,2.635,0.61
AD1985,Salud,Instagram,Leads,448.59,39765,317,1,0.797,1.42
AD1667,Finanzas,Instagram,Tráfico,2920.41,443990,2532,19,0.57,1.15
AD2234,E-commerce,Facebook,Leads,2895.39,331979,6739,53,2.03,0.43
AD2223,Moda,Instagram,Leads,1631.58,106631,2704,15,2.536,0.6
AD1357,E-commerce,Facebook,Reconocimiento,2252.56,393720,5490,13,1.394,0.41
AD1967,E-commerce,Messenger,Leads,2778.08,389115,4858,44,1.248,0.57
AD1783,E-commerce,Facebook,Tráfico,2065.32,416723,5752,51,1.38,0.36
AD1735,Viajes,Audience Network,Leads,1711.77,106815,1199,10,1.123,1.43
AD1329,Viajes,Instagram,Leads,1273.79,199916,3009,18,1.505,0.42
AD2117,Videojuegos,Messenger,Leads,7890.74,464077,6637,98,1.43,1.19
AD1970,Educación,Instagram,Reconocimiento,287.36,18657,298,0,1.597,0.96
AD1952,Viajes,Facebook,Leads,2183.13,194073,3048,24,1.571,0.72
AD2222,Salud,Instagram,Conversiones,1900.85,208783,1923,7,0.921,0.99
AD2188,Finanzas,Instagram,Reconocimiento,939.34,61934,409,0,0.66,2.3
AD1258,Salud,Instagram,Conversiones,1389.34,152776,1016,5,0.665,1.37
AD2239,Finanzas,Facebook,Conversiones,782.35,64921,484,5,0.746,1.62
AD2319,Moda,Facebook,Conversiones,4526.33,677085,7953,100,1.175,0.57
AD1372,Educación,Instagram,Leads,3637.08,762570,8103,29,1.063,0.45
AD2172,Viajes,Audience Network,Reconocimiento,2938.69,148622,1535,3,1.033,1.91
AD1414,Salud,Facebook,Conversiones,1068.45,81157,745,3,0.918,1.43
AD1142,Educación,Facebook,Tráfico,2668.16,181038,1641,10,0.906,1.63
AD1525,Moda,Facebook,Tráfico,3588.39,201381,5886,46,2.923,0.61
AD2209,E-commerce,Facebook,Reconocimiento,513.53,58489,737,1,1.26,0.7
AD1232,Viajes,Instagram,Tráfico,346.84,17399,399,2,2.293,0.87
AD2192,Finanzas,Facebook,Reconocimiento,2470.89,165107,1121,3,0.679,2.2
AD2516,Videojuegos,Instagram,Conversiones,973.92,122308,1549,26,1.266,0.63
AD1440,Moda,Instagram,Tráfico,893.46,59480,1832,20,3.08,0.49
AD1531,Educación,Facebook,Leads,1284.74,53758,787,5,1.464,1.63
AD2279,E-commerce,Messenger,Tráfico,1224.97,115279,1542,15,1.338,0.79
AD1226,Videojuegos,Facebook,Reconocimiento,490.24,43097,511,2,1.186,0.96
AD2097,E-commerce,Facebook,Leads,1442.46,144095,2635,20,1.829,0.55
AD1228,Videojuegos,Facebook,Conversiones,2021.25,205595,2720,42,1.323,0.74
AD2362,Moda,Instagram,Conversiones,850.22,91627,3231,50,3.526,0.26
AD2381,Finanzas,Instagram,Conversiones,1244.35,64459,615,7,0.954,2.02
AD1212,Salud,Facebook,Reconocimiento,344.16,33399,350,0,1.048,0.98
AD1885,Educación,Instagram,Reconocimiento,1450.67,72605,845,0,1.164,1.72
AD1079,Salud,Instagram,Tráfico,3570.27,247458,2015,7,0.814,1.77
AD1148,Viajes,Facebook,Conversiones,1407.55,48141,1077,11,2.237,1.31
AD1814,Moda,Instagram,Conversiones,738.99,35586,1175,13,3.302,0.63
AD2598,Salud,Audience Network,Conversiones,1173.02,202209,457,4,0.226,2.57
AD2033,Salud,Facebook,Tráfico,1490.13,80116,822,4,1.026,1.81
AD1671,Finanzas,Instagram,Conversiones,1411.74,141288,1469,8,1.04,0.96
AD2229,Moda,Instagram,Conversiones,424.74,24501,793,11,3.237,0.54
AD1555,Moda,Instagram,Conversiones,305.38,46692,864,14,1.85,0.35
AD1057,Salud,Instagram,Conversiones,1477.24,124155,1209,6,0.974,1.22
AD1133,E-commerce,Facebook,Leads,8059.13,601155,15295,132,2.544,0.53
AD2178,Moda,Audience Network,Reconocimiento,1654.69,69699,1441,4,2.067,1.15
AD1933,Educación,Messenger,Conversiones,781.33,323560,457,2,0.141,1.71
AD2355,Videojuegos,Messenger,Leads,173.19,23292,165,1,0.708,1.05
AD1823,Moda,Instagram,Conversiones,1572.56,164296,3110,43,1.893,0.51
AD1408,Videojuegos,Messenger,Conversiones,3790.18,315794,2944,39,0.932,1.29
AD1368,Educación,Facebook,Conversiones,3135.42,563649,3382,34,0.6,0.93
AD1507,Salud,Facebook,Conversiones,1631.32,261956,1756,6,0.67,0.93
AD2406,Viajes,Audience Network,Tráfico,341.54,11509,184,1,1.599,1.86
AD1504,Viajes,Facebook,Reconocimiento,1978.68,201754,2298,5,1.139,0.86
AD2420,Viajes,Facebook,Tráfico,2012.9,99995,1729,10,1.729,1.16
AD1347,Educación,Audience Network,Conversiones,283.97,40810,190,1,0.466,1.49
AD1386,Moda,Facebook,Conversiones,936.13,65402,2062,24,3.153,0.45
AD2024,Viajes,Instagram,Reconocimiento,236.28,15300,334,1,2.183,0.71
AD1894,E-commerce,Facebook,Conversiones,746.3,171445,1863,27,1.087,0.4
AD1828,E-commerce,Instagram,Leads,2123.0,213618,4855,48,2.273,0.44
AD2550,Videojuegos,Instagram,Conversiones,1515.03,186255,2425,32,1.302,0.62
AD1475,Finanzas,Facebook,Reconocimiento,328.02,16132,155,0,0.961,2.12
AD2220,Educación,Facebook,Reconocimiento,479.05,22787,388,0,1.703,1.23
AD1652,Videojuegos,Audience Network,Leads,4280.25,532532,3574,56,0.671,1.2
AD1172,Educación,Instagram,Conversiones,1596.84,104954,1457,10,1.388,1.1
AD1038,Viajes,Audience Network,Tráfico,2435.5,239379,1262,6,0.527,1.93
AD1713,Salud,Facebook,Tráfico,462.54,30047,242,0,0.805,1.91
AD1090,Educación,Facebook,Leads,2426.9,280198,1715,9,0.612,1.42
AD2546,Salud,Facebook,Conversiones,785.68,88084,416,2,0.472,1.89
AD1875,Viajes,Instagram,Tráfico,4179.81,453459,5329,38,1.175,0.78
AD2075,Viajes,Instagram,Tráfico,2542.63,228816,4987,24,2.179,0.51
AD2507,Moda,Facebook,Leads,984.3,81606,1973,28,2.418,0.5
AD2563,Viajes,Audience Network,Reconocimiento,1256.23,86130,679,1,0.788,1.85
AD1499,Educación,Facebook,Conversiones,455.33,45256,444,2,0.981,1.03
AD1338,E-commerce,Instagram,Tráfico,289.06,38832,653,5,1.682,0.44
AD1028,Educación,Audience Network,Reconocimiento,705.79,32666,328,1,1.004,2.15
AD2058,Viajes,Messenger,Reconocimiento,1180.8,58313,1033,4,1.771,1.14
AD2453,Salud,Instagram,Reconocimiento,2078.86,148570,1228,1,0.827,1.69
AD1945,Finanzas,Instagram,Leads,1578.13,162021,1357,10,0.838,1.16
AD1169,Moda,Facebook,Conversiones,656.4,89780,1060,5,1.181,0.62
AD1912,Salud,Facebook,Conversiones,1766.87,88904,1073,5,1.207,1.65
AD1491,Educación,Facebook,Tráfico,420.53,39883,426,1,1.068,0.99
AD1953,E-commerce,Facebook,Leads,4626.34,672655,10173,46,1.512,0.45
AD2032,Educación,Messenger,Reconocimiento,2365.69,252473,1692,3,0.67,1.4
AD1587,E-commerce,Instagram,Tráfico,2123.26,247664,7464,62,3.014,0.28
AD1750,Finanzas,Instagram,Conversiones,2622.93,292384,2200,10,0.752,1.19
AD1657,Educación,Audience Network,Tráfico,2001.31,198177,1139,7,0.575,1.76
AD1234,Videojuegos,Instagram,Reconocimiento,2359.6,248313,2934,11,1.182,0.8
AD1732,Viajes,Facebook,Leads,721.96,42037,637,3,1.515,1.13
AD2173,Salud,Instagram,Tráfico,918.92,73465,931,1,1.267,0.99
AD2416,Videojuegos,Facebook,Leads,1190.5,133560,1438,24,1.077,0.83
AD1934,Salud,Facebook,Conversiones,2487.29,393686,1548,10,0.393,1.61
AD1108,Finanzas,Audience Network,Leads,549.47,32814,217,1,0.661,2.53
AD1568,E-commerce,Facebook,Leads,2670.54,685924,11496,79,1.676,0.23
AD1890,E-commerce,Instagram,Conversiones,2217.06,311258,6751,107,2.169,0.33
AD1947,Educación,Facebook,Conversiones,3050.51,149921,2676,14,1.785,1.14
AD2048,Viajes,Facebook,Conversiones,3952.9,267141,2863,34,1.072,1.38
AD2200,Videojuegos,Instagram,Reconocimiento,464.33,43734,723,2,1.653,0.64
AD1884,E-commerce,Instagram,Leads,2112.27,254049,4797,32,1.888,0.44
AD2346,Salud,Facebook,Leads,715.63,129780,1075,2,0.828,0.67
AD1850,Finanzas,Instagram,Reconocimiento,1564.53,265686,1066,3,0.401,1.47
AD1734,Viajes,Facebook,Conversiones,698.92,58758,819,6,1.394,0.85
AD1717,Salud,Facebook,Tráfico,2000.01,282180,1431,6,0.507,1.4
AD1454,Moda,Audience Network,Tráfico,2075.18,252267,2339,23,0.927,0.89
AD1264,Finanzas,Instagram,Leads,1714.57,132641,1541,8,1.162,1.11
AD1075,Viajes,Audience Network,Reconocimiento,2328.68,74365,1408,3,1.893,1.65
AD1444,E-commerce,Instagram,Conversiones,1351.51,269576,4256,41,1.579,0.32
AD1395,Finanzas,Instagram,Leads,672.59,28151,332,1,1.179,2.03
AD1176,Viajes,Messenger,Leads,2321.85,318066,1421,13,0.447,1.63
AD2042,Moda,Messenger,Reconocimiento,2675.98,227303,3882,7,1.708,0.69
AD2394,Viajes,Messenger,Tráfico,1332.29,102348,1042,3,1.018,1.28
AD2118,Videojuegos,Audience Network,Tráfico,1192.67,158953,902,7,0.567,1.32
AD2100,Finanzas,Instagram,Leads,1098.81,145798,1578,12,1.082,0.7
AD1595,Finanzas,Facebook,Conversiones,871.22,77509,603,5,0.778,1.44
AD1061,Salud,Instagram,Conversiones,4082.14,618574,3475,23,0.562,1.17
AD1872,E-commerce,Facebook,Reconocimiento,708.95,72469,1448,4,1.998,0.49
AD2191,Finanzas,Facebook,Conversiones,1426.27,72524,759,8,1.047,1.88
AD2498,E-commerce,Facebook,Tráfico,2336.94,1071005,8388,75,0.783,0.28
AD1278,E-commerce,Facebook,Tráfico,5617.58,679791,10456,26,1.538,0.54
AD1036,Videojuegos,Instagram,Conversiones,3048.79,347245,4276,28,1.231,0.71
AD1662,Educación,Audience Network,Reconocimiento,1584.45,121442,679,1,0.559,2.33
AD2443,Moda,Instagram,Conversiones,1428.13,79495,2744,47,3.452,0.52
AD2386,Moda,Instagram,Reconocimiento,1357.97,59054,1949,6,3.3,0.7
AD1977,Moda,Instagram,Tráfico,1056.3,82206,1762,17,2.143,0.6
AD1738,Educación,Messenger,Reconocimiento,160.71,14762,86,0,0.583,1.87
AD1191,Finanzas,Audience Network,Leads,1001.05,267000,267,1,0.1,3.75
AD1919,Educación,Instagram,Tráfico,1893.58,84133,1644,7,1.954,1.15
AD1456,Salud,Facebook,Tráfico,601.72,42041,363,1,0.863,1.66
AD1675,Videojuegos,Facebook,Reconocimiento,895.16,112956,1152,5,1.02,0.78
AD1760,Finanzas,Facebook,Reconocimiento,3213.71,248586,2303,6,0.926,1.4
AD2444,E-commerce,Facebook,Tráfico,391.43,45516,863,10,1.896,0.45
AD1728,Moda,Facebook,Conversiones,848.55,67308,1744,30,2.591,0.49
AD1412,Videojuegos,Facebook,Reconocimiento,346.74,30581,435,2,1.422,0.8
AD2098,Videojuegos,Instagram,Leads,3973.77,269873,3661,22,1.357,1.09
AD1825,Salud,Audience Network,Conversiones,591.12,121049,249,1,0.206,2.37
AD1616,Educación,Instagram,Tráfico,119.96,9123,132,0,1.447,0.91
AD1114,E-commerce,Instagram,Tráfico,1226.62,152500,3821,34,2.506,0.32
AD1417,Moda,Messenger,Conversiones,1758.72,114057,2834,47,2.485,0.62
AD2522,Moda,Instagram,Leads,1680.31,163101,7124,88,4.368,0.24
AD1969,Moda,Audience Network,Tráfico,2186.26,260426,2384,27,0.915,0.92
AD1604,Videojuegos,Instagram,Conversiones,3856.43,774316,6507,106,0.84,0.59
AD2552,Moda,Facebook,Leads,803.45,114305,1688,13,1.477,0.48
AD1089,Finanzas,Instagram,Conversiones,1012.76,105863,644,5,0.608,1.57
AD1848,Videojuegos,Instagram,Tráfico,1073.6,146114,2082,27,1.425,0.52
AD2302,Salud,Audience Network,Tráfico,2614.78,248933,836,2,0.336,3.13
AD2527,Educación,Facebook,Tráfico,920.45,93318,867,3,0.929,1.06
AD1753,Moda,Facebook,Tráfico,1152.18,96326,1686,21,1.75,0.68
AD1498,Moda,Facebook,Tráfico,2437.68,169506,4494,60,2.651,0.54
AD1011,Moda,Instagram,Reconocimiento,2820.97,251500,4813,15,1.914,0.59
AD1396,Videojuegos,Facebook,Reconocimiento,1660.71,351296,3056,12,0.87,0.54
AD1284,E-commerce,Instagram,Reconocimiento,937.85,98377,2126,5,2.161,0.44
AD2066,Educación,Messenger,Leads,1953.0,164555,976,4,0.593,2.0
AD1690,Salud,Instagram,Tráfico,930.69,119205,848,3,0.711,1.1
AD2309,Finanzas,Facebook,Conversiones,795.48,50140,516,4,1.029,1.54
AD2495,E-commerce,Facebook,Tráfico,3900.9,256654,5866,58,2.286,0.67
AD1689,Educación,Facebook,Tráfico,1713.69,128494,1387,8,1.079,1.24
AD1851,Salud,Messenger,Conversiones,1122.25,66191,547,2,0.826,2.05
AD1159,Viajes,Instagram,Conversiones,1780.62,75383,1770,17,2.348,1.01
AD1895,Viajes,Instagram,Reconocimiento,2334.57,73256,1756,4,2.397,1.33
AD2265,Educación,Facebook,Leads,1533.19,90333,1197,4,1.325,1.28
AD1257,Moda,Instagram,Tráfico,1870.42,137667,3657,42,2.656,0.51
AD1335,Finanzas,Instagram,Reconocimiento,1764.76,216026,1656,4,0.767,1.07
AD2562,Educación,Facebook,Reconocimiento,2185.0,249560,3321,6,1.331,0.66
AD2039,Viajes,Instagram,Reconocimiento,397.24,31802,542,1,1.704,0.73
AD1515,Finanzas,Facebook,Reconocimiento,1645.52,78044,593,1,0.76,2.77
AD2015,E-commerce,Instagram,Tráfico,564.52,40950,1115,12,2.723,0.51
AD1768,Moda,Facebook,Leads,7005.28,390834,13146,87,3.364,0.53
AD2417,Educación,Instagram,Tráfico,347.52,23150,420,1,1.814,0.83
AD1761,Videojuegos,Facebook,Conversiones,2406.99,312462,3245,33,1.039,0.74
AD2358,Educación,Messenger,Leads,761.76,65202,713,2,1.094,1.07
AD2585,Salud,Facebook,Reconocimiento,1019.4,63530,661,0,1.04,1.54
AD1521,Salud,Instagram,Tráfico,490.64,62361,449,1,0.72,1.09
AD1022,Moda,Audience Network,Leads,477.16,72000,499,6,0.693,0.96
AD1356,Finanzas,Instagram,Reconocimiento,3575.74,334434,3027,5,0.905,1.18
AD2423,Moda,Instagram,Conversiones,3041.82,493959,9764,168,1.977,0.31
AD1340,Moda,Messenger,Leads,1901.43,188187,3359,38,1.785,0.57
AD1431,Videojuegos,Facebook,Tráfico,1271.36,219419,2024,20,0.922,0.63
AD1473,Educación,Instagram,Tráfico,1047.79,145521,1502,6,1.032,0.7
AD1217,Moda,Instagram,Conversiones,1917.04,205981,4290,61,2.083,0.45
AD1911,Educación,Instagram,Tráfico,1597.14,98446,1593,8,1.618,1.0
AD2412,Viajes,Facebook,Reconocimiento,4685.78,279968,4543,8,1.623,1.03
AD2011,Moda,Audience Network,Tráfico,1697.55,109944,1694,14,1.541,1.0
AD2556,Moda,Instagram,Conversiones,813.5,144859,2634,57,1.818,0.31
AD1093,Salud,Facebook,Conversiones,922.91,66824,741,3,1.109,1.25
AD2008,Educación,Facebook,Tráfico,824.4,70348,766,5,1.089,1.08
AD2070,Salud,Instagram,Conversiones,484.21,44990,405,2,0.9,1.2
AD2092,E-commerce,Instagram,Conversiones,277.13,18182,473,6,2.601,0.59
AD1696,Moda,Instagram,Reconocimiento,3183.0,201750,4893,22,2.425,0.65
AD2432,Viajes,Facebook,Reconocimiento,2532.59,333586,4368,7,1.309,0.58
AD1996,Finanzas,Instagram,Conversiones,3120.59,125158,1294,13,1.034,2.41
AD1153,Salud,Facebook,Reconocimiento,606.41,41738,355,0,0.851,1.71
AD2099,Educación,Instagram,Reconocimiento,2131.17,193895,2312,4,1.192,0.92
AD2383,Salud,Facebook,Reconocimiento,3569.36,273563,1819,3,0.665,1.96
AD2597,Videojuegos,Messenger,Conversiones,1200.75,83131,964,19,1.16,1.25
AD1789,Educación,Instagram,Leads,577.4,43977,563,1,1.28,1.03
AD1580,Videojuegos,Audience Network,Leads,2560.75,436027,1763,19,0.404,1.45
AD1703,Educación,Instagram,Reconocimiento,1267.92,159415,1537,5,0.964,0.82
AD2340,Salud,Facebook,Reconocimiento,1542.66,167687,1531,3,0.913,1.01
AD1487,Educación,Facebook,Leads,2362.15,154589,1921,7,1.243,1.23
AD1559,Viajes,Instagram,Conversiones,399.73,32766,506,7,1.544,0.79
AD2141,Finanzas,Instagram,Conversiones,812.41,159970,1003,4,0.627,0.81
AD2119,Salud,Instagram,Leads,596.0,62181,544,1,0.875,1.1
AD1801,Moda,Facebook,Leads,1751.43,176467,2944,43,1.668,0.59
AD1512,Moda,Instagram,Tráfico,1861.34,113209,4773,35,4.216,0.39
AD1633,Finanzas,Audience Network,Leads,1330.48,75954,491,2,0.646,2.71
AD2492,Educación,Messenger,Conversiones,1006.17,83704,722,3,0.863,1.39
AD2428,Videojuegos,Facebook,Reconocimiento,738.05,145991,1404,1,0.962,0.53
AD2150,Videojuegos,Facebook,Tráfico,2363.69,381838,2494,23,0.653,0.95
AD1790,Videojuegos,Facebook,Leads,2166.64,182513,2182,21,1.196,0.99
AD1116,Moda,Instagram,Reconocimiento,2023.76,326197,8539,32,2.618,0.24
AD1740,Viajes,Facebook,Leads,1431.37,256997,1667,11,0.649,0.86
AD2081,Finanzas,Instagram,Leads,3244.49,495383,3621,24,0.731,0.9
AD1830,Salud,Audience Network,Conversiones,1448.27,270485,588,2,0.217,2.46
AD1119,Finanzas,Messenger,Conversiones,2682.47,198937,934,10,0.469,2.87
AD1656,Educación,Instagram,Tráfico,954.76,45781,726,3,1.586,1.32
AD2519,Salud,Instagram,Tráfico,4608.48,488460,2846,8,0.583,1.62
AD1635,Viajes,Facebook,Reconocimiento,4845.15,313591,5510,27,1.757,0.88
AD1369,Educación,Facebook,Conversiones,902.99,171458,920,6,0.537,0.98
AD1268,Educación,Audience Network,Reconocimiento,1366.47,77729,609,1,0.783,2.24
AD1655,Moda,Facebook,Conversiones,2869.78,317304,5816,69,1.833,0.49
AD1935,E-commerce,Facebook,Conversiones,1115.55,82923,2412,26,2.909,0.46
AD1822,E-commerce,Messenger,Reconocimiento,352.8,58111,663,2,1.141,0.53
AD1866,Viajes,Instagram,Reconocimiento,1375.75,110029,1998,5,1.816,0.69
AD1046,Videojuegos,Instagram,Tráfico,936.23,148184,1713,26,1.156,0.55
AD2374,Salud,Instagram,Reconocimiento,1883.11,320799,3381,5,1.054,0.56
AD1991,Videojuegos,Instagram,Tráfico,1079.88,296964,1888,16,0.636,0.57
AD1876,Finanzas,Instagram,Leads,1951.48,98511,948,4,0.962,2.06
AD1773,Salud,Facebook,Reconocimiento,1918.72,175510,1579,1,0.9,1.22
AD2599,Viajes,Instagram,Tráfico,341.56,25536,399,2,1.562,0.86
AD1004,Videojuegos,Facebook,Leads,2360.84,462167,3714,49,0.804,0.64
AD2003,Finanzas,Facebook,Leads,1119.09,97472,746,3,0.765,1.5
AD2385,Videojuegos,Facebook,Tráfico,844.31,121873,970,9,0.796,0.87
AD1263,Salud,Instagram,Tráfico,481.5,34798,356,1,1.023,1.35
AD2259,Viajes,Facebook,Leads,326.21,24649,399,3,1.619,0.82
AD2461,Educación,Messenger,Reconocimiento,1299.36,120134,954,2,0.794,1.36
AD1443,Educación,Instagram,Conversiones,1713.22,157831,2192,17,1.389,0.78
AD2002,E-commerce,Facebook,Tráfico,1290.92,130496,2552,17,1.956,0.51
AD2077,Educación,Instagram,Conversiones,1486.21,118236,1328,9,1.123,1.12
AD1837,Salud,Audience Network,Conversiones,663.05,65210,323,2,0.495,2.05
AD2441,Educación,Facebook,Conversiones,2572.41,214083,1557,13,0.727,1.65
AD1304,E-commerce,Messenger,Tráfico,157.54,59651,200,2,0.335,0.79
AD2249,E-commerce,Facebook,Tráfico,1661.31,167714,3225,32,1.923,0.52
AD1313,Salud,Audience Network,Tráfico,2959.13,242723,1231,2,0.507,2.4
AD1149,E-commerce,Facebook,Tráfico,326.8,38465,867,6,2.254,0.38
AD2148,Salud,Facebook,Tráfico,1051.14,119460,874,3,0.732,1.2
AD2213,Moda,Instagram,Reconocimiento,823.56,42421,1287,5,3.034,0.64
AD1574,Videojuegos,Audience Network,Reconocimiento,2540.23,1799000,1799,8,0.1,1.41
AD1050,E-commerce,Facebook,Conversiones,1087.88,172649,2855,56,1.654,0.38
AD2246,Videojuegos,Facebook,Leads,1080.72,163922,2757,26,1.682,0.39
AD1726,Videojuegos,Audience Network,Tráfico,1982.67,175382,1961,30,1.118,1.01
AD1833,Videojuegos,Audience Network,Tráfico,911.79,95787,818,14,0.854,1.11
AD2115,Videojuegos,Instagram,Leads,3589.35,447927,3960,72,0.884,0.91
AD2166,Moda,Instagram,Conversiones,446.49,53394,816,15,1.528,0.55
AD1470,Moda,Facebook,Reconocimiento,919.94,67174,1504,5,2.239,0.61
AD1971,Viajes,Audience Network,Reconocimiento,152.01,15840,102,0,0.644,1.49
AD1653,Viajes,Audience Network,Conversiones,2436.29,143420,1472,12,1.026,1.66
AD1399,Moda,Messenger,Tráfico,1694.68,75091,2028,22,2.701,0.84
AD1511,Educación,Facebook,Reconocimiento,2844.35,193693,3464,6,1.788,0.82
AD1320,Moda,Instagram,Conversiones,1316.78,50913,1954,34,3.838,0.67
AD1019,Videojuegos,Instagram,Tráfico,1719.65,254796,4220,38,1.656,0.41
AD1684,Viajes,Instagram,Tráfico,1066.32,145029,1914,14,1.32,0.56
AD1035,Educación,Messenger,Reconocimiento,792.1,146265,373,0,0.255,2.12
AD1902,Finanzas,Facebook,Leads,1087.47,31257,398,2,1.273,2.73
AD1827,Educación,Instagram,Reconocimiento,2705.28,316950,3070,2,0.969,0.88
AD2435,Moda,Messenger,Leads,3083.32,415195,5264,59,1.268,0.59
AD1407,Salud,Instagram,Reconocimiento,1713.69,118118,1218,2,1.031,1.41
AD1920,Finanzas,Messenger,Tráfico,1184.83,52681,402,1,0.763,2.95
AD1537,E-commerce,Facebook,Conversiones,1130.15,127577,1951,19,1.529,0.58
AD1758,Moda,Messenger,Reconocimiento,2590.15,329975,3130,17,0.949,0.83
AD2062,Moda,Instagram,Conversiones,1454.23,153829,4530,41,2.945,0.32
AD2199,Viajes,Instagram,Tráfico,441.81,23019,417,1,1.812,1.06
AD1245,Videojuegos,Messenger,Leads,1485.77,169015,1903,24,1.126,0.78
AD2127,Educación,Instagram,Leads,3354.18,284593,2579,17,0.906,1.3
AD1784,Educación,Instagram,Conversiones,1940.24,127892,1564,14,1.223,1.24
AD1489,Viajes,Messenger,Conversiones,732.38,129579,755,4,0.583,0.97
AD1154,E-commerce,Instagram,Leads,3657.27,292422,8051,65,2.753,0.45
AD1961,Videojuegos,Facebook,Leads,289.23,53024,385,4,0.726,0.75
AD1853,Finanzas,Facebook,Leads,664.3,23223,292,1,1.257,2.28
AD1625,Videojuegos,Instagram,Conversiones,455.2,94187,1328,24,1.41,0.34
AD1685,E-commerce,Facebook,Reconocimiento,687.61,71020,1230,3,1.732,0.56
AD1569,Viajes,Audience Network,Reconocimiento,875.72,51401,501,1,0.975,1.75
AD2520,Salud,Instagram,Reconocimiento,1845.37,505731,4246,8,0.84,0.43
AD1017,Salud,Facebook,Leads,714.53,65717,377,1,0.574,1.9
AD1127,Moda,Audience Network,Tráfico,818.11,81892,1146,5,1.399,0.71
AD2572,Videojuegos,Messenger,Reconocimiento,746.12,241946,920,4,0.38,0.81
AD1927,E-commerce,Instagram,Conversiones,4122.03,410143,9681,85,2.36,0.43
AD1980,Moda,Instagram,Reconocimiento,2617.55,345508,7323,35,2.119,0.36
AD2568,Finanzas,Facebook,Tráfico,1156.96,47601,493,1,1.036,2.35
AD1190,E-commerce,Audience Network,Reconocimiento,1559.51,230201,1511,8,0.656,1.03
AD2139,E-commerce,Instagram,Conversiones,2613.72,309888,8761,121,2.827,0.3
AD1992,Finanzas,Facebook,Conversiones,2890.55,249403,1740,17,0.698,1.66
AD2561,Salud,Facebook,Tráfico,3251.95,303252,2534,8,0.836,1.28
AD2331,Videojuegos,Messenger,Tráfico,854.53,110867,1202,22,1.084,0.71
AD1606,Moda,Instagram,Leads,1237.62,72191,2284,14,3.164,0.54
AD1180,Salud,Messenger,Tráfico,905.06,50769,445,2,0.877,2.03
AD1301,Educación,Facebook,Reconocimiento,798.16,74135,834,1,1.125,0.96
AD1496,Moda,Instagram,Leads,231.68,13333,419,6,3.143,0.55
AD2375,E-commerce,Facebook,Tráfico,1119.38,251237,2689,16,1.07,0.42
AD2336,E-commerce,Audience Network,Reconocimiento,1056.58,83772,1158,3,1.382,0.91
AD2316,E-commerce,Instagram,Conversiones,781.61,214150,3413,49,1.594,0.23
AD1517,E-commerce,Instagram,Tráfico,3871.5,629327,13768,120,2.188,0.28
AD2069,Educación,Instagram,Leads,1081.82,81790,880,4,1.076,1.23
AD1476,Videojuegos,Facebook,Tráfico,4027.89,368580,6581,71,1.786,0.61
AD1157,Viajes,Instagram,Reconocimiento,1183.52,93836,1065,2,1.135,1.11
AD2243,Finanzas,Facebook,Conversiones,1908.45,70127,795,6,1.134,2.4
AD2195,Videojuegos,Facebook,Conversiones,1242.81,116833,1719,19,1.471,0.72
AD1016,E-commerce,Facebook,Tráfico,1103.96,264651,2741,22,1.036,0.4
AD2072,Viajes,Instagram,Leads,1403.65,92737,1703,15,1.836,0.82
AD2575,Moda,Facebook,Reconocimiento,3040.37,188317,5501,19,2.921,0.55
AD1546,Videojuegos,Instagram,Conversiones,1524.73,303952,3520,49,1.158,0.43
AD1658,Educación,Facebook,Reconocimiento,1108.53,171636,1463,1,0.852,0.76
AD2304,Moda,Facebook,Reconocimiento,1594.99,227403,3285,8,1.445,0.49
AD2019,Finanzas,Messenger,Tráfico,1921.17,194757,907,5,0.466,2.12
AD2570,Finanzas,Instagram,Reconocimiento,2963.64,142158,1717,3,1.208,1.73
AD1959,Videojuegos,Facebook,Leads,1742.81,274157,2461,40,0.898,0.71
AD2501,Educación,Facebook,Conversiones,1494.03,128469,1402,12,1.091,1.07
AD1283,Videojuegos,Instagram,Conversiones,2540.63,431683,4577,111,1.06,0.56
AD1797,E-commerce,Facebook,Tráfico,766.95,87624,1577,14,1.8,0.49
AD1225,Salud,Instagram,Reconocimiento,2915.06,219598,1599,2,0.728,1.82
AD1026,Finanzas,Instagram,Conversiones,217.16,14994,155,1,1.034,1.4
AD1437,Finanzas,Instagram,Conversiones,1120.68,37432,494,3,1.32,2.27
AD2555,E-commerce,Facebook,Conversiones,1182.42,125646,2107,30,1.677,0.56
AD1229,Videojuegos,Facebook,Tráfico,2331.19,313501,4421,76,1.41,0.53
AD1037,Viajes,Facebook,Leads,1873.51,52387,1349,13,2.575,1.39
AD1749,Educación,Instagram,Conversiones,450.86,16979,281,2,1.655,1.6
AD2045,Educación,Facebook,Reconocimiento,354.12,36306,285,0,0.785,1.24
AD1469,Finanzas,Facebook,Conversiones,2540.84,95585,947,7,0.991,2.68
AD2361,E-commerce,Instagram,Tráfico,2623.15,444472,10440,83,2.349,0.25
AD2571,Moda,Instagram,Conversiones,1186.73,54512,1579,26,2.897,0.75
AD1687,Viajes,Instagram,Tráfico,1969.45,109244,1780,14,1.629,1.11
AD2470,Educación,Instagram,Tráfico,3948.66,497585,4473,21,0.899,0.88
AD1639,Salud,Instagram,Leads,1453.3,376829,1013,6,0.269,1.43
AD2378,Finanzas,Audience Network,Tráfico,1809.12,231126,525,2,0.227,3.45
AD2218,Viajes,Audience Network,Conversiones,422.94,46665,283,2,0.606,1.49
AD2158,Moda,Facebook,Conversiones,1439.71,84554,2007,16,2.374,0.72
AD2330,Finanzas,Facebook,Tráfico,912.08,96140,1423,7,1.48,0.64
AD2300,Videojuegos,Instagram,Tráfico,433.29,53618,1149,17,2.143,0.38
AD2455,Viajes,Facebook,Leads,282.51,20471,317,2,1.549,0.89
AD1800,Educación,Instagram,Conversiones,1640.3,73229,1157,5,1.58,1.42
AD1160,Videojuegos,Messenger,Leads,3771.86,498041,4035,70,0.81,0.93
AD1956,Salud,Instagram,Conversiones,1132.34,213393,1297,6,0.608,0.87
AD2186,Viajes,Instagram,Tráfico,2020.26,203553,2860,23,1.405,0.71
AD1821,Viajes,Instagram,Reconocimiento,4482.5,620064,6689,17,1.079,0.67
AD2353,Viajes,Instagram,Leads,3102.96,252121,5977,58,2.371,0.52
AD1877,Videojuegos,Facebook,Tráfico,1493.67,275404,3617,30,1.313,0.41
AD1913,Finanzas,Facebook,Tráfico,1403.79,90938,873,6,0.96,1.61
AD1152,Videojuegos,Facebook,Tráfico,515.17,56288,580,8,1.03,0.89
AD2465,Finanzas,Instagram,Tráfico,3763.55,225810,3067,24,1.358,1.23
AD1509,Salud,Facebook,Tráfico,2729.76,290139,1518,6,0.523,1.8
AD2135,Educación,Messenger,Leads,3538.93,573323,2872,14,0.501,1.23
AD2250,Educación,Messenger,Reconocimiento,1139.05,133891,1094,2,0.817,1.04
AD2338,E-commerce,Instagram,Conversiones,1603.1,168895,3077,42,1.822,0.52
AD1103,Finanzas,Facebook,Tráfico,6188.3,610898,3672,31,0.601,1.69
AD1586,Videojuegos,Facebook,Leads,5961.18,632151,12448,107,1.969,0.48
AD2414,Educación,Facebook,Tráfico,2991.03,243895,2509,11,1.029,1.19
AD2143,Videojuegos,Instagram,Reconocimiento,733.69,89162,1180,4,1.323,0.62
AD1053,Videojuegos,Audience Network,Conversiones,2397.73,500548,1822,32,0.364,1.32
AD1151,E-commerce,Facebook,Conversiones,2461.85,337532,6050,62,1.792,0.41
AD1403,Salud,Facebook,Conversiones,232.63,25507,242,0,0.949,0.96
AD2551,E-commerce,Facebook,Leads,1688.78,159898,3367,34,2.106,0.5
AD1207,Videojuegos,Instagram,Tráfico,197.06,14387,232,2,1.613,0.85
AD2510,Moda,Instagram,Leads,4798.96,228610,6444,52,2.819,0.74
AD2122,Moda,Facebook,Tráfico,997.46,72721,1560,12,2.145,0.64
AD2402,Videojuegos,Audience Network,Reconocimiento,1271.76,90914,840,2,0.924,1.51
AD1008,Moda,Instagram,Conversiones,688.18,142524,3123,25,2.191,0.22
AD2014,Videojuegos,Facebook,Tráfico,1395.48,150984,1714,17,1.135,0.81
AD2434,Videojuegos,Facebook,Reconocimiento,559.21,38989,710,4,1.821,0.79
AD2060,Educación,Facebook,Tráfico,367.93,38656,287,1,0.742,1.28
AD1452,Videojuegos,Instagram,Reconocimiento,3061.35,305867,6096,21,1.993,0.5
AD1253,Moda,Instagram,Leads,785.29,211773,4235,32,2.0,0.19
AD2327,Moda,Facebook,Conversiones,3177.13,551892,6390,69,1.158,0.5
AD1896,Educación,Instagram,Reconocimiento,509.2,23110,409,0,1.77,1.24
AD2392,Videojuegos,Audience Network,Conversiones,1431.12,119853,1125,20,0.939,1.27
AD1880,Viajes,Instagram,Leads,2552.64,252328,3323,26,1.317,0.77
AD2505,Finanzas,Instagram,Conversiones,886.32,90501,1000,8,1.105,0.89
AD1623,E-commerce,Instagram,Leads,2806.05,248116,5749,37,2.317,0.49
AD1345,Finanzas,Facebook,Reconocimiento,1363.04,108115,831,1,0.769,1.64
AD2370,E-commerce,Facebook,Reconocimiento,1255.07,283286,3648,16,1.288,0.34
AD1262,Videojuegos,Facebook,Conversiones,690.42,69162,892,16,1.29,0.77
AD2321,Videojuegos,Instagram,Leads,5060.35,830619,9371,121,1.128,0.54
AD1150,Viajes,Facebook,Leads,229.09,9917,203,1,2.047,1.13
AD1472,Finanzas,Instagram,Leads,2210.02,351077,3030,26,0.863,0.73
AD1640,Salud,Instagram,Reconocimiento,349.41,127501,368,0,0.289,0.95
AD2584,Moda,Audience Network,Tráfico,1795.67,150965,1679,14,1.112,1.07
AD2502,Videojuegos,Instagram,Reconocimiento,1295.67,174138,2312,16,1.328,0.56
AD1550,E-commerce,Facebook,Tráfico,575.08,105478,1392,15,1.32,0.41
AD1928,Viajes,Facebook,Reconocimiento,1994.12,177257,1841,2,1.039,1.08
AD1488,Viajes,Facebook,Tráfico,774.76,158603,962,8,0.607,0.81
AD2448,Salud,Instagram,Conversiones,3988.62,745842,4608,20,0.618,0.87
AD2171,Educación,Facebook,Conversiones,1492.26,170695,1530,10,0.896,0.98
AD1146,Videojuegos,Facebook,Leads,635.41,45913,634,13,1.381,1.0
AD1402,E-commerce,Instagram,Reconocimiento,1591.1,171009,3023,9,1.768,0.53
AD1954,Finanzas,Facebook,Conversiones,4244.24,938499,5083,34,0.542,0.83
AD2497,Finanzas,Facebook,Reconocimiento,1541.35,227739,1024,3,0.45,1.51
AD1659,Finanzas,Facebook,Reconocimiento,857.34,63402,548,0,0.864,1.56
AD1463,Salud,Facebook,Reconocimiento,645.78,34366,400,0,1.164,1.61
AD2349,Moda,Instagram,Reconocimiento,2385.21,160383,6229,24,3.884,0.38
AD1186,Salud,Instagram,Tráfico,1868.4,148073,1425,2,0.962,1.31
AD2147,Educación,Facebook,Conversiones,2511.91,644578,1980,15,0.307,1.27
AD2224,Finanzas,Instagram,Leads,1155.2,79914,813,7,1.017,1.42
AD1608,Moda,Facebook,Leads,1596.82,197996,2310,24,1.167,0.69
AD1143,Moda,Facebook,Reconocimiento,4077.11,283679,8369,32,2.95,0.49
AD1751,Educación,Instagram,Conversiones,775.9,72631,954,12,1.313,0.81
AD1981,Salud,Messenger,Leads,511.11,20871,230,1,1.102,2.22
AD1197,Finanzas,Facebook,Conversiones,1112.62,74073,516,3,0.697,2.16
AD1883,Videojuegos,Messenger,Leads,1540.11,108925,1358,6,1.247,1.13
AD1279,Educación,Facebook,Tráfico,380.07,43066,363,1,0.843,1.05
AD1293,E-commerce,Facebook,Conversiones,1535.28,170128,3088,18,1.815,0.5
AD2456,Viajes,Facebook,Conversiones,1694.21,113943,1471,15,1.291,1.15
AD1400,Finanzas,Facebook,Tráfico,1151.49,62123,799,4,1.286,1.44
AD1122,E-commerce,Facebook,Conversiones,212.57,36020,594,8,1.649,0.36
AD2207,Salud,Instagram,Leads,1545.9,86716,1001,4,1.154,1.54
AD1202,Finanzas,Instagram,Leads,1670.6,137831,1265,7,0.918,1.32
AD1835,Finanzas,Facebook,Leads,4059.69,164854,2200,19,1.335,1.85
AD1246,Finanzas,Facebook,Conversiones,415.71,36671,250,1,0.682,1.66
AD2579,Viajes,Instagram,Conversiones,537.25,51120,856,9,1.674,0.63
AD2518,Moda,Facebook,Conversiones,111.28,11757,178,2,1.514,0.63
AD2153,Videojuegos,Facebook,Leads,4788.94,551266,5948,29,1.079,0.81
AD1384,Finanzas,Instagram,Tráfico,8381.15,592034,6043,51,1.021,1.39
AD2407,Salud,Instagram,Conversiones,3076.29,275546,2446,12,0.888,1.26
AD1854,Viajes,Instagram,Leads,2692.68,151146,2358,11,1.56,1.14
AD1219,Salud,Instagram,Reconocimiento,3021.09,193309,2112,4,1.093,1.43
AD1641,Salud,Facebook,Leads,1141.61,111008,973,3,0.877,1.17
AD1001,Finanzas,Facebook,Tráfico,1638.85,97117,905,4,0.932,1.81
AD1112,Finanzas,Instagram,Tráfico,446.23,25324,269,1,1.062,1.66
AD1698,Moda,Instagram,Leads,1935.94,204359,4397,61,2.152,0.44
AD2525,Educación,Facebook,Reconocimiento,3528.0,263565,2970,5,1.127,1.19
AD1951,Salud,Audience Network,Tráfico,2825.58,348795,1279,7,0.367,2.21
AD2401,Educación,Facebook,Tráfico,3192.62,403282,3828,17,0.949,0.83
AD2291,Educación,Instagram,Conversiones,1737.13,140696,2064,16,1.467,0.84
AD2445,Viajes,Instagram,Tráfico,1937.26,890791,9429,55,1.058,0.21
AD1441,E-commerce,Instagram,Leads,905.66,63637,1728,16,2.715,0.52
AD2136,Educación,Facebook,Reconocimiento,3791.64,293856,4501,11,1.532,0.84
AD2256,Salud,Facebook,Tráfico,2130.2,189417,1045,4,0.552,2.04
AD2397,Viajes,Audience Network,Leads,2067.61,104184,1031,9,0.99,2.01
AD1663,Videojuegos,Facebook,Conversiones,1061.1,150026,2452,28,1.634,0.43
AD2464,Videojuegos,Instagram,Conversiones,788.33,117427,1331,25,1.133,0.59
AD2257,E-commerce,Facebook,Leads,1136.57,267550,2605,17,0.974,0.44
AD2419,Videojuegos,Instagram,Conversiones,1533.3,399972,3430,78,0.858,0.45
AD1317,E-commerce,Facebook,Reconocimiento,2049.77,254095,3729,14,1.468,0.55
AD1648,Salud,Facebook,Tráfico,2064.52,236115,2027,5,0.858,1.02
AD1709,Salud,Instagram,Tráfico,714.44,84269,561,1,0.666,1.27
AD2382,Moda,Facebook,Reconocimiento,1868.3,96895,2473,8,2.552,0.76
AD2282,Salud,Facebook,Tráfico,1588.27,92588,963,2,1.04,1.65
AD1972,Educación,Audience Network,Tráfico,1226.87,84897,600,2,0.707,2.04
AD1627,Salud,Instagram,Leads,2615.25,348586,3320,15,0.952,0.79
AD1632,Moda,Messenger,Conversiones,474.53,56669,786,15,1.387,0.6
AD2306,Salud,Facebook,Conversiones,1756.91,176720,1744,9,0.987,1.01
AD2400,E-commerce,Facebook,Tráfico,1455.44,162737,3542,20,2.177,0.41
AD2408,Finanzas,Facebook,Reconocimiento,2902.66,182849,1344,3,0.735,2.16
AD2248,Salud,Instagram,Leads,702.95,87043,572,2,0.657,1.23
AD2559,Moda,Facebook,Conversiones,1723.9,132693,2892,23,2.179,0.6
AD2254,Moda,Instagram,Tráfico,1985.28,123909,3791,16,3.06,0.52
AD2371,Salud,Facebook,Leads,339.83,38447,210,0,0.546,1.62
AD2354,Moda,Instagram,Tráfico,3298.36,210556,5880,41,2.793,0.56
AD2535,Finanzas,Instagram,Conversiones,1633.99,133127,1109,4,0.833,1.47
AD2475,E-commerce,Instagram,Tráfico,2112.69,287657,6465,71,2.247,0.33
AD1795,Moda,Facebook,Tráfico,1477.06,92655,2180,27,2.353,0.68
AD1645,Educación,Facebook,Leads,610.23,44236,630,3,1.424,0.97
AD2012,Viajes,Instagram,Leads,1603.29,58969,1426,7,2.418,1.12
AD1556,Viajes,Instagram,Leads,218.68,14778,259,1,1.753,0.84
AD1681,Salud,Facebook,Conversiones,1776.74,192824,1292,9,0.67,1.38
AD1577,E-commerce,Facebook,Leads,1298.46,215274,3816,42,1.773,0.34
AD2109,Moda,Facebook,Conversiones,1786.44,107113,3046,40,2.844,0.59
AD2266,E-commerce,Facebook,Reconocimiento,2478.94,237224,4408,18,1.858,0.56
AD2183,Salud,Instagram,Conversiones,3962.86,283085,3028,19,1.07,1.31
AD1524,Moda,Messenger,Reconocimiento,2397.89,141772,4029,18,2.842,0.6
AD2059,Salud,Facebook,Tráfico,585.11,188917,1003,5,0.531,0.58
AD1540,Moda,Facebook,Tráfico,3543.73,163272,4961,32,3.038,0.71
AD2194,Viajes,Facebook,Tráfico,1181.8,45206,931,6,2.059,1.27
AD1748,Finanzas,Instagram,Tráfico,2010.34,103505,1154,7,1.115,1.74
AD2531,Finanzas,Instagram,Conversiones,4085.86,273398,2173,19,0.795,1.88
AD2430,E-commerce,Facebook,Leads,235.34,37844,699,7,1.847,0.34
AD1484,Moda,Facebook,Tráfico,1046.69,96980,2187,19,2.255,0.48
AD1095,Finanzas,Audience Network,Leads,466.72,82130,209,1,0.254,2.23
AD2020,Educación,Instagram,Conversiones,256.51,27348,313,2,1.145,0.82
AD1563,Educación,Facebook,Leads,1500.55,85390,838,5,0.981,1.79
AD2264,Moda,Facebook,Reconocimiento,469.91,795000,795,3,0.1,0.59
AD1742,E-commerce,Instagram,Reconocimiento,777.7,111755,2713,9,2.428,0.29
AD1863,Viajes,Facebook,Reconocimiento,541.47,71832,564,1,0.785,0.96
AD1891,Finanzas,Instagram,Conversiones,1598.6,64829,761,4,1.174,2.1
AD2038,Videojuegos,Facebook,Leads,2602.64,236923,3859,15,1.629,0.67
AD1206,Salud,Instagram,Conversiones,2149.24,248059,1296,9,0.522,1.66
AD1392,Educación,Facebook,Leads,1502.5,99061,1660,5,1.676,0.91
AD1794,E-commerce,Messenger,Reconocimiento,3317.05,242019,3980,15,1.644,0.83
AD1870,Moda,Instagram,Reconocimiento,922.15,312316,2638,6,0.845,0.35
AD1397,Videojuegos,Instagram,Conversiones,2480.97,1379042,17866,323,1.296,0.14
AD1766,E-commerce,Instagram,Conversiones,1211.93,155365,4107,67,2.643,0.3
AD2468,Finanzas,Instagram,Tráfico,712.71,121981,423,1,0.347,1.68
AD2241,Finanzas,Messenger,Leads,1344.37,92193,521,2,0.565,2.58
AD2028,Finanzas,Facebook,Conversiones,1062.9,75178,596,3,0.793,1.78
AD1642,Moda,Facebook,Conversiones,1124.68,271456,2682,30,0.988,0.42
AD1612,Salud,Facebook,Conversiones,2111.5,189772,1577,8,0.831,1.34
AD1960,Viajes,Instagram,Leads,4082.68,723391,9269,51,1.281,0.44
AD1725,Videojuegos,Audience Network,Leads,454.12,149307,315,4,0.211,1.44
AD1683,Moda,Facebook,Conversiones,2116.26,168814,3638,17,2.155,0.58
AD1098,Viajes,Facebook,Leads,1441.72,89289,1779,11,1.992,0.81
AD1804,Viajes,Instagram,Leads,2034.95,617675,8129,50,1.316,0.25
AD1406,Viajes,Facebook,Leads,516.32,26347,402,3,1.526,1.28
AD1502,Viajes,Facebook,Tráfico,4584.13,324662,5255,46,1.619,0.87
AD2071,Educación,Instagram,Leads,1295.02,159005,1469,4,0.924,0.88
AD2056,Videojuegos,Messenger,Reconocimiento,1576.35,194376,1568,14,0.807,1.01
AD1929,Salud,Instagram,Conversiones,2947.03,224613,1951,9,0.869,1.51
AD1779,Finanzas,Facebook,Reconocimiento,4091.17,613870,2016,4,0.328,2.03
AD1200,Videojuegos,Instagram,Reconocimiento,2411.88,186833,2824,5,1.512,0.85
AD1134,Finanzas,Facebook,Conversiones,2916.57,121710,1274,7,1.047,2.29
AD2051,Finanzas,Instagram,Leads,424.76,25250,308,2,1.22,1.38
AD1040,Videojuegos,Facebook,Tráfico,1081.27,168346,1256,24,0.746,0.86
AD2017,Finanzas,Facebook,Conversiones,759.33,33265,319,2,0.959,2.38
AD1230,E-commerce,Instagram,Tráfico,1636.34,155619,3420,41,2.198,0.48
AD1378,Viajes,Instagram,Leads,675.02,51095,849,7,1.662,0.8
AD1288,Moda,Facebook,Reconocimiento,3203.76,335363,4736,24,1.412,0.68
AD1418,Educación,Facebook,Leads,3291.8,208591,2728,18,1.308,1.21
AD1391,Moda,Messenger,Reconocimiento,1175.4,166234,2519,6,1.515,0.47
AD1592,Viajes,Facebook,Conversiones,2584.07,168410,2581,30,1.533,1.0
AD2162,Videojuegos,Instagram,Leads,2408.0,469475,5697,59,1.213,0.42
AD2086,Videojuegos,Facebook,Tráfico,1748.61,148026,2464,47,1.665,0.71
AD1647,E-commerce,Audience Network,Leads,2535.0,315939,2692,12,0.852,0.94
AD2152,Educación,Instagram,Tráfico,1978.91,171484,1969,13,1.148,1.01
AD2367,Finanzas,Instagram,Reconocimiento,1658.04,78294,1034,1,1.321,1.6
AD1520,Educación,Instagram,Conversiones,729.57,52606,735,5,1.397,0.99
AD1064,E-commerce,Instagram,Conversiones,1769.22,139061,4314,67,3.102,0.41
AD1014,Videojuegos,Messenger,Conversiones,1791.91,609152,1866,40,0.306,0.96
AD2180,Videojuegos,Instagram,Leads,2109.08,602485,8548,105,1.419,0.25
AD2064,Viajes,Instagram,Leads,1243.47,148840,1934,19,1.299,0.64
AD1492,Educación,Audience Network,Leads,2115.35,194273,975,4,0.502,2.17
AD1379,Salud,Messenger,Reconocimiento,4129.49,202905,1809,2,0.892,2.28
AD1187,Moda,Facebook,Reconocimiento,1809.43,99998,2879,9,2.879,0.63
AD1763,Videojuegos,Messenger,Tráfico,1476.06,182241,1278,20,0.701,1.15
AD1216,Moda,Instagram,Leads,3435.16,156863,5226,76,3.332,0.66
AD1791,Moda,Facebook,Reconocimiento,405.34,41942,802,2,1.912,0.51
AD2076,E-commerce,Instagram,Reconocimiento,317.69,25176,534,3,2.121,0.59
AD1878,Moda,Instagram,Conversiones,1229.22,337066,4114,55,1.221,0.3
AD1337,Educación,Instagram,Reconocimiento,1561.85,143599,1635,4,1.139,0.96
AD1719,Salud,Facebook,Tráfico,1142.69,55240,525,2,0.95,2.18
AD1295,Finanzas,Messenger,Leads,676.48,40112,263,1,0.656,2.57
AD2016,Salud,Instagram,Tráfico,1521.87,184617,1780,3,0.964,0.85
AD2275,Videojuegos,Instagram,Conversiones,2348.9,375001,3557,37,0.949,0.66
AD2485,Finanzas,Audience Network,Reconocimiento,1237.21,356000,356,0,0.1,3.48
AD1455,Moda,Facebook,Leads,1634.92,176791,3331,41,1.884,0.49
AD2596,Viajes,Messenger,Reconocimiento,525.07,42443,416,0,0.98,1.26
AD1815,Viajes,Facebook,Leads,424.82,15992,292,2,1.826,1.45
AD1269,Moda,Messenger,Leads,4835.53,1134198,6450,31,0.569,0.75
AD1995,Videojuegos,Facebook,Conversiones,345.97,55397,596,8,1.076,0.58
AD1201,Moda,Audience Network,Tráfico,3078.96,122650,2679,41,2.184,1.15
AD1161,Moda,Instagram,Tráfico,660.29,62316,1016,9,1.63,0.65
AD1729,Finanzas,Facebook,Reconocimiento,1518.2,122670,714,1,0.582,2.13
AD1401,Educación,Instagram,Tráfico,1339.59,118444,1521,9,1.284,0.88
AD1702,Finanzas,Instagram,Reconocimiento,1053.58,55405,616,1,1.112,1.71
AD2500,Educación,Facebook,Reconocimiento,1235.91,245268,2044,4,0.833,0.6
AD2129,Moda,Instagram,Reconocimiento,606.71,51666,1519,4,2.94,0.4
AD1565,Finanzas,Instagram,Reconocimiento,1008.77,64880,669,1,1.031,1.51
AD2413,Salud,Facebook,Conversiones,1429.9,114663,785,3,0.685,1.82
AD2021,Videojuegos,Instagram,Conversiones,665.33,178210,2632,27,1.477,0.25
AD2025,Educación,Audience Network,Conversiones,1002.15,55570,518,4,0.932,1.93
AD2411,Salud,Facebook,Conversiones,960.15,82206,475,2,0.578,2.02
AD2104,Videojuegos,Instagram,Tráfico,2245.14,247219,3875,32,1.567,0.58
AD1205,Viajes,Instagram,Leads,1420.98,81746,1652,10,2.021,0.86
AD1034,Videojuegos,Messenger,Conversiones,1927.07,428235,1773,28,0.414,1.09
AD1775,Salud,Instagram,Leads,2539.92,134158,1254,3,0.935,2.03
AD1508,Finanzas,Messenger,Tráfico,1319.91,54973,505,2,0.919,2.61
AD2451,Salud,Messenger,Conversiones,859.41,143049,474,2,0.331,1.81
AD2478,Videojuegos,Instagram,Conversiones,4719.35,534919,9734,121,1.82,0.48
AD2574,E-commerce,Instagram,Leads,4421.73,476537,11123,100,2.334,0.4
AD2390,Finanzas,Instagram,Leads,1174.17,79164,598,3,0.755,1.96
AD1091,Viajes,Instagram,Tráfico,998.77,71928,1083,5,1.506,0.92
AD2363,Salud,Instagram,Leads,1644.85,162985,1472,6,0.903,1.12
AD1897,Educación,Facebook,Leads,3566.42,365560,2862,18,0.783,1.25
AD1564,Salud,Messenger,Tráfico,1472.05,139409,637,2,0.457,2.31
AD2369,Viajes,Facebook,Tráfico,3694.07,153849,3511,27,2.282,1.05
AD1776,Educación,Facebook,Conversiones,1912.22,130163,1691,13,1.299,1.13
AD1241,Educación,Facebook,Tráfico,964.77,83140,1023,5,1.23,0.94
AD1013,Salud,Instagram,Reconocimiento,1870.86,137311,1308,2,0.953,1.43
AD1315,Moda,Instagram,Tráfico,332.19,25265,603,2,2.387,0.55
AD1600,E-commerce,Instagram,Conversiones,2512.6,243986,5190,53,2.127,0.48
AD1387,Viajes,Facebook,Tráfico,2405.38,148862,2599,22,1.746,0.93
AD2297,E-commerce,Audience Network,Reconocimiento,1265.94,158133,1988,7,1.257,0.64
AD1166,Moda,Messenger,Conversiones,459.5,116175,795,5,0.684,0.58
AD1840,Videojuegos,Facebook,Tráfico,739.57,82815,1255,10,1.515,0.59
AD1020,Salud,Messenger,Conversiones,2351.84,121282,850,3,0.701,2.77
AD1646,Salud,Instagram,Leads,997.67,94932,859,4,0.905,1.16
AD2508,Finanzas,Facebook,Conversiones,977.22,89143,511,4,0.573,1.91
AD2154,Viajes,Facebook,Conversiones,687.18,52885,846,3,1.6,0.81
AD2528,Viajes,Facebook,Conversiones,3139.34,149362,2856,27,1.912,1.1
AD1831,Finanzas,Instagram,Leads,2163.29,171624,2149,8,1.252,1.01
AD2267,Moda,Messenger,Reconocimiento,4885.31,286326,4484,10,1.566,1.09
AD1562,Finanzas,Messenger,Conversiones,2790.31,185602,1074,9,0.579,2.6
AD2558,Educación,Facebook,Conversiones,1848.24,112941,1200,10,1.063,1.54
AD1686,Educación,Instagram,Tráfico,1305.16,89575,1480,6,1.652,0.88
AD1957,Salud,Facebook,Tráfico,4887.92,1024376,9086,27,0.887,0.54
AD1189,Viajes,Instagram,Leads,1537.93,135624,1530,8,1.128,1.01
AD1975,E-commerce,Instagram,Reconocimiento,1921.94,386009,10541,32,2.731,0.18
AD1699,Finanzas,Facebook,Reconocimiento,1049.97,47377,447,1,0.943,2.35
AD2499,Finanzas,Audience Network,Reconocimiento,1709.75,187767,508,1,0.271,3.37
AD1510,Finanzas,Instagram,Leads,630.3,24721,325,1,1.315,1.94
AD2082,Videojuegos,Audience Network,Conversiones,406.29,32235,281,6,0.872,1.45
AD1474,Educación,Facebook,Tráfico,1440.61,90654,1043,5,1.151,1.38
AD1856,E-commerce,Facebook,Conversiones,3503.77,494099,6228,67,1.26,0.56
AD1747,Videojuegos,Facebook,Leads,3815.16,390513,5650,91,1.447,0.68
AD1252,Viajes,Instagram,Tráfico,791.17,23745,605,3,2.548,1.31
AD1021,Viajes,Messenger,Leads,879.81,65647,692,5,1.054,1.27
AD2337,Viajes,Messenger,Conversiones,3872.12,414336,2755,18,0.665,1.41
AD1459,Videojuegos,Instagram,Leads,936.42,122104,1840,10,1.507,0.51
AD2184,Moda,Instagram,Tráfico,1385.89,146820,3354,23,2.284,0.41
AD1276,Videojuegos,Facebook,Leads,1172.92,137825,1557,4,1.13,0.75
AD1955,Finanzas,Facebook,Conversiones,876.56,50263,480,4,0.955,1.83
AD2215,Viajes,Facebook,Tráfico,1750.46,152398,2225,15,1.46,0.79
AD1385,Salud,Facebook,Reconocimiento,444.82,43988,397,0,0.903,1.12
AD1805,Salud,Facebook,Leads,1721.03,124198,1054,4,0.849,1.63
AD2437,Viajes,Audience Network,Reconocimiento,476.61,29430,309,1,1.05,1.54
AD2515,Salud,Facebook,Reconocimiento,184.04,14917,112,0,0.751,1.64
AD1343,Educación,Instagram,Reconocimiento,1149.68,146237,1104,2,0.755,1.04
AD1769,E-commerce,Instagram,Conversiones,444.77,61452,1355,12,2.205,0.33
AD2332,Viajes,Facebook,Conversiones,2812.41,177472,2879,27,1.622,0.98
AD1130,Educación,Instagram,Conversiones,2589.91,274805,3341,20,1.216,0.78
AD1871,Finanzas,Instagram,Tráfico,4684.64,219730,2004,11,0.912,2.34
AD2123,Finanzas,Instagram,Tráfico,5858.4,240493,3151,23,1.31,1.86
AD2396,E-commerce,Instagram,Conversiones,493.64,60869,1410,12,2.316,0.35
AD1087,Viajes,Facebook,Conversiones,3771.66,204819,3548,28,1.732,1.06
AD2482,Finanzas,Facebook,Tráfico,393.24,17239,202,1,1.172,1.95
AD1330,E-commerce,Instagram,Tráfico,1637.17,279739,7449,39,2.663,0.22
AD2238,Educación,Audience Network,Reconocimiento,640.05,27904,324,0,1.161,1.98
AD1466,E-commerce,Facebook,Tráfico,424.99,41929,852,2,2.032,0.5
AD1121,Videojuegos,Instagram,Reconocimiento,1111.61,124513,1773,7,1.424,0.63
AD2044,Finanzas,Facebook,Conversiones,1756.36,91379,793,5,0.868,2.21
AD2095,Finanzas,Instagram,Leads,3407.9,192181,2279,15,1.186,1.5
AD2130,Finanzas,Instagram,Tráfico,3175.58,151431,1422,5,0.939,2.23
AD2294,Salud,Facebook,Conversiones,2854.51,608205,5230,27,0.86,0.55
AD1860,Viajes,Facebook,Leads,1635.15,150446,1908,14,1.268,0.86
AD2459,Moda,Facebook,Leads,2108.64,301004,2834,32,0.942,0.74
AD2126,E-commerce,Facebook,Reconocimiento,2496.77,265010,4652,12,1.755,0.54
