fecha,modelo,arquitectura,anio_lanzamiento,segmento,vram_gb,tdp_w,msrp_usd,tienda,precio_usd,stock,perf_score
2023-01,GeForce RTX 4090,Ada,2023,Gaming,24,450,1599,Amazon,2020.28,360,147.5
2023-01,GeForce RTX 4090,Ada,2023,Gaming,24,450,1599,PCComponentes,1862.69,163,147.5
2023-01,GeForce RTX 4090,Ada,2023,Gaming,24,450,1599,MicroCenter,1926.1,337,147.5
2023-02,GeForce RTX 4090,Ada,2023,Gaming,24,450,1599,MicroCenter,2588.54,7,147.5
2023-02,GeForce RTX 4090,Ada,2023,Gaming,24,450,1599,BestBuy,2416.19,42,147.5
2023-02,GeForce RTX 4090,Ada,2023,Gaming,24,450,1599,Amazon,2396.8,24,147.5
2023-03,GeForce RTX 4090,Ada,2023,Gaming,24,450,1599,PCComponentes,2273.47,53,147.5
2023-03,GeForce RTX 4090,Ada,2023,Gaming,24,450,1599,Newegg,2533.51,119,147.5
2023-03,GeForce RTX 4090,Ada,2023,Gaming,24,450,1599,MicroCenter,2341.78,114,147.5
2023-04,GeForce RTX 4090,Ada,2023,Gaming,24,450,1599,MicroCenter,2032.45,92,147.5
2023-04,GeForce RTX 4090,Ada,2023,Gaming,24,450,1599,PCComponentes,2214.02,17,147.5
2023-04,GeForce RTX 4090,Ada,2023,Gaming,24,450,1599,BestBuy,2241.49,7,147.5
2023-05,GeForce RTX 4090,Ada,2023,Gaming,24,450,1599,Newegg,2145.81,193,147.5
2023-05,GeForce RTX 4090,Ada,2023,Gaming,24,450,1599,MicroCenter,2075.91,199,147.5
2023-05,GeForce RTX 4090,Ada,2023,Gaming,24,450,1599,Amazon,2047.57,140,147.5
2023-06,GeForce RTX 4090,Ada,2023,Gaming,24,450,1599,BestBuy,1943.24,4,147.5
2023-06,GeForce RTX 4090,Ada,2023,Gaming,24,450,1599,Newegg,1881.86,465,147.5
2023-06,GeForce RTX 4090,Ada,2023,Gaming,24,450,1599,Amazon,1783.21,360,147.5
2023-07,GeForce RTX 4090,Ada,2023,Gaming,24,450,1599,Newegg,2072.82,144,147.5
2023-07,GeForce RTX 4090,Ada,2023,Gaming,24,450,1599,BestBuy,2126.69,136,147.5
2023-07,GeForce RTX 4090,Ada,2023,Gaming,24,450,1599,PCComponentes,2009.91,46,147.5
2023-08,GeForce RTX 4090,Ada,2023,Gaming,24,450,1599,Newegg,1935.91,354,147.5
2023-08,GeForce RTX 4090,Ada,2023,Gaming,24,450,1599,PCComponentes,2059.16,463,147.5
2023-08,GeForce RTX 4090,Ada,2023,Gaming,24,450,1599,MicroCenter,1982.31,272,147.5
2023-09,GeForce RTX 4090,Ada,2023,Gaming,24,450,1599,BestBuy,2197.35,80,147.5
2023-09,GeForce RTX 4090,Ada,2023,Gaming,24,450,1599,Newegg,2281.59,76,147.5
2023-09,GeForce RTX 4090,Ada,2023,Gaming,24,450,1599,Amazon,2097.06,35,147.5
2023-10,GeForce RTX 4090,Ada,2023,Gaming,24,450,1599,MicroCenter,1830.71,417,147.5
2023-10,GeForce RTX 4090,Ada,2023,Gaming,24,450,1599,Amazon,2025.45,219,147.5
2023-10,GeForce RTX 4090,Ada,2023,Gaming,24,450,1599,BestBuy,2014.39,98,147.5
2023-11,GeForce RTX 4090,Ada,2023,Gaming,24,450,1599,MicroCenter,2017.47,311,147.5
2023-11,GeForce RTX 4090,Ada,2023,Gaming,24,450,1599,BestBuy,1878.41,363,147.5
2023-11,GeForce RTX 4090,Ada,2023,Gaming,24,450,1599,PCComponentes,1963.2,425,147.5
2023-12,GeForce RTX 4090,Ada,2023,Gaming,24,450,1599,BestBuy,1952.19,19,147.5
2023-12,GeForce RTX 4090,Ada,2023,Gaming,24,450,1599,PCComponentes,1975.6,193,147.5
2023-12,GeForce RTX 4090,Ada,2023,Gaming,24,450,1599,MicroCenter,2066.35,244,147.5
2024-01,GeForce RTX 4090,Ada,2023,Gaming,24,450,1599,Newegg,1826.74,370,147.5
2024-01,GeForce RTX 4090,Ada,2023,Gaming,24,450,1599,MicroCenter,1841.93,300,147.5
2024-01,GeForce RTX 4090,Ada,2023,Gaming,24,450,1599,PCComponentes,1780.99,39,147.5
2024-02,GeForce RTX 4090,Ada,2023,Gaming,24,450,1599,PCComponentes,1852.73,389,147.5
2024-02,GeForce RTX 4090,Ada,2023,Gaming,24,450,1599,Newegg,1932.92,185,147.5
2024-02,GeForce RTX 4090,Ada,2023,Gaming,24,450,1599,BestBuy,1903.18,241,147.5
2024-03,GeForce RTX 4090,Ada,2023,Gaming,24,450,1599,BestBuy,1798.41,46,147.5
2024-03,GeForce RTX 4090,Ada,2023,Gaming,24,450,1599,Newegg,1930.19,268,147.5
2024-03,GeForce RTX 4090,Ada,2023,Gaming,24,450,1599,Amazon,1843.63,25,147.5
2024-04,GeForce RTX 4090,Ada,2023,Gaming,24,450,1599,BestBuy,1744.85,499,147.5
2024-04,GeForce RTX 4090,Ada,2023,Gaming,24,450,1599,Amazon,1722.62,325,147.5
2024-04,GeForce RTX 4090,Ada,2023,Gaming,24,450,1599,Newegg,1800.5,336,147.5
2024-05,GeForce RTX 4090,Ada,2023,Gaming,24,450,1599,Newegg,2130.03,499,147.5
2024-05,GeForce RTX 4090,Ada,2023,Gaming,24,450,1599,MicroCenter,2010.53,174,147.5
2024-05,GeForce RTX 4090,Ada,2023,Gaming,24,450,1599,BestBuy,1963.82,271,147.5
2024-06,GeForce RTX 4090,Ada,2023,Gaming,24,450,1599,Amazon,1898.24,401,147.5
2024-06,GeForce RTX 4090,Ada,2023,Gaming,24,450,1599,Newegg,1854.7,159,147.5
2024-06,GeForce RTX 4090,Ada,2023,Gaming,24,450,1599,PCComponentes,1785.46,376,147.5
2024-07,GeForce RTX 4090,Ada,2023,Gaming,24,450,1599,BestBuy,1950.25,40,147.5
2024-07,GeForce RTX 4090,Ada,2023,Gaming,24,450,1599,PCComponentes,1852.0,268,147.5
2024-07,GeForce RTX 4090,Ada,2023,Gaming,24,450,1599,Newegg,1721.56,101,147.5
2024-08,GeForce RTX 4090,Ada,2023,Gaming,24,450,1599,PCComponentes,1903.03,106,147.5
2024-08,GeForce RTX 4090,Ada,2023,Gaming,24,450,1599,Amazon,1947.5,495,147.5
2024-08,GeForce RTX 4090,Ada,2023,Gaming,24,450,1599,BestBuy,1906.81,208,147.5
2024-09,GeForce RTX 4090,Ada,2023,Gaming,24,450,1599,Amazon,1683.38,128,147.5
2024-09,GeForce RTX 4090,Ada,2023,Gaming,24,450,1599,PCComponentes,1686.73,139,147.5
2024-09,GeForce RTX 4090,Ada,2023,Gaming,24,450,1599,Newegg,1695.27,113,147.5
2024-10,GeForce RTX 4090,Ada,2023,Gaming,24,450,1599,MicroCenter,1529.84,326,147.5
2024-10,GeForce RTX 4090,Ada,2023,Gaming,24,450,1599,BestBuy,1621.96,170,147.5
2024-10,GeForce RTX 4090,Ada,2023,Gaming,24,450,1599,PCComponentes,1581.96,37,147.5
2024-11,GeForce RTX 4090,Ada,2023,Gaming,24,450,1599,PCComponentes,2077.54,62,147.5
2024-11,GeForce RTX 4090,Ada,2023,Gaming,24,450,1599,BestBuy,2129.65,370,147.5
2024-11,GeForce RTX 4090,Ada,2023,Gaming,24,450,1599,Newegg,2074.43,171,147.5
2024-12,GeForce RTX 4090,Ada,2023,Gaming,24,450,1599,Amazon,1810.63,7,147.5
2024-12,GeForce RTX 4090,Ada,2023,Gaming,24,450,1599,BestBuy,1793.5,396,147.5
2024-12,GeForce RTX 4090,Ada,2023,Gaming,24,450,1599,PCComponentes,1797.0,301,147.5
2023-01,GeForce RTX 4080,Ada,2023,Gaming,16,320,1199,Newegg,1624.55,112,119.2
2023-01,GeForce RTX 4080,Ada,2023,Gaming,16,320,1199,Amazon,1708.56,125,119.2
2023-01,GeForce RTX 4080,Ada,2023,Gaming,16,320,1199,BestBuy,1615.7,144,119.2
2023-02,GeForce RTX 4080,Ada,2023,Gaming,16,320,1199,PCComponentes,1530.52,77,119.2
2023-02,GeForce RTX 4080,Ada,2023,Gaming,16,320,1199,MicroCenter,1615.94,54,119.2
2023-02,GeForce RTX 4080,Ada,2023,Gaming,16,320,1199,Amazon,1612.41,33,119.2
2023-03,GeForce RTX 4080,Ada,2023,Gaming,16,320,1199,Amazon,1492.38,214,119.2
2023-03,GeForce RTX 4080,Ada,2023,Gaming,16,320,1199,BestBuy,1495.51,148,119.2
2023-03,GeForce RTX 4080,Ada,2023,Gaming,16,320,1199,MicroCenter,1424.26,225,119.2
2023-04,GeForce RTX 4080,Ada,2023,Gaming,16,320,1199,Amazon,1686.28,124,119.2
2023-04,GeForce RTX 4080,Ada,2023,Gaming,16,320,1199,PCComponentes,1640.71,46,119.2
2023-04,GeForce RTX 4080,Ada,2023,Gaming,16,320,1199,MicroCenter,1621.34,137,119.2
2023-05,GeForce RTX 4080,Ada,2023,Gaming,16,320,1199,PCComponentes,1350.86,22,119.2
2023-05,GeForce RTX 4080,Ada,2023,Gaming,16,320,1199,Newegg,1486.22,79,119.2
2023-05,GeForce RTX 4080,Ada,2023,Gaming,16,320,1199,MicroCenter,1382.88,300,119.2
2023-06,GeForce RTX 4080,Ada,2023,Gaming,16,320,1199,PCComponentes,1495.51,225,119.2
2023-06,GeForce RTX 4080,Ada,2023,Gaming,16,320,1199,MicroCenter,1509.96,190,119.2
2023-06,GeForce RTX 4080,Ada,2023,Gaming,16,320,1199,Amazon,1597.16,420,119.2
2023-07,GeForce RTX 4080,Ada,2023,Gaming,16,320,1199,MicroCenter,1615.72,465,119.2
2023-07,GeForce RTX 4080,Ada,2023,Gaming,16,320,1199,PCComponentes,1529.09,25,119.2
2023-07,GeForce RTX 4080,Ada,2023,Gaming,16,320,1199,BestBuy,1460.14,95,119.2
2023-08,GeForce RTX 4080,Ada,2023,Gaming,16,320,1199,Newegg,1517.83,234,119.2
2023-08,GeForce RTX 4080,Ada,2023,Gaming,16,320,1199,Amazon,1507.48,320,119.2
2023-08,GeForce RTX 4080,Ada,2023,Gaming,16,320,1199,BestBuy,1499.42,322,119.2
2023-09,GeForce RTX 4080,Ada,2023,Gaming,16,320,1199,Amazon,1297.31,108,119.2
2023-09,GeForce RTX 4080,Ada,2023,Gaming,16,320,1199,Newegg,1371.17,234,119.2
2023-09,GeForce RTX 4080,Ada,2023,Gaming,16,320,1199,MicroCenter,1320.82,471,119.2
2023-10,GeForce RTX 4080,Ada,2023,Gaming,16,320,1199,BestBuy,1395.01,345,119.2
2023-10,GeForce RTX 4080,Ada,2023,Gaming,16,320,1199,Amazon,1375.95,131,119.2
2023-10,GeForce RTX 4080,Ada,2023,Gaming,16,320,1199,PCComponentes,1442.26,344,119.2
2023-11,GeForce RTX 4080,Ada,2023,Gaming,16,320,1199,Newegg,1424.08,481,119.2
2023-11,GeForce RTX 4080,Ada,2023,Gaming,16,320,1199,Amazon,1462.04,153,119.2
2023-11,GeForce RTX 4080,Ada,2023,Gaming,16,320,1199,MicroCenter,1453.62,323,119.2
2023-12,GeForce RTX 4080,Ada,2023,Gaming,16,320,1199,Newegg,1689.61,115,119.2
2023-12,GeForce RTX 4080,Ada,2023,Gaming,16,320,1199,PCComponentes,1630.8,56,119.2
2023-12,GeForce RTX 4080,Ada,2023,Gaming,16,320,1199,BestBuy,1573.19,39,119.2
2024-01,GeForce RTX 4080,Ada,2023,Gaming,16,320,1199,Newegg,1330.9,460,119.2
2024-01,GeForce RTX 4080,Ada,2023,Gaming,16,320,1199,PCComponentes,1314.93,118,119.2
2024-01,GeForce RTX 4080,Ada,2023,Gaming,16,320,1199,BestBuy,1320.43,128,119.2
2024-02,GeForce RTX 4080,Ada,2023,Gaming,16,320,1199,Newegg,1524.79,181,119.2
2024-02,GeForce RTX 4080,Ada,2023,Gaming,16,320,1199,BestBuy,1534.5,470,119.2
2024-02,GeForce RTX 4080,Ada,2023,Gaming,16,320,1199,PCComponentes,1613.79,72,119.2
2024-03,GeForce RTX 4080,Ada,2023,Gaming,16,320,1199,MicroCenter,1290.24,182,119.2
2024-03,GeForce RTX 4080,Ada,2023,Gaming,16,320,1199,Newegg,1209.13,242,119.2
2024-03,GeForce RTX 4080,Ada,2023,Gaming,16,320,1199,PCComponentes,1296.86,53,119.2
2024-04,GeForce RTX 4080,Ada,2023,Gaming,16,320,1199,MicroCenter,1605.55,2,119.2
2024-04,GeForce RTX 4080,Ada,2023,Gaming,16,320,1199,PCComponentes,1575.11,121,119.2
2024-04,GeForce RTX 4080,Ada,2023,Gaming,16,320,1199,Newegg,1687.7,96,119.2
2024-05,GeForce RTX 4080,Ada,2023,Gaming,16,320,1199,Amazon,1332.26,52,119.2
2024-05,GeForce RTX 4080,Ada,2023,Gaming,16,320,1199,PCComponentes,1254.89,304,119.2
2024-05,GeForce RTX 4080,Ada,2023,Gaming,16,320,1199,BestBuy,1278.61,393,119.2
2024-06,GeForce RTX 4080,Ada,2023,Gaming,16,320,1199,Newegg,1355.56,351,119.2
2024-06,GeForce RTX 4080,Ada,2023,Gaming,16,320,1199,MicroCenter,1443.01,21,119.2
2024-06,GeForce RTX 4080,Ada,2023,Gaming,16,320,1199,Amazon,1322.05,79,119.2
2024-07,GeForce RTX 4080,Ada,2023,Gaming,16,320,1199,Amazon,1251.65,172,119.2
2024-07,GeForce RTX 4080,Ada,2023,Gaming,16,320,1199,MicroCenter,1225.57,408,119.2
2024-07,GeForce RTX 4080,Ada,2023,Gaming,16,320,1199,BestBuy,1212.78,287,119.2
2024-08,GeForce RTX 4080,Ada,2023,Gaming,16,320,1199,BestBuy,1379.09,35,119.2
2024-08,GeForce RTX 4080,Ada,2023,Gaming,16,320,1199,Newegg,1460.09,41,119.2
2024-08,GeForce RTX 4080,Ada,2023,Gaming,16,320,1199,MicroCenter,1382.02,127,119.2
2024-09,GeForce RTX 4080,Ada,2023,Gaming,16,320,1199,MicroCenter,1362.74,485,119.2
2024-09,GeForce RTX 4080,Ada,2023,Gaming,16,320,1199,PCComponentes,1327.5,404,119.2
2024-09,GeForce RTX 4080,Ada,2023,Gaming,16,320,1199,BestBuy,1307.05,16,119.2
2024-10,GeForce RTX 4080,Ada,2023,Gaming,16,320,1199,BestBuy,1181.02,399,119.2
2024-10,GeForce RTX 4080,Ada,2023,Gaming,16,320,1199,PCComponentes,1253.65,327,119.2
2024-10,GeForce RTX 4080,Ada,2023,Gaming,16,320,1199,MicroCenter,1157.35,83,119.2
2024-11,GeForce RTX 4080,Ada,2023,Gaming,16,320,1199,MicroCenter,1351.04,453,119.2
2024-11,GeForce RTX 4080,Ada,2023,Gaming,16,320,1199,Newegg,1273.45,159,119.2
2024-11,GeForce RTX 4080,Ada,2023,Gaming,16,320,1199,Amazon,1276.26,491,119.2
2024-12,GeForce RTX 4080,Ada,2023,Gaming,16,320,1199,Amazon,1233.42,403,119.2
2024-12,GeForce RTX 4080,Ada,2023,Gaming,16,320,1199,PCComponentes,1231.63,22,119.2
2024-12,GeForce RTX 4080,Ada,2023,Gaming,16,320,1199,Newegg,1161.78,103,119.2
2023-01,GeForce RTX 4070 Ti,Ada,2023,Gaming,12,285,799,Amazon,1157.29,38,97.0
2023-01,GeForce RTX 4070 Ti,Ada,2023,Gaming,12,285,799,Newegg,1199.87,33,97.0
2023-01,GeForce RTX 4070 Ti,Ada,2023,Gaming,12,285,799,MicroCenter,1121.66,123,97.0
2023-02,GeForce RTX 4070 Ti,Ada,2023,Gaming,12,285,799,Newegg,1096.93,237,97.0
2023-02,GeForce RTX 4070 Ti,Ada,2023,Gaming,12,285,799,Amazon,991.81,450,97.0
2023-02,GeForce RTX 4070 Ti,Ada,2023,Gaming,12,285,799,MicroCenter,983.95,105,97.0
2023-03,GeForce RTX 4070 Ti,Ada,2023,Gaming,12,285,799,MicroCenter,1036.29,158,97.0
2023-03,GeForce RTX 4070 Ti,Ada,2023,Gaming,12,285,799,Amazon,1017.86,153,97.0
2023-03,GeForce RTX 4070 Ti,Ada,2023,Gaming,12,285,799,Newegg,1021.35,37,97.0
2023-04,GeForce RTX 4070 Ti,Ada,2023,Gaming,12,285,799,Newegg,1125.84,37,97.0
2023-04,GeForce RTX 4070 Ti,Ada,2023,Gaming,12,285,799,Amazon,1073.42,71,97.0
2023-04,GeForce RTX 4070 Ti,Ada,2023,Gaming,12,285,799,PCComponentes,1135.1,99,97.0
2023-05,GeForce RTX 4070 Ti,Ada,2023,Gaming,12,285,799,MicroCenter,856.61,418,97.0
2023-05,GeForce RTX 4070 Ti,Ada,2023,Gaming,12,285,799,BestBuy,934.49,104,97.0
2023-05,GeForce RTX 4070 Ti,Ada,2023,Gaming,12,285,799,Newegg,893.92,462,97.0
2023-06,GeForce RTX 4070 Ti,Ada,2023,Gaming,12,285,799,Newegg,1209.99,93,97.0
2023-06,GeForce RTX 4070 Ti,Ada,2023,Gaming,12,285,799,MicroCenter,1117.2,147,97.0
2023-06,GeForce RTX 4070 Ti,Ada,2023,Gaming,12,285,799,PCComponentes,1117.09,29,97.0
2023-07,GeForce RTX 4070 Ti,Ada,2023,Gaming,12,285,799,Newegg,985.95,83,97.0
2023-07,GeForce RTX 4070 Ti,Ada,2023,Gaming,12,285,799,PCComponentes,976.3,458,97.0
2023-07,GeForce RTX 4070 Ti,Ada,2023,Gaming,12,285,799,MicroCenter,1063.91,180,97.0
2023-08,GeForce RTX 4070 Ti,Ada,2023,Gaming,12,285,799,Newegg,1042.08,201,97.0
2023-08,GeForce RTX 4070 Ti,Ada,2023,Gaming,12,285,799,Amazon,988.01,259,97.0
2023-08,GeForce RTX 4070 Ti,Ada,2023,Gaming,12,285,799,PCComponentes,1003.83,13,97.0
2023-09,GeForce RTX 4070 Ti,Ada,2023,Gaming,12,285,799,Newegg,1049.38,142,97.0
2023-09,GeForce RTX 4070 Ti,Ada,2023,Gaming,12,285,799,BestBuy,1089.51,97,97.0
2023-09,GeForce RTX 4070 Ti,Ada,2023,Gaming,12,285,799,PCComponentes,997.02,339,97.0
2023-10,GeForce RTX 4070 Ti,Ada,2023,Gaming,12,285,799,MicroCenter,942.11,269,97.0
2023-10,GeForce RTX 4070 Ti,Ada,2023,Gaming,12,285,799,Amazon,882.1,413,97.0
2023-10,GeForce RTX 4070 Ti,Ada,2023,Gaming,12,285,799,Newegg,933.5,481,97.0
2023-11,GeForce RTX 4070 Ti,Ada,2023,Gaming,12,285,799,MicroCenter,1098.0,202,97.0
2023-11,GeForce RTX 4070 Ti,Ada,2023,Gaming,12,285,799,Newegg,1086.28,317,97.0
2023-11,GeForce RTX 4070 Ti,Ada,2023,Gaming,12,285,799,Amazon,1094.66,407,97.0
2023-12,GeForce RTX 4070 Ti,Ada,2023,Gaming,12,285,799,BestBuy,1109.01,11,97.0
2023-12,GeForce RTX 4070 Ti,Ada,2023,Gaming,12,285,799,PCComponentes,1089.97,40,97.0
2023-12,GeForce RTX 4070 Ti,Ada,2023,Gaming,12,285,799,Newegg,1077.99,11,97.0
2024-01,GeForce RTX 4070 Ti,Ada,2023,Gaming,12,285,799,Amazon,947.63,287,97.0
2024-01,GeForce RTX 4070 Ti,Ada,2023,Gaming,12,285,799,Newegg,989.91,427,97.0
2024-01,GeForce RTX 4070 Ti,Ada,2023,Gaming,12,285,799,BestBuy,993.06,199,97.0
2024-02,GeForce RTX 4070 Ti,Ada,2023,Gaming,12,285,799,PCComponentes,1008.73,371,97.0
2024-02,GeForce RTX 4070 Ti,Ada,2023,Gaming,12,285,799,Newegg,1052.67,467,97.0
2024-02,GeForce RTX 4070 Ti,Ada,2023,Gaming,12,285,799,BestBuy,1072.95,110,97.0
2024-03,GeForce RTX 4070 Ti,Ada,2023,Gaming,12,285,799,PCComponentes,964.63,492,97.0
2024-03,GeForce RTX 4070 Ti,Ada,2023,Gaming,12,285,799,Amazon,924.45,398,97.0
2024-03,GeForce RTX 4070 Ti,Ada,2023,Gaming,12,285,799,Newegg,987.7,322,97.0
2024-04,GeForce RTX 4070 Ti,Ada,2023,Gaming,12,285,799,MicroCenter,1051.64,144,97.0
2024-04,GeForce RTX 4070 Ti,Ada,2023,Gaming,12,285,799,Amazon,1054.23,5,97.0
2024-04,GeForce RTX 4070 Ti,Ada,2023,Gaming,12,285,799,PCComponentes,978.95,39,97.0
2024-05,GeForce RTX 4070 Ti,Ada,2023,Gaming,12,285,799,BestBuy,1067.81,45,97.0
2024-05,GeForce RTX 4070 Ti,Ada,2023,Gaming,12,285,799,PCComponentes,1100.19,54,97.0
2024-05,GeForce RTX 4070 Ti,Ada,2023,Gaming,12,285,799,MicroCenter,1089.2,21,97.0
2024-06,GeForce RTX 4070 Ti,Ada,2023,Gaming,12,285,799,Amazon,832.29,376,97.0
2024-06,GeForce RTX 4070 Ti,Ada,2023,Gaming,12,285,799,MicroCenter,902.56,200,97.0
2024-06,GeForce RTX 4070 Ti,Ada,2023,Gaming,12,285,799,PCComponentes,860.36,244,97.0
2024-07,GeForce RTX 4070 Ti,Ada,2023,Gaming,12,285,799,PCComponentes,1036.19,191,97.0
2024-07,GeForce RTX 4070 Ti,Ada,2023,Gaming,12,285,799,Newegg,1062.75,356,97.0
2024-07,GeForce RTX 4070 Ti,Ada,2023,Gaming,12,285,799,BestBuy,1022.63,322,97.0
2024-08,GeForce RTX 4070 Ti,Ada,2023,Gaming,12,285,799,PCComponentes,894.24,106,97.0
2024-08,GeForce RTX 4070 Ti,Ada,2023,Gaming,12,285,799,BestBuy,927.03,272,97.0
2024-08,GeForce RTX 4070 Ti,Ada,2023,Gaming,12,285,799,Amazon,894.91,149,97.0
2024-09,GeForce RTX 4070 Ti,Ada,2023,Gaming,12,285,799,PCComponentes,933.25,83,97.0
2024-09,GeForce RTX 4070 Ti,Ada,2023,Gaming,12,285,799,Newegg,928.62,42,97.0
2024-09,GeForce RTX 4070 Ti,Ada,2023,Gaming,12,285,799,Amazon,867.32,376,97.0
2024-10,GeForce RTX 4070 Ti,Ada,2023,Gaming,12,285,799,Amazon,891.36,460,97.0
2024-10,GeForce RTX 4070 Ti,Ada,2023,Gaming,12,285,799,MicroCenter,946.79,359,97.0
2024-10,GeForce RTX 4070 Ti,Ada,2023,Gaming,12,285,799,PCComponentes,950.92,490,97.0
2024-11,GeForce RTX 4070 Ti,Ada,2023,Gaming,12,285,799,Amazon,955.54,326,97.0
2024-11,GeForce RTX 4070 Ti,Ada,2023,Gaming,12,285,799,Newegg,943.15,161,97.0
2024-11,GeForce RTX 4070 Ti,Ada,2023,Gaming,12,285,799,MicroCenter,939.63,84,97.0
2024-12,GeForce RTX 4070 Ti,Ada,2023,Gaming,12,285,799,PCComponentes,965.14,300,97.0
2024-12,GeForce RTX 4070 Ti,Ada,2023,Gaming,12,285,799,MicroCenter,892.77,313,97.0
2024-12,GeForce RTX 4070 Ti,Ada,2023,Gaming,12,285,799,Newegg,903.29,145,97.0
2023-01,GeForce RTX 4070,Ada,2023,Gaming,12,200,599,MicroCenter,909.23,121,77.9
2023-01,GeForce RTX 4070,Ada,2023,Gaming,12,200,599,Newegg,912.0,90,77.9
2023-01,GeForce RTX 4070,Ada,2023,Gaming,12,200,599,BestBuy,870.7,48,77.9
2023-02,GeForce RTX 4070,Ada,2023,Gaming,12,200,599,PCComponentes,746.85,402,77.9
2023-02,GeForce RTX 4070,Ada,2023,Gaming,12,200,599,MicroCenter,762.21,339,77.9
2023-02,GeForce RTX 4070,Ada,2023,Gaming,12,200,599,BestBuy,756.0,149,77.9
2023-03,GeForce RTX 4070,Ada,2023,Gaming,12,200,599,PCComponentes,873.52,58,77.9
2023-03,GeForce RTX 4070,Ada,2023,Gaming,12,200,599,Newegg,874.28,115,77.9
2023-03,GeForce RTX 4070,Ada,2023,Gaming,12,200,599,BestBuy,962.94,33,77.9
2023-04,GeForce RTX 4070,Ada,2023,Gaming,12,200,599,PCComponentes,802.06,23,77.9
2023-04,GeForce RTX 4070,Ada,2023,Gaming,12,200,599,Newegg,827.19,0,77.9
2023-04,GeForce RTX 4070,Ada,2023,Gaming,12,200,599,Amazon,825.39,140,77.9
2023-05,GeForce RTX 4070,Ada,2023,Gaming,12,200,599,MicroCenter,618.61,79,77.9
2023-05,GeForce RTX 4070,Ada,2023,Gaming,12,200,599,Amazon,615.79,158,77.9
2023-05,GeForce RTX 4070,Ada,2023,Gaming,12,200,599,Newegg,633.73,201,77.9
2023-06,GeForce RTX 4070,Ada,2023,Gaming,12,200,599,BestBuy,769.07,252,77.9
2023-06,GeForce RTX 4070,Ada,2023,Gaming,12,200,599,Amazon,798.36,23,77.9
2023-06,GeForce RTX 4070,Ada,2023,Gaming,12,200,599,PCComponentes,791.21,54,77.9
2023-07,GeForce RTX 4070,Ada,2023,Gaming,12,200,599,PCComponentes,664.98,355,77.9
2023-07,GeForce RTX 4070,Ada,2023,Gaming,12,200,599,MicroCenter,677.33,444,77.9
2023-07,GeForce RTX 4070,Ada,2023,Gaming,12,200,599,BestBuy,657.75,170,77.9
2023-08,GeForce RTX 4070,Ada,2023,Gaming,12,200,599,BestBuy,643.5,260,77.9
2023-08,GeForce RTX 4070,Ada,2023,Gaming,12,200,599,MicroCenter,628.76,407,77.9
2023-08,GeForce RTX 4070,Ada,2023,Gaming,12,200,599,Amazon,677.87,342,77.9
2023-09,GeForce RTX 4070,Ada,2023,Gaming,12,200,599,MicroCenter,810.94,85,77.9
2023-09,GeForce RTX 4070,Ada,2023,Gaming,12,200,599,Newegg,815.74,120,77.9
2023-09,GeForce RTX 4070,Ada,2023,Gaming,12,200,599,BestBuy,870.86,6,77.9
2023-10,GeForce RTX 4070,Ada,2023,Gaming,12,200,599,BestBuy,795.89,248,77.9
2023-10,GeForce RTX 4070,Ada,2023,Gaming,12,200,599,Amazon,774.92,404,77.9
2023-10,GeForce RTX 4070,Ada,2023,Gaming,12,200,599,PCComponentes,815.27,179,77.9
2023-11,GeForce RTX 4070,Ada,2023,Gaming,12,200,599,MicroCenter,719.64,181,77.9
2023-11,GeForce RTX 4070,Ada,2023,Gaming,12,200,599,Amazon,694.67,195,77.9
2023-11,GeForce RTX 4070,Ada,2023,Gaming,12,200,599,PCComponentes,745.55,174,77.9
2023-12,GeForce RTX 4070,Ada,2023,Gaming,12,200,599,Amazon,742.11,84,77.9
2023-12,GeForce RTX 4070,Ada,2023,Gaming,12,200,599,PCComponentes,746.66,115,77.9
2023-12,GeForce RTX 4070,Ada,2023,Gaming,12,200,599,MicroCenter,721.81,350,77.9
2024-01,GeForce RTX 4070,Ada,2023,Gaming,12,200,599,Newegg,815.86,106,77.9
2024-01,GeForce RTX 4070,Ada,2023,Gaming,12,200,599,Amazon,811.9,14,77.9
2024-01,GeForce RTX 4070,Ada,2023,Gaming,12,200,599,BestBuy,825.02,112,77.9
2024-02,GeForce RTX 4070,Ada,2023,Gaming,12,200,599,Newegg,728.34,21,77.9
2024-02,GeForce RTX 4070,Ada,2023,Gaming,12,200,599,MicroCenter,760.14,275,77.9
2024-02,GeForce RTX 4070,Ada,2023,Gaming,12,200,599,PCComponentes,734.4,33,77.9
2024-03,GeForce RTX 4070,Ada,2023,Gaming,12,200,599,Newegg,709.71,438,77.9
2024-03,GeForce RTX 4070,Ada,2023,Gaming,12,200,599,Amazon,726.69,78,77.9
2024-03,GeForce RTX 4070,Ada,2023,Gaming,12,200,599,PCComponentes,710.97,499,77.9
2024-04,GeForce RTX 4070,Ada,2023,Gaming,12,200,599,Amazon,696.67,339,77.9
2024-04,GeForce RTX 4070,Ada,2023,Gaming,12,200,599,MicroCenter,627.04,116,77.9
2024-04,GeForce RTX 4070,Ada,2023,Gaming,12,200,599,BestBuy,681.08,481,77.9
2024-05,GeForce RTX 4070,Ada,2023,Gaming,12,200,599,PCComponentes,655.78,369,77.9
2024-05,GeForce RTX 4070,Ada,2023,Gaming,12,200,599,Newegg,640.92,235,77.9
2024-05,GeForce RTX 4070,Ada,2023,Gaming,12,200,599,MicroCenter,667.18,355,77.9
2024-06,GeForce RTX 4070,Ada,2023,Gaming,12,200,599,BestBuy,675.9,96,77.9
2024-06,GeForce RTX 4070,Ada,2023,Gaming,12,200,599,Amazon,709.36,347,77.9
2024-06,GeForce RTX 4070,Ada,2023,Gaming,12,200,599,Newegg,651.24,239,77.9
2024-07,GeForce RTX 4070,Ada,2023,Gaming,12,200,599,MicroCenter,680.0,354,77.9
2024-07,GeForce RTX 4070,Ada,2023,Gaming,12,200,599,Amazon,647.08,399,77.9
2024-07,GeForce RTX 4070,Ada,2023,Gaming,12,200,599,BestBuy,643.46,72,77.9
2024-08,GeForce RTX 4070,Ada,2023,Gaming,12,200,599,Amazon,633.25,265,77.9
2024-08,GeForce RTX 4070,Ada,2023,Gaming,12,200,599,PCComponentes,607.21,78,77.9
2024-08,GeForce RTX 4070,Ada,2023,Gaming,12,200,599,BestBuy,605.58,112,77.9
2024-09,GeForce RTX 4070,Ada,2023,Gaming,12,200,599,BestBuy,659.02,154,77.9
2024-09,GeForce RTX 4070,Ada,2023,Gaming,12,200,599,Newegg,713.2,351,77.9
2024-09,GeForce RTX 4070,Ada,2023,Gaming,12,200,599,PCComponentes,670.52,222,77.9
2024-10,GeForce RTX 4070,Ada,2023,Gaming,12,200,599,Amazon,661.3,430,77.9
2024-10,GeForce RTX 4070,Ada,2023,Gaming,12,200,599,PCComponentes,663.83,461,77.9
2024-10,GeForce RTX 4070,Ada,2023,Gaming,12,200,599,Newegg,589.73,219,77.9
2024-11,GeForce RTX 4070,Ada,2023,Gaming,12,200,599,Newegg,628.46,279,77.9
2024-11,GeForce RTX 4070,Ada,2023,Gaming,12,200,599,Amazon,603.78,14,77.9
2024-11,GeForce RTX 4070,Ada,2023,Gaming,12,200,599,MicroCenter,642.84,429,77.9
2024-12,GeForce RTX 4070,Ada,2023,Gaming,12,200,599,BestBuy,577.41,133,77.9
2024-12,GeForce RTX 4070,Ada,2023,Gaming,12,200,599,Newegg,595.29,179,77.9
2024-12,GeForce RTX 4070,Ada,2023,Gaming,12,200,599,Amazon,634.97,175,77.9
2023-01,GeForce RTX 4060 Ti,Ada,2023,Gaming,8,160,399,Amazon,464.08,240,56.2
2023-01,GeForce RTX 4060 Ti,Ada,2023,Gaming,8,160,399,MicroCenter,459.68,129,56.2
2023-01,GeForce RTX 4060 Ti,Ada,2023,Gaming,8,160,399,BestBuy,478.03,274,56.2
2023-02,GeForce RTX 4060 Ti,Ada,2023,Gaming,8,160,399,MicroCenter,498.56,205,56.2
2023-02,GeForce RTX 4060 Ti,Ada,2023,Gaming,8,160,399,Amazon,521.26,105,56.2
2023-02,GeForce RTX 4060 Ti,Ada,2023,Gaming,8,160,399,Newegg,508.43,8,56.2
2023-03,GeForce RTX 4060 Ti,Ada,2023,Gaming,8,160,399,MicroCenter,490.66,289,56.2
2023-03,GeForce RTX 4060 Ti,Ada,2023,Gaming,8,160,399,PCComponentes,482.85,296,56.2
2023-03,GeForce RTX 4060 Ti,Ada,2023,Gaming,8,160,399,BestBuy,465.7,475,56.2
2023-04,GeForce RTX 4060 Ti,Ada,2023,Gaming,8,160,399,Amazon,549.57,277,56.2
2023-04,GeForce RTX 4060 Ti,Ada,2023,Gaming,8,160,399,Newegg,489.7,88,56.2
2023-04,GeForce RTX 4060 Ti,Ada,2023,Gaming,8,160,399,BestBuy,505.71,361,56.2
2023-05,GeForce RTX 4060 Ti,Ada,2023,Gaming,8,160,399,PCComponentes,602.41,10,56.2
2023-05,GeForce RTX 4060 Ti,Ada,2023,Gaming,8,160,399,BestBuy,607.23,73,56.2
2023-05,GeForce RTX 4060 Ti,Ada,2023,Gaming,8,160,399,Amazon,585.62,43,56.2
2023-06,GeForce RTX 4060 Ti,Ada,2023,Gaming,8,160,399,MicroCenter,512.44,110,56.2
2023-06,GeForce RTX 4060 Ti,Ada,2023,Gaming,8,160,399,BestBuy,513.58,467,56.2
2023-06,GeForce RTX 4060 Ti,Ada,2023,Gaming,8,160,399,PCComponentes,502.83,270,56.2
2023-07,GeForce RTX 4060 Ti,Ada,2023,Gaming,8,160,399,Newegg,529.07,456,56.2
2023-07,GeForce RTX 4060 Ti,Ada,2023,Gaming,8,160,399,Amazon,493.42,406,56.2
2023-07,GeForce RTX 4060 Ti,Ada,2023,Gaming,8,160,399,MicroCenter,549.2,460,56.2
2023-08,GeForce RTX 4060 Ti,Ada,2023,Gaming,8,160,399,MicroCenter,477.37,327,56.2
2023-08,GeForce RTX 4060 Ti,Ada,2023,Gaming,8,160,399,BestBuy,529.98,285,56.2
2023-08,GeForce RTX 4060 Ti,Ada,2023,Gaming,8,160,399,Newegg,517.74,82,56.2
2023-09,GeForce RTX 4060 Ti,Ada,2023,Gaming,8,160,399,BestBuy,456.15,23,56.2
2023-09,GeForce RTX 4060 Ti,Ada,2023,Gaming,8,160,399,MicroCenter,449.91,420,56.2
2023-09,GeForce RTX 4060 Ti,Ada,2023,Gaming,8,160,399,Amazon,430.97,343,56.2
2023-10,GeForce RTX 4060 Ti,Ada,2023,Gaming,8,160,399,BestBuy,537.47,122,56.2
2023-10,GeForce RTX 4060 Ti,Ada,2023,Gaming,8,160,399,MicroCenter,562.35,131,56.2
2023-10,GeForce RTX 4060 Ti,Ada,2023,Gaming,8,160,399,Newegg,563.26,50,56.2
2023-11,GeForce RTX 4060 Ti,Ada,2023,Gaming,8,160,399,BestBuy,453.57,167,56.2
2023-11,GeForce RTX 4060 Ti,Ada,2023,Gaming,8,160,399,MicroCenter,454.2,26,56.2
2023-11,GeForce RTX 4060 Ti,Ada,2023,Gaming,8,160,399,Newegg,463.33,455,56.2
2023-12,GeForce RTX 4060 Ti,Ada,2023,Gaming,8,160,399,Amazon,458.35,240,56.2
2023-12,GeForce RTX 4060 Ti,Ada,2023,Gaming,8,160,399,PCComponentes,485.18,431,56.2
2023-12,GeForce RTX 4060 Ti,Ada,2023,Gaming,8,160,399,Newegg,488.47,67,56.2
2024-01,GeForce RTX 4060 Ti,Ada,2023,Gaming,8,160,399,BestBuy,476.03,370,56.2
2024-01,GeForce RTX 4060 Ti,Ada,2023,Gaming,8,160,399,MicroCenter,463.74,393,56.2
2024-01,GeForce RTX 4060 Ti,Ada,2023,Gaming,8,160,399,Amazon,467.34,486,56.2
2024-02,GeForce RTX 4060 Ti,Ada,2023,Gaming,8,160,399,PCComponentes,387.78,119,56.2
2024-02,GeForce RTX 4060 Ti,Ada,2023,Gaming,8,160,399,MicroCenter,425.02,463,56.2
2024-02,GeForce RTX 4060 Ti,Ada,2023,Gaming,8,160,399,BestBuy,421.07,109,56.2
2024-03,GeForce RTX 4060 Ti,Ada,2023,Gaming,8,160,399,BestBuy,440.91,414,56.2
2024-03,GeForce RTX 4060 Ti,Ada,2023,Gaming,8,160,399,MicroCenter,434.5,200,56.2
2024-03,GeForce RTX 4060 Ti,Ada,2023,Gaming,8,160,399,Amazon,477.04,378,56.2
2024-04,GeForce RTX 4060 Ti,Ada,2023,Gaming,8,160,399,MicroCenter,394.02,7,56.2
2024-04,GeForce RTX 4060 Ti,Ada,2023,Gaming,8,160,399,BestBuy,416.94,242,56.2
2024-04,GeForce RTX 4060 Ti,Ada,2023,Gaming,8,160,399,Newegg,408.35,17,56.2
2024-05,GeForce RTX 4060 Ti,Ada,2023,Gaming,8,160,399,MicroCenter,473.58,257,56.2
2024-05,GeForce RTX 4060 Ti,Ada,2023,Gaming,8,160,399,Newegg,440.83,289,56.2
2024-05,GeForce RTX 4060 Ti,Ada,2023,Gaming,8,160,399,BestBuy,471.89,220,56.2
2024-06,GeForce RTX 4060 Ti,Ada,2023,Gaming,8,160,399,BestBuy,405.3,60,56.2
2024-06,GeForce RTX 4060 Ti,Ada,2023,Gaming,8,160,399,PCComponentes,421.69,450,56.2
2024-06,GeForce RTX 4060 Ti,Ada,2023,Gaming,8,160,399,MicroCenter,439.33,302,56.2
2024-07,GeForce RTX 4060 Ti,Ada,2023,Gaming,8,160,399,BestBuy,469.59,429,56.2
2024-07,GeForce RTX 4060 Ti,Ada,2023,Gaming,8,160,399,PCComponentes,506.81,145,56.2
2024-07,GeForce RTX 4060 Ti,Ada,2023,Gaming,8,160,399,Newegg,478.7,194,56.2
2024-08,GeForce RTX 4060 Ti,Ada,2023,Gaming,8,160,399,Newegg,417.46,42,56.2
2024-08,GeForce RTX 4060 Ti,Ada,2023,Gaming,8,160,399,BestBuy,407.7,40,56.2
2024-08,GeForce RTX 4060 Ti,Ada,2023,Gaming,8,160,399,MicroCenter,441.93,25,56.2
2024-09,GeForce RTX 4060 Ti,Ada,2023,Gaming,8,160,399,Newegg,464.99,364,56.2
2024-09,GeForce RTX 4060 Ti,Ada,2023,Gaming,8,160,399,Amazon,450.63,10,56.2
2024-09,GeForce RTX 4060 Ti,Ada,2023,Gaming,8,160,399,BestBuy,479.43,396,56.2
2024-10,GeForce RTX 4060 Ti,Ada,2023,Gaming,8,160,399,BestBuy,434.45,346,56.2
2024-10,GeForce RTX 4060 Ti,Ada,2023,Gaming,8,160,399,Amazon,458.09,465,56.2
2024-10,GeForce RTX 4060 Ti,Ada,2023,Gaming,8,160,399,PCComponentes,466.6,69,56.2
2024-11,GeForce RTX 4060 Ti,Ada,2023,Gaming,8,160,399,BestBuy,502.61,16,56.2
2024-11,GeForce RTX 4060 Ti,Ada,2023,Gaming,8,160,399,Amazon,498.22,386,56.2
2024-11,GeForce RTX 4060 Ti,Ada,2023,Gaming,8,160,399,Newegg,463.12,181,56.2
2024-12,GeForce RTX 4060 Ti,Ada,2023,Gaming,8,160,399,MicroCenter,410.63,163,56.2
2024-12,GeForce RTX 4060 Ti,Ada,2023,Gaming,8,160,399,PCComponentes,435.7,158,56.2
2024-12,GeForce RTX 4060 Ti,Ada,2023,Gaming,8,160,399,BestBuy,425.64,458,56.2
2023-01,GeForce RTX 4060,Ada,2023,Gaming,8,115,299,BestBuy,455.58,25,57.1
2023-01,GeForce RTX 4060,Ada,2023,Gaming,8,115,299,PCComponentes,457.43,59,57.1
2023-01,GeForce RTX 4060,Ada,2023,Gaming,8,115,299,Amazon,408.06,127,57.1
2023-02,GeForce RTX 4060,Ada,2023,Gaming,8,115,299,Amazon,392.77,239,57.1
2023-02,GeForce RTX 4060,Ada,2023,Gaming,8,115,299,PCComponentes,366.47,171,57.1
2023-02,GeForce RTX 4060,Ada,2023,Gaming,8,115,299,BestBuy,366.73,27,57.1
2023-03,GeForce RTX 4060,Ada,2023,Gaming,8,115,299,PCComponentes,387.86,404,57.1
2023-03,GeForce RTX 4060,Ada,2023,Gaming,8,115,299,MicroCenter,376.78,273,57.1
2023-03,GeForce RTX 4060,Ada,2023,Gaming,8,115,299,BestBuy,359.42,427,57.1
2023-04,GeForce RTX 4060,Ada,2023,Gaming,8,115,299,MicroCenter,388.94,2,57.1
2023-04,GeForce RTX 4060,Ada,2023,Gaming,8,115,299,Amazon,366.47,96,57.1
2023-04,GeForce RTX 4060,Ada,2023,Gaming,8,115,299,Newegg,401.75,390,57.1
2023-05,GeForce RTX 4060,Ada,2023,Gaming,8,115,299,Amazon,342.33,47,57.1
2023-05,GeForce RTX 4060,Ada,2023,Gaming,8,115,299,BestBuy,379.4,0,57.1
2023-05,GeForce RTX 4060,Ada,2023,Gaming,8,115,299,Newegg,363.44,13,57.1
2023-06,GeForce RTX 4060,Ada,2023,Gaming,8,115,299,MicroCenter,359.25,218,57.1
2023-06,GeForce RTX 4060,Ada,2023,Gaming,8,115,299,Amazon,361.83,264,57.1
2023-06,GeForce RTX 4060,Ada,2023,Gaming,8,115,299,BestBuy,371.32,489,57.1
2023-07,GeForce RTX 4060,Ada,2023,Gaming,8,115,299,Amazon,388.48,203,57.1
2023-07,GeForce RTX 4060,Ada,2023,Gaming,8,115,299,Newegg,357.05,308,57.1
2023-07,GeForce RTX 4060,Ada,2023,Gaming,8,115,299,BestBuy,404.42,319,57.1
2023-08,GeForce RTX 4060,Ada,2023,Gaming,8,115,299,BestBuy,394.31,421,57.1
2023-08,GeForce RTX 4060,Ada,2023,Gaming,8,115,299,PCComponentes,351.1,292,57.1
2023-08,GeForce RTX 4060,Ada,2023,Gaming,8,115,299,Amazon,382.81,448,57.1
2023-09,GeForce RTX 4060,Ada,2023,Gaming,8,115,299,Amazon,377.01,380,57.1
2023-09,GeForce RTX 4060,Ada,2023,Gaming,8,115,299,BestBuy,398.57,246,57.1
2023-09,GeForce RTX 4060,Ada,2023,Gaming,8,115,299,Newegg,382.59,3,57.1
2023-10,GeForce RTX 4060,Ada,2023,Gaming,8,115,299,MicroCenter,433.43,89,57.1
2023-10,GeForce RTX 4060,Ada,2023,Gaming,8,115,299,PCComponentes,442.84,77,57.1
2023-10,GeForce RTX 4060,Ada,2023,Gaming,8,115,299,Amazon,425.13,132,57.1
2023-11,GeForce RTX 4060,Ada,2023,Gaming,8,115,299,Amazon,334.83,196,57.1
2023-11,GeForce RTX 4060,Ada,2023,Gaming,8,115,299,PCComponentes,337.0,379,57.1
2023-11,GeForce RTX 4060,Ada,2023,Gaming,8,115,299,Newegg,341.6,18,57.1
2023-12,GeForce RTX 4060,Ada,2023,Gaming,8,115,299,Newegg,377.66,181,57.1
2023-12,GeForce RTX 4060,Ada,2023,Gaming,8,115,299,BestBuy,376.32,385,57.1
2023-12,GeForce RTX 4060,Ada,2023,Gaming,8,115,299,MicroCenter,363.98,273,57.1
2024-01,GeForce RTX 4060,Ada,2023,Gaming,8,115,299,PCComponentes,379.31,19,57.1
2024-01,GeForce RTX 4060,Ada,2023,Gaming,8,115,299,Newegg,367.39,141,57.1
2024-01,GeForce RTX 4060,Ada,2023,Gaming,8,115,299,BestBuy,379.08,451,57.1
2024-02,GeForce RTX 4060,Ada,2023,Gaming,8,115,299,PCComponentes,331.03,423,57.1
2024-02,GeForce RTX 4060,Ada,2023,Gaming,8,115,299,MicroCenter,357.17,268,57.1
2024-02,GeForce RTX 4060,Ada,2023,Gaming,8,115,299,Newegg,346.07,350,57.1
2024-03,GeForce RTX 4060,Ada,2023,Gaming,8,115,299,BestBuy,334.66,453,57.1
2024-03,GeForce RTX 4060,Ada,2023,Gaming,8,115,299,MicroCenter,330.66,496,57.1
2024-03,GeForce RTX 4060,Ada,2023,Gaming,8,115,299,Newegg,344.57,125,57.1
2024-04,GeForce RTX 4060,Ada,2023,Gaming,8,115,299,Newegg,355.7,354,57.1
2024-04,GeForce RTX 4060,Ada,2023,Gaming,8,115,299,MicroCenter,375.73,471,57.1
2024-04,GeForce RTX 4060,Ada,2023,Gaming,8,115,299,PCComponentes,378.61,386,57.1
2024-05,GeForce RTX 4060,Ada,2023,Gaming,8,115,299,Amazon,327.6,458,57.1
2024-05,GeForce RTX 4060,Ada,2023,Gaming,8,115,299,PCComponentes,350.18,186,57.1
2024-05,GeForce RTX 4060,Ada,2023,Gaming,8,115,299,BestBuy,333.8,94,57.1
2024-06,GeForce RTX 4060,Ada,2023,Gaming,8,115,299,PCComponentes,390.98,240,57.1
2024-06,GeForce RTX 4060,Ada,2023,Gaming,8,115,299,BestBuy,376.03,272,57.1
2024-06,GeForce RTX 4060,Ada,2023,Gaming,8,115,299,Amazon,383.08,486,57.1
2024-07,GeForce RTX 4060,Ada,2023,Gaming,8,115,299,BestBuy,353.14,32,57.1
2024-07,GeForce RTX 4060,Ada,2023,Gaming,8,115,299,Amazon,366.63,243,57.1
2024-07,GeForce RTX 4060,Ada,2023,Gaming,8,115,299,MicroCenter,367.48,444,57.1
2024-08,GeForce RTX 4060,Ada,2023,Gaming,8,115,299,MicroCenter,351.95,40,57.1
2024-08,GeForce RTX 4060,Ada,2023,Gaming,8,115,299,PCComponentes,327.24,327,57.1
2024-08,GeForce RTX 4060,Ada,2023,Gaming,8,115,299,Amazon,329.65,219,57.1
2024-09,GeForce RTX 4060,Ada,2023,Gaming,8,115,299,MicroCenter,330.1,11,57.1
2024-09,GeForce RTX 4060,Ada,2023,Gaming,8,115,299,PCComponentes,353.06,181,57.1
2024-09,GeForce RTX 4060,Ada,2023,Gaming,8,115,299,Newegg,346.34,248,57.1
2024-10,GeForce RTX 4060,Ada,2023,Gaming,8,115,299,Newegg,310.07,458,57.1
2024-10,GeForce RTX 4060,Ada,2023,Gaming,8,115,299,Amazon,296.29,147,57.1
2024-10,GeForce RTX 4060,Ada,2023,Gaming,8,115,299,MicroCenter,292.21,131,57.1
2024-11,GeForce RTX 4060,Ada,2023,Gaming,8,115,299,Amazon,303.47,487,57.1
2024-11,GeForce RTX 4060,Ada,2023,Gaming,8,115,299,MicroCenter,308.55,140,57.1
2024-11,GeForce RTX 4060,Ada,2023,Gaming,8,115,299,BestBuy,326.25,378,57.1
2024-12,GeForce RTX 4060,Ada,2023,Gaming,8,115,299,Newegg,293.73,346,57.1
2024-12,GeForce RTX 4060,Ada,2023,Gaming,8,115,299,PCComponentes,317.71,396,57.1
2024-12,GeForce RTX 4060,Ada,2023,Gaming,8,115,299,MicroCenter,316.56,322,57.1
2023-01,GeForce RTX 3090,Ampere,2021,Gaming,24,350,1499,BestBuy,1999.75,492,137.4
2023-01,GeForce RTX 3090,Ampere,2021,Gaming,24,350,1499,PCComponentes,2022.57,344,137.4
2023-01,GeForce RTX 3090,Ampere,2021,Gaming,24,350,1499,Amazon,1976.76,298,137.4
2023-02,GeForce RTX 3090,Ampere,2021,Gaming,24,350,1499,Amazon,2257.1,97,137.4
2023-02,GeForce RTX 3090,Ampere,2021,Gaming,24,350,1499,BestBuy,2207.89,19,137.4
2023-02,GeForce RTX 3090,Ampere,2021,Gaming,24,350,1499,PCComponentes,2305.04,146,137.4
2023-03,GeForce RTX 3090,Ampere,2021,Gaming,24,350,1499,MicroCenter,2112.79,43,137.4
2023-03,GeForce RTX 3090,Ampere,2021,Gaming,24,350,1499,BestBuy,2189.61,79,137.4
2023-03,GeForce RTX 3090,Ampere,2021,Gaming,24,350,1499,PCComponentes,2054.26,115,137.4
2023-04,GeForce RTX 3090,Ampere,2021,Gaming,24,350,1499,PCComponentes,1801.26,87,137.4
2023-04,GeForce RTX 3090,Ampere,2021,Gaming,24,350,1499,BestBuy,1807.35,423,137.4
2023-04,GeForce RTX 3090,Ampere,2021,Gaming,24,350,1499,Amazon,1870.92,105,137.4
2023-05,GeForce RTX 3090,Ampere,2021,Gaming,24,350,1499,BestBuy,1906.76,41,137.4
2023-05,GeForce RTX 3090,Ampere,2021,Gaming,24,350,1499,MicroCenter,1885.03,348,137.4
2023-05,GeForce RTX 3090,Ampere,2021,Gaming,24,350,1499,Newegg,2039.33,235,137.4
2023-06,GeForce RTX 3090,Ampere,2021,Gaming,24,350,1499,MicroCenter,2203.63,52,137.4
2023-06,GeForce RTX 3090,Ampere,2021,Gaming,24,350,1499,BestBuy,2257.07,131,137.4
2023-06,GeForce RTX 3090,Ampere,2021,Gaming,24,350,1499,Amazon,2345.26,137,137.4
2023-07,GeForce RTX 3090,Ampere,2021,Gaming,24,350,1499,PCComponentes,1897.49,435,137.4
2023-07,GeForce RTX 3090,Ampere,2021,Gaming,24,350,1499,MicroCenter,1971.96,201,137.4
2023-07,GeForce RTX 3090,Ampere,2021,Gaming,24,350,1499,BestBuy,1997.57,106,137.4
2023-08,GeForce RTX 3090,Ampere,2021,Gaming,24,350,1499,PCComponentes,1886.54,304,137.4
2023-08,GeForce RTX 3090,Ampere,2021,Gaming,24,350,1499,MicroCenter,1925.2,373,137.4
2023-08,GeForce RTX 3090,Ampere,2021,Gaming,24,350,1499,Newegg,1868.79,149,137.4
2023-09,GeForce RTX 3090,Ampere,2021,Gaming,24,350,1499,Amazon,1933.51,378,137.4
2023-09,GeForce RTX 3090,Ampere,2021,Gaming,24,350,1499,MicroCenter,1967.16,153,137.4
2023-09,GeForce RTX 3090,Ampere,2021,Gaming,24,350,1499,Newegg,1919.47,43,137.4
2023-10,GeForce RTX 3090,Ampere,2021,Gaming,24,350,1499,Amazon,2232.89,57,137.4
2023-10,GeForce RTX 3090,Ampere,2021,Gaming,24,350,1499,BestBuy,2175.11,137,137.4
2023-10,GeForce RTX 3090,Ampere,2021,Gaming,24,350,1499,Newegg,2251.62,45,137.4
2023-11,GeForce RTX 3090,Ampere,2021,Gaming,24,350,1499,MicroCenter,1649.27,137,137.4
2023-11,GeForce RTX 3090,Ampere,2021,Gaming,24,350,1499,Amazon,1644.47,152,137.4
2023-11,GeForce RTX 3090,Ampere,2021,Gaming,24,350,1499,PCComponentes,1533.71,230,137.4
2023-12,GeForce RTX 3090,Ampere,2021,Gaming,24,350,1499,Newegg,1728.31,440,137.4
2023-12,GeForce RTX 3090,Ampere,2021,Gaming,24,350,1499,BestBuy,1754.6,284,137.4
2023-12,GeForce RTX 3090,Ampere,2021,Gaming,24,350,1499,Amazon,1769.26,96,137.4
2024-01,GeForce RTX 3090,Ampere,2021,Gaming,24,350,1499,BestBuy,1694.21,447,137.4
2024-01,GeForce RTX 3090,Ampere,2021,Gaming,24,350,1499,Amazon,1740.58,356,137.4
2024-01,GeForce RTX 3090,Ampere,2021,Gaming,24,350,1499,Newegg,1711.78,293,137.4
2024-02,GeForce RTX 3090,Ampere,2021,Gaming,24,350,1499,Amazon,1983.76,449,137.4
2024-02,GeForce RTX 3090,Ampere,2021,Gaming,24,350,1499,BestBuy,1877.22,357,137.4
2024-02,GeForce RTX 3090,Ampere,2021,Gaming,24,350,1499,Newegg,1958.33,19,137.4
2024-03,GeForce RTX 3090,Ampere,2021,Gaming,24,350,1499,Newegg,1810.79,252,137.4
2024-03,GeForce RTX 3090,Ampere,2021,Gaming,24,350,1499,Amazon,1937.52,160,137.4
2024-03,GeForce RTX 3090,Ampere,2021,Gaming,24,350,1499,BestBuy,2039.81,280,137.4
2024-04,GeForce RTX 3090,Ampere,2021,Gaming,24,350,1499,Amazon,1701.19,128,137.4
2024-04,GeForce RTX 3090,Ampere,2021,Gaming,24,350,1499,MicroCenter,1833.25,49,137.4
2024-04,GeForce RTX 3090,Ampere,2021,Gaming,24,350,1499,BestBuy,1840.24,429,137.4
2024-05,GeForce RTX 3090,Ampere,2021,Gaming,24,350,1499,Amazon,1590.45,158,137.4
2024-05,GeForce RTX 3090,Ampere,2021,Gaming,24,350,1499,Newegg,1622.88,369,137.4
2024-05,GeForce RTX 3090,Ampere,2021,Gaming,24,350,1499,MicroCenter,1613.67,295,137.4
2024-06,GeForce RTX 3090,Ampere,2021,Gaming,24,350,1499,PCComponentes,1784.54,322,137.4
2024-06,GeForce RTX 3090,Ampere,2021,Gaming,24,350,1499,BestBuy,1757.5,228,137.4
2024-06,GeForce RTX 3090,Ampere,2021,Gaming,24,350,1499,Amazon,1823.93,2,137.4
2024-07,GeForce RTX 3090,Ampere,2021,Gaming,24,350,1499,Amazon,1516.98,414,137.4
2024-07,GeForce RTX 3090,Ampere,2021,Gaming,24,350,1499,PCComponentes,1450.67,137,137.4
2024-07,GeForce RTX 3090,Ampere,2021,Gaming,24,350,1499,MicroCenter,1431.34,407,137.4
2024-08,GeForce RTX 3090,Ampere,2021,Gaming,24,350,1499,PCComponentes,1478.53,368,137.4
2024-08,GeForce RTX 3090,Ampere,2021,Gaming,24,350,1499,BestBuy,1530.91,131,137.4
2024-08,GeForce RTX 3090,Ampere,2021,Gaming,24,350,1499,Amazon,1501.89,146,137.4
2024-09,GeForce RTX 3090,Ampere,2021,Gaming,24,350,1499,BestBuy,1603.6,347,137.4
2024-09,GeForce RTX 3090,Ampere,2021,Gaming,24,350,1499,PCComponentes,1484.79,490,137.4
2024-09,GeForce RTX 3090,Ampere,2021,Gaming,24,350,1499,MicroCenter,1464.91,286,137.4
2024-10,GeForce RTX 3090,Ampere,2021,Gaming,24,350,1499,Newegg,1725.05,70,137.4
2024-10,GeForce RTX 3090,Ampere,2021,Gaming,24,350,1499,Amazon,1684.18,391,137.4
2024-10,GeForce RTX 3090,Ampere,2021,Gaming,24,350,1499,MicroCenter,1643.25,183,137.4
2024-11,GeForce RTX 3090,Ampere,2021,Gaming,24,350,1499,Amazon,1582.8,345,137.4
2024-11,GeForce RTX 3090,Ampere,2021,Gaming,24,350,1499,MicroCenter,1610.04,123,137.4
2024-11,GeForce RTX 3090,Ampere,2021,Gaming,24,350,1499,PCComponentes,1639.06,42,137.4
2024-12,GeForce RTX 3090,Ampere,2021,Gaming,24,350,1499,Amazon,1694.9,106,137.4
2024-12,GeForce RTX 3090,Ampere,2021,Gaming,24,350,1499,MicroCenter,1925.8,108,137.4
2024-12,GeForce RTX 3090,Ampere,2021,Gaming,24,350,1499,Newegg,1863.59,418,137.4
2023-01,GeForce RTX 3080,Ampere,2021,Gaming,10,320,699,PCComponentes,968.46,140,84.7
2023-01,GeForce RTX 3080,Ampere,2021,Gaming,10,320,699,Newegg,976.09,140,84.7
2023-01,GeForce RTX 3080,Ampere,2021,Gaming,10,320,699,MicroCenter,961.98,57,84.7
2023-02,GeForce RTX 3080,Ampere,2021,Gaming,10,320,699,Newegg,991.55,42,84.7
2023-02,GeForce RTX 3080,Ampere,2021,Gaming,10,320,699,PCComponentes,1008.67,65,84.7
2023-02,GeForce RTX 3080,Ampere,2021,Gaming,10,320,699,Amazon,917.59,75,84.7
2023-03,GeForce RTX 3080,Ampere,2021,Gaming,10,320,699,PCComponentes,1029.82,75,84.7
2023-03,GeForce RTX 3080,Ampere,2021,Gaming,10,320,699,BestBuy,1066.06,29,84.7
2023-03,GeForce RTX 3080,Ampere,2021,Gaming,10,320,699,Newegg,939.37,51,84.7
2023-04,GeForce RTX 3080,Ampere,2021,Gaming,10,320,699,PCComponentes,982.13,109,84.7
2023-04,GeForce RTX 3080,Ampere,2021,Gaming,10,320,699,MicroCenter,953.43,144,84.7
2023-04,GeForce RTX 3080,Ampere,2021,Gaming,10,320,699,Amazon,907.87,32,84.7
2023-05,GeForce RTX 3080,Ampere,2021,Gaming,10,320,699,Amazon,1177.37,124,84.7
2023-05,GeForce RTX 3080,Ampere,2021,Gaming,10,320,699,Newegg,1137.92,93,84.7
2023-05,GeForce RTX 3080,Ampere,2021,Gaming,10,320,699,MicroCenter,1187.8,67,84.7
2023-06,GeForce RTX 3080,Ampere,2021,Gaming,10,320,699,Newegg,843.76,481,84.7
2023-06,GeForce RTX 3080,Ampere,2021,Gaming,10,320,699,BestBuy,871.07,473,84.7
2023-06,GeForce RTX 3080,Ampere,2021,Gaming,10,320,699,PCComponentes,886.67,299,84.7
2023-07,GeForce RTX 3080,Ampere,2021,Gaming,10,320,699,Amazon,928.55,147,84.7
2023-07,GeForce RTX 3080,Ampere,2021,Gaming,10,320,699,MicroCenter,1006.88,133,84.7
2023-07,GeForce RTX 3080,Ampere,2021,Gaming,10,320,699,BestBuy,981.31,102,84.7
2023-08,GeForce RTX 3080,Ampere,2021,Gaming,10,320,699,PCComponentes,922.06,28,84.7
2023-08,GeForce RTX 3080,Ampere,2021,Gaming,10,320,699,Amazon,915.9,67,84.7
2023-08,GeForce RTX 3080,Ampere,2021,Gaming,10,320,699,Newegg,950.45,86,84.7
2023-09,GeForce RTX 3080,Ampere,2021,Gaming,10,320,699,Amazon,945.59,9,84.7
2023-09,GeForce RTX 3080,Ampere,2021,Gaming,10,320,699,PCComponentes,958.91,139,84.7
2023-09,GeForce RTX 3080,Ampere,2021,Gaming,10,320,699,Newegg,931.76,24,84.7
2023-10,GeForce RTX 3080,Ampere,2021,Gaming,10,320,699,MicroCenter,966.86,91,84.7
2023-10,GeForce RTX 3080,Ampere,2021,Gaming,10,320,699,Newegg,988.4,129,84.7
2023-10,GeForce RTX 3080,Ampere,2021,Gaming,10,320,699,PCComponentes,905.71,5,84.7
2023-11,GeForce RTX 3080,Ampere,2021,Gaming,10,320,699,Newegg,867.89,469,84.7
2023-11,GeForce RTX 3080,Ampere,2021,Gaming,10,320,699,PCComponentes,852.35,148,84.7
2023-11,GeForce RTX 3080,Ampere,2021,Gaming,10,320,699,MicroCenter,910.3,178,84.7
2023-12,GeForce RTX 3080,Ampere,2021,Gaming,10,320,699,BestBuy,913.44,198,84.7
2023-12,GeForce RTX 3080,Ampere,2021,Gaming,10,320,699,PCComponentes,949.54,48,84.7
2023-12,GeForce RTX 3080,Ampere,2021,Gaming,10,320,699,MicroCenter,930.03,300,84.7
2024-01,GeForce RTX 3080,Ampere,2021,Gaming,10,320,699,PCComponentes,950.97,39,84.7
2024-01,GeForce RTX 3080,Ampere,2021,Gaming,10,320,699,MicroCenter,983.2,5,84.7
2024-01,GeForce RTX 3080,Ampere,2021,Gaming,10,320,699,Newegg,971.39,85,84.7
2024-02,GeForce RTX 3080,Ampere,2021,Gaming,10,320,699,PCComponentes,666.7,452,84.7
2024-02,GeForce RTX 3080,Ampere,2021,Gaming,10,320,699,Newegg,694.63,77,84.7
2024-02,GeForce RTX 3080,Ampere,2021,Gaming,10,320,699,Amazon,713.19,244,84.7
2024-03,GeForce RTX 3080,Ampere,2021,Gaming,10,320,699,MicroCenter,823.97,75,84.7
2024-03,GeForce RTX 3080,Ampere,2021,Gaming,10,320,699,Newegg,810.34,496,84.7
2024-03,GeForce RTX 3080,Ampere,2021,Gaming,10,320,699,Amazon,734.79,306,84.7
2024-04,GeForce RTX 3080,Ampere,2021,Gaming,10,320,699,BestBuy,745.87,262,84.7
2024-04,GeForce RTX 3080,Ampere,2021,Gaming,10,320,699,PCComponentes,777.7,464,84.7
2024-04,GeForce RTX 3080,Ampere,2021,Gaming,10,320,699,MicroCenter,738.18,7,84.7
2024-05,GeForce RTX 3080,Ampere,2021,Gaming,10,320,699,MicroCenter,673.42,368,84.7
2024-05,GeForce RTX 3080,Ampere,2021,Gaming,10,320,699,BestBuy,686.13,483,84.7
2024-05,GeForce RTX 3080,Ampere,2021,Gaming,10,320,699,Amazon,751.88,79,84.7
2024-06,GeForce RTX 3080,Ampere,2021,Gaming,10,320,699,PCComponentes,909.05,209,84.7
2024-06,GeForce RTX 3080,Ampere,2021,Gaming,10,320,699,Newegg,884.91,37,84.7
2024-06,GeForce RTX 3080,Ampere,2021,Gaming,10,320,699,BestBuy,958.94,321,84.7
2024-07,GeForce RTX 3080,Ampere,2021,Gaming,10,320,699,Amazon,824.82,468,84.7
2024-07,GeForce RTX 3080,Ampere,2021,Gaming,10,320,699,BestBuy,845.8,40,84.7
2024-07,GeForce RTX 3080,Ampere,2021,Gaming,10,320,699,Newegg,832.04,290,84.7
2024-08,GeForce RTX 3080,Ampere,2021,Gaming,10,320,699,Amazon,844.4,225,84.7
2024-08,GeForce RTX 3080,Ampere,2021,Gaming,10,320,699,MicroCenter,879.62,452,84.7
2024-08,GeForce RTX 3080,Ampere,2021,Gaming,10,320,699,PCComponentes,919.63,483,84.7
2024-09,GeForce RTX 3080,Ampere,2021,Gaming,10,320,699,PCComponentes,755.19,26,84.7
2024-09,GeForce RTX 3080,Ampere,2021,Gaming,10,320,699,Amazon,772.35,417,84.7
2024-09,GeForce RTX 3080,Ampere,2021,Gaming,10,320,699,MicroCenter,839.13,323,84.7
2024-10,GeForce RTX 3080,Ampere,2021,Gaming,10,320,699,BestBuy,748.64,30,84.7
2024-10,GeForce RTX 3080,Ampere,2021,Gaming,10,320,699,MicroCenter,725.89,262,84.7
2024-10,GeForce RTX 3080,Ampere,2021,Gaming,10,320,699,PCComponentes,718.96,451,84.7
2024-11,GeForce RTX 3080,Ampere,2021,Gaming,10,320,699,MicroCenter,773.99,171,84.7
2024-11,GeForce RTX 3080,Ampere,2021,Gaming,10,320,699,Amazon,755.8,426,84.7
2024-11,GeForce RTX 3080,Ampere,2021,Gaming,10,320,699,Newegg,757.04,447,84.7
2024-12,GeForce RTX 3080,Ampere,2021,Gaming,10,320,699,BestBuy,749.97,271,84.7
2024-12,GeForce RTX 3080,Ampere,2021,Gaming,10,320,699,Amazon,733.17,482,84.7
2024-12,GeForce RTX 3080,Ampere,2021,Gaming,10,320,699,PCComponentes,778.85,405,84.7
2023-01,GeForce RTX 3070,Ampere,2021,Gaming,8,220,499,BestBuy,658.66,214,71.5
2023-01,GeForce RTX 3070,Ampere,2021,Gaming,8,220,499,MicroCenter,669.83,133,71.5
2023-01,GeForce RTX 3070,Ampere,2021,Gaming,8,220,499,PCComponentes,649.08,41,71.5
2023-02,GeForce RTX 3070,Ampere,2021,Gaming,8,220,499,BestBuy,696.67,19,71.5
2023-02,GeForce RTX 3070,Ampere,2021,Gaming,8,220,499,PCComponentes,722.8,8,71.5
2023-02,GeForce RTX 3070,Ampere,2021,Gaming,8,220,499,MicroCenter,673.27,60,71.5
2023-03,GeForce RTX 3070,Ampere,2021,Gaming,8,220,499,MicroCenter,760.26,67,71.5
2023-03,GeForce RTX 3070,Ampere,2021,Gaming,8,220,499,PCComponentes,726.74,89,71.5
2023-03,GeForce RTX 3070,Ampere,2021,Gaming,8,220,499,BestBuy,731.64,18,71.5
2023-04,GeForce RTX 3070,Ampere,2021,Gaming,8,220,499,PCComponentes,706.81,26,71.5
2023-04,GeForce RTX 3070,Ampere,2021,Gaming,8,220,499,MicroCenter,712.86,30,71.5
2023-04,GeForce RTX 3070,Ampere,2021,Gaming,8,220,499,Amazon,692.16,140,71.5
2023-05,GeForce RTX 3070,Ampere,2021,Gaming,8,220,499,MicroCenter,636.58,308,71.5
2023-05,GeForce RTX 3070,Ampere,2021,Gaming,8,220,499,Amazon,611.89,3,71.5
2023-05,GeForce RTX 3070,Ampere,2021,Gaming,8,220,499,BestBuy,583.43,152,71.5
2023-06,GeForce RTX 3070,Ampere,2021,Gaming,8,220,499,Newegg,630.58,425,71.5
2023-06,GeForce RTX 3070,Ampere,2021,Gaming,8,220,499,BestBuy,617.18,428,71.5
2023-06,GeForce RTX 3070,Ampere,2021,Gaming,8,220,499,PCComponentes,638.48,52,71.5
2023-07,GeForce RTX 3070,Ampere,2021,Gaming,8,220,499,Newegg,658.02,6,71.5
2023-07,GeForce RTX 3070,Ampere,2021,Gaming,8,220,499,MicroCenter,667.85,32,71.5
2023-07,GeForce RTX 3070,Ampere,2021,Gaming,8,220,499,Amazon,649.94,90,71.5
2023-08,GeForce RTX 3070,Ampere,2021,Gaming,8,220,499,BestBuy,596.42,449,71.5
2023-08,GeForce RTX 3070,Ampere,2021,Gaming,8,220,499,Amazon,612.85,158,71.5
2023-08,GeForce RTX 3070,Ampere,2021,Gaming,8,220,499,Newegg,580.38,220,71.5
2023-09,GeForce RTX 3070,Ampere,2021,Gaming,8,220,499,BestBuy,641.35,163,71.5
2023-09,GeForce RTX 3070,Ampere,2021,Gaming,8,220,499,MicroCenter,593.79,228,71.5
2023-09,GeForce RTX 3070,Ampere,2021,Gaming,8,220,499,Newegg,618.7,103,71.5
2023-10,GeForce RTX 3070,Ampere,2021,Gaming,8,220,499,Newegg,614.68,386,71.5
2023-10,GeForce RTX 3070,Ampere,2021,Gaming,8,220,499,PCComponentes,615.06,34,71.5
2023-10,GeForce RTX 3070,Ampere,2021,Gaming,8,220,499,BestBuy,645.18,242,71.5
2023-11,GeForce RTX 3070,Ampere,2021,Gaming,8,220,499,MicroCenter,737.35,1,71.5
2023-11,GeForce RTX 3070,Ampere,2021,Gaming,8,220,499,BestBuy,693.65,73,71.5
2023-11,GeForce RTX 3070,Ampere,2021,Gaming,8,220,499,Amazon,692.44,56,71.5
2023-12,GeForce RTX 3070,Ampere,2021,Gaming,8,220,499,MicroCenter,624.83,472,71.5
2023-12,GeForce RTX 3070,Ampere,2021,Gaming,8,220,499,BestBuy,625.22,317,71.5
2023-12,GeForce RTX 3070,Ampere,2021,Gaming,8,220,499,Amazon,633.53,163,71.5
2024-01,GeForce RTX 3070,Ampere,2021,Gaming,8,220,499,PCComponentes,640.27,144,71.5
2024-01,GeForce RTX 3070,Ampere,2021,Gaming,8,220,499,MicroCenter,628.36,165,71.5
2024-01,GeForce RTX 3070,Ampere,2021,Gaming,8,220,499,Amazon,624.32,253,71.5
2024-02,GeForce RTX 3070,Ampere,2021,Gaming,8,220,499,BestBuy,668.59,305,71.5
2024-02,GeForce RTX 3070,Ampere,2021,Gaming,8,220,499,PCComponentes,672.24,353,71.5
2024-02,GeForce RTX 3070,Ampere,2021,Gaming,8,220,499,Amazon,631.76,391,71.5
2024-03,GeForce RTX 3070,Ampere,2021,Gaming,8,220,499,Newegg,562.98,176,71.5
2024-03,GeForce RTX 3070,Ampere,2021,Gaming,8,220,499,PCComponentes,601.97,17,71.5
2024-03,GeForce RTX 3070,Ampere,2021,Gaming,8,220,499,BestBuy,617.35,296,71.5
2024-04,GeForce RTX 3070,Ampere,2021,Gaming,8,220,499,MicroCenter,521.0,373,71.5
2024-04,GeForce RTX 3070,Ampere,2021,Gaming,8,220,499,PCComponentes,564.06,287,71.5
2024-04,GeForce RTX 3070,Ampere,2021,Gaming,8,220,499,Amazon,536.44,331,71.5
2024-05,GeForce RTX 3070,Ampere,2021,Gaming,8,220,499,MicroCenter,497.54,47,71.5
2024-05,GeForce RTX 3070,Ampere,2021,Gaming,8,220,499,Amazon,549.44,220,71.5
2024-05,GeForce RTX 3070,Ampere,2021,Gaming,8,220,499,BestBuy,522.2,449,71.5
2024-06,GeForce RTX 3070,Ampere,2021,Gaming,8,220,499,Newegg,525.39,335,71.5
2024-06,GeForce RTX 3070,Ampere,2021,Gaming,8,220,499,PCComponentes,507.38,365,71.5
2024-06,GeForce RTX 3070,Ampere,2021,Gaming,8,220,499,BestBuy,513.33,477,71.5
2024-07,GeForce RTX 3070,Ampere,2021,Gaming,8,220,499,Amazon,556.42,345,71.5
2024-07,GeForce RTX 3070,Ampere,2021,Gaming,8,220,499,MicroCenter,587.63,306,71.5
2024-07,GeForce RTX 3070,Ampere,2021,Gaming,8,220,499,Newegg,590.24,76,71.5
2024-08,GeForce RTX 3070,Ampere,2021,Gaming,8,220,499,Amazon,570.53,480,71.5
2024-08,GeForce RTX 3070,Ampere,2021,Gaming,8,220,499,PCComponentes,559.53,206,71.5
2024-08,GeForce RTX 3070,Ampere,2021,Gaming,8,220,499,MicroCenter,590.51,390,71.5
2024-09,GeForce RTX 3070,Ampere,2021,Gaming,8,220,499,BestBuy,589.49,43,71.5
2024-09,GeForce RTX 3070,Ampere,2021,Gaming,8,220,499,MicroCenter,559.0,351,71.5
2024-09,GeForce RTX 3070,Ampere,2021,Gaming,8,220,499,Newegg,578.15,199,71.5
2024-10,GeForce RTX 3070,Ampere,2021,Gaming,8,220,499,PCComponentes,514.55,427,71.5
2024-10,GeForce RTX 3070,Ampere,2021,Gaming,8,220,499,Amazon,518.73,96,71.5
2024-10,GeForce RTX 3070,Ampere,2021,Gaming,8,220,499,MicroCenter,515.36,274,71.5
2024-11,GeForce RTX 3070,Ampere,2021,Gaming,8,220,499,Amazon,584.94,423,71.5
2024-11,GeForce RTX 3070,Ampere,2021,Gaming,8,220,499,MicroCenter,586.42,165,71.5
2024-11,GeForce RTX 3070,Ampere,2021,Gaming,8,220,499,PCComponentes,551.68,228,71.5
2024-12,GeForce RTX 3070,Ampere,2021,Gaming,8,220,499,Newegg,490.81,325,71.5
2024-12,GeForce RTX 3070,Ampere,2021,Gaming,8,220,499,PCComponentes,533.34,413,71.5
2024-12,GeForce RTX 3070,Ampere,2021,Gaming,8,220,499,Amazon,536.44,160,71.5
2023-01,GeForce RTX 3060,Ampere,2021,Gaming,12,170,329,PCComponentes,416.11,457,62.9
2023-01,GeForce RTX 3060,Ampere,2021,Gaming,12,170,329,Amazon,439.39,286,62.9
2023-01,GeForce RTX 3060,Ampere,2021,Gaming,12,170,329,Newegg,420.59,491,62.9
2023-02,GeForce RTX 3060,Ampere,2021,Gaming,12,170,329,BestBuy,381.98,235,62.9
2023-02,GeForce RTX 3060,Ampere,2021,Gaming,12,170,329,MicroCenter,397.79,478,62.9
2023-02,GeForce RTX 3060,Ampere,2021,Gaming,12,170,329,Amazon,396.05,480,62.9
2023-03,GeForce RTX 3060,Ampere,2021,Gaming,12,170,329,MicroCenter,400.64,411,62.9
2023-03,GeForce RTX 3060,Ampere,2021,Gaming,12,170,329,PCComponentes,387.3,400,62.9
2023-03,GeForce RTX 3060,Ampere,2021,Gaming,12,170,329,Newegg,391.78,276,62.9
2023-04,GeForce RTX 3060,Ampere,2021,Gaming,12,170,329,MicroCenter,419.66,440,62.9
2023-04,GeForce RTX 3060,Ampere,2021,Gaming,12,170,329,Amazon,406.13,377,62.9
2023-04,GeForce RTX 3060,Ampere,2021,Gaming,12,170,329,Newegg,445.26,11,62.9
2023-05,GeForce RTX 3060,Ampere,2021,Gaming,12,170,329,BestBuy,417.91,38,62.9
2023-05,GeForce RTX 3060,Ampere,2021,Gaming,12,170,329,MicroCenter,450.52,37,62.9
2023-05,GeForce RTX 3060,Ampere,2021,Gaming,12,170,329,Amazon,442.07,82,62.9
2023-06,GeForce RTX 3060,Ampere,2021,Gaming,12,170,329,PCComponentes,444.12,57,62.9
2023-06,GeForce RTX 3060,Ampere,2021,Gaming,12,170,329,MicroCenter,441.11,134,62.9
2023-06,GeForce RTX 3060,Ampere,2021,Gaming,12,170,329,BestBuy,438.6,60,62.9
2023-07,GeForce RTX 3060,Ampere,2021,Gaming,12,170,329,Amazon,428.52,136,62.9
2023-07,GeForce RTX 3060,Ampere,2021,Gaming,12,170,329,BestBuy,401.03,314,62.9
2023-07,GeForce RTX 3060,Ampere,2021,Gaming,12,170,329,Newegg,409.31,427,62.9
2023-08,GeForce RTX 3060,Ampere,2021,Gaming,12,170,329,Newegg,456.99,63,62.9
2023-08,GeForce RTX 3060,Ampere,2021,Gaming,12,170,329,Amazon,426.11,105,62.9
2023-08,GeForce RTX 3060,Ampere,2021,Gaming,12,170,329,PCComponentes,424.28,61,62.9
2023-09,GeForce RTX 3060,Ampere,2021,Gaming,12,170,329,Amazon,474.65,87,62.9
2023-09,GeForce RTX 3060,Ampere,2021,Gaming,12,170,329,MicroCenter,438.78,71,62.9
2023-09,GeForce RTX 3060,Ampere,2021,Gaming,12,170,329,Newegg,469.52,0,62.9
2023-10,GeForce RTX 3060,Ampere,2021,Gaming,12,170,329,Amazon,409.58,66,62.9
2023-10,GeForce RTX 3060,Ampere,2021,Gaming,12,170,329,PCComponentes,404.41,91,62.9
2023-10,GeForce RTX 3060,Ampere,2021,Gaming,12,170,329,BestBuy,385.87,127,62.9
2023-11,GeForce RTX 3060,Ampere,2021,Gaming,12,170,329,Newegg,318.28,451,62.9
2023-11,GeForce RTX 3060,Ampere,2021,Gaming,12,170,329,Amazon,321.97,351,62.9
2023-11,GeForce RTX 3060,Ampere,2021,Gaming,12,170,329,MicroCenter,344.51,311,62.9
2023-12,GeForce RTX 3060,Ampere,2021,Gaming,12,170,329,Amazon,443.43,109,62.9
2023-12,GeForce RTX 3060,Ampere,2021,Gaming,12,170,329,BestBuy,447.34,13,62.9
2023-12,GeForce RTX 3060,Ampere,2021,Gaming,12,170,329,Newegg,419.03,88,62.9
2024-01,GeForce RTX 3060,Ampere,2021,Gaming,12,170,329,Amazon,421.74,258,62.9
2024-01,GeForce RTX 3060,Ampere,2021,Gaming,12,170,329,Newegg,377.48,85,62.9
2024-01,GeForce RTX 3060,Ampere,2021,Gaming,12,170,329,MicroCenter,416.83,485,62.9
2024-02,GeForce RTX 3060,Ampere,2021,Gaming,12,170,329,MicroCenter,356.72,370,62.9
2024-02,GeForce RTX 3060,Ampere,2021,Gaming,12,170,329,PCComponentes,369.49,433,62.9
2024-02,GeForce RTX 3060,Ampere,2021,Gaming,12,170,329,Amazon,382.84,499,62.9
2024-03,GeForce RTX 3060,Ampere,2021,Gaming,12,170,329,Newegg,390.53,145,62.9
2024-03,GeForce RTX 3060,Ampere,2021,Gaming,12,170,329,PCComponentes,370.12,238,62.9
2024-03,GeForce RTX 3060,Ampere,2021,Gaming,12,170,329,MicroCenter,361.63,116,62.9
2024-04,GeForce RTX 3060,Ampere,2021,Gaming,12,170,329,PCComponentes,381.61,380,62.9
2024-04,GeForce RTX 3060,Ampere,2021,Gaming,12,170,329,MicroCenter,376.76,178,62.9
2024-04,GeForce RTX 3060,Ampere,2021,Gaming,12,170,329,Amazon,366.83,149,62.9
2024-05,GeForce RTX 3060,Ampere,2021,Gaming,12,170,329,PCComponentes,334.51,255,62.9
2024-05,GeForce RTX 3060,Ampere,2021,Gaming,12,170,329,MicroCenter,325.45,424,62.9
2024-05,GeForce RTX 3060,Ampere,2021,Gaming,12,170,329,BestBuy,326.17,295,62.9
2024-06,GeForce RTX 3060,Ampere,2021,Gaming,12,170,329,MicroCenter,357.2,133,62.9
2024-06,GeForce RTX 3060,Ampere,2021,Gaming,12,170,329,BestBuy,396.94,253,62.9
2024-06,GeForce RTX 3060,Ampere,2021,Gaming,12,170,329,PCComponentes,401.61,276,62.9
2024-07,GeForce RTX 3060,Ampere,2021,Gaming,12,170,329,MicroCenter,478.04,66,62.9
2024-07,GeForce RTX 3060,Ampere,2021,Gaming,12,170,329,PCComponentes,447.14,84,62.9
2024-07,GeForce RTX 3060,Ampere,2021,Gaming,12,170,329,BestBuy,458.31,26,62.9
2024-08,GeForce RTX 3060,Ampere,2021,Gaming,12,170,329,PCComponentes,353.29,148,62.9
2024-08,GeForce RTX 3060,Ampere,2021,Gaming,12,170,329,Amazon,318.65,318,62.9
2024-08,GeForce RTX 3060,Ampere,2021,Gaming,12,170,329,BestBuy,340.07,380,62.9
2024-09,GeForce RTX 3060,Ampere,2021,Gaming,12,170,329,Newegg,348.14,265,62.9
2024-09,GeForce RTX 3060,Ampere,2021,Gaming,12,170,329,PCComponentes,347.57,48,62.9
2024-09,GeForce RTX 3060,Ampere,2021,Gaming,12,170,329,Amazon,363.02,375,62.9
2024-10,GeForce RTX 3060,Ampere,2021,Gaming,12,170,329,Amazon,384.33,178,62.9
2024-10,GeForce RTX 3060,Ampere,2021,Gaming,12,170,329,BestBuy,378.7,236,62.9
2024-10,GeForce RTX 3060,Ampere,2021,Gaming,12,170,329,MicroCenter,384.48,68,62.9
2024-11,GeForce RTX 3060,Ampere,2021,Gaming,12,170,329,Amazon,362.33,156,62.9
2024-11,GeForce RTX 3060,Ampere,2021,Gaming,12,170,329,BestBuy,392.31,197,62.9
2024-11,GeForce RTX 3060,Ampere,2021,Gaming,12,170,329,MicroCenter,357.06,382,62.9
2024-12,GeForce RTX 3060,Ampere,2021,Gaming,12,170,329,MicroCenter,353.62,235,62.9
2024-12,GeForce RTX 3060,Ampere,2021,Gaming,12,170,329,Newegg,314.6,168,62.9
2024-12,GeForce RTX 3060,Ampere,2021,Gaming,12,170,329,PCComponentes,331.0,333,62.9
2023-01,GeForce RTX 2080 Ti,Turing,2019,Gaming,11,250,999,MicroCenter,1620.16,96,101.6
2023-01,GeForce RTX 2080 Ti,Turing,2019,Gaming,11,250,999,PCComponentes,1622.01,6,101.6
2023-01,GeForce RTX 2080 Ti,Turing,2019,Gaming,11,250,999,Amazon,1451.89,2,101.6
2023-02,GeForce RTX 2080 Ti,Turing,2019,Gaming,11,250,999,Newegg,1518.49,60,101.6
2023-02,GeForce RTX 2080 Ti,Turing,2019,Gaming,11,250,999,PCComponentes,1506.24,92,101.6
2023-02,GeForce RTX 2080 Ti,Turing,2019,Gaming,11,250,999,BestBuy,1520.47,143,101.6
2023-03,GeForce RTX 2080 Ti,Turing,2019,Gaming,11,250,999,Amazon,1039.21,205,101.6
2023-03,GeForce RTX 2080 Ti,Turing,2019,Gaming,11,250,999,PCComponentes,1157.63,360,101.6
2023-03,GeForce RTX 2080 Ti,Turing,2019,Gaming,11,250,999,BestBuy,1081.39,215,101.6
2023-04,GeForce RTX 2080 Ti,Turing,2019,Gaming,11,250,999,Amazon,1248.7,490,101.6
2023-04,GeForce RTX 2080 Ti,Turing,2019,Gaming,11,250,999,Newegg,1194.11,58,101.6
2023-04,GeForce RTX 2080 Ti,Turing,2019,Gaming,11,250,999,MicroCenter,1149.04,323,101.6
2023-05,GeForce RTX 2080 Ti,Turing,2019,Gaming,11,250,999,BestBuy,1286.39,489,101.6
2023-05,GeForce RTX 2080 Ti,Turing,2019,Gaming,11,250,999,Amazon,1234.9,413,101.6
2023-05,GeForce RTX 2080 Ti,Turing,2019,Gaming,11,250,999,Newegg,1220.87,49,101.6
2023-06,GeForce RTX 2080 Ti,Turing,2019,Gaming,11,250,999,PCComponentes,1003.23,34,101.6
2023-06,GeForce RTX 2080 Ti,Turing,2019,Gaming,11,250,999,BestBuy,1090.72,15,101.6
2023-06,GeForce RTX 2080 Ti,Turing,2019,Gaming,11,250,999,Amazon,1067.55,18,101.6
2023-07,GeForce RTX 2080 Ti,Turing,2019,Gaming,11,250,999,BestBuy,1520.16,111,101.6
2023-07,GeForce RTX 2080 Ti,Turing,2019,Gaming,11,250,999,Amazon,1397.28,100,101.6
2023-07,GeForce RTX 2080 Ti,Turing,2019,Gaming,11,250,999,PCComponentes,1528.14,125,101.6
2023-08,GeForce RTX 2080 Ti,Turing,2019,Gaming,11,250,999,Amazon,1232.89,247,101.6
2023-08,GeForce RTX 2080 Ti,Turing,2019,Gaming,11,250,999,PCComponentes,1172.21,82,101.6
2023-08,GeForce RTX 2080 Ti,Turing,2019,Gaming,11,250,999,MicroCenter,1225.46,385,101.6
2023-09,GeForce RTX 2080 Ti,Turing,2019,Gaming,11,250,999,MicroCenter,1341.63,101,101.6
2023-09,GeForce RTX 2080 Ti,Turing,2019,Gaming,11,250,999,Amazon,1341.46,102,101.6
2023-09,GeForce RTX 2080 Ti,Turing,2019,Gaming,11,250,999,Newegg,1362.83,110,101.6
2023-10,GeForce RTX 2080 Ti,Turing,2019,Gaming,11,250,999,Newegg,1268.81,89,101.6
2023-10,GeForce RTX 2080 Ti,Turing,2019,Gaming,11,250,999,PCComponentes,1205.83,267,101.6
2023-10,GeForce RTX 2080 Ti,Turing,2019,Gaming,11,250,999,MicroCenter,1306.72,56,101.6
2023-11,GeForce RTX 2080 Ti,Turing,2019,Gaming,11,250,999,PCComponentes,1150.44,120,101.6
2023-11,GeForce RTX 2080 Ti,Turing,2019,Gaming,11,250,999,Newegg,1050.86,335,101.6
2023-11,GeForce RTX 2080 Ti,Turing,2019,Gaming,11,250,999,Amazon,1135.44,103,101.6
2023-12,GeForce RTX 2080 Ti,Turing,2019,Gaming,11,250,999,BestBuy,1255.87,239,101.6
2023-12,GeForce RTX 2080 Ti,Turing,2019,Gaming,11,250,999,Amazon,1283.71,318,101.6
2023-12,GeForce RTX 2080 Ti,Turing,2019,Gaming,11,250,999,Newegg,1316.49,97,101.6
2024-01,GeForce RTX 2080 Ti,Turing,2019,Gaming,11,250,999,BestBuy,1052.67,111,101.6
2024-01,GeForce RTX 2080 Ti,Turing,2019,Gaming,11,250,999,Amazon,1014.99,10,101.6
2024-01,GeForce RTX 2080 Ti,Turing,2019,Gaming,11,250,999,PCComponentes,1047.26,225,101.6
2024-02,GeForce RTX 2080 Ti,Turing,2019,Gaming,11,250,999,Newegg,1380.26,35,101.6
2024-02,GeForce RTX 2080 Ti,Turing,2019,Gaming,11,250,999,Amazon,1238.7,36,101.6
2024-02,GeForce RTX 2080 Ti,Turing,2019,Gaming,11,250,999,MicroCenter,1380.21,114,101.6
2024-03,GeForce RTX 2080 Ti,Turing,2019,Gaming,11,250,999,Amazon,1007.91,427,101.6
2024-03,GeForce RTX 2080 Ti,Turing,2019,Gaming,11,250,999,MicroCenter,1037.57,88,101.6
2024-03,GeForce RTX 2080 Ti,Turing,2019,Gaming,11,250,999,PCComponentes,1070.38,208,101.6
2024-04,GeForce RTX 2080 Ti,Turing,2019,Gaming,11,250,999,BestBuy,995.74,483,101.6
2024-04,GeForce RTX 2080 Ti,Turing,2019,Gaming,11,250,999,PCComponentes,992.25,72,101.6
2024-04,GeForce RTX 2080 Ti,Turing,2019,Gaming,11,250,999,Amazon,1063.24,170,101.6
2024-05,GeForce RTX 2080 Ti,Turing,2019,Gaming,11,250,999,MicroCenter,1096.33,365,101.6
2024-05,GeForce RTX 2080 Ti,Turing,2019,Gaming,11,250,999,Amazon,1032.23,418,101.6
2024-05,GeForce RTX 2080 Ti,Turing,2019,Gaming,11,250,999,PCComponentes,1031.89,471,101.6
2024-06,GeForce RTX 2080 Ti,Turing,2019,Gaming,11,250,999,PCComponentes,1032.88,141,101.6
2024-06,GeForce RTX 2080 Ti,Turing,2019,Gaming,11,250,999,MicroCenter,1027.38,422,101.6
2024-06,GeForce RTX 2080 Ti,Turing,2019,Gaming,11,250,999,Newegg,1147.84,278,101.6
2024-07,GeForce RTX 2080 Ti,Turing,2019,Gaming,11,250,999,BestBuy,1108.51,358,101.6
2024-07,GeForce RTX 2080 Ti,Turing,2019,Gaming,11,250,999,PCComponentes,1104.95,1,101.6
2024-07,GeForce RTX 2080 Ti,Turing,2019,Gaming,11,250,999,MicroCenter,1169.96,322,101.6
2024-08,GeForce RTX 2080 Ti,Turing,2019,Gaming,11,250,999,BestBuy,954.58,389,101.6
2024-08,GeForce RTX 2080 Ti,Turing,2019,Gaming,11,250,999,Newegg,1077.96,113,101.6
2024-08,GeForce RTX 2080 Ti,Turing,2019,Gaming,11,250,999,MicroCenter,993.97,237,101.6
2024-09,GeForce RTX 2080 Ti,Turing,2019,Gaming,11,250,999,MicroCenter,1171.77,321,101.6
2024-09,GeForce RTX 2080 Ti,Turing,2019,Gaming,11,250,999,PCComponentes,1086.28,21,101.6
2024-09,GeForce RTX 2080 Ti,Turing,2019,Gaming,11,250,999,Amazon,1182.07,443,101.6
2024-10,GeForce RTX 2080 Ti,Turing,2019,Gaming,11,250,999,PCComponentes,1071.35,395,101.6
2024-10,GeForce RTX 2080 Ti,Turing,2019,Gaming,11,250,999,Amazon,1017.66,484,101.6
2024-10,GeForce RTX 2080 Ti,Turing,2019,Gaming,11,250,999,Newegg,1050.48,398,101.6
2024-11,GeForce RTX 2080 Ti,Turing,2019,Gaming,11,250,999,PCComponentes,1028.69,0,101.6
2024-11,GeForce RTX 2080 Ti,Turing,2019,Gaming,11,250,999,Newegg,1033.48,87,101.6
2024-11,GeForce RTX 2080 Ti,Turing,2019,Gaming,11,250,999,MicroCenter,1145.39,427,101.6
2024-12,GeForce RTX 2080 Ti,Turing,2019,Gaming,11,250,999,MicroCenter,1076.17,135,101.6
2024-12,GeForce RTX 2080 Ti,Turing,2019,Gaming,11,250,999,Newegg,1070.23,157,101.6
2024-12,GeForce RTX 2080 Ti,Turing,2019,Gaming,11,250,999,Amazon,1037.72,11,101.6
2023-01,GeForce RTX 2060,Turing,2019,Gaming,6,160,349,BestBuy,474.28,452,55.4
2023-01,GeForce RTX 2060,Turing,2019,Gaming,6,160,349,Newegg,442.27,183,55.4
2023-01,GeForce RTX 2060,Turing,2019,Gaming,6,160,349,MicroCenter,445.35,156,55.4
2023-02,GeForce RTX 2060,Turing,2019,Gaming,6,160,349,Newegg,465.03,53,55.4
2023-02,GeForce RTX 2060,Turing,2019,Gaming,6,160,349,BestBuy,491.45,22,55.4
2023-02,GeForce RTX 2060,Turing,2019,Gaming,6,160,349,Amazon,460.08,69,55.4
2023-03,GeForce RTX 2060,Turing,2019,Gaming,6,160,349,BestBuy,486.55,21,55.4
2023-03,GeForce RTX 2060,Turing,2019,Gaming,6,160,349,MicroCenter,473.77,84,55.4
2023-03,GeForce RTX 2060,Turing,2019,Gaming,6,160,349,PCComponentes,477.64,60,55.4
2023-04,GeForce RTX 2060,Turing,2019,Gaming,6,160,349,BestBuy,484.12,3,55.4
2023-04,GeForce RTX 2060,Turing,2019,Gaming,6,160,349,PCComponentes,439.48,33,55.4
2023-04,GeForce RTX 2060,Turing,2019,Gaming,6,160,349,Newegg,442.38,126,55.4
2023-05,GeForce RTX 2060,Turing,2019,Gaming,6,160,349,PCComponentes,533.69,26,55.4
2023-05,GeForce RTX 2060,Turing,2019,Gaming,6,160,349,Newegg,499.84,122,55.4
2023-05,GeForce RTX 2060,Turing,2019,Gaming,6,160,349,MicroCenter,545.1,53,55.4
2023-06,GeForce RTX 2060,Turing,2019,Gaming,6,160,349,Newegg,421.82,119,55.4
2023-06,GeForce RTX 2060,Turing,2019,Gaming,6,160,349,BestBuy,442.63,199,55.4
2023-06,GeForce RTX 2060,Turing,2019,Gaming,6,160,349,Amazon,441.77,396,55.4
2023-07,GeForce RTX 2060,Turing,2019,Gaming,6,160,349,Amazon,484.19,59,55.4
2023-07,GeForce RTX 2060,Turing,2019,Gaming,6,160,349,MicroCenter,486.87,129,55.4
2023-07,GeForce RTX 2060,Turing,2019,Gaming,6,160,349,BestBuy,466.83,5,55.4
2023-08,GeForce RTX 2060,Turing,2019,Gaming,6,160,349,Newegg,421.21,244,55.4
2023-08,GeForce RTX 2060,Turing,2019,Gaming,6,160,349,BestBuy,451.51,88,55.4
2023-08,GeForce RTX 2060,Turing,2019,Gaming,6,160,349,MicroCenter,441.29,297,55.4
2023-09,GeForce RTX 2060,Turing,2019,Gaming,6,160,349,Amazon,425.52,403,55.4
2023-09,GeForce RTX 2060,Turing,2019,Gaming,6,160,349,MicroCenter,432.6,456,55.4
2023-09,GeForce RTX 2060,Turing,2019,Gaming,6,160,349,BestBuy,439.66,116,55.4
2023-10,GeForce RTX 2060,Turing,2019,Gaming,6,160,349,Amazon,499.21,118,55.4
2023-10,GeForce RTX 2060,Turing,2019,Gaming,6,160,349,Newegg,452.58,135,55.4
2023-10,GeForce RTX 2060,Turing,2019,Gaming,6,160,349,PCComponentes,496.06,138,55.4
2023-11,GeForce RTX 2060,Turing,2019,Gaming,6,160,349,MicroCenter,470.65,113,55.4
2023-11,GeForce RTX 2060,Turing,2019,Gaming,6,160,349,PCComponentes,490.41,102,55.4
2023-11,GeForce RTX 2060,Turing,2019,Gaming,6,160,349,Amazon,485.61,72,55.4
2023-12,GeForce RTX 2060,Turing,2019,Gaming,6,160,349,BestBuy,360.78,498,55.4
2023-12,GeForce RTX 2060,Turing,2019,Gaming,6,160,349,PCComponentes,349.82,361,55.4
2023-12,GeForce RTX 2060,Turing,2019,Gaming,6,160,349,Newegg,342.53,35,55.4
2024-01,GeForce RTX 2060,Turing,2019,Gaming,6,160,349,BestBuy,496.23,26,55.4
2024-01,GeForce RTX 2060,Turing,2019,Gaming,6,160,349,MicroCenter,452.78,85,55.4
2024-01,GeForce RTX 2060,Turing,2019,Gaming,6,160,349,PCComponentes,476.44,146,55.4
2024-02,GeForce RTX 2060,Turing,2019,Gaming,6,160,349,BestBuy,464.22,30,55.4
2024-02,GeForce RTX 2060,Turing,2019,Gaming,6,160,349,MicroCenter,477.68,200,55.4
2024-02,GeForce RTX 2060,Turing,2019,Gaming,6,160,349,Amazon,462.38,129,55.4
2024-03,GeForce RTX 2060,Turing,2019,Gaming,6,160,349,BestBuy,382.77,85,55.4
2024-03,GeForce RTX 2060,Turing,2019,Gaming,6,160,349,Amazon,407.27,434,55.4
2024-03,GeForce RTX 2060,Turing,2019,Gaming,6,160,349,MicroCenter,404.77,201,55.4
2024-04,GeForce RTX 2060,Turing,2019,Gaming,6,160,349,Amazon,373.02,365,55.4
2024-04,GeForce RTX 2060,Turing,2019,Gaming,6,160,349,Newegg,399.71,415,55.4
2024-04,GeForce RTX 2060,Turing,2019,Gaming,6,160,349,BestBuy,398.03,113,55.4
2024-05,GeForce RTX 2060,Turing,2019,Gaming,6,160,349,Amazon,475.83,22,55.4
2024-05,GeForce RTX 2060,Turing,2019,Gaming,6,160,349,BestBuy,472.65,262,55.4
2024-05,GeForce RTX 2060,Turing,2019,Gaming,6,160,349,MicroCenter,435.15,273,55.4
2024-06,GeForce RTX 2060,Turing,2019,Gaming,6,160,349,MicroCenter,384.13,35,55.4
2024-06,GeForce RTX 2060,Turing,2019,Gaming,6,160,349,Amazon,377.06,268,55.4
2024-06,GeForce RTX 2060,Turing,2019,Gaming,6,160,349,PCComponentes,395.54,418,55.4
2024-07,GeForce RTX 2060,Turing,2019,Gaming,6,160,349,Amazon,417.8,192,55.4
2024-07,GeForce RTX 2060,Turing,2019,Gaming,6,160,349,PCComponentes,460.25,60,55.4
2024-07,GeForce RTX 2060,Turing,2019,Gaming,6,160,349,Newegg,442.78,224,55.4
2024-08,GeForce RTX 2060,Turing,2019,Gaming,6,160,349,MicroCenter,410.28,158,55.4
2024-08,GeForce RTX 2060,Turing,2019,Gaming,6,160,349,PCComponentes,433.21,424,55.4
2024-08,GeForce RTX 2060,Turing,2019,Gaming,6,160,349,Amazon,446.92,423,55.4
2024-09,GeForce RTX 2060,Turing,2019,Gaming,6,160,349,PCComponentes,389.47,272,55.4
2024-09,GeForce RTX 2060,Turing,2019,Gaming,6,160,349,Amazon,353.29,355,55.4
2024-09,GeForce RTX 2060,Turing,2019,Gaming,6,160,349,MicroCenter,362.95,162,55.4
2024-10,GeForce RTX 2060,Turing,2019,Gaming,6,160,349,Amazon,365.76,76,55.4
2024-10,GeForce RTX 2060,Turing,2019,Gaming,6,160,349,Newegg,363.29,418,55.4
2024-10,GeForce RTX 2060,Turing,2019,Gaming,6,160,349,BestBuy,386.7,347,55.4
2024-11,GeForce RTX 2060,Turing,2019,Gaming,6,160,349,Newegg,418.37,382,55.4
2024-11,GeForce RTX 2060,Turing,2019,Gaming,6,160,349,BestBuy,416.33,398,55.4
2024-11,GeForce RTX 2060,Turing,2019,Gaming,6,160,349,MicroCenter,396.02,181,55.4
2024-12,GeForce RTX 2060,Turing,2019,Gaming,6,160,349,Newegg,357.01,36,55.4
2024-12,GeForce RTX 2060,Turing,2019,Gaming,6,160,349,BestBuy,368.27,125,55.4
2024-12,GeForce RTX 2060,Turing,2019,Gaming,6,160,349,MicroCenter,398.67,196,55.4
2023-01,RTX 6000 Ada,Ada,2023,Workstation,48,300,6800,PCComponentes,9315.48,224,260.5
2023-01,RTX 6000 Ada,Ada,2023,Workstation,48,300,6800,BestBuy,8908.44,356,260.5
2023-01,RTX 6000 Ada,Ada,2023,Workstation,48,300,6800,MicroCenter,8475.35,495,260.5
2023-02,RTX 6000 Ada,Ada,2023,Workstation,48,300,6800,BestBuy,8657.95,320,260.5
2023-02,RTX 6000 Ada,Ada,2023,Workstation,48,300,6800,Amazon,8790.26,240,260.5
2023-02,RTX 6000 Ada,Ada,2023,Workstation,48,300,6800,Newegg,9423.36,413,260.5
2023-03,RTX 6000 Ada,Ada,2023,Workstation,48,300,6800,PCComponentes,8512.07,429,260.5
2023-03,RTX 6000 Ada,Ada,2023,Workstation,48,300,6800,BestBuy,9317.89,135,260.5
2023-03,RTX 6000 Ada,Ada,2023,Workstation,48,300,6800,Newegg,9218.49,387,260.5
2023-04,RTX 6000 Ada,Ada,2023,Workstation,48,300,6800,MicroCenter,9529.46,87,260.5
2023-04,RTX 6000 Ada,Ada,2023,Workstation,48,300,6800,PCComponentes,9773.2,119,260.5
2023-04,RTX 6000 Ada,Ada,2023,Workstation,48,300,6800,Newegg,8909.8,67,260.5
2023-05,RTX 6000 Ada,Ada,2023,Workstation,48,300,6800,PCComponentes,9424.94,141,260.5
2023-05,RTX 6000 Ada,Ada,2023,Workstation,48,300,6800,Amazon,8862.27,75,260.5
2023-05,RTX 6000 Ada,Ada,2023,Workstation,48,300,6800,Newegg,9374.56,111,260.5
2023-06,RTX 6000 Ada,Ada,2023,Workstation,48,300,6800,Amazon,8467.57,141,260.5
2023-06,RTX 6000 Ada,Ada,2023,Workstation,48,300,6800,MicroCenter,9192.39,429,260.5
2023-06,RTX 6000 Ada,Ada,2023,Workstation,48,300,6800,PCComponentes,8873.01,76,260.5
2023-07,RTX 6000 Ada,Ada,2023,Workstation,48,300,6800,BestBuy,10444.69,47,260.5
2023-07,RTX 6000 Ada,Ada,2023,Workstation,48,300,6800,PCComponentes,9861.16,51,260.5
2023-07,RTX 6000 Ada,Ada,2023,Workstation,48,300,6800,Amazon,9873.74,132,260.5
2023-08,RTX 6000 Ada,Ada,2023,Workstation,48,300,6800,BestBuy,9383.38,135,260.5
2023-08,RTX 6000 Ada,Ada,2023,Workstation,48,300,6800,PCComponentes,8811.42,2,260.5
2023-08,RTX 6000 Ada,Ada,2023,Workstation,48,300,6800,Amazon,9486.33,135,260.5
2023-09,RTX 6000 Ada,Ada,2023,Workstation,48,300,6800,BestBuy,8434.01,183,260.5
2023-09,RTX 6000 Ada,Ada,2023,Workstation,48,300,6800,PCComponentes,8836.88,482,260.5
2023-09,RTX 6000 Ada,Ada,2023,Workstation,48,300,6800,Amazon,9126.85,135,260.5
2023-10,RTX 6000 Ada,Ada,2023,Workstation,48,300,6800,Amazon,7735.11,327,260.5
2023-10,RTX 6000 Ada,Ada,2023,Workstation,48,300,6800,BestBuy,8231.62,442,260.5
2023-10,RTX 6000 Ada,Ada,2023,Workstation,48,300,6800,MicroCenter,7997.98,415,260.5
2023-11,RTX 6000 Ada,Ada,2023,Workstation,48,300,6800,BestBuy,9780.58,57,260.5
2023-11,RTX 6000 Ada,Ada,2023,Workstation,48,300,6800,Newegg,9879.71,73,260.5
2023-11,RTX 6000 Ada,Ada,2023,Workstation,48,300,6800,MicroCenter,9903.91,106,260.5
2023-12,RTX 6000 Ada,Ada,2023,Workstation,48,300,6800,Amazon,8622.57,170,260.5
2023-12,RTX 6000 Ada,Ada,2023,Workstation,48,300,6800,BestBuy,8410.55,70,260.5
2023-12,RTX 6000 Ada,Ada,2023,Workstation,48,300,6800,Newegg,8750.06,300,260.5
2024-01,RTX 6000 Ada,Ada,2023,Workstation,48,300,6800,PCComponentes,8427.32,297,260.5
2024-01,RTX 6000 Ada,Ada,2023,Workstation,48,300,6800,BestBuy,8501.92,123,260.5
2024-01,RTX 6000 Ada,Ada,2023,Workstation,48,300,6800,Amazon,7890.26,28,260.5
2024-02,RTX 6000 Ada,Ada,2023,Workstation,48,300,6800,Amazon,8771.67,473,260.5
2024-02,RTX 6000 Ada,Ada,2023,Workstation,48,300,6800,MicroCenter,8425.96,338,260.5
2024-02,RTX 6000 Ada,Ada,2023,Workstation,48,300,6800,PCComponentes,8012.03,110,260.5
2024-03,RTX 6000 Ada,Ada,2023,Workstation,48,300,6800,PCComponentes,7673.08,64,260.5
2024-03,RTX 6000 Ada,Ada,2023,Workstation,48,300,6800,Amazon,7872.88,413,260.5
2024-03,RTX 6000 Ada,Ada,2023,Workstation,48,300,6800,MicroCenter,7285.09,26,260.5
2024-04,RTX 6000 Ada,Ada,2023,Workstation,48,300,6800,PCComponentes,8850.97,126,260.5
2024-04,RTX 6000 Ada,Ada,2023,Workstation,48,300,6800,MicroCenter,9333.31,121,260.5
2024-04,RTX 6000 Ada,Ada,2023,Workstation,48,300,6800,BestBuy,9508.54,29,260.5
2024-05,RTX 6000 Ada,Ada,2023,Workstation,48,300,6800,MicroCenter,9963.23,88,260.5
2024-05,RTX 6000 Ada,Ada,2023,Workstation,48,300,6800,BestBuy,9977.88,93,260.5
2024-05,RTX 6000 Ada,Ada,2023,Workstation,48,300,6800,Amazon,9362.58,12,260.5
2024-06,RTX 6000 Ada,Ada,2023,Workstation,48,300,6800,Amazon,6480.01,68,260.5
2024-06,RTX 6000 Ada,Ada,2023,Workstation,48,300,6800,MicroCenter,7155.14,440,260.5
2024-06,RTX 6000 Ada,Ada,2023,Workstation,48,300,6800,Newegg,6857.06,9,260.5
2024-07,RTX 6000 Ada,Ada,2023,Workstation,48,300,6800,MicroCenter,8384.81,78,260.5
2024-07,RTX 6000 Ada,Ada,2023,Workstation,48,300,6800,Newegg,8554.22,423,260.5
2024-07,RTX 6000 Ada,Ada,2023,Workstation,48,300,6800,BestBuy,9058.59,332,260.5
2024-08,RTX 6000 Ada,Ada,2023,Workstation,48,300,6800,PCComponentes,7236.27,425,260.5
2024-08,RTX 6000 Ada,Ada,2023,Workstation,48,300,6800,Newegg,7299.12,455,260.5
2024-08,RTX 6000 Ada,Ada,2023,Workstation,48,300,6800,BestBuy,7313.01,283,260.5
2024-09,RTX 6000 Ada,Ada,2023,Workstation,48,300,6800,BestBuy,7690.15,217,260.5
2024-09,RTX 6000 Ada,Ada,2023,Workstation,48,300,6800,PCComponentes,7978.51,35,260.5
2024-09,RTX 6000 Ada,Ada,2023,Workstation,48,300,6800,Newegg,7994.53,134,260.5
2024-10,RTX 6000 Ada,Ada,2023,Workstation,48,300,6800,Amazon,8423.55,393,260.5
2024-10,RTX 6000 Ada,Ada,2023,Workstation,48,300,6800,PCComponentes,8366.54,154,260.5
2024-10,RTX 6000 Ada,Ada,2023,Workstation,48,300,6800,MicroCenter,8278.98,491,260.5
2024-11,RTX 6000 Ada,Ada,2023,Workstation,48,300,6800,MicroCenter,8118.32,417,260.5
2024-11,RTX 6000 Ada,Ada,2023,Workstation,48,300,6800,BestBuy,7761.59,205,260.5
2024-11,RTX 6000 Ada,Ada,2023,Workstation,48,300,6800,Amazon,7514.85,440,260.5
2024-12,RTX 6000 Ada,Ada,2023,Workstation,48,300,6800,Newegg,7406.57,291,260.5
2024-12,RTX 6000 Ada,Ada,2023,Workstation,48,300,6800,PCComponentes,7770.5,285,260.5
2024-12,RTX 6000 Ada,Ada,2023,Workstation,48,300,6800,Amazon,7376.53,162,260.5
2023-01,RTX A6000,Ampere,2021,Workstation,48,300,4650,PCComponentes,7078.02,81,236.9
2023-01,RTX A6000,Ampere,2021,Workstation,48,300,4650,MicroCenter,6489.51,110,236.9
2023-01,RTX A6000,Ampere,2021,Workstation,48,300,4650,Newegg,6528.92,112,236.9
2023-02,RTX A6000,Ampere,2021,Workstation,48,300,4650,Amazon,5958.13,283,236.9
2023-02,RTX A6000,Ampere,2021,Workstation,48,300,4650,Newegg,5503.64,373,236.9
2023-02,RTX A6000,Ampere,2021,Workstation,48,300,4650,BestBuy,5745.91,185,236.9
2023-03,RTX A6000,Ampere,2021,Workstation,48,300,4650,MicroCenter,5710.74,443,236.9
2023-03,RTX A6000,Ampere,2021,Workstation,48,300,4650,BestBuy,5884.38,146,236.9
2023-03,RTX A6000,Ampere,2021,Workstation,48,300,4650,Amazon,5466.6,98,236.9
2023-04,RTX A6000,Ampere,2021,Workstation,48,300,4650,Amazon,6086.9,429,236.9
2023-04,RTX A6000,Ampere,2021,Workstation,48,300,4650,BestBuy,5740.99,80,236.9
2023-04,RTX A6000,Ampere,2021,Workstation,48,300,4650,PCComponentes,5551.66,409,236.9
2023-05,RTX A6000,Ampere,2021,Workstation,48,300,4650,MicroCenter,5832.03,62,236.9
2023-05,RTX A6000,Ampere,2021,Workstation,48,300,4650,PCComponentes,5983.42,497,236.9
2023-05,RTX A6000,Ampere,2021,Workstation,48,300,4650,Newegg,5761.33,105,236.9
2023-06,RTX A6000,Ampere,2021,Workstation,48,300,4650,BestBuy,6653.43,102,236.9
2023-06,RTX A6000,Ampere,2021,Workstation,48,300,4650,Newegg,6661.31,69,236.9
2023-06,RTX A6000,Ampere,2021,Workstation,48,300,4650,PCComponentes,6245.71,58,236.9
2023-07,RTX A6000,Ampere,2021,Workstation,48,300,4650,Amazon,6482.57,127,236.9
2023-07,RTX A6000,Ampere,2021,Workstation,48,300,4650,Newegg,6914.66,74,236.9
2023-07,RTX A6000,Ampere,2021,Workstation,48,300,4650,PCComponentes,6806.82,90,236.9
2023-08,RTX A6000,Ampere,2021,Workstation,48,300,4650,Amazon,5199.13,108,236.9
2023-08,RTX A6000,Ampere,2021,Workstation,48,300,4650,MicroCenter,4969.49,281,236.9
2023-08,RTX A6000,Ampere,2021,Workstation,48,300,4650,BestBuy,5282.9,196,236.9
2023-09,RTX A6000,Ampere,2021,Workstation,48,300,4650,MicroCenter,7248.91,30,236.9
2023-09,RTX A6000,Ampere,2021,Workstation,48,300,4650,Amazon,6856.22,124,236.9
2023-09,RTX A6000,Ampere,2021,Workstation,48,300,4650,BestBuy,7250.24,79,236.9
2023-10,RTX A6000,Ampere,2021,Workstation,48,300,4650,PCComponentes,5988.01,160,236.9
2023-10,RTX A6000,Ampere,2021,Workstation,48,300,4650,MicroCenter,5866.97,470,236.9
2023-10,RTX A6000,Ampere,2021,Workstation,48,300,4650,BestBuy,5555.07,201,236.9
2023-11,RTX A6000,Ampere,2021,Workstation,48,300,4650,PCComponentes,5823.05,233,236.9
2023-11,RTX A6000,Ampere,2021,Workstation,48,300,4650,Newegg,5656.85,341,236.9
2023-11,RTX A6000,Ampere,2021,Workstation,48,300,4650,MicroCenter,5878.69,208,236.9
2023-12,RTX A6000,Ampere,2021,Workstation,48,300,4650,MicroCenter,5522.09,456,236.9
2023-12,RTX A6000,Ampere,2021,Workstation,48,300,4650,Amazon,5147.53,79,236.9
2023-12,RTX A6000,Ampere,2021,Workstation,48,300,4650,PCComponentes,5449.47,491,236.9
2024-01,RTX A6000,Ampere,2021,Workstation,48,300,4650,BestBuy,5273.2,170,236.9
2024-01,RTX A6000,Ampere,2021,Workstation,48,300,4650,Amazon,5199.39,496,236.9
2024-01,RTX A6000,Ampere,2021,Workstation,48,300,4650,MicroCenter,5294.31,247,236.9
2024-02,RTX A6000,Ampere,2021,Workstation,48,300,4650,BestBuy,6812.6,64,236.9
2024-02,RTX A6000,Ampere,2021,Workstation,48,300,4650,MicroCenter,6266.81,139,236.9
2024-02,RTX A6000,Ampere,2021,Workstation,48,300,4650,PCComponentes,7038.74,135,236.9
2024-03,RTX A6000,Ampere,2021,Workstation,48,300,4650,MicroCenter,4712.38,419,236.9
2024-03,RTX A6000,Ampere,2021,Workstation,48,300,4650,Newegg,5068.9,472,236.9
2024-03,RTX A6000,Ampere,2021,Workstation,48,300,4650,BestBuy,5228.41,63,236.9
2024-04,RTX A6000,Ampere,2021,Workstation,48,300,4650,Newegg,5398.85,106,236.9
2024-04,RTX A6000,Ampere,2021,Workstation,48,300,4650,Amazon,5660.36,468,236.9
2024-04,RTX A6000,Ampere,2021,Workstation,48,300,4650,BestBuy,5396.86,397,236.9
2024-05,RTX A6000,Ampere,2021,Workstation,48,300,4650,Newegg,6272.36,87,236.9
2024-05,RTX A6000,Ampere,2021,Workstation,48,300,4650,MicroCenter,5904.85,3,236.9
2024-05,RTX A6000,Ampere,2021,Workstation,48,300,4650,Amazon,6622.77,107,236.9
2024-06,RTX A6000,Ampere,2021,Workstation,48,300,4650,BestBuy,5686.41,59,236.9
2024-06,RTX A6000,Ampere,2021,Workstation,48,300,4650,MicroCenter,5660.9,454,236.9
2024-06,RTX A6000,Ampere,2021,Workstation,48,300,4650,Newegg,5963.55,69,236.9
2024-07,RTX A6000,Ampere,2021,Workstation,48,300,4650,BestBuy,5513.19,7,236.9
2024-07,RTX A6000,Ampere,2021,Workstation,48,300,4650,MicroCenter,5204.13,311,236.9
2024-07,RTX A6000,Ampere,2021,Workstation,48,300,4650,Amazon,5372.23,140,236.9
2024-08,RTX A6000,Ampere,2021,Workstation,48,300,4650,Amazon,5520.48,351,236.9
2024-08,RTX A6000,Ampere,2021,Workstation,48,300,4650,MicroCenter,5781.58,101,236.9
2024-08,RTX A6000,Ampere,2021,Workstation,48,300,4650,BestBuy,6211.97,378,236.9
2024-09,RTX A6000,Ampere,2021,Workstation,48,300,4650,Newegg,5004.97,459,236.9
2024-09,RTX A6000,Ampere,2021,Workstation,48,300,4650,Amazon,5236.75,47,236.9
2024-09,RTX A6000,Ampere,2021,Workstation,48,300,4650,BestBuy,5008.5,324,236.9
2024-10,RTX A6000,Ampere,2021,Workstation,48,300,4650,Newegg,5720.88,488,236.9
2024-10,RTX A6000,Ampere,2021,Workstation,48,300,4650,MicroCenter,5803.37,495,236.9
2024-10,RTX A6000,Ampere,2021,Workstation,48,300,4650,Amazon,5347.3,229,236.9
2024-11,RTX A6000,Ampere,2021,Workstation,48,300,4650,Newegg,5357.63,299,236.9
2024-11,RTX A6000,Ampere,2021,Workstation,48,300,4650,PCComponentes,5839.22,265,236.9
2024-11,RTX A6000,Ampere,2021,Workstation,48,300,4650,Amazon,6018.9,453,236.9
2024-12,RTX A6000,Ampere,2021,Workstation,48,300,4650,Newegg,4870.69,101,236.9
2024-12,RTX A6000,Ampere,2021,Workstation,48,300,4650,MicroCenter,4888.79,257,236.9
2024-12,RTX A6000,Ampere,2021,Workstation,48,300,4650,PCComponentes,4459.58,429,236.9
2023-01,A100 80GB,Ampere,2021,Datacenter,80,400,15000,Newegg,20553.55,30,460.0
2023-01,A100 80GB,Ampere,2021,Datacenter,80,400,15000,MicroCenter,22478.39,44,460.0
2023-01,A100 80GB,Ampere,2021,Datacenter,80,400,15000,BestBuy,21938.65,27,460.0
2023-02,A100 80GB,Ampere,2021,Datacenter,80,400,15000,Newegg,21715.08,130,460.0
2023-02,A100 80GB,Ampere,2021,Datacenter,80,400,15000,PCComponentes,20707.76,145,460.0
2023-02,A100 80GB,Ampere,2021,Datacenter,80,400,15000,MicroCenter,20873.54,90,460.0
2023-03,A100 80GB,Ampere,2021,Datacenter,80,400,15000,Amazon,22213.3,84,460.0
2023-03,A100 80GB,Ampere,2021,Datacenter,80,400,15000,MicroCenter,21554.88,130,460.0
2023-03,A100 80GB,Ampere,2021,Datacenter,80,400,15000,Newegg,21694.2,87,460.0
2023-04,A100 80GB,Ampere,2021,Datacenter,80,400,15000,BestBuy,20721.52,66,460.0
2023-04,A100 80GB,Ampere,2021,Datacenter,80,400,15000,Newegg,18905.43,5,460.0
2023-04,A100 80GB,Ampere,2021,Datacenter,80,400,15000,PCComponentes,19404.85,4,460.0
2023-05,A100 80GB,Ampere,2021,Datacenter,80,400,15000,MicroCenter,20507.21,84,460.0
2023-05,A100 80GB,Ampere,2021,Datacenter,80,400,15000,PCComponentes,20794.75,147,460.0
2023-05,A100 80GB,Ampere,2021,Datacenter,80,400,15000,Amazon,21650.93,125,460.0
2023-06,A100 80GB,Ampere,2021,Datacenter,80,400,15000,Amazon,23554.51,77,460.0
2023-06,A100 80GB,Ampere,2021,Datacenter,80,400,15000,Newegg,23825.05,66,460.0
2023-06,A100 80GB,Ampere,2021,Datacenter,80,400,15000,BestBuy,22448.59,57,460.0
2023-07,A100 80GB,Ampere,2021,Datacenter,80,400,15000,MicroCenter,23393.89,24,460.0
2023-07,A100 80GB,Ampere,2021,Datacenter,80,400,15000,Newegg,21118.46,23,460.0
2023-07,A100 80GB,Ampere,2021,Datacenter,80,400,15000,Amazon,22539.56,143,460.0
2023-08,A100 80GB,Ampere,2021,Datacenter,80,400,15000,Amazon,24558.45,60,460.0
2023-08,A100 80GB,Ampere,2021,Datacenter,80,400,15000,MicroCenter,25467.57,48,460.0
2023-08,A100 80GB,Ampere,2021,Datacenter,80,400,15000,BestBuy,24392.17,63,460.0
2023-09,A100 80GB,Ampere,2021,Datacenter,80,400,15000,Newegg,20627.43,477,460.0
2023-09,A100 80GB,Ampere,2021,Datacenter,80,400,15000,PCComponentes,20820.61,60,460.0
2023-09,A100 80GB,Ampere,2021,Datacenter,80,400,15000,Amazon,20442.48,7,460.0
2023-10,A100 80GB,Ampere,2021,Datacenter,80,400,15000,Newegg,23745.83,80,460.0
2023-10,A100 80GB,Ampere,2021,Datacenter,80,400,15000,PCComponentes,23647.44,135,460.0
2023-10,A100 80GB,Ampere,2021,Datacenter,80,400,15000,Amazon,24005.41,136,460.0
2023-11,A100 80GB,Ampere,2021,Datacenter,80,400,15000,MicroCenter,19553.24,53,460.0
2023-11,A100 80GB,Ampere,2021,Datacenter,80,400,15000,BestBuy,19292.65,496,460.0
2023-11,A100 80GB,Ampere,2021,Datacenter,80,400,15000,Newegg,19663.42,62,460.0
2023-12,A100 80GB,Ampere,2021,Datacenter,80,400,15000,PCComponentes,19705.02,54,460.0
2023-12,A100 80GB,Ampere,2021,Datacenter,80,400,15000,Newegg,20224.1,283,460.0
2023-12,A100 80GB,Ampere,2021,Datacenter,80,400,15000,Amazon,19898.16,72,460.0
2024-01,A100 80GB,Ampere,2021,Datacenter,80,400,15000,PCComponentes,21649.57,36,460.0
2024-01,A100 80GB,Ampere,2021,Datacenter,80,400,15000,Newegg,23578.4,9,460.0
2024-01,A100 80GB,Ampere,2021,Datacenter,80,400,15000,Amazon,23385.96,98,460.0
2024-02,A100 80GB,Ampere,2021,Datacenter,80,400,15000,PCComponentes,22850.62,115,460.0
2024-02,A100 80GB,Ampere,2021,Datacenter,80,400,15000,MicroCenter,24823.68,25,460.0
2024-02,A100 80GB,Ampere,2021,Datacenter,80,400,15000,BestBuy,25538.5,24,460.0
2024-03,A100 80GB,Ampere,2021,Datacenter,80,400,15000,Amazon,22376.44,72,460.0
2024-03,A100 80GB,Ampere,2021,Datacenter,80,400,15000,PCComponentes,22250.87,101,460.0
2024-03,A100 80GB,Ampere,2021,Datacenter,80,400,15000,BestBuy,21244.15,88,460.0
2024-04,A100 80GB,Ampere,2021,Datacenter,80,400,15000,Newegg,22102.51,148,460.0
2024-04,A100 80GB,Ampere,2021,Datacenter,80,400,15000,Amazon,20955.26,123,460.0
2024-04,A100 80GB,Ampere,2021,Datacenter,80,400,15000,BestBuy,22494.65,42,460.0
2024-05,A100 80GB,Ampere,2021,Datacenter,80,400,15000,BestBuy,20782.57,103,460.0
2024-05,A100 80GB,Ampere,2021,Datacenter,80,400,15000,Newegg,20345.11,119,460.0
2024-05,A100 80GB,Ampere,2021,Datacenter,80,400,15000,MicroCenter,21235.54,103,460.0
2024-06,A100 80GB,Ampere,2021,Datacenter,80,400,15000,Newegg,17552.31,162,460.0
2024-06,A100 80GB,Ampere,2021,Datacenter,80,400,15000,MicroCenter,18146.11,342,460.0
2024-06,A100 80GB,Ampere,2021,Datacenter,80,400,15000,BestBuy,18006.47,37,460.0
2024-07,A100 80GB,Ampere,2021,Datacenter,80,400,15000,Amazon,19988.25,476,460.0
2024-07,A100 80GB,Ampere,2021,Datacenter,80,400,15000,PCComponentes,19632.02,336,460.0
2024-07,A100 80GB,Ampere,2021,Datacenter,80,400,15000,MicroCenter,18466.88,178,460.0
2024-08,A100 80GB,Ampere,2021,Datacenter,80,400,15000,Amazon,16525.56,452,460.0
2024-08,A100 80GB,Ampere,2021,Datacenter,80,400,15000,Newegg,16545.89,55,460.0
2024-08,A100 80GB,Ampere,2021,Datacenter,80,400,15000,MicroCenter,16869.95,466,460.0
2024-09,A100 80GB,Ampere,2021,Datacenter,80,400,15000,PCComponentes,18155.18,170,460.0
2024-09,A100 80GB,Ampere,2021,Datacenter,80,400,15000,Amazon,18198.91,247,460.0
2024-09,A100 80GB,Ampere,2021,Datacenter,80,400,15000,MicroCenter,18996.39,121,460.0
2024-10,A100 80GB,Ampere,2021,Datacenter,80,400,15000,MicroCenter,23731.68,132,460.0
2024-10,A100 80GB,Ampere,2021,Datacenter,80,400,15000,Newegg,24720.95,45,460.0
2024-10,A100 80GB,Ampere,2021,Datacenter,80,400,15000,PCComponentes,22375.4,12,460.0
2024-11,A100 80GB,Ampere,2021,Datacenter,80,400,15000,MicroCenter,20864.93,5,460.0
2024-11,A100 80GB,Ampere,2021,Datacenter,80,400,15000,Newegg,19740.2,89,460.0
2024-11,A100 80GB,Ampere,2021,Datacenter,80,400,15000,PCComponentes,19216.23,147,460.0
2024-12,A100 80GB,Ampere,2021,Datacenter,80,400,15000,BestBuy,21806.54,71,460.0
2024-12,A100 80GB,Ampere,2021,Datacenter,80,400,15000,Newegg,21548.99,2,460.0
2024-12,A100 80GB,Ampere,2021,Datacenter,80,400,15000,PCComponentes,21463.38,126,460.0
2023-01,H100 80GB,Hopper,2023,Datacenter,80,700,30000,Amazon,41741.3,121,578.6
2023-01,H100 80GB,Hopper,2023,Datacenter,80,700,30000,PCComponentes,40437.68,102,578.6
2023-01,H100 80GB,Hopper,2023,Datacenter,80,700,30000,MicroCenter,44398.14,13,578.6
2023-02,H100 80GB,Hopper,2023,Datacenter,80,700,30000,Newegg,39230.61,88,578.6
2023-02,H100 80GB,Hopper,2023,Datacenter,80,700,30000,Amazon,41225.06,27,578.6
2023-02,H100 80GB,Hopper,2023,Datacenter,80,700,30000,PCComponentes,42208.77,95,578.6
2023-03,H100 80GB,Hopper,2023,Datacenter,80,700,30000,Amazon,42867.87,4,578.6
2023-03,H100 80GB,Hopper,2023,Datacenter,80,700,30000,PCComponentes,42989.13,83,578.6
2023-03,H100 80GB,Hopper,2023,Datacenter,80,700,30000,MicroCenter,41084.52,60,578.6
2023-04,H100 80GB,Hopper,2023,Datacenter,80,700,30000,PCComponentes,46744.07,147,578.6
2023-04,H100 80GB,Hopper,2023,Datacenter,80,700,30000,BestBuy,48649.57,25,578.6
2023-04,H100 80GB,Hopper,2023,Datacenter,80,700,30000,MicroCenter,46322.62,129,578.6
2023-05,H100 80GB,Hopper,2023,Datacenter,80,700,30000,Amazon,45538.92,71,578.6
2023-05,H100 80GB,Hopper,2023,Datacenter,80,700,30000,Newegg,43536.22,81,578.6
2023-05,H100 80GB,Hopper,2023,Datacenter,80,700,30000,PCComponentes,44871.62,56,578.6
2023-06,H100 80GB,Hopper,2023,Datacenter,80,700,30000,Amazon,45754.93,138,578.6
2023-06,H100 80GB,Hopper,2023,Datacenter,80,700,30000,Newegg,50964.73,40,578.6
2023-06,H100 80GB,Hopper,2023,Datacenter,80,700,30000,PCComponentes,45923.27,118,578.6
2023-07,H100 80GB,Hopper,2023,Datacenter,80,700,30000,Amazon,47036.67,99,578.6
2023-07,H100 80GB,Hopper,2023,Datacenter,80,700,30000,BestBuy,48279.26,16,578.6
2023-07,H100 80GB,Hopper,2023,Datacenter,80,700,30000,Newegg,47601.42,11,578.6
2023-08,H100 80GB,Hopper,2023,Datacenter,80,700,30000,Newegg,37569.0,418,578.6
2023-08,H100 80GB,Hopper,2023,Datacenter,80,700,30000,Amazon,37370.62,247,578.6
2023-08,H100 80GB,Hopper,2023,Datacenter,80,700,30000,MicroCenter,40347.79,298,578.6
2023-09,H100 80GB,Hopper,2023,Datacenter,80,700,30000,BestBuy,45477.74,11,578.6
2023-09,H100 80GB,Hopper,2023,Datacenter,80,700,30000,PCComponentes,44752.79,111,578.6
2023-09,H100 80GB,Hopper,2023,Datacenter,80,700,30000,Newegg,42768.9,67,578.6
2023-10,H100 80GB,Hopper,2023,Datacenter,80,700,30000,PCComponentes,42683.67,64,578.6
2023-10,H100 80GB,Hopper,2023,Datacenter,80,700,30000,MicroCenter,47101.11,32,578.6
2023-10,H100 80GB,Hopper,2023,Datacenter,80,700,30000,Newegg,42861.62,23,578.6
2023-11,H100 80GB,Hopper,2023,Datacenter,80,700,30000,BestBuy,45417.12,71,578.6
2023-11,H100 80GB,Hopper,2023,Datacenter,80,700,30000,PCComponentes,42824.72,39,578.6
2023-11,H100 80GB,Hopper,2023,Datacenter,80,700,30000,MicroCenter,44896.99,128,578.6
2023-12,H100 80GB,Hopper,2023,Datacenter,80,700,30000,Newegg,47297.46,21,578.6
2023-12,H100 80GB,Hopper,2023,Datacenter,80,700,30000,PCComponentes,46221.96,82,578.6
2023-12,H100 80GB,Hopper,2023,Datacenter,80,700,30000,BestBuy,45331.85,48,578.6
2024-01,H100 80GB,Hopper,2023,Datacenter,80,700,30000,PCComponentes,37191.16,138,578.6
2024-01,H100 80GB,Hopper,2023,Datacenter,80,700,30000,BestBuy,36629.78,425,578.6
2024-01,H100 80GB,Hopper,2023,Datacenter,80,700,30000,MicroCenter,36470.2,200,578.6
2024-02,H100 80GB,Hopper,2023,Datacenter,80,700,30000,MicroCenter,45582.12,66,578.6
2024-02,H100 80GB,Hopper,2023,Datacenter,80,700,30000,PCComponentes,45853.39,83,578.6
2024-02,H100 80GB,Hopper,2023,Datacenter,80,700,30000,BestBuy,45548.15,99,578.6
2024-03,H100 80GB,Hopper,2023,Datacenter,80,700,30000,BestBuy,32698.79,282,578.6
2024-03,H100 80GB,Hopper,2023,Datacenter,80,700,30000,Amazon,35620.64,302,578.6
2024-03,H100 80GB,Hopper,2023,Datacenter,80,700,30000,MicroCenter,33173.55,347,578.6
2024-04,H100 80GB,Hopper,2023,Datacenter,80,700,30000,PCComponentes,41169.0,38,578.6
2024-04,H100 80GB,Hopper,2023,Datacenter,80,700,30000,Newegg,39520.43,116,578.6
2024-04,H100 80GB,Hopper,2023,Datacenter,80,700,30000,MicroCenter,39986.42,103,578.6
2024-05,H100 80GB,Hopper,2023,Datacenter,80,700,30000,Amazon,42208.66,59,578.6
2024-05,H100 80GB,Hopper,2023,Datacenter,80,700,30000,Newegg,40832.54,8,578.6
2024-05,H100 80GB,Hopper,2023,Datacenter,80,700,30000,BestBuy,43498.84,116,578.6
2024-06,H100 80GB,Hopper,2023,Datacenter,80,700,30000,BestBuy,34885.38,452,578.6
2024-06,H100 80GB,Hopper,2023,Datacenter,80,700,30000,Amazon,34312.25,284,578.6
2024-06,H100 80GB,Hopper,2023,Datacenter,80,700,30000,PCComponentes,35930.79,383,578.6
2024-07,H100 80GB,Hopper,2023,Datacenter,80,700,30000,Amazon,34337.14,37,578.6
2024-07,H100 80GB,Hopper,2023,Datacenter,80,700,30000,PCComponentes,37858.16,426,578.6
2024-07,H100 80GB,Hopper,2023,Datacenter,80,700,30000,MicroCenter,34397.64,494,578.6
2024-08,H100 80GB,Hopper,2023,Datacenter,80,700,30000,Amazon,34838.07,401,578.6
2024-08,H100 80GB,Hopper,2023,Datacenter,80,700,30000,MicroCenter,34306.06,362,578.6
2024-08,H100 80GB,Hopper,2023,Datacenter,80,700,30000,Newegg,36917.79,152,578.6
2024-09,H100 80GB,Hopper,2023,Datacenter,80,700,30000,Newegg,41370.51,102,578.6
2024-09,H100 80GB,Hopper,2023,Datacenter,80,700,30000,MicroCenter,44268.51,134,578.6
2024-09,H100 80GB,Hopper,2023,Datacenter,80,700,30000,PCComponentes,41905.79,118,578.6
2024-10,H100 80GB,Hopper,2023,Datacenter,80,700,30000,Amazon,38092.66,444,578.6
2024-10,H100 80GB,Hopper,2023,Datacenter,80,700,30000,PCComponentes,34428.78,327,578.6
2024-10,H100 80GB,Hopper,2023,Datacenter,80,700,30000,BestBuy,35877.21,200,578.6
2024-11,H100 80GB,Hopper,2023,Datacenter,80,700,30000,Amazon,44097.57,16,578.6
2024-11,H100 80GB,Hopper,2023,Datacenter,80,700,30000,MicroCenter,43242.1,73,578.6
2024-11,H100 80GB,Hopper,2023,Datacenter,80,700,30000,PCComponentes,42026.69,101,578.6
2024-12,H100 80GB,Hopper,2023,Datacenter,80,700,30000,BestBuy,42785.34,65,578.6
2024-12,H100 80GB,Hopper,2023,Datacenter,80,700,30000,PCComponentes,41563.18,46,578.6
2024-12,H100 80GB,Hopper,2023,Datacenter,80,700,30000,Newegg,44481.75,36,578.6
2023-01,H200,Hopper,2023,Datacenter,141,700,35000,PCComponentes,49066.86,147,653.3
2023-01,H200,Hopper,2023,Datacenter,141,700,35000,MicroCenter,47102.21,77,653.3
2023-01,H200,Hopper,2023,Datacenter,141,700,35000,Amazon,44713.57,54,653.3
2023-02,H200,Hopper,2023,Datacenter,141,700,35000,BestBuy,49972.14,104,653.3
2023-02,H200,Hopper,2023,Datacenter,141,700,35000,Newegg,52515.79,22,653.3
2023-02,H200,Hopper,2023,Datacenter,141,700,35000,MicroCenter,47354.42,60,653.3
2023-03,H200,Hopper,2023,Datacenter,141,700,35000,Newegg,58039.65,41,653.3
2023-03,H200,Hopper,2023,Datacenter,141,700,35000,BestBuy,52904.87,13,653.3
2023-03,H200,Hopper,2023,Datacenter,141,700,35000,PCComponentes,54860.75,105,653.3
2023-04,H200,Hopper,2023,Datacenter,141,700,35000,PCComponentes,46575.76,79,653.3
2023-04,H200,Hopper,2023,Datacenter,141,700,35000,Amazon,46198.58,79,653.3
2023-04,H200,Hopper,2023,Datacenter,141,700,35000,Newegg,46765.95,66,653.3
2023-05,H200,Hopper,2023,Datacenter,141,700,35000,Amazon,43085.12,343,653.3
2023-05,H200,Hopper,2023,Datacenter,141,700,35000,Newegg,41428.37,44,653.3
2023-05,H200,Hopper,2023,Datacenter,141,700,35000,BestBuy,42968.27,325,653.3
2023-06,H200,Hopper,2023,Datacenter,141,700,35000,MicroCenter,54649.35,140,653.3
2023-06,H200,Hopper,2023,Datacenter,141,700,35000,Amazon,55028.07,24,653.3
2023-06,H200,Hopper,2023,Datacenter,141,700,35000,BestBuy,49399.0,103,653.3
2023-07,H200,Hopper,2023,Datacenter,141,700,35000,BestBuy,54078.51,34,653.3
2023-07,H200,Hopper,2023,Datacenter,141,700,35000,Amazon,55381.44,2,653.3
2023-07,H200,Hopper,2023,Datacenter,141,700,35000,MicroCenter,50772.07,27,653.3
2023-08,H200,Hopper,2023,Datacenter,141,700,35000,BestBuy,54298.71,77,653.3
2023-08,H200,Hopper,2023,Datacenter,141,700,35000,PCComponentes,53835.94,137,653.3
2023-08,H200,Hopper,2023,Datacenter,141,700,35000,Newegg,51363.85,79,653.3
2023-09,H200,Hopper,2023,Datacenter,141,700,35000,Newegg,47884.75,148,653.3
2023-09,H200,Hopper,2023,Datacenter,141,700,35000,MicroCenter,44862.9,94,653.3
2023-09,H200,Hopper,2023,Datacenter,141,700,35000,PCComponentes,44204.87,48,653.3
2023-10,H200,Hopper,2023,Datacenter,141,700,35000,MicroCenter,57038.22,74,653.3
2023-10,H200,Hopper,2023,Datacenter,141,700,35000,PCComponentes,52528.95,105,653.3
2023-10,H200,Hopper,2023,Datacenter,141,700,35000,BestBuy,57003.84,32,653.3
2023-11,H200,Hopper,2023,Datacenter,141,700,35000,Amazon,41572.61,202,653.3
2023-11,H200,Hopper,2023,Datacenter,141,700,35000,PCComponentes,44504.01,396,653.3
2023-11,H200,Hopper,2023,Datacenter,141,700,35000,MicroCenter,42561.29,218,653.3
2023-12,H200,Hopper,2023,Datacenter,141,700,35000,PCComponentes,39747.03,200,653.3
2023-12,H200,Hopper,2023,Datacenter,141,700,35000,Newegg,40761.47,256,653.3
2023-12,H200,Hopper,2023,Datacenter,141,700,35000,Amazon,39498.1,464,653.3
2024-01,H200,Hopper,2023,Datacenter,141,700,35000,MicroCenter,42859.84,493,653.3
2024-01,H200,Hopper,2023,Datacenter,141,700,35000,Newegg,42317.26,260,653.3
2024-01,H200,Hopper,2023,Datacenter,141,700,35000,Amazon,43024.68,279,653.3
2024-02,H200,Hopper,2023,Datacenter,141,700,35000,MicroCenter,43432.86,423,653.3
2024-02,H200,Hopper,2023,Datacenter,141,700,35000,BestBuy,45605.71,273,653.3
2024-02,H200,Hopper,2023,Datacenter,141,700,35000,Newegg,46837.63,421,653.3
2024-03,H200,Hopper,2023,Datacenter,141,700,35000,Newegg,55497.51,24,653.3
2024-03,H200,Hopper,2023,Datacenter,141,700,35000,MicroCenter,53525.64,60,653.3
2024-03,H200,Hopper,2023,Datacenter,141,700,35000,PCComponentes,50548.58,104,653.3
2024-04,H200,Hopper,2023,Datacenter,141,700,35000,Newegg,41575.78,213,653.3
2024-04,H200,Hopper,2023,Datacenter,141,700,35000,MicroCenter,40614.84,48,653.3
2024-04,H200,Hopper,2023,Datacenter,141,700,35000,Amazon,42219.67,273,653.3
2024-05,H200,Hopper,2023,Datacenter,141,700,35000,MicroCenter,43651.62,392,653.3
2024-05,H200,Hopper,2023,Datacenter,141,700,35000,Newegg,46561.26,474,653.3
2024-05,H200,Hopper,2023,Datacenter,141,700,35000,PCComponentes,43569.73,444,653.3
2024-06,H200,Hopper,2023,Datacenter,141,700,35000,PCComponentes,42317.25,345,653.3
2024-06,H200,Hopper,2023,Datacenter,141,700,35000,MicroCenter,40553.5,282,653.3
2024-06,H200,Hopper,2023,Datacenter,141,700,35000,Newegg,43010.07,396,653.3
2024-07,H200,Hopper,2023,Datacenter,141,700,35000,Amazon,40087.99,203,653.3
2024-07,H200,Hopper,2023,Datacenter,141,700,35000,PCComponentes,43342.59,271,653.3
2024-07,H200,Hopper,2023,Datacenter,141,700,35000,MicroCenter,41186.7,117,653.3
2024-08,H200,Hopper,2023,Datacenter,141,700,35000,Newegg,48657.13,75,653.3
2024-08,H200,Hopper,2023,Datacenter,141,700,35000,MicroCenter,49052.68,107,653.3
2024-08,H200,Hopper,2023,Datacenter,141,700,35000,Amazon,47569.54,39,653.3
2024-09,H200,Hopper,2023,Datacenter,141,700,35000,BestBuy,58621.88,26,653.3
2024-09,H200,Hopper,2023,Datacenter,141,700,35000,Newegg,59537.11,43,653.3
2024-09,H200,Hopper,2023,Datacenter,141,700,35000,PCComponentes,54971.41,122,653.3
2024-10,H200,Hopper,2023,Datacenter,141,700,35000,BestBuy,55966.76,36,653.3
2024-10,H200,Hopper,2023,Datacenter,141,700,35000,PCComponentes,54355.15,50,653.3
2024-10,H200,Hopper,2023,Datacenter,141,700,35000,Amazon,55399.46,26,653.3
2024-11,H200,Hopper,2023,Datacenter,141,700,35000,Newegg,46233.93,122,653.3
2024-11,H200,Hopper,2023,Datacenter,141,700,35000,MicroCenter,47326.13,118,653.3
2024-11,H200,Hopper,2023,Datacenter,141,700,35000,BestBuy,48382.53,120,653.3
2024-12,H200,Hopper,2023,Datacenter,141,700,35000,Newegg,55268.41,9,653.3
2024-12,H200,Hopper,2023,Datacenter,141,700,35000,PCComponentes,54839.34,132,653.3
2024-12,H200,Hopper,2023,Datacenter,141,700,35000,Amazon,52340.89,79,653.3
2023-01,L40S,Ada,2023,Datacenter,48,350,9000,Newegg,14003.79,62,327.4
2023-01,L40S,Ada,2023,Datacenter,48,350,9000,BestBuy,13918.25,126,327.4
2023-01,L40S,Ada,2023,Datacenter,48,350,9000,PCComponentes,14123.95,72,327.4
2023-02,L40S,Ada,2023,Datacenter,48,350,9000,BestBuy,12969.0,12,327.4
2023-02,L40S,Ada,2023,Datacenter,48,350,9000,Newegg,12029.06,93,327.4
2023-02,L40S,Ada,2023,Datacenter,48,350,9000,Amazon,12013.09,61,327.4
2023-03,L40S,Ada,2023,Datacenter,48,350,9000,Amazon,13390.86,52,327.4
2023-03,L40S,Ada,2023,Datacenter,48,350,9000,PCComponentes,13113.18,108,327.4
2023-03,L40S,Ada,2023,Datacenter,48,350,9000,BestBuy,13116.71,53,327.4
2023-04,L40S,Ada,2023,Datacenter,48,350,9000,BestBuy,11601.29,85,327.4
2023-04,L40S,Ada,2023,Datacenter,48,350,9000,PCComponentes,11977.09,273,327.4
2023-04,L40S,Ada,2023,Datacenter,48,350,9000,Newegg,11045.27,456,327.4
2023-05,L40S,Ada,2023,Datacenter,48,350,9000,Amazon,15317.67,148,327.4
2023-05,L40S,Ada,2023,Datacenter,48,350,9000,Newegg,14773.47,108,327.4
2023-05,L40S,Ada,2023,Datacenter,48,350,9000,PCComponentes,14108.28,122,327.4
2023-06,L40S,Ada,2023,Datacenter,48,350,9000,Amazon,13162.33,144,327.4
2023-06,L40S,Ada,2023,Datacenter,48,350,9000,Newegg,14213.85,46,327.4
2023-06,L40S,Ada,2023,Datacenter,48,350,9000,MicroCenter,13149.07,70,327.4
2023-07,L40S,Ada,2023,Datacenter,48,350,9000,MicroCenter,11988.18,327,327.4
2023-07,L40S,Ada,2023,Datacenter,48,350,9000,Amazon,11534.79,28,327.4
2023-07,L40S,Ada,2023,Datacenter,48,350,9000,PCComponentes,11530.24,496,327.4
2023-08,L40S,Ada,2023,Datacenter,48,350,9000,Newegg,12271.59,416,327.4
2023-08,L40S,Ada,2023,Datacenter,48,350,9000,MicroCenter,11536.15,203,327.4
2023-08,L40S,Ada,2023,Datacenter,48,350,9000,Amazon,12291.98,110,327.4
2023-09,L40S,Ada,2023,Datacenter,48,350,9000,BestBuy,12601.82,65,327.4
2023-09,L40S,Ada,2023,Datacenter,48,350,9000,Amazon,12206.07,117,327.4
2023-09,L40S,Ada,2023,Datacenter,48,350,9000,PCComponentes,13071.08,44,327.4
2023-10,L40S,Ada,2023,Datacenter,48,350,9000,Amazon,12347.49,122,327.4
2023-10,L40S,Ada,2023,Datacenter,48,350,9000,BestBuy,12708.12,12,327.4
2023-10,L40S,Ada,2023,Datacenter,48,350,9000,MicroCenter,12945.67,132,327.4
2023-11,L40S,Ada,2023,Datacenter,48,350,9000,PCComponentes,13786.77,40,327.4
2023-11,L40S,Ada,2023,Datacenter,48,350,9000,Amazon,13968.62,125,327.4
2023-11,L40S,Ada,2023,Datacenter,48,350,9000,MicroCenter,13330.33,30,327.4
2023-12,L40S,Ada,2023,Datacenter,48,350,9000,MicroCenter,10595.77,362,327.4
2023-12,L40S,Ada,2023,Datacenter,48,350,9000,Amazon,10706.55,366,327.4
2023-12,L40S,Ada,2023,Datacenter,48,350,9000,PCComponentes,9779.45,57,327.4
2024-01,L40S,Ada,2023,Datacenter,48,350,9000,Amazon,12572.42,116,327.4
2024-01,L40S,Ada,2023,Datacenter,48,350,9000,Newegg,13086.63,74,327.4
2024-01,L40S,Ada,2023,Datacenter,48,350,9000,BestBuy,12934.56,98,327.4
2024-02,L40S,Ada,2023,Datacenter,48,350,9000,MicroCenter,13756.01,18,327.4
2024-02,L40S,Ada,2023,Datacenter,48,350,9000,BestBuy,13939.59,54,327.4
2024-02,L40S,Ada,2023,Datacenter,48,350,9000,Amazon,12574.69,19,327.4
2024-03,L40S,Ada,2023,Datacenter,48,350,9000,MicroCenter,13708.62,23,327.4
2024-03,L40S,Ada,2023,Datacenter,48,350,9000,PCComponentes,14665.96,96,327.4
2024-03,L40S,Ada,2023,Datacenter,48,350,9000,Amazon,13454.06,140,327.4
2024-04,L40S,Ada,2023,Datacenter,48,350,9000,Newegg,12758.7,137,327.4
2024-04,L40S,Ada,2023,Datacenter,48,350,9000,Amazon,13939.35,102,327.4
2024-04,L40S,Ada,2023,Datacenter,48,350,9000,MicroCenter,13044.43,119,327.4
2024-05,L40S,Ada,2023,Datacenter,48,350,9000,MicroCenter,12389.17,67,327.4
2024-05,L40S,Ada,2023,Datacenter,48,350,9000,BestBuy,12376.16,138,327.4
2024-05,L40S,Ada,2023,Datacenter,48,350,9000,Amazon,13036.22,6,327.4
2024-06,L40S,Ada,2023,Datacenter,48,350,9000,BestBuy,10589.85,376,327.4
2024-06,L40S,Ada,2023,Datacenter,48,350,9000,Newegg,10846.45,365,327.4
2024-06,L40S,Ada,2023,Datacenter,48,350,9000,MicroCenter,10491.39,280,327.4
2024-07,L40S,Ada,2023,Datacenter,48,350,9000,BestBuy,13378.41,107,327.4
2024-07,L40S,Ada,2023,Datacenter,48,350,9000,PCComponentes,14088.38,94,327.4
2024-07,L40S,Ada,2023,Datacenter,48,350,9000,Newegg,14297.64,142,327.4
2024-08,L40S,Ada,2023,Datacenter,48,350,9000,BestBuy,14139.82,147,327.4
2024-08,L40S,Ada,2023,Datacenter,48,350,9000,Newegg,14560.99,115,327.4
2024-08,L40S,Ada,2023,Datacenter,48,350,9000,MicroCenter,13682.05,17,327.4
2024-09,L40S,Ada,2023,Datacenter,48,350,9000,BestBuy,14904.32,114,327.4
2024-09,L40S,Ada,2023,Datacenter,48,350,9000,MicroCenter,14254.83,97,327.4
2024-09,L40S,Ada,2023,Datacenter,48,350,9000,PCComponentes,15010.26,39,327.4
2024-10,L40S,Ada,2023,Datacenter,48,350,9000,Newegg,14268.41,144,327.4
2024-10,L40S,Ada,2023,Datacenter,48,350,9000,MicroCenter,14301.74,68,327.4
2024-10,L40S,Ada,2023,Datacenter,48,350,9000,BestBuy,14293.53,25,327.4
2024-11,L40S,Ada,2023,Datacenter,48,350,9000,Amazon,10367.48,368,327.4
2024-11,L40S,Ada,2023,Datacenter,48,350,9000,MicroCenter,10614.52,40,327.4
2024-11,L40S,Ada,2023,Datacenter,48,350,9000,Newegg,10405.67,49,327.4
2024-12,L40S,Ada,2023,Datacenter,48,350,9000,PCComponentes,12154.51,120,327.4
2024-12,L40S,Ada,2023,Datacenter,48,350,9000,BestBuy,11287.73,484,327.4
2024-12,L40S,Ada,2023,Datacenter,48,350,9000,MicroCenter,11321.03,30,327.4
2023-01,GTX 1660 Super,Turing,2019,Gaming,6,125,229,Newegg,299.55,144,43.7
2023-01,GTX 1660 Super,Turing,2019,Gaming,6,125,229,MicroCenter,295.07,123,43.7
2023-01,GTX 1660 Super,Turing,2019,Gaming,6,125,229,PCComponentes,304.12,31,43.7
2023-02,GTX 1660 Super,Turing,2019,Gaming,6,125,229,BestBuy,298.08,124,43.7
2023-02,GTX 1660 Super,Turing,2019,Gaming,6,125,229,Amazon,295.17,437,43.7
2023-02,GTX 1660 Super,Turing,2019,Gaming,6,125,229,MicroCenter,288.89,60,43.7
2023-03,GTX 1660 Super,Turing,2019,Gaming,6,125,229,MicroCenter,306.97,39,43.7
2023-03,GTX 1660 Super,Turing,2019,Gaming,6,125,229,BestBuy,312.78,110,43.7
2023-03,GTX 1660 Super,Turing,2019,Gaming,6,125,229,PCComponentes,291.42,140,43.7
2023-04,GTX 1660 Super,Turing,2019,Gaming,6,125,229,PCComponentes,262.86,204,43.7
2023-04,GTX 1660 Super,Turing,2019,Gaming,6,125,229,Newegg,277.22,183,43.7
2023-04,GTX 1660 Super,Turing,2019,Gaming,6,125,229,Amazon,262.42,181,43.7
2023-05,GTX 1660 Super,Turing,2019,Gaming,6,125,229,Newegg,289.36,90,43.7
2023-05,GTX 1660 Super,Turing,2019,Gaming,6,125,229,BestBuy,307.0,77,43.7
2023-05,GTX 1660 Super,Turing,2019,Gaming,6,125,229,PCComponentes,301.88,52,43.7
2023-06,GTX 1660 Super,Turing,2019,Gaming,6,125,229,PCComponentes,286.19,380,43.7
2023-06,GTX 1660 Super,Turing,2019,Gaming,6,125,229,BestBuy,304.91,198,43.7
2023-06,GTX 1660 Super,Turing,2019,Gaming,6,125,229,Newegg,285.97,287,43.7
2023-07,GTX 1660 Super,Turing,2019,Gaming,6,125,229,Newegg,283.94,456,43.7
2023-07,GTX 1660 Super,Turing,2019,Gaming,6,125,229,BestBuy,268.33,239,43.7
2023-07,GTX 1660 Super,Turing,2019,Gaming,6,125,229,MicroCenter,273.97,152,43.7
2023-08,GTX 1660 Super,Turing,2019,Gaming,6,125,229,MicroCenter,255.36,150,43.7
2023-08,GTX 1660 Super,Turing,2019,Gaming,6,125,229,BestBuy,277.15,237,43.7
2023-08,GTX 1660 Super,Turing,2019,Gaming,6,125,229,Newegg,266.42,115,43.7
2023-09,GTX 1660 Super,Turing,2019,Gaming,6,125,229,BestBuy,298.05,353,43.7
2023-09,GTX 1660 Super,Turing,2019,Gaming,6,125,229,Amazon,279.88,203,43.7
2023-09,GTX 1660 Super,Turing,2019,Gaming,6,125,229,PCComponentes,295.49,422,43.7
2023-10,GTX 1660 Super,Turing,2019,Gaming,6,125,229,Amazon,263.06,154,43.7
2023-10,GTX 1660 Super,Turing,2019,Gaming,6,125,229,Newegg,247.41,300,43.7
2023-10,GTX 1660 Super,Turing,2019,Gaming,6,125,229,BestBuy,242.94,186,43.7
2023-11,GTX 1660 Super,Turing,2019,Gaming,6,125,229,Amazon,273.43,3,43.7
2023-11,GTX 1660 Super,Turing,2019,Gaming,6,125,229,PCComponentes,267.11,141,43.7
2023-11,GTX 1660 Super,Turing,2019,Gaming,6,125,229,MicroCenter,262.11,231,43.7
2023-12,GTX 1660 Super,Turing,2019,Gaming,6,125,229,PCComponentes,314.37,72,43.7
2023-12,GTX 1660 Super,Turing,2019,Gaming,6,125,229,Amazon,327.01,130,43.7
2023-12,GTX 1660 Super,Turing,2019,Gaming,6,125,229,BestBuy,315.03,147,43.7
2024-01,GTX 1660 Super,Turing,2019,Gaming,6,125,229,MicroCenter,280.65,16,43.7
2024-01,GTX 1660 Super,Turing,2019,Gaming,6,125,229,PCComponentes,299.72,229,43.7
2024-01,GTX 1660 Super,Turing,2019,Gaming,6,125,229,Amazon,307.19,207,43.7
2024-02,GTX 1660 Super,Turing,2019,Gaming,6,125,229,Newegg,291.87,106,43.7
2024-02,GTX 1660 Super,Turing,2019,Gaming,6,125,229,Amazon,307.52,28,43.7
2024-02,GTX 1660 Super,Turing,2019,Gaming,6,125,229,BestBuy,313.15,107,43.7
2024-03,GTX 1660 Super,Turing,2019,Gaming,6,125,229,MicroCenter,242.66,409,43.7
2024-03,GTX 1660 Super,Turing,2019,Gaming,6,125,229,Newegg,245.83,70,43.7
2024-03,GTX 1660 Super,Turing,2019,Gaming,6,125,229,Amazon,263.5,493,43.7
2024-04,GTX 1660 Super,Turing,2019,Gaming,6,125,229,MicroCenter,285.49,128,43.7
2024-04,GTX 1660 Super,Turing,2019,Gaming,6,125,229,Amazon,293.35,411,43.7
2024-04,GTX 1660 Super,Turing,2019,Gaming,6,125,229,BestBuy,307.14,267,43.7
2024-05,GTX 1660 Super,Turing,2019,Gaming,6,125,229,PCComponentes,258.64,243,43.7
2024-05,GTX 1660 Super,Turing,2019,Gaming,6,125,229,MicroCenter,233.82,235,43.7
2024-05,GTX 1660 Super,Turing,2019,Gaming,6,125,229,Amazon,244.74,93,43.7
2024-06,GTX 1660 Super,Turing,2019,Gaming,6,125,229,BestBuy,271.29,96,43.7
2024-06,GTX 1660 Super,Turing,2019,Gaming,6,125,229,PCComponentes,283.47,115,43.7
2024-06,GTX 1660 Super,Turing,2019,Gaming,6,125,229,Newegg,277.57,204,43.7
2024-07,GTX 1660 Super,Turing,2019,Gaming,6,125,229,Amazon,249.59,249,43.7
2024-07,GTX 1660 Super,Turing,2019,Gaming,6,125,229,PCComponentes,266.34,120,43.7
2024-07,GTX 1660 Super,Turing,2019,Gaming,6,125,229,BestBuy,271.64,10,43.7
2024-08,GTX 1660 Super,Turing,2019,Gaming,6,125,229,Amazon,249.34,317,43.7
2024-08,GTX 1660 Super,Turing,2019,Gaming,6,125,229,MicroCenter,255.32,175,43.7
2024-08,GTX 1660 Super,Turing,2019,Gaming,6,125,229,PCComponentes,246.12,396,43.7
2024-09,GTX 1660 Super,Turing,2019,Gaming,6,125,229,Amazon,280.11,137,43.7
2024-09,GTX 1660 Super,Turing,2019,Gaming,6,125,229,BestBuy,259.19,205,43.7
2024-09,GTX 1660 Super,Turing,2019,Gaming,6,125,229,MicroCenter,282.32,187,43.7
2024-10,GTX 1660 Super,Turing,2019,Gaming,6,125,229,PCComponentes,253.95,490,43.7
2024-10,GTX 1660 Super,Turing,2019,Gaming,6,125,229,Newegg,249.55,203,43.7
2024-10,GTX 1660 Super,Turing,2019,Gaming,6,125,229,Amazon,258.71,475,43.7
2024-11,GTX 1660 Super,Turing,2019,Gaming,6,125,229,BestBuy,265.85,311,43.7
2024-11,GTX 1660 Super,Turing,2019,Gaming,6,125,229,MicroCenter,266.33,54,43.7
2024-11,GTX 1660 Super,Turing,2019,Gaming,6,125,229,PCComponentes,299.04,55,43.7
2024-12,GTX 1660 Super,Turing,2019,Gaming,6,125,229,Newegg,231.9,64,43.7
2024-12,GTX 1660 Super,Turing,2019,Gaming,6,125,229,Amazon,233.06,461,43.7
2024-12,GTX 1660 Super,Turing,2019,Gaming,6,125,229,MicroCenter,241.03,156,43.7
2023-01,GTX 1080 Ti,Pascal,2017,Gaming,11,250,699,Newegg,810.24,59,82.9
2023-01,GTX 1080 Ti,Pascal,2017,Gaming,11,250,699,MicroCenter,906.84,328,82.9
2023-01,GTX 1080 Ti,Pascal,2017,Gaming,11,250,699,BestBuy,905.47,413,82.9
2023-02,GTX 1080 Ti,Pascal,2017,Gaming,11,250,699,BestBuy,1034.23,60,82.9
2023-02,GTX 1080 Ti,Pascal,2017,Gaming,11,250,699,PCComponentes,926.0,37,82.9
2023-02,GTX 1080 Ti,Pascal,2017,Gaming,11,250,699,Newegg,1013.5,48,82.9
2023-03,GTX 1080 Ti,Pascal,2017,Gaming,11,250,699,Newegg,914.31,195,82.9
2023-03,GTX 1080 Ti,Pascal,2017,Gaming,11,250,699,PCComponentes,887.84,495,82.9
2023-03,GTX 1080 Ti,Pascal,2017,Gaming,11,250,699,BestBuy,896.01,444,82.9
2023-04,GTX 1080 Ti,Pascal,2017,Gaming,11,250,699,MicroCenter,877.58,79,82.9
2023-04,GTX 1080 Ti,Pascal,2017,Gaming,11,250,699,Amazon,875.77,373,82.9
2023-04,GTX 1080 Ti,Pascal,2017,Gaming,11,250,699,PCComponentes,884.92,15,82.9
2023-05,GTX 1080 Ti,Pascal,2017,Gaming,11,250,699,MicroCenter,941.62,425,82.9
2023-05,GTX 1080 Ti,Pascal,2017,Gaming,11,250,699,BestBuy,897.67,106,82.9
2023-05,GTX 1080 Ti,Pascal,2017,Gaming,11,250,699,Newegg,940.8,80,82.9
2023-06,GTX 1080 Ti,Pascal,2017,Gaming,11,250,699,BestBuy,925.75,116,82.9
2023-06,GTX 1080 Ti,Pascal,2017,Gaming,11,250,699,Newegg,833.55,212,82.9
2023-06,GTX 1080 Ti,Pascal,2017,Gaming,11,250,699,PCComponentes,908.2,337,82.9
2023-07,GTX 1080 Ti,Pascal,2017,Gaming,11,250,699,PCComponentes,950.65,15,82.9
2023-07,GTX 1080 Ti,Pascal,2017,Gaming,11,250,699,Newegg,882.57,117,82.9
2023-07,GTX 1080 Ti,Pascal,2017,Gaming,11,250,699,BestBuy,889.78,100,82.9
2023-08,GTX 1080 Ti,Pascal,2017,Gaming,11,250,699,BestBuy,1010.54,44,82.9
2023-08,GTX 1080 Ti,Pascal,2017,Gaming,11,250,699,Newegg,973.02,119,82.9
2023-08,GTX 1080 Ti,Pascal,2017,Gaming,11,250,699,PCComponentes,1068.43,23,82.9
2023-09,GTX 1080 Ti,Pascal,2017,Gaming,11,250,699,BestBuy,921.98,296,82.9
2023-09,GTX 1080 Ti,Pascal,2017,Gaming,11,250,699,PCComponentes,943.55,93,82.9
2023-09,GTX 1080 Ti,Pascal,2017,Gaming,11,250,699,Newegg,834.65,203,82.9
2023-10,GTX 1080 Ti,Pascal,2017,Gaming,11,250,699,Amazon,867.02,336,82.9
2023-10,GTX 1080 Ti,Pascal,2017,Gaming,11,250,699,Newegg,845.54,30,82.9
2023-10,GTX 1080 Ti,Pascal,2017,Gaming,11,250,699,BestBuy,927.76,85,82.9
2023-11,GTX 1080 Ti,Pascal,2017,Gaming,11,250,699,Newegg,809.45,397,82.9
2023-11,GTX 1080 Ti,Pascal,2017,Gaming,11,250,699,PCComponentes,833.5,219,82.9
2023-11,GTX 1080 Ti,Pascal,2017,Gaming,11,250,699,Amazon,842.12,268,82.9
2023-12,GTX 1080 Ti,Pascal,2017,Gaming,11,250,699,BestBuy,1025.48,4,82.9
2023-12,GTX 1080 Ti,Pascal,2017,Gaming,11,250,699,MicroCenter,987.15,82,82.9
2023-12,GTX 1080 Ti,Pascal,2017,Gaming,11,250,699,PCComponentes,994.5,33,82.9
2024-01,GTX 1080 Ti,Pascal,2017,Gaming,11,250,699,Amazon,858.09,431,82.9
2024-01,GTX 1080 Ti,Pascal,2017,Gaming,11,250,699,BestBuy,909.16,452,82.9
2024-01,GTX 1080 Ti,Pascal,2017,Gaming,11,250,699,MicroCenter,843.57,284,82.9
2024-02,GTX 1080 Ti,Pascal,2017,Gaming,11,250,699,PCComponentes,878.46,31,82.9
2024-02,GTX 1080 Ti,Pascal,2017,Gaming,11,250,699,Amazon,971.17,208,82.9
2024-02,GTX 1080 Ti,Pascal,2017,Gaming,11,250,699,Newegg,936.4,146,82.9
2024-03,GTX 1080 Ti,Pascal,2017,Gaming,11,250,699,BestBuy,676.54,143,82.9
2024-03,GTX 1080 Ti,Pascal,2017,Gaming,11,250,699,Newegg,732.64,419,82.9
2024-03,GTX 1080 Ti,Pascal,2017,Gaming,11,250,699,MicroCenter,691.76,165,82.9
2024-04,GTX 1080 Ti,Pascal,2017,Gaming,11,250,699,Amazon,879.71,224,82.9
2024-04,GTX 1080 Ti,Pascal,2017,Gaming,11,250,699,Newegg,892.05,97,82.9
2024-04,GTX 1080 Ti,Pascal,2017,Gaming,11,250,699,PCComponentes,868.44,257,82.9
2024-05,GTX 1080 Ti,Pascal,2017,Gaming,11,250,699,Amazon,871.13,4,82.9
2024-05,GTX 1080 Ti,Pascal,2017,Gaming,11,250,699,MicroCenter,925.96,369,82.9
2024-05,GTX 1080 Ti,Pascal,2017,Gaming,11,250,699,BestBuy,871.39,459,82.9
2024-06,GTX 1080 Ti,Pascal,2017,Gaming,11,250,699,PCComponentes,859.15,119,82.9
2024-06,GTX 1080 Ti,Pascal,2017,Gaming,11,250,699,Amazon,851.89,68,82.9
2024-06,GTX 1080 Ti,Pascal,2017,Gaming,11,250,699,MicroCenter,818.33,253,82.9
2024-07,GTX 1080 Ti,Pascal,2017,Gaming,11,250,699,MicroCenter,754.67,442,82.9
2024-07,GTX 1080 Ti,Pascal,2017,Gaming,11,250,699,PCComponentes,743.37,467,82.9
2024-07,GTX 1080 Ti,Pascal,2017,Gaming,11,250,699,Amazon,681.64,411,82.9
2024-08,GTX 1080 Ti,Pascal,2017,Gaming,11,250,699,MicroCenter,784.34,227,82.9
2024-08,GTX 1080 Ti,Pascal,2017,Gaming,11,250,699,PCComponentes,786.08,77,82.9
2024-08,GTX 1080 Ti,Pascal,2017,Gaming,11,250,699,Amazon,802.69,449,82.9
2024-09,GTX 1080 Ti,Pascal,2017,Gaming,11,250,699,PCComponentes,833.52,63,82.9
2024-09,GTX 1080 Ti,Pascal,2017,Gaming,11,250,699,Amazon,747.75,67,82.9
2024-09,GTX 1080 Ti,Pascal,2017,Gaming,11,250,699,MicroCenter,792.92,195,82.9
2024-10,GTX 1080 Ti,Pascal,2017,Gaming,11,250,699,Amazon,764.72,478,82.9
2024-10,GTX 1080 Ti,Pascal,2017,Gaming,11,250,699,Newegg,830.58,405,82.9
2024-10,GTX 1080 Ti,Pascal,2017,Gaming,11,250,699,PCComponentes,791.56,396,82.9
2024-11,GTX 1080 Ti,Pascal,2017,Gaming,11,250,699,Amazon,736.89,295,82.9
2024-11,GTX 1080 Ti,Pascal,2017,Gaming,11,250,699,MicroCenter,723.5,196,82.9
2024-11,GTX 1080 Ti,Pascal,2017,Gaming,11,250,699,Newegg,744.02,200,82.9
2024-12,GTX 1080 Ti,Pascal,2017,Gaming,11,250,699,PCComponentes,752.99,322,82.9
2024-12,GTX 1080 Ti,Pascal,2017,Gaming,11,250,699,Amazon,793.86,6,82.9
2024-12,GTX 1080 Ti,Pascal,2017,Gaming,11,250,699,MicroCenter,798.37,244,82.9
