Rama de actividad - CNAE2009	Sexo	Tipo de dato	Periodo	Total
Total	Ambos sexos	Valor absoluto	2025	22.221,1
Total	Ambos sexos	Valor absoluto	2024	21.653,9
Total	Ambos sexos	Valor absoluto	2023	21.182,2
Total	Ambos sexos	Valor absoluto	2022	20.547,5
Total	Ambos sexos	Valor absoluto	2021	19.833,5
Total	Ambos sexos	Valor absoluto	2020	19.202,4
Total	Ambos sexos	Valor absoluto	2019	19.779,3
Total	Ambos sexos	Valor absoluto	2018	19.327,7
Total	Ambos sexos	Valor absoluto	2017	18.824,8
Total	Ambos sexos	Valor absoluto	2016	18.341,5
Total	Ambos sexos	Valor absoluto	2015	17.866
Total	Ambos sexos	Valor absoluto	2014	17.344,2
Total	Ambos sexos	Valor absoluto	2013	17.139
Total	Ambos sexos	Valor absoluto	2012	17.632,7
Total	Ambos sexos	Valor absoluto	2011	18.421,4
Total	Ambos sexos	Valor absoluto	2010	18.724,5
Total	Ambos sexos	Valor absoluto	2009	19.106,9
Total	Ambos sexos	Valor absoluto	2008	20.469,7
Total	Ambos sexos	Porcentaje	2025	100
Total	Ambos sexos	Porcentaje	2024	100
Total	Ambos sexos	Porcentaje	2023	100
Total	Ambos sexos	Porcentaje	2022	100
Total	Ambos sexos	Porcentaje	2021	100
Total	Ambos sexos	Porcentaje	2020	100
Total	Ambos sexos	Porcentaje	2019	100
Total	Ambos sexos	Porcentaje	2018	100
Total	Ambos sexos	Porcentaje	2017	100
Total	Ambos sexos	Porcentaje	2016	100
Total	Ambos sexos	Porcentaje	2015	100
Total	Ambos sexos	Porcentaje	2014	100
Total	Ambos sexos	Porcentaje	2013	100
Total	Ambos sexos	Porcentaje	2012	100
Total	Ambos sexos	Porcentaje	2011	100
Total	Ambos sexos	Porcentaje	2010	100
Total	Ambos sexos	Porcentaje	2009	100
Total	Ambos sexos	Porcentaje	2008	100
Total	Hombres	Valor absoluto	2025	11.870,5
Total	Hombres	Valor absoluto	2024	11.601,4
Total	Hombres	Valor absoluto	2023	11.376,7
Total	Hombres	Valor absoluto	2022	11.114,6
Total	Hombres	Valor absoluto	2021	10.733,2
Total	Hombres	Valor absoluto	2020	10.429,7
Total	Hombres	Valor absoluto	2019	10.745,6
Total	Hombres	Valor absoluto	2018	10.532
Total	Hombres	Valor absoluto	2017	10.266,3
Total	Hombres	Valor absoluto	2016	10.000,8
Total	Hombres	Valor absoluto	2015	9.760,3
Total	Hombres	Valor absoluto	2014	9.442,7
Total	Hombres	Valor absoluto	2013	9.315,8
Total	Hombres	Valor absoluto	2012	9.608,2
Total	Hombres	Valor absoluto	2011	10.152,5
Total	Hombres	Valor absoluto	2010	10.423,7
Total	Hombres	Valor absoluto	2009	10.733,1
Total	Hombres	Valor absoluto	2008	11.805,2
Total	Hombres	Porcentaje	2025	100
Total	Hombres	Porcentaje	2024	100
Total	Hombres	Porcentaje	2023	100
Total	Hombres	Porcentaje	2022	100
Total	Hombres	Porcentaje	2021	100
Total	Hombres	Porcentaje	2020	100
Total	Hombres	Porcentaje	2019	100
Total	Hombres	Porcentaje	2018	100
Total	Hombres	Porcentaje	2017	100
Total	Hombres	Porcentaje	2016	100
Total	Hombres	Porcentaje	2015	100
Total	Hombres	Porcentaje	2014	100
Total	Hombres	Porcentaje	2013	100
Total	Hombres	Porcentaje	2012	100
Total	Hombres	Porcentaje	2011	100
Total	Hombres	Porcentaje	2010	100
Total	Hombres	Porcentaje	2009	100
Total	Hombres	Porcentaje	2008	100
Total	Mujeres	Valor absoluto	2025	10.350,6
Total	Mujeres	Valor absoluto	2024	10.052,5
Total	Mujeres	Valor absoluto	2023	9.805,5
Total	Mujeres	Valor absoluto	2022	9.432,9
Total	Mujeres	Valor absoluto	2021	9.100,3
Total	Mujeres	Valor absoluto	2020	8.772,7
Total	Mujeres	Valor absoluto	2019	9.033,7
Total	Mujeres	Valor absoluto	2018	8.795,7
Total	Mujeres	Valor absoluto	2017	8.558,5
Total	Mujeres	Valor absoluto	2016	8.340,8
Total	Mujeres	Valor absoluto	2015	8.105,7
Total	Mujeres	Valor absoluto	2014	7.901,5
Total	Mujeres	Valor absoluto	2013	7.823,2
Total	Mujeres	Valor absoluto	2012	8.024,5
Total	Mujeres	Valor absoluto	2011	8.268,9
Total	Mujeres	Valor absoluto	2010	8.300,8
Total	Mujeres	Valor absoluto	2009	8.373,8
Total	Mujeres	Valor absoluto	2008	8.664,5
Total	Mujeres	Porcentaje	2025	100
Total	Mujeres	Porcentaje	2024	100
Total	Mujeres	Porcentaje	2023	100
Total	Mujeres	Porcentaje	2022	100
Total	Mujeres	Porcentaje	2021	100
Total	Mujeres	Porcentaje	2020	100
Total	Mujeres	Porcentaje	2019	100
Total	Mujeres	Porcentaje	2018	100
Total	Mujeres	Porcentaje	2017	100
Total	Mujeres	Porcentaje	2016	100
Total	Mujeres	Porcentaje	2015	100
Total	Mujeres	Porcentaje	2014	100
Total	Mujeres	Porcentaje	2013	100
Total	Mujeres	Porcentaje	2012	100
Total	Mujeres	Porcentaje	2011	100
Total	Mujeres	Porcentaje	2010	100
Total	Mujeres	Porcentaje	2009	100
Total	Mujeres	Porcentaje	2008	100
A Agricultura, ganadería, silvicultura y pesca	Ambos sexos	Valor absoluto	2025	763,7
A Agricultura, ganadería, silvicultura y pesca	Ambos sexos	Valor absoluto	2024	752,1
A Agricultura, ganadería, silvicultura y pesca	Ambos sexos	Valor absoluto	2023	767,3
A Agricultura, ganadería, silvicultura y pesca	Ambos sexos	Valor absoluto	2022	798,5
A Agricultura, ganadería, silvicultura y pesca	Ambos sexos	Valor absoluto	2021	818
A Agricultura, ganadería, silvicultura y pesca	Ambos sexos	Valor absoluto	2020	765,3
A Agricultura, ganadería, silvicultura y pesca	Ambos sexos	Valor absoluto	2019	797,3
A Agricultura, ganadería, silvicultura y pesca	Ambos sexos	Valor absoluto	2018	812,6
A Agricultura, ganadería, silvicultura y pesca	Ambos sexos	Valor absoluto	2017	819,5
A Agricultura, ganadería, silvicultura y pesca	Ambos sexos	Valor absoluto	2016	774,5
A Agricultura, ganadería, silvicultura y pesca	Ambos sexos	Valor absoluto	2015	736,8
A Agricultura, ganadería, silvicultura y pesca	Ambos sexos	Valor absoluto	2014	735,8
A Agricultura, ganadería, silvicultura y pesca	Ambos sexos	Valor absoluto	2013	736,6
A Agricultura, ganadería, silvicultura y pesca	Ambos sexos	Valor absoluto	2012	743,4
A Agricultura, ganadería, silvicultura y pesca	Ambos sexos	Valor absoluto	2011	755,3
A Agricultura, ganadería, silvicultura y pesca	Ambos sexos	Valor absoluto	2010	786,1
A Agricultura, ganadería, silvicultura y pesca	Ambos sexos	Valor absoluto	2009	788,1
A Agricultura, ganadería, silvicultura y pesca	Ambos sexos	Valor absoluto	2008	828,2
A Agricultura, ganadería, silvicultura y pesca	Ambos sexos	Porcentaje	2025	3,4
A Agricultura, ganadería, silvicultura y pesca	Ambos sexos	Porcentaje	2024	3,5
A Agricultura, ganadería, silvicultura y pesca	Ambos sexos	Porcentaje	2023	3,6
A Agricultura, ganadería, silvicultura y pesca	Ambos sexos	Porcentaje	2022	3,9
A Agricultura, ganadería, silvicultura y pesca	Ambos sexos	Porcentaje	2021	4,1
A Agricultura, ganadería, silvicultura y pesca	Ambos sexos	Porcentaje	2020	4
A Agricultura, ganadería, silvicultura y pesca	Ambos sexos	Porcentaje	2019	4
A Agricultura, ganadería, silvicultura y pesca	Ambos sexos	Porcentaje	2018	4,2
A Agricultura, ganadería, silvicultura y pesca	Ambos sexos	Porcentaje	2017	4,4
A Agricultura, ganadería, silvicultura y pesca	Ambos sexos	Porcentaje	2016	4,2
A Agricultura, ganadería, silvicultura y pesca	Ambos sexos	Porcentaje	2015	4,1
A Agricultura, ganadería, silvicultura y pesca	Ambos sexos	Porcentaje	2014	4,2
A Agricultura, ganadería, silvicultura y pesca	Ambos sexos	Porcentaje	2013	4,3
A Agricultura, ganadería, silvicultura y pesca	Ambos sexos	Porcentaje	2012	4,2
A Agricultura, ganadería, silvicultura y pesca	Ambos sexos	Porcentaje	2011	4,1
A Agricultura, ganadería, silvicultura y pesca	Ambos sexos	Porcentaje	2010	4,2
A Agricultura, ganadería, silvicultura y pesca	Ambos sexos	Porcentaje	2009	4,1
A Agricultura, ganadería, silvicultura y pesca	Ambos sexos	Porcentaje	2008	4
A Agricultura, ganadería, silvicultura y pesca	Hombres	Valor absoluto	2025	562,5
A Agricultura, ganadería, silvicultura y pesca	Hombres	Valor absoluto	2024	549,1
A Agricultura, ganadería, silvicultura y pesca	Hombres	Valor absoluto	2023	577,9
A Agricultura, ganadería, silvicultura y pesca	Hombres	Valor absoluto	2022	613,8
A Agricultura, ganadería, silvicultura y pesca	Hombres	Valor absoluto	2021	623,2
A Agricultura, ganadería, silvicultura y pesca	Hombres	Valor absoluto	2020	593,9
A Agricultura, ganadería, silvicultura y pesca	Hombres	Valor absoluto	2019	612,3
A Agricultura, ganadería, silvicultura y pesca	Hombres	Valor absoluto	2018	621,4
A Agricultura, ganadería, silvicultura y pesca	Hombres	Valor absoluto	2017	624,7
A Agricultura, ganadería, silvicultura y pesca	Hombres	Valor absoluto	2016	595,9
A Agricultura, ganadería, silvicultura y pesca	Hombres	Valor absoluto	2015	565,8
A Agricultura, ganadería, silvicultura y pesca	Hombres	Valor absoluto	2014	558,4
A Agricultura, ganadería, silvicultura y pesca	Hombres	Valor absoluto	2013	561,1
A Agricultura, ganadería, silvicultura y pesca	Hombres	Valor absoluto	2012	549,6
A Agricultura, ganadería, silvicultura y pesca	Hombres	Valor absoluto	2011	557,5
A Agricultura, ganadería, silvicultura y pesca	Hombres	Valor absoluto	2010	583,1
A Agricultura, ganadería, silvicultura y pesca	Hombres	Valor absoluto	2009	582,9
A Agricultura, ganadería, silvicultura y pesca	Hombres	Valor absoluto	2008	605,5
A Agricultura, ganadería, silvicultura y pesca	Hombres	Porcentaje	2025	4,7
A Agricultura, ganadería, silvicultura y pesca	Hombres	Porcentaje	2024	4,7
A Agricultura, ganadería, silvicultura y pesca	Hombres	Porcentaje	2023	5,1
A Agricultura, ganadería, silvicultura y pesca	Hombres	Porcentaje	2022	5,5
A Agricultura, ganadería, silvicultura y pesca	Hombres	Porcentaje	2021	5,8
A Agricultura, ganadería, silvicultura y pesca	Hombres	Porcentaje	2020	5,7
A Agricultura, ganadería, silvicultura y pesca	Hombres	Porcentaje	2019	5,7
A Agricultura, ganadería, silvicultura y pesca	Hombres	Porcentaje	2018	5,9
A Agricultura, ganadería, silvicultura y pesca	Hombres	Porcentaje	2017	6,1
A Agricultura, ganadería, silvicultura y pesca	Hombres	Porcentaje	2016	6
A Agricultura, ganadería, silvicultura y pesca	Hombres	Porcentaje	2015	5,8
A Agricultura, ganadería, silvicultura y pesca	Hombres	Porcentaje	2014	5,9
A Agricultura, ganadería, silvicultura y pesca	Hombres	Porcentaje	2013	6
A Agricultura, ganadería, silvicultura y pesca	Hombres	Porcentaje	2012	5,7
A Agricultura, ganadería, silvicultura y pesca	Hombres	Porcentaje	2011	5,5
A Agricultura, ganadería, silvicultura y pesca	Hombres	Porcentaje	2010	5,6
A Agricultura, ganadería, silvicultura y pesca	Hombres	Porcentaje	2009	5,4
A Agricultura, ganadería, silvicultura y pesca	Hombres	Porcentaje	2008	5,1
A Agricultura, ganadería, silvicultura y pesca	Mujeres	Valor absoluto	2025	201,2
A Agricultura, ganadería, silvicultura y pesca	Mujeres	Valor absoluto	2024	203
A Agricultura, ganadería, silvicultura y pesca	Mujeres	Valor absoluto	2023	189,4
A Agricultura, ganadería, silvicultura y pesca	Mujeres	Valor absoluto	2022	184,6
A Agricultura, ganadería, silvicultura y pesca	Mujeres	Valor absoluto	2021	194,8
A Agricultura, ganadería, silvicultura y pesca	Mujeres	Valor absoluto	2020	171,4
A Agricultura, ganadería, silvicultura y pesca	Mujeres	Valor absoluto	2019	185
A Agricultura, ganadería, silvicultura y pesca	Mujeres	Valor absoluto	2018	191,2
A Agricultura, ganadería, silvicultura y pesca	Mujeres	Valor absoluto	2017	194,8
A Agricultura, ganadería, silvicultura y pesca	Mujeres	Valor absoluto	2016	178,7
A Agricultura, ganadería, silvicultura y pesca	Mujeres	Valor absoluto	2015	171
A Agricultura, ganadería, silvicultura y pesca	Mujeres	Valor absoluto	2014	177,4
A Agricultura, ganadería, silvicultura y pesca	Mujeres	Valor absoluto	2013	175,4
A Agricultura, ganadería, silvicultura y pesca	Mujeres	Valor absoluto	2012	193,8
A Agricultura, ganadería, silvicultura y pesca	Mujeres	Valor absoluto	2011	197,8
A Agricultura, ganadería, silvicultura y pesca	Mujeres	Valor absoluto	2010	203
A Agricultura, ganadería, silvicultura y pesca	Mujeres	Valor absoluto	2009	205,2
A Agricultura, ganadería, silvicultura y pesca	Mujeres	Valor absoluto	2008	222,7
A Agricultura, ganadería, silvicultura y pesca	Mujeres	Porcentaje	2025	1,9
A Agricultura, ganadería, silvicultura y pesca	Mujeres	Porcentaje	2024	2
A Agricultura, ganadería, silvicultura y pesca	Mujeres	Porcentaje	2023	1,9
A Agricultura, ganadería, silvicultura y pesca	Mujeres	Porcentaje	2022	2
A Agricultura, ganadería, silvicultura y pesca	Mujeres	Porcentaje	2021	2,1
A Agricultura, ganadería, silvicultura y pesca	Mujeres	Porcentaje	2020	2
A Agricultura, ganadería, silvicultura y pesca	Mujeres	Porcentaje	2019	2
A Agricultura, ganadería, silvicultura y pesca	Mujeres	Porcentaje	2018	2,2
A Agricultura, ganadería, silvicultura y pesca	Mujeres	Porcentaje	2017	2,3
A Agricultura, ganadería, silvicultura y pesca	Mujeres	Porcentaje	2016	2,1
A Agricultura, ganadería, silvicultura y pesca	Mujeres	Porcentaje	2015	2,1
A Agricultura, ganadería, silvicultura y pesca	Mujeres	Porcentaje	2014	2,2
A Agricultura, ganadería, silvicultura y pesca	Mujeres	Porcentaje	2013	2,2
A Agricultura, ganadería, silvicultura y pesca	Mujeres	Porcentaje	2012	2,4
A Agricultura, ganadería, silvicultura y pesca	Mujeres	Porcentaje	2011	2,4
A Agricultura, ganadería, silvicultura y pesca	Mujeres	Porcentaje	2010	2,4
A Agricultura, ganadería, silvicultura y pesca	Mujeres	Porcentaje	2009	2,5
A Agricultura, ganadería, silvicultura y pesca	Mujeres	Porcentaje	2008	2,6
01 Agricultura, ganadería, caza y servicios relacionados con las mismas	Ambos sexos	Valor absoluto	2025	705,7
01 Agricultura, ganadería, caza y servicios relacionados con las mismas	Ambos sexos	Valor absoluto	2024	686,1
01 Agricultura, ganadería, caza y servicios relacionados con las mismas	Ambos sexos	Valor absoluto	2023	692,5
01 Agricultura, ganadería, caza y servicios relacionados con las mismas	Ambos sexos	Valor absoluto	2022	727,2
01 Agricultura, ganadería, caza y servicios relacionados con las mismas	Ambos sexos	Valor absoluto	2021	753,5
01 Agricultura, ganadería, caza y servicios relacionados con las mismas	Ambos sexos	Valor absoluto	2020	697,8
01 Agricultura, ganadería, caza y servicios relacionados con las mismas	Ambos sexos	Valor absoluto	2019	729,8
01 Agricultura, ganadería, caza y servicios relacionados con las mismas	Ambos sexos	Valor absoluto	2018	743,3
01 Agricultura, ganadería, caza y servicios relacionados con las mismas	Ambos sexos	Valor absoluto	2017	749,7
01 Agricultura, ganadería, caza y servicios relacionados con las mismas	Ambos sexos	Valor absoluto	2016	712
01 Agricultura, ganadería, caza y servicios relacionados con las mismas	Ambos sexos	Valor absoluto	2015	678,7
01 Agricultura, ganadería, caza y servicios relacionados con las mismas	Ambos sexos	Valor absoluto	2014	677,6
01 Agricultura, ganadería, caza y servicios relacionados con las mismas	Ambos sexos	Valor absoluto	2013	676
01 Agricultura, ganadería, caza y servicios relacionados con las mismas	Ambos sexos	Valor absoluto	2012	678,5
01 Agricultura, ganadería, caza y servicios relacionados con las mismas	Ambos sexos	Valor absoluto	2011	689,4
01 Agricultura, ganadería, caza y servicios relacionados con las mismas	Ambos sexos	Valor absoluto	2010	716,6
01 Agricultura, ganadería, caza y servicios relacionados con las mismas	Ambos sexos	Valor absoluto	2009	713,8
01 Agricultura, ganadería, caza y servicios relacionados con las mismas	Ambos sexos	Valor absoluto	2008	747,3
01 Agricultura, ganadería, caza y servicios relacionados con las mismas	Ambos sexos	Porcentaje	2025	3,2
01 Agricultura, ganadería, caza y servicios relacionados con las mismas	Ambos sexos	Porcentaje	2024	3,2
01 Agricultura, ganadería, caza y servicios relacionados con las mismas	Ambos sexos	Porcentaje	2023	3,3
01 Agricultura, ganadería, caza y servicios relacionados con las mismas	Ambos sexos	Porcentaje	2022	3,5
01 Agricultura, ganadería, caza y servicios relacionados con las mismas	Ambos sexos	Porcentaje	2021	3,8
01 Agricultura, ganadería, caza y servicios relacionados con las mismas	Ambos sexos	Porcentaje	2020	3,6
01 Agricultura, ganadería, caza y servicios relacionados con las mismas	Ambos sexos	Porcentaje	2019	3,7
01 Agricultura, ganadería, caza y servicios relacionados con las mismas	Ambos sexos	Porcentaje	2018	3,8
01 Agricultura, ganadería, caza y servicios relacionados con las mismas	Ambos sexos	Porcentaje	2017	4
01 Agricultura, ganadería, caza y servicios relacionados con las mismas	Ambos sexos	Porcentaje	2016	3,9
01 Agricultura, ganadería, caza y servicios relacionados con las mismas	Ambos sexos	Porcentaje	2015	3,8
01 Agricultura, ganadería, caza y servicios relacionados con las mismas	Ambos sexos	Porcentaje	2014	3,9
01 Agricultura, ganadería, caza y servicios relacionados con las mismas	Ambos sexos	Porcentaje	2013	3,9
01 Agricultura, ganadería, caza y servicios relacionados con las mismas	Ambos sexos	Porcentaje	2012	3,8
01 Agricultura, ganadería, caza y servicios relacionados con las mismas	Ambos sexos	Porcentaje	2011	3,7
01 Agricultura, ganadería, caza y servicios relacionados con las mismas	Ambos sexos	Porcentaje	2010	3,8
01 Agricultura, ganadería, caza y servicios relacionados con las mismas	Ambos sexos	Porcentaje	2009	3,7
01 Agricultura, ganadería, caza y servicios relacionados con las mismas	Ambos sexos	Porcentaje	2008	3,7
01 Agricultura, ganadería, caza y servicios relacionados con las mismas	Hombres	Valor absoluto	2025	513,5
01 Agricultura, ganadería, caza y servicios relacionados con las mismas	Hombres	Valor absoluto	2024	492,1
01 Agricultura, ganadería, caza y servicios relacionados con las mismas	Hombres	Valor absoluto	2023	512,8
01 Agricultura, ganadería, caza y servicios relacionados con las mismas	Hombres	Valor absoluto	2022	552,1
01 Agricultura, ganadería, caza y servicios relacionados con las mismas	Hombres	Valor absoluto	2021	567
01 Agricultura, ganadería, caza y servicios relacionados con las mismas	Hombres	Valor absoluto	2020	532,7
01 Agricultura, ganadería, caza y servicios relacionados con las mismas	Hombres	Valor absoluto	2019	552,2
01 Agricultura, ganadería, caza y servicios relacionados con las mismas	Hombres	Valor absoluto	2018	560,1
01 Agricultura, ganadería, caza y servicios relacionados con las mismas	Hombres	Valor absoluto	2017	563
01 Agricultura, ganadería, caza y servicios relacionados con las mismas	Hombres	Valor absoluto	2016	541,2
01 Agricultura, ganadería, caza y servicios relacionados con las mismas	Hombres	Valor absoluto	2015	513,8
01 Agricultura, ganadería, caza y servicios relacionados con las mismas	Hombres	Valor absoluto	2014	505,7
01 Agricultura, ganadería, caza y servicios relacionados con las mismas	Hombres	Valor absoluto	2013	507,8
01 Agricultura, ganadería, caza y servicios relacionados con las mismas	Hombres	Valor absoluto	2012	492,5
01 Agricultura, ganadería, caza y servicios relacionados con las mismas	Hombres	Valor absoluto	2011	501,5
01 Agricultura, ganadería, caza y servicios relacionados con las mismas	Hombres	Valor absoluto	2010	523
01 Agricultura, ganadería, caza y servicios relacionados con las mismas	Hombres	Valor absoluto	2009	518,5
01 Agricultura, ganadería, caza y servicios relacionados con las mismas	Hombres	Valor absoluto	2008	536,8
01 Agricultura, ganadería, caza y servicios relacionados con las mismas	Hombres	Porcentaje	2025	4,3
01 Agricultura, ganadería, caza y servicios relacionados con las mismas	Hombres	Porcentaje	2024	4,2
01 Agricultura, ganadería, caza y servicios relacionados con las mismas	Hombres	Porcentaje	2023	4,5
01 Agricultura, ganadería, caza y servicios relacionados con las mismas	Hombres	Porcentaje	2022	5
01 Agricultura, ganadería, caza y servicios relacionados con las mismas	Hombres	Porcentaje	2021	5,3
01 Agricultura, ganadería, caza y servicios relacionados con las mismas	Hombres	Porcentaje	2020	5,1
01 Agricultura, ganadería, caza y servicios relacionados con las mismas	Hombres	Porcentaje	2019	5,1
01 Agricultura, ganadería, caza y servicios relacionados con las mismas	Hombres	Porcentaje	2018	5,3
01 Agricultura, ganadería, caza y servicios relacionados con las mismas	Hombres	Porcentaje	2017	5,5
01 Agricultura, ganadería, caza y servicios relacionados con las mismas	Hombres	Porcentaje	2016	5,4
01 Agricultura, ganadería, caza y servicios relacionados con las mismas	Hombres	Porcentaje	2015	5,3
01 Agricultura, ganadería, caza y servicios relacionados con las mismas	Hombres	Porcentaje	2014	5,4
01 Agricultura, ganadería, caza y servicios relacionados con las mismas	Hombres	Porcentaje	2013	5,5
01 Agricultura, ganadería, caza y servicios relacionados con las mismas	Hombres	Porcentaje	2012	5,1
01 Agricultura, ganadería, caza y servicios relacionados con las mismas	Hombres	Porcentaje	2011	4,9
01 Agricultura, ganadería, caza y servicios relacionados con las mismas	Hombres	Porcentaje	2010	5
01 Agricultura, ganadería, caza y servicios relacionados con las mismas	Hombres	Porcentaje	2009	4,8
01 Agricultura, ganadería, caza y servicios relacionados con las mismas	Hombres	Porcentaje	2008	4,5
01 Agricultura, ganadería, caza y servicios relacionados con las mismas	Mujeres	Valor absoluto	2025	192,2
01 Agricultura, ganadería, caza y servicios relacionados con las mismas	Mujeres	Valor absoluto	2024	194
01 Agricultura, ganadería, caza y servicios relacionados con las mismas	Mujeres	Valor absoluto	2023	179,7
01 Agricultura, ganadería, caza y servicios relacionados con las mismas	Mujeres	Valor absoluto	2022	175,1
01 Agricultura, ganadería, caza y servicios relacionados con las mismas	Mujeres	Valor absoluto	2021	186,5
01 Agricultura, ganadería, caza y servicios relacionados con las mismas	Mujeres	Valor absoluto	2020	165,1
01 Agricultura, ganadería, caza y servicios relacionados con las mismas	Mujeres	Valor absoluto	2019	177,6
01 Agricultura, ganadería, caza y servicios relacionados con las mismas	Mujeres	Valor absoluto	2018	183,1
01 Agricultura, ganadería, caza y servicios relacionados con las mismas	Mujeres	Valor absoluto	2017	186,7
01 Agricultura, ganadería, caza y servicios relacionados con las mismas	Mujeres	Valor absoluto	2016	170,8
01 Agricultura, ganadería, caza y servicios relacionados con las mismas	Mujeres	Valor absoluto	2015	164,9
01 Agricultura, ganadería, caza y servicios relacionados con las mismas	Mujeres	Valor absoluto	2014	171,9
01 Agricultura, ganadería, caza y servicios relacionados con las mismas	Mujeres	Valor absoluto	2013	168,2
01 Agricultura, ganadería, caza y servicios relacionados con las mismas	Mujeres	Valor absoluto	2012	186
01 Agricultura, ganadería, caza y servicios relacionados con las mismas	Mujeres	Valor absoluto	2011	187,9
01 Agricultura, ganadería, caza y servicios relacionados con las mismas	Mujeres	Valor absoluto	2010	193,6
01 Agricultura, ganadería, caza y servicios relacionados con las mismas	Mujeres	Valor absoluto	2009	195,3
01 Agricultura, ganadería, caza y servicios relacionados con las mismas	Mujeres	Valor absoluto	2008	210,5
01 Agricultura, ganadería, caza y servicios relacionados con las mismas	Mujeres	Porcentaje	2025	1,9
01 Agricultura, ganadería, caza y servicios relacionados con las mismas	Mujeres	Porcentaje	2024	1,9
01 Agricultura, ganadería, caza y servicios relacionados con las mismas	Mujeres	Porcentaje	2023	1,8
01 Agricultura, ganadería, caza y servicios relacionados con las mismas	Mujeres	Porcentaje	2022	1,9
01 Agricultura, ganadería, caza y servicios relacionados con las mismas	Mujeres	Porcentaje	2021	2
01 Agricultura, ganadería, caza y servicios relacionados con las mismas	Mujeres	Porcentaje	2020	1,9
01 Agricultura, ganadería, caza y servicios relacionados con las mismas	Mujeres	Porcentaje	2019	2
01 Agricultura, ganadería, caza y servicios relacionados con las mismas	Mujeres	Porcentaje	2018	2,1
01 Agricultura, ganadería, caza y servicios relacionados con las mismas	Mujeres	Porcentaje	2017	2,2
01 Agricultura, ganadería, caza y servicios relacionados con las mismas	Mujeres	Porcentaje	2016	2
01 Agricultura, ganadería, caza y servicios relacionados con las mismas	Mujeres	Porcentaje	2015	2
01 Agricultura, ganadería, caza y servicios relacionados con las mismas	Mujeres	Porcentaje	2014	2,2
01 Agricultura, ganadería, caza y servicios relacionados con las mismas	Mujeres	Porcentaje	2013	2,2
01 Agricultura, ganadería, caza y servicios relacionados con las mismas	Mujeres	Porcentaje	2012	2,3
01 Agricultura, ganadería, caza y servicios relacionados con las mismas	Mujeres	Porcentaje	2011	2,3
01 Agricultura, ganadería, caza y servicios relacionados con las mismas	Mujeres	Porcentaje	2010	2,3
01 Agricultura, ganadería, caza y servicios relacionados con las mismas	Mujeres	Porcentaje	2009	2,3
01 Agricultura, ganadería, caza y servicios relacionados con las mismas	Mujeres	Porcentaje	2008	2,4
02 Silvicultura y explotación forestal	Ambos sexos	Valor absoluto	2025	30,6
02 Silvicultura y explotación forestal	Ambos sexos	Valor absoluto	2024	33,8
02 Silvicultura y explotación forestal	Ambos sexos	Valor absoluto	2023	38,9
02 Silvicultura y explotación forestal	Ambos sexos	Valor absoluto	2022	33,6
02 Silvicultura y explotación forestal	Ambos sexos	Valor absoluto	2021	28,9
02 Silvicultura y explotación forestal	Ambos sexos	Valor absoluto	2020	26,1
02 Silvicultura y explotación forestal	Ambos sexos	Valor absoluto	2019	28,3
02 Silvicultura y explotación forestal	Ambos sexos	Valor absoluto	2018	29,6
02 Silvicultura y explotación forestal	Ambos sexos	Valor absoluto	2017	29,1
02 Silvicultura y explotación forestal	Ambos sexos	Valor absoluto	2016	26
02 Silvicultura y explotación forestal	Ambos sexos	Valor absoluto	2015	26,3
02 Silvicultura y explotación forestal	Ambos sexos	Valor absoluto	2014	24,8
02 Silvicultura y explotación forestal	Ambos sexos	Valor absoluto	2013	23,3
02 Silvicultura y explotación forestal	Ambos sexos	Valor absoluto	2012	25
02 Silvicultura y explotación forestal	Ambos sexos	Valor absoluto	2011	31,9
02 Silvicultura y explotación forestal	Ambos sexos	Valor absoluto	2010	32,5
02 Silvicultura y explotación forestal	Ambos sexos	Valor absoluto	2009	31,7
02 Silvicultura y explotación forestal	Ambos sexos	Valor absoluto	2008	32,1
02 Silvicultura y explotación forestal	Ambos sexos	Porcentaje	2025	0,1
02 Silvicultura y explotación forestal	Ambos sexos	Porcentaje	2024	0,2
02 Silvicultura y explotación forestal	Ambos sexos	Porcentaje	2023	0,2
02 Silvicultura y explotación forestal	Ambos sexos	Porcentaje	2022	0,2
02 Silvicultura y explotación forestal	Ambos sexos	Porcentaje	2021	0,1
02 Silvicultura y explotación forestal	Ambos sexos	Porcentaje	2020	0,1
02 Silvicultura y explotación forestal	Ambos sexos	Porcentaje	2019	0,1
02 Silvicultura y explotación forestal	Ambos sexos	Porcentaje	2018	0,2
02 Silvicultura y explotación forestal	Ambos sexos	Porcentaje	2017	0,2
02 Silvicultura y explotación forestal	Ambos sexos	Porcentaje	2016	0,1
02 Silvicultura y explotación forestal	Ambos sexos	Porcentaje	2015	0,1
02 Silvicultura y explotación forestal	Ambos sexos	Porcentaje	2014	0,1
02 Silvicultura y explotación forestal	Ambos sexos	Porcentaje	2013	0,1
02 Silvicultura y explotación forestal	Ambos sexos	Porcentaje	2012	0,1
02 Silvicultura y explotación forestal	Ambos sexos	Porcentaje	2011	0,2
02 Silvicultura y explotación forestal	Ambos sexos	Porcentaje	2010	0,2
02 Silvicultura y explotación forestal	Ambos sexos	Porcentaje	2009	0,2
02 Silvicultura y explotación forestal	Ambos sexos	Porcentaje	2008	0,2
02 Silvicultura y explotación forestal	Hombres	Valor absoluto	2025	25,9
02 Silvicultura y explotación forestal	Hombres	Valor absoluto	2024	30
02 Silvicultura y explotación forestal	Hombres	Valor absoluto	2023	35,2
02 Silvicultura y explotación forestal	Hombres	Valor absoluto	2022	29,6
02 Silvicultura y explotación forestal	Hombres	Valor absoluto	2021	26,4
02 Silvicultura y explotación forestal	Hombres	Valor absoluto	2020	24,2
02 Silvicultura y explotación forestal	Hombres	Valor absoluto	2019	25,2
02 Silvicultura y explotación forestal	Hombres	Valor absoluto	2018	26,6
02 Silvicultura y explotación forestal	Hombres	Valor absoluto	2017	27,2
02 Silvicultura y explotación forestal	Hombres	Valor absoluto	2016	23,7
02 Silvicultura y explotación forestal	Hombres	Valor absoluto	2015	23,3
02 Silvicultura y explotación forestal	Hombres	Valor absoluto	2014	23,2
02 Silvicultura y explotación forestal	Hombres	Valor absoluto	2013	21,8
02 Silvicultura y explotación forestal	Hombres	Valor absoluto	2012	22,7
02 Silvicultura y explotación forestal	Hombres	Valor absoluto	2011	27,5
02 Silvicultura y explotación forestal	Hombres	Valor absoluto	2010	28,7
02 Silvicultura y explotación forestal	Hombres	Valor absoluto	2009	29
02 Silvicultura y explotación forestal	Hombres	Valor absoluto	2008	28,1
02 Silvicultura y explotación forestal	Hombres	Porcentaje	2025	0,2
02 Silvicultura y explotación forestal	Hombres	Porcentaje	2024	0,3
02 Silvicultura y explotación forestal	Hombres	Porcentaje	2023	0,3
02 Silvicultura y explotación forestal	Hombres	Porcentaje	2022	0,3
02 Silvicultura y explotación forestal	Hombres	Porcentaje	2021	0,2
02 Silvicultura y explotación forestal	Hombres	Porcentaje	2020	0,2
02 Silvicultura y explotación forestal	Hombres	Porcentaje	2019	0,2
02 Silvicultura y explotación forestal	Hombres	Porcentaje	2018	0,3
02 Silvicultura y explotación forestal	Hombres	Porcentaje	2017	0,3
02 Silvicultura y explotación forestal	Hombres	Porcentaje	2016	0,2
02 Silvicultura y explotación forestal	Hombres	Porcentaje	2015	0,2
02 Silvicultura y explotación forestal	Hombres	Porcentaje	2014	0,2
02 Silvicultura y explotación forestal	Hombres	Porcentaje	2013	0,2
02 Silvicultura y explotación forestal	Hombres	Porcentaje	2012	0,2
02 Silvicultura y explotación forestal	Hombres	Porcentaje	2011	0,3
02 Silvicultura y explotación forestal	Hombres	Porcentaje	2010	0,3
02 Silvicultura y explotación forestal	Hombres	Porcentaje	2009	0,3
02 Silvicultura y explotación forestal	Hombres	Porcentaje	2008	0,2
02 Silvicultura y explotación forestal	Mujeres	Valor absoluto	2025	4,7
02 Silvicultura y explotación forestal	Mujeres	Valor absoluto	2024	3,8
02 Silvicultura y explotación forestal	Mujeres	Valor absoluto	2023	3,7
02 Silvicultura y explotación forestal	Mujeres	Valor absoluto	2022	4
02 Silvicultura y explotación forestal	Mujeres	Valor absoluto	2021	2,5
02 Silvicultura y explotación forestal	Mujeres	Valor absoluto	2020	1,9
02 Silvicultura y explotación forestal	Mujeres	Valor absoluto	2019	3,1
02 Silvicultura y explotación forestal	Mujeres	Valor absoluto	2018	3
02 Silvicultura y explotación forestal	Mujeres	Valor absoluto	2017	1,9
02 Silvicultura y explotación forestal	Mujeres	Valor absoluto	2016	2,3
02 Silvicultura y explotación forestal	Mujeres	Valor absoluto	2015	3
02 Silvicultura y explotación forestal	Mujeres	Valor absoluto	2014	1,6
02 Silvicultura y explotación forestal	Mujeres	Valor absoluto	2013	1,5
02 Silvicultura y explotación forestal	Mujeres	Valor absoluto	2012	2,3
02 Silvicultura y explotación forestal	Mujeres	Valor absoluto	2011	4,4
02 Silvicultura y explotación forestal	Mujeres	Valor absoluto	2010	3,8
02 Silvicultura y explotación forestal	Mujeres	Valor absoluto	2009	2,8
02 Silvicultura y explotación forestal	Mujeres	Valor absoluto	2008	4
02 Silvicultura y explotación forestal	Mujeres	Porcentaje	2025	0
02 Silvicultura y explotación forestal	Mujeres	Porcentaje	2024	0
02 Silvicultura y explotación forestal	Mujeres	Porcentaje	2023	0
02 Silvicultura y explotación forestal	Mujeres	Porcentaje	2022	0
02 Silvicultura y explotación forestal	Mujeres	Porcentaje	2021	0
02 Silvicultura y explotación forestal	Mujeres	Porcentaje	2020	0
02 Silvicultura y explotación forestal	Mujeres	Porcentaje	2019	0
02 Silvicultura y explotación forestal	Mujeres	Porcentaje	2018	0
02 Silvicultura y explotación forestal	Mujeres	Porcentaje	2017	0
02 Silvicultura y explotación forestal	Mujeres	Porcentaje	2016	0
02 Silvicultura y explotación forestal	Mujeres	Porcentaje	2015	0
02 Silvicultura y explotación forestal	Mujeres	Porcentaje	2014	0
02 Silvicultura y explotación forestal	Mujeres	Porcentaje	2013	0
02 Silvicultura y explotación forestal	Mujeres	Porcentaje	2012	0
02 Silvicultura y explotación forestal	Mujeres	Porcentaje	2011	0,1
02 Silvicultura y explotación forestal	Mujeres	Porcentaje	2010	0
02 Silvicultura y explotación forestal	Mujeres	Porcentaje	2009	0
02 Silvicultura y explotación forestal	Mujeres	Porcentaje	2008	0
03 Pesca y acuicultura	Ambos sexos	Valor absoluto	2025	27,3
03 Pesca y acuicultura	Ambos sexos	Valor absoluto	2024	32,2
03 Pesca y acuicultura	Ambos sexos	Valor absoluto	2023	35,9
03 Pesca y acuicultura	Ambos sexos	Valor absoluto	2022	37,6
03 Pesca y acuicultura	Ambos sexos	Valor absoluto	2021	35,6
03 Pesca y acuicultura	Ambos sexos	Valor absoluto	2020	41,4
03 Pesca y acuicultura	Ambos sexos	Valor absoluto	2019	39,2
03 Pesca y acuicultura	Ambos sexos	Valor absoluto	2018	39,7
03 Pesca y acuicultura	Ambos sexos	Valor absoluto	2017	40,7
03 Pesca y acuicultura	Ambos sexos	Valor absoluto	2016	36,6
03 Pesca y acuicultura	Ambos sexos	Valor absoluto	2015	31,8
03 Pesca y acuicultura	Ambos sexos	Valor absoluto	2014	33,5
03 Pesca y acuicultura	Ambos sexos	Valor absoluto	2013	37,2
03 Pesca y acuicultura	Ambos sexos	Valor absoluto	2012	39,9
03 Pesca y acuicultura	Ambos sexos	Valor absoluto	2011	34
03 Pesca y acuicultura	Ambos sexos	Valor absoluto	2010	37
03 Pesca y acuicultura	Ambos sexos	Valor absoluto	2009	42,5
03 Pesca y acuicultura	Ambos sexos	Valor absoluto	2008	48,8
03 Pesca y acuicultura	Ambos sexos	Porcentaje	2025	0,1
03 Pesca y acuicultura	Ambos sexos	Porcentaje	2024	0,1
03 Pesca y acuicultura	Ambos sexos	Porcentaje	2023	0,2
03 Pesca y acuicultura	Ambos sexos	Porcentaje	2022	0,2
03 Pesca y acuicultura	Ambos sexos	Porcentaje	2021	0,2
03 Pesca y acuicultura	Ambos sexos	Porcentaje	2020	0,2
03 Pesca y acuicultura	Ambos sexos	Porcentaje	2019	0,2
03 Pesca y acuicultura	Ambos sexos	Porcentaje	2018	0,2
03 Pesca y acuicultura	Ambos sexos	Porcentaje	2017	0,2
03 Pesca y acuicultura	Ambos sexos	Porcentaje	2016	0,2
03 Pesca y acuicultura	Ambos sexos	Porcentaje	2015	0,2
03 Pesca y acuicultura	Ambos sexos	Porcentaje	2014	0,2
03 Pesca y acuicultura	Ambos sexos	Porcentaje	2013	0,2
03 Pesca y acuicultura	Ambos sexos	Porcentaje	2012	0,2
03 Pesca y acuicultura	Ambos sexos	Porcentaje	2011	0,2
03 Pesca y acuicultura	Ambos sexos	Porcentaje	2010	0,2
03 Pesca y acuicultura	Ambos sexos	Porcentaje	2009	0,2
03 Pesca y acuicultura	Ambos sexos	Porcentaje	2008	0,2
03 Pesca y acuicultura	Hombres	Valor absoluto	2025	23
03 Pesca y acuicultura	Hombres	Valor absoluto	2024	27
03 Pesca y acuicultura	Hombres	Valor absoluto	2023	29,9
03 Pesca y acuicultura	Hombres	Valor absoluto	2022	32,1
03 Pesca y acuicultura	Hombres	Valor absoluto	2021	29,9
03 Pesca y acuicultura	Hombres	Valor absoluto	2020	37
03 Pesca y acuicultura	Hombres	Valor absoluto	2019	34,9
03 Pesca y acuicultura	Hombres	Valor absoluto	2018	34,7
03 Pesca y acuicultura	Hombres	Valor absoluto	2017	34,5
03 Pesca y acuicultura	Hombres	Valor absoluto	2016	31,1
03 Pesca y acuicultura	Hombres	Valor absoluto	2015	28,7
03 Pesca y acuicultura	Hombres	Valor absoluto	2014	29,5
03 Pesca y acuicultura	Hombres	Valor absoluto	2013	31,5
03 Pesca y acuicultura	Hombres	Valor absoluto	2012	34,4
03 Pesca y acuicultura	Hombres	Valor absoluto	2011	28,5
03 Pesca y acuicultura	Hombres	Valor absoluto	2010	31,4
03 Pesca y acuicultura	Hombres	Valor absoluto	2009	35,4
03 Pesca y acuicultura	Hombres	Valor absoluto	2008	40,6
03 Pesca y acuicultura	Hombres	Porcentaje	2025	0,2
03 Pesca y acuicultura	Hombres	Porcentaje	2024	0,2
03 Pesca y acuicultura	Hombres	Porcentaje	2023	0,3
03 Pesca y acuicultura	Hombres	Porcentaje	2022	0,3
03 Pesca y acuicultura	Hombres	Porcentaje	2021	0,3
03 Pesca y acuicultura	Hombres	Porcentaje	2020	0,4
03 Pesca y acuicultura	Hombres	Porcentaje	2019	0,3
03 Pesca y acuicultura	Hombres	Porcentaje	2018	0,3
03 Pesca y acuicultura	Hombres	Porcentaje	2017	0,3
03 Pesca y acuicultura	Hombres	Porcentaje	2016	0,3
03 Pesca y acuicultura	Hombres	Porcentaje	2015	0,3
03 Pesca y acuicultura	Hombres	Porcentaje	2014	0,3
03 Pesca y acuicultura	Hombres	Porcentaje	2013	0,3
03 Pesca y acuicultura	Hombres	Porcentaje	2012	0,4
03 Pesca y acuicultura	Hombres	Porcentaje	2011	0,3
03 Pesca y acuicultura	Hombres	Porcentaje	2010	0,3
03 Pesca y acuicultura	Hombres	Porcentaje	2009	0,3
03 Pesca y acuicultura	Hombres	Porcentaje	2008	0,3
03 Pesca y acuicultura	Mujeres	Valor absoluto	2025	4,3
03 Pesca y acuicultura	Mujeres	Valor absoluto	2024	5,2
03 Pesca y acuicultura	Mujeres	Valor absoluto	2023	6
03 Pesca y acuicultura	Mujeres	Valor absoluto	2022	5,5
03 Pesca y acuicultura	Mujeres	Valor absoluto	2021	5,8
03 Pesca y acuicultura	Mujeres	Valor absoluto	2020	4,4
03 Pesca y acuicultura	Mujeres	Valor absoluto	2019	4,3
03 Pesca y acuicultura	Mujeres	Valor absoluto	2018	5
03 Pesca y acuicultura	Mujeres	Valor absoluto	2017	6,2
03 Pesca y acuicultura	Mujeres	Valor absoluto	2016	5,6
03 Pesca y acuicultura	Mujeres	Valor absoluto	2015	3,1
03 Pesca y acuicultura	Mujeres	Valor absoluto	2014	4
03 Pesca y acuicultura	Mujeres	Valor absoluto	2013	5,7
03 Pesca y acuicultura	Mujeres	Valor absoluto	2012	5,5
03 Pesca y acuicultura	Mujeres	Valor absoluto	2011	5,5
03 Pesca y acuicultura	Mujeres	Valor absoluto	2010	5,6
03 Pesca y acuicultura	Mujeres	Valor absoluto	2009	7,1
03 Pesca y acuicultura	Mujeres	Valor absoluto	2008	8,2
03 Pesca y acuicultura	Mujeres	Porcentaje	2025	0
03 Pesca y acuicultura	Mujeres	Porcentaje	2024	0,1
03 Pesca y acuicultura	Mujeres	Porcentaje	2023	0,1
03 Pesca y acuicultura	Mujeres	Porcentaje	2022	0,1
03 Pesca y acuicultura	Mujeres	Porcentaje	2021	0,1
03 Pesca y acuicultura	Mujeres	Porcentaje	2020	0,1
03 Pesca y acuicultura	Mujeres	Porcentaje	2019	0
03 Pesca y acuicultura	Mujeres	Porcentaje	2018	0,1
03 Pesca y acuicultura	Mujeres	Porcentaje	2017	0,1
03 Pesca y acuicultura	Mujeres	Porcentaje	2016	0,1
03 Pesca y acuicultura	Mujeres	Porcentaje	2015	0
03 Pesca y acuicultura	Mujeres	Porcentaje	2014	0,1
03 Pesca y acuicultura	Mujeres	Porcentaje	2013	0,1
03 Pesca y acuicultura	Mujeres	Porcentaje	2012	0,1
03 Pesca y acuicultura	Mujeres	Porcentaje	2011	0,1
03 Pesca y acuicultura	Mujeres	Porcentaje	2010	0,1
03 Pesca y acuicultura	Mujeres	Porcentaje	2009	0,1
03 Pesca y acuicultura	Mujeres	Porcentaje	2008	0,1
B Industrias extractivas	Ambos sexos	Valor absoluto	2025	31,8
B Industrias extractivas	Ambos sexos	Valor absoluto	2024	32,7
B Industrias extractivas	Ambos sexos	Valor absoluto	2023	31,2
B Industrias extractivas	Ambos sexos	Valor absoluto	2022	29
B Industrias extractivas	Ambos sexos	Valor absoluto	2021	31,5
B Industrias extractivas	Ambos sexos	Valor absoluto	2020	33,1
B Industrias extractivas	Ambos sexos	Valor absoluto	2019	32,6
B Industrias extractivas	Ambos sexos	Valor absoluto	2018	33,5
B Industrias extractivas	Ambos sexos	Valor absoluto	2017	33,2
B Industrias extractivas	Ambos sexos	Valor absoluto	2016	30,5
B Industrias extractivas	Ambos sexos	Valor absoluto	2015	33,6
B Industrias extractivas	Ambos sexos	Valor absoluto	2014	31,5
B Industrias extractivas	Ambos sexos	Valor absoluto	2013	29,9
B Industrias extractivas	Ambos sexos	Valor absoluto	2012	37
B Industrias extractivas	Ambos sexos	Valor absoluto	2011	42
B Industrias extractivas	Ambos sexos	Valor absoluto	2010	45,6
B Industrias extractivas	Ambos sexos	Valor absoluto	2009	44,4
B Industrias extractivas	Ambos sexos	Valor absoluto	2008	52,7
B Industrias extractivas	Ambos sexos	Porcentaje	2025	0,1
B Industrias extractivas	Ambos sexos	Porcentaje	2024	0,2
B Industrias extractivas	Ambos sexos	Porcentaje	2023	0,1
B Industrias extractivas	Ambos sexos	Porcentaje	2022	0,1
B Industrias extractivas	Ambos sexos	Porcentaje	2021	0,2
B Industrias extractivas	Ambos sexos	Porcentaje	2020	0,2
B Industrias extractivas	Ambos sexos	Porcentaje	2019	0,2
B Industrias extractivas	Ambos sexos	Porcentaje	2018	0,2
B Industrias extractivas	Ambos sexos	Porcentaje	2017	0,2
B Industrias extractivas	Ambos sexos	Porcentaje	2016	0,2
B Industrias extractivas	Ambos sexos	Porcentaje	2015	0,2
B Industrias extractivas	Ambos sexos	Porcentaje	2014	0,2
B Industrias extractivas	Ambos sexos	Porcentaje	2013	0,2
B Industrias extractivas	Ambos sexos	Porcentaje	2012	0,2
B Industrias extractivas	Ambos sexos	Porcentaje	2011	0,2
B Industrias extractivas	Ambos sexos	Porcentaje	2010	0,2
B Industrias extractivas	Ambos sexos	Porcentaje	2009	0,2
B Industrias extractivas	Ambos sexos	Porcentaje	2008	0,3
B Industrias extractivas	Hombres	Valor absoluto	2025	27,4
B Industrias extractivas	Hombres	Valor absoluto	2024	27,1
B Industrias extractivas	Hombres	Valor absoluto	2023	27
B Industrias extractivas	Hombres	Valor absoluto	2022	24,2
B Industrias extractivas	Hombres	Valor absoluto	2021	27,4
B Industrias extractivas	Hombres	Valor absoluto	2020	26,9
B Industrias extractivas	Hombres	Valor absoluto	2019	28,4
B Industrias extractivas	Hombres	Valor absoluto	2018	30,3
B Industrias extractivas	Hombres	Valor absoluto	2017	31,3
B Industrias extractivas	Hombres	Valor absoluto	2016	27
B Industrias extractivas	Hombres	Valor absoluto	2015	30,4
B Industrias extractivas	Hombres	Valor absoluto	2014	27,2
B Industrias extractivas	Hombres	Valor absoluto	2013	26
B Industrias extractivas	Hombres	Valor absoluto	2012	32,3
B Industrias extractivas	Hombres	Valor absoluto	2011	38,1
B Industrias extractivas	Hombres	Valor absoluto	2010	42,4
B Industrias extractivas	Hombres	Valor absoluto	2009	40,8
B Industrias extractivas	Hombres	Valor absoluto	2008	48,1
B Industrias extractivas	Hombres	Porcentaje	2025	0,2
B Industrias extractivas	Hombres	Porcentaje	2024	0,2
B Industrias extractivas	Hombres	Porcentaje	2023	0,2
B Industrias extractivas	Hombres	Porcentaje	2022	0,2
B Industrias extractivas	Hombres	Porcentaje	2021	0,3
B Industrias extractivas	Hombres	Porcentaje	2020	0,3
B Industrias extractivas	Hombres	Porcentaje	2019	0,3
B Industrias extractivas	Hombres	Porcentaje	2018	0,3
B Industrias extractivas	Hombres	Porcentaje	2017	0,3
B Industrias extractivas	Hombres	Porcentaje	2016	0,3
B Industrias extractivas	Hombres	Porcentaje	2015	0,3
B Industrias extractivas	Hombres	Porcentaje	2014	0,3
B Industrias extractivas	Hombres	Porcentaje	2013	0,3
B Industrias extractivas	Hombres	Porcentaje	2012	0,3
B Industrias extractivas	Hombres	Porcentaje	2011	0,4
B Industrias extractivas	Hombres	Porcentaje	2010	0,4
B Industrias extractivas	Hombres	Porcentaje	2009	0,4
B Industrias extractivas	Hombres	Porcentaje	2008	0,4
B Industrias extractivas	Mujeres	Valor absoluto	2025	4,4
B Industrias extractivas	Mujeres	Valor absoluto	2024	5,7
B Industrias extractivas	Mujeres	Valor absoluto	2023	4,2
B Industrias extractivas	Mujeres	Valor absoluto	2022	4,9
B Industrias extractivas	Mujeres	Valor absoluto	2021	4,1
B Industrias extractivas	Mujeres	Valor absoluto	2020	6,2
B Industrias extractivas	Mujeres	Valor absoluto	2019	4,2
B Industrias extractivas	Mujeres	Valor absoluto	2018	3,2
B Industrias extractivas	Mujeres	Valor absoluto	2017	2
B Industrias extractivas	Mujeres	Valor absoluto	2016	3,5
B Industrias extractivas	Mujeres	Valor absoluto	2015	3,2
B Industrias extractivas	Mujeres	Valor absoluto	2014	4,3
B Industrias extractivas	Mujeres	Valor absoluto	2013	3,9
B Industrias extractivas	Mujeres	Valor absoluto	2012	4,7
B Industrias extractivas	Mujeres	Valor absoluto	2011	3,9
B Industrias extractivas	Mujeres	Valor absoluto	2010	3,2
B Industrias extractivas	Mujeres	Valor absoluto	2009	3,6
B Industrias extractivas	Mujeres	Valor absoluto	2008	4,7
B Industrias extractivas	Mujeres	Porcentaje	2025	0
B Industrias extractivas	Mujeres	Porcentaje	2024	0,1
B Industrias extractivas	Mujeres	Porcentaje	2023	0
B Industrias extractivas	Mujeres	Porcentaje	2022	0,1
B Industrias extractivas	Mujeres	Porcentaje	2021	0
B Industrias extractivas	Mujeres	Porcentaje	2020	0,1
B Industrias extractivas	Mujeres	Porcentaje	2019	0
B Industrias extractivas	Mujeres	Porcentaje	2018	0
B Industrias extractivas	Mujeres	Porcentaje	2017	0
B Industrias extractivas	Mujeres	Porcentaje	2016	0
B Industrias extractivas	Mujeres	Porcentaje	2015	0
B Industrias extractivas	Mujeres	Porcentaje	2014	0,1
B Industrias extractivas	Mujeres	Porcentaje	2013	0
B Industrias extractivas	Mujeres	Porcentaje	2012	0,1
B Industrias extractivas	Mujeres	Porcentaje	2011	0
B Industrias extractivas	Mujeres	Porcentaje	2010	0
B Industrias extractivas	Mujeres	Porcentaje	2009	0
B Industrias extractivas	Mujeres	Porcentaje	2008	0,1
05 Extracción de antracita, hulla y lignito	Ambos sexos	Valor absoluto	2025	1,7
05 Extracción de antracita, hulla y lignito	Ambos sexos	Valor absoluto	2024	1,4
05 Extracción de antracita, hulla y lignito	Ambos sexos	Valor absoluto	2023	1
05 Extracción de antracita, hulla y lignito	Ambos sexos	Valor absoluto	2022	0,5
05 Extracción de antracita, hulla y lignito	Ambos sexos	Valor absoluto	2021	1,3
05 Extracción de antracita, hulla y lignito	Ambos sexos	Valor absoluto	2020	2,3
05 Extracción de antracita, hulla y lignito	Ambos sexos	Valor absoluto	2019	2
05 Extracción de antracita, hulla y lignito	Ambos sexos	Valor absoluto	2018	3,3
05 Extracción de antracita, hulla y lignito	Ambos sexos	Valor absoluto	2017	3,4
05 Extracción de antracita, hulla y lignito	Ambos sexos	Valor absoluto	2016	3,4
05 Extracción de antracita, hulla y lignito	Ambos sexos	Valor absoluto	2015	4,1
05 Extracción de antracita, hulla y lignito	Ambos sexos	Valor absoluto	2014	4,8
05 Extracción de antracita, hulla y lignito	Ambos sexos	Valor absoluto	2013	4,3
05 Extracción de antracita, hulla y lignito	Ambos sexos	Valor absoluto	2012	6,1
05 Extracción de antracita, hulla y lignito	Ambos sexos	Valor absoluto	2011	6,8
05 Extracción de antracita, hulla y lignito	Ambos sexos	Valor absoluto	2010	6,5
05 Extracción de antracita, hulla y lignito	Ambos sexos	Valor absoluto	2009	5,8
05 Extracción de antracita, hulla y lignito	Ambos sexos	Valor absoluto	2008	5,8
05 Extracción de antracita, hulla y lignito	Ambos sexos	Porcentaje	2025	0
05 Extracción de antracita, hulla y lignito	Ambos sexos	Porcentaje	2024	0
05 Extracción de antracita, hulla y lignito	Ambos sexos	Porcentaje	2023	0
05 Extracción de antracita, hulla y lignito	Ambos sexos	Porcentaje	2022	0
05 Extracción de antracita, hulla y lignito	Ambos sexos	Porcentaje	2021	0
05 Extracción de antracita, hulla y lignito	Ambos sexos	Porcentaje	2020	0
05 Extracción de antracita, hulla y lignito	Ambos sexos	Porcentaje	2019	0
05 Extracción de antracita, hulla y lignito	Ambos sexos	Porcentaje	2018	0
05 Extracción de antracita, hulla y lignito	Ambos sexos	Porcentaje	2017	0
05 Extracción de antracita, hulla y lignito	Ambos sexos	Porcentaje	2016	0
05 Extracción de antracita, hulla y lignito	Ambos sexos	Porcentaje	2015	0
05 Extracción de antracita, hulla y lignito	Ambos sexos	Porcentaje	2014	0
05 Extracción de antracita, hulla y lignito	Ambos sexos	Porcentaje	2013	0
05 Extracción de antracita, hulla y lignito	Ambos sexos	Porcentaje	2012	0
05 Extracción de antracita, hulla y lignito	Ambos sexos	Porcentaje	2011	0
05 Extracción de antracita, hulla y lignito	Ambos sexos	Porcentaje	2010	0
05 Extracción de antracita, hulla y lignito	Ambos sexos	Porcentaje	2009	0
05 Extracción de antracita, hulla y lignito	Ambos sexos	Porcentaje	2008	0
05 Extracción de antracita, hulla y lignito	Hombres	Valor absoluto	2025	1,7
05 Extracción de antracita, hulla y lignito	Hombres	Valor absoluto	2024	1,4
05 Extracción de antracita, hulla y lignito	Hombres	Valor absoluto	2023	0,9
05 Extracción de antracita, hulla y lignito	Hombres	Valor absoluto	2022	0,4
05 Extracción de antracita, hulla y lignito	Hombres	Valor absoluto	2021	1
05 Extracción de antracita, hulla y lignito	Hombres	Valor absoluto	2020	2
05 Extracción de antracita, hulla y lignito	Hombres	Valor absoluto	2019	1,8
05 Extracción de antracita, hulla y lignito	Hombres	Valor absoluto	2018	2,9
05 Extracción de antracita, hulla y lignito	Hombres	Valor absoluto	2017	3
05 Extracción de antracita, hulla y lignito	Hombres	Valor absoluto	2016	3,2
05 Extracción de antracita, hulla y lignito	Hombres	Valor absoluto	2015	3,6
05 Extracción de antracita, hulla y lignito	Hombres	Valor absoluto	2014	4,3
05 Extracción de antracita, hulla y lignito	Hombres	Valor absoluto	2013	4,1
05 Extracción de antracita, hulla y lignito	Hombres	Valor absoluto	2012	6
05 Extracción de antracita, hulla y lignito	Hombres	Valor absoluto	2011	6,4
05 Extracción de antracita, hulla y lignito	Hombres	Valor absoluto	2010	6,3
05 Extracción de antracita, hulla y lignito	Hombres	Valor absoluto	2009	5,6
05 Extracción de antracita, hulla y lignito	Hombres	Valor absoluto	2008	5,4
05 Extracción de antracita, hulla y lignito	Hombres	Porcentaje	2025	0
05 Extracción de antracita, hulla y lignito	Hombres	Porcentaje	2024	0
05 Extracción de antracita, hulla y lignito	Hombres	Porcentaje	2023	0
05 Extracción de antracita, hulla y lignito	Hombres	Porcentaje	2022	0
05 Extracción de antracita, hulla y lignito	Hombres	Porcentaje	2021	0
05 Extracción de antracita, hulla y lignito	Hombres	Porcentaje	2020	0
05 Extracción de antracita, hulla y lignito	Hombres	Porcentaje	2019	0
05 Extracción de antracita, hulla y lignito	Hombres	Porcentaje	2018	0
05 Extracción de antracita, hulla y lignito	Hombres	Porcentaje	2017	0
05 Extracción de antracita, hulla y lignito	Hombres	Porcentaje	2016	0
05 Extracción de antracita, hulla y lignito	Hombres	Porcentaje	2015	0
05 Extracción de antracita, hulla y lignito	Hombres	Porcentaje	2014	0
05 Extracción de antracita, hulla y lignito	Hombres	Porcentaje	2013	0
05 Extracción de antracita, hulla y lignito	Hombres	Porcentaje	2012	0,1
05 Extracción de antracita, hulla y lignito	Hombres	Porcentaje	2011	0,1
05 Extracción de antracita, hulla y lignito	Hombres	Porcentaje	2010	0,1
05 Extracción de antracita, hulla y lignito	Hombres	Porcentaje	2009	0,1
05 Extracción de antracita, hulla y lignito	Hombres	Porcentaje	2008	0
05 Extracción de antracita, hulla y lignito	Mujeres	Valor absoluto	2025	0,1
05 Extracción de antracita, hulla y lignito	Mujeres	Valor absoluto	2024	..
05 Extracción de antracita, hulla y lignito	Mujeres	Valor absoluto	2023	0,1
05 Extracción de antracita, hulla y lignito	Mujeres	Valor absoluto	2022	0,1
05 Extracción de antracita, hulla y lignito	Mujeres	Valor absoluto	2021	0,4
05 Extracción de antracita, hulla y lignito	Mujeres	Valor absoluto	2020	0,2
05 Extracción de antracita, hulla y lignito	Mujeres	Valor absoluto	2019	0,1
05 Extracción de antracita, hulla y lignito	Mujeres	Valor absoluto	2018	0,4
05 Extracción de antracita, hulla y lignito	Mujeres	Valor absoluto	2017	0,4
05 Extracción de antracita, hulla y lignito	Mujeres	Valor absoluto	2016	0,2
05 Extracción de antracita, hulla y lignito	Mujeres	Valor absoluto	2015	0,6
05 Extracción de antracita, hulla y lignito	Mujeres	Valor absoluto	2014	0,5
05 Extracción de antracita, hulla y lignito	Mujeres	Valor absoluto	2013	0,3
05 Extracción de antracita, hulla y lignito	Mujeres	Valor absoluto	2012	0,1
05 Extracción de antracita, hulla y lignito	Mujeres	Valor absoluto	2011	0,4
05 Extracción de antracita, hulla y lignito	Mujeres	Valor absoluto	2010	0,2
05 Extracción de antracita, hulla y lignito	Mujeres	Valor absoluto	2009	0,2
05 Extracción de antracita, hulla y lignito	Mujeres	Valor absoluto	2008	0,4
05 Extracción de antracita, hulla y lignito	Mujeres	Porcentaje	2025	0
05 Extracción de antracita, hulla y lignito	Mujeres	Porcentaje	2024	..
05 Extracción de antracita, hulla y lignito	Mujeres	Porcentaje	2023	0
05 Extracción de antracita, hulla y lignito	Mujeres	Porcentaje	2022	0
05 Extracción de antracita, hulla y lignito	Mujeres	Porcentaje	2021	0
05 Extracción de antracita, hulla y lignito	Mujeres	Porcentaje	2020	0
05 Extracción de antracita, hulla y lignito	Mujeres	Porcentaje	2019	0
05 Extracción de antracita, hulla y lignito	Mujeres	Porcentaje	2018	0
05 Extracción de antracita, hulla y lignito	Mujeres	Porcentaje	2017	0
05 Extracción de antracita, hulla y lignito	Mujeres	Porcentaje	2016	0
05 Extracción de antracita, hulla y lignito	Mujeres	Porcentaje	2015	0
05 Extracción de antracita, hulla y lignito	Mujeres	Porcentaje	2014	0
05 Extracción de antracita, hulla y lignito	Mujeres	Porcentaje	2013	0
05 Extracción de antracita, hulla y lignito	Mujeres	Porcentaje	2012	0
05 Extracción de antracita, hulla y lignito	Mujeres	Porcentaje	2011	0
05 Extracción de antracita, hulla y lignito	Mujeres	Porcentaje	2010	0
05 Extracción de antracita, hulla y lignito	Mujeres	Porcentaje	2009	0
05 Extracción de antracita, hulla y lignito	Mujeres	Porcentaje	2008	0
06 Extracción de crudo de petróleo y gas natural	Ambos sexos	Valor absoluto	2025	1,9
06 Extracción de crudo de petróleo y gas natural	Ambos sexos	Valor absoluto	2024	2
06 Extracción de crudo de petróleo y gas natural	Ambos sexos	Valor absoluto	2023	3
06 Extracción de crudo de petróleo y gas natural	Ambos sexos	Valor absoluto	2022	2,1
06 Extracción de crudo de petróleo y gas natural	Ambos sexos	Valor absoluto	2021	2
06 Extracción de crudo de petróleo y gas natural	Ambos sexos	Valor absoluto	2020	2,7
06 Extracción de crudo de petróleo y gas natural	Ambos sexos	Valor absoluto	2019	3,4
06 Extracción de crudo de petróleo y gas natural	Ambos sexos	Valor absoluto	2018	2,4
06 Extracción de crudo de petróleo y gas natural	Ambos sexos	Valor absoluto	2017	2,6
06 Extracción de crudo de petróleo y gas natural	Ambos sexos	Valor absoluto	2016	2,7
06 Extracción de crudo de petróleo y gas natural	Ambos sexos	Valor absoluto	2015	1,3
06 Extracción de crudo de petróleo y gas natural	Ambos sexos	Valor absoluto	2014	2,3
06 Extracción de crudo de petróleo y gas natural	Ambos sexos	Valor absoluto	2013	1,4
06 Extracción de crudo de petróleo y gas natural	Ambos sexos	Valor absoluto	2012	3,3
06 Extracción de crudo de petróleo y gas natural	Ambos sexos	Valor absoluto	2011	4,3
06 Extracción de crudo de petróleo y gas natural	Ambos sexos	Valor absoluto	2010	5,3
06 Extracción de crudo de petróleo y gas natural	Ambos sexos	Valor absoluto	2009	3,5
06 Extracción de crudo de petróleo y gas natural	Ambos sexos	Valor absoluto	2008	3,6
06 Extracción de crudo de petróleo y gas natural	Ambos sexos	Porcentaje	2025	0
06 Extracción de crudo de petróleo y gas natural	Ambos sexos	Porcentaje	2024	0
06 Extracción de crudo de petróleo y gas natural	Ambos sexos	Porcentaje	2023	0
06 Extracción de crudo de petróleo y gas natural	Ambos sexos	Porcentaje	2022	0
06 Extracción de crudo de petróleo y gas natural	Ambos sexos	Porcentaje	2021	0
06 Extracción de crudo de petróleo y gas natural	Ambos sexos	Porcentaje	2020	0
06 Extracción de crudo de petróleo y gas natural	Ambos sexos	Porcentaje	2019	0
06 Extracción de crudo de petróleo y gas natural	Ambos sexos	Porcentaje	2018	0
06 Extracción de crudo de petróleo y gas natural	Ambos sexos	Porcentaje	2017	0
06 Extracción de crudo de petróleo y gas natural	Ambos sexos	Porcentaje	2016	0
06 Extracción de crudo de petróleo y gas natural	Ambos sexos	Porcentaje	2015	0
06 Extracción de crudo de petróleo y gas natural	Ambos sexos	Porcentaje	2014	0
06 Extracción de crudo de petróleo y gas natural	Ambos sexos	Porcentaje	2013	0
06 Extracción de crudo de petróleo y gas natural	Ambos sexos	Porcentaje	2012	0
06 Extracción de crudo de petróleo y gas natural	Ambos sexos	Porcentaje	2011	0
06 Extracción de crudo de petróleo y gas natural	Ambos sexos	Porcentaje	2010	0
06 Extracción de crudo de petróleo y gas natural	Ambos sexos	Porcentaje	2009	0
06 Extracción de crudo de petróleo y gas natural	Ambos sexos	Porcentaje	2008	0
06 Extracción de crudo de petróleo y gas natural	Hombres	Valor absoluto	2025	1,1
06 Extracción de crudo de petróleo y gas natural	Hombres	Valor absoluto	2024	1,3
06 Extracción de crudo de petróleo y gas natural	Hombres	Valor absoluto	2023	2,6
06 Extracción de crudo de petróleo y gas natural	Hombres	Valor absoluto	2022	1
06 Extracción de crudo de petróleo y gas natural	Hombres	Valor absoluto	2021	0,8
06 Extracción de crudo de petróleo y gas natural	Hombres	Valor absoluto	2020	1,4
06 Extracción de crudo de petróleo y gas natural	Hombres	Valor absoluto	2019	2
06 Extracción de crudo de petróleo y gas natural	Hombres	Valor absoluto	2018	1,2
06 Extracción de crudo de petróleo y gas natural	Hombres	Valor absoluto	2017	2,6
06 Extracción de crudo de petróleo y gas natural	Hombres	Valor absoluto	2016	2,7
06 Extracción de crudo de petróleo y gas natural	Hombres	Valor absoluto	2015	1,1
06 Extracción de crudo de petróleo y gas natural	Hombres	Valor absoluto	2014	1,6
06 Extracción de crudo de petróleo y gas natural	Hombres	Valor absoluto	2013	1,4
06 Extracción de crudo de petróleo y gas natural	Hombres	Valor absoluto	2012	2,8
06 Extracción de crudo de petróleo y gas natural	Hombres	Valor absoluto	2011	3,5
06 Extracción de crudo de petróleo y gas natural	Hombres	Valor absoluto	2010	4
06 Extracción de crudo de petróleo y gas natural	Hombres	Valor absoluto	2009	2,1
06 Extracción de crudo de petróleo y gas natural	Hombres	Valor absoluto	2008	2,1
06 Extracción de crudo de petróleo y gas natural	Hombres	Porcentaje	2025	0
06 Extracción de crudo de petróleo y gas natural	Hombres	Porcentaje	2024	0
06 Extracción de crudo de petróleo y gas natural	Hombres	Porcentaje	2023	0
06 Extracción de crudo de petróleo y gas natural	Hombres	Porcentaje	2022	0
06 Extracción de crudo de petróleo y gas natural	Hombres	Porcentaje	2021	0
06 Extracción de crudo de petróleo y gas natural	Hombres	Porcentaje	2020	0
06 Extracción de crudo de petróleo y gas natural	Hombres	Porcentaje	2019	0
06 Extracción de crudo de petróleo y gas natural	Hombres	Porcentaje	2018	0
06 Extracción de crudo de petróleo y gas natural	Hombres	Porcentaje	2017	0
06 Extracción de crudo de petróleo y gas natural	Hombres	Porcentaje	2016	0
06 Extracción de crudo de petróleo y gas natural	Hombres	Porcentaje	2015	0
06 Extracción de crudo de petróleo y gas natural	Hombres	Porcentaje	2014	0
06 Extracción de crudo de petróleo y gas natural	Hombres	Porcentaje	2013	0
06 Extracción de crudo de petróleo y gas natural	Hombres	Porcentaje	2012	0
06 Extracción de crudo de petróleo y gas natural	Hombres	Porcentaje	2011	0
06 Extracción de crudo de petróleo y gas natural	Hombres	Porcentaje	2010	0
06 Extracción de crudo de petróleo y gas natural	Hombres	Porcentaje	2009	0
06 Extracción de crudo de petróleo y gas natural	Hombres	Porcentaje	2008	0
06 Extracción de crudo de petróleo y gas natural	Mujeres	Valor absoluto	2025	0,8
06 Extracción de crudo de petróleo y gas natural	Mujeres	Valor absoluto	2024	0,7
06 Extracción de crudo de petróleo y gas natural	Mujeres	Valor absoluto	2023	0,4
06 Extracción de crudo de petróleo y gas natural	Mujeres	Valor absoluto	2022	1,1
06 Extracción de crudo de petróleo y gas natural	Mujeres	Valor absoluto	2021	1,2
06 Extracción de crudo de petróleo y gas natural	Mujeres	Valor absoluto	2020	1,3
06 Extracción de crudo de petróleo y gas natural	Mujeres	Valor absoluto	2019	1,4
06 Extracción de crudo de petróleo y gas natural	Mujeres	Valor absoluto	2018	1,2
06 Extracción de crudo de petróleo y gas natural	Mujeres	Valor absoluto	2017	..
06 Extracción de crudo de petróleo y gas natural	Mujeres	Valor absoluto	2016	..
06 Extracción de crudo de petróleo y gas natural	Mujeres	Valor absoluto	2015	0,1
06 Extracción de crudo de petróleo y gas natural	Mujeres	Valor absoluto	2014	0,7
06 Extracción de crudo de petróleo y gas natural	Mujeres	Valor absoluto	2013	..
06 Extracción de crudo de petróleo y gas natural	Mujeres	Valor absoluto	2012	0,5
06 Extracción de crudo de petróleo y gas natural	Mujeres	Valor absoluto	2011	0,8
06 Extracción de crudo de petróleo y gas natural	Mujeres	Valor absoluto	2010	1,3
06 Extracción de crudo de petróleo y gas natural	Mujeres	Valor absoluto	2009	1,4
06 Extracción de crudo de petróleo y gas natural	Mujeres	Valor absoluto	2008	1,5
06 Extracción de crudo de petróleo y gas natural	Mujeres	Porcentaje	2025	0
06 Extracción de crudo de petróleo y gas natural	Mujeres	Porcentaje	2024	0
06 Extracción de crudo de petróleo y gas natural	Mujeres	Porcentaje	2023	0
06 Extracción de crudo de petróleo y gas natural	Mujeres	Porcentaje	2022	0
06 Extracción de crudo de petróleo y gas natural	Mujeres	Porcentaje	2021	0
06 Extracción de crudo de petróleo y gas natural	Mujeres	Porcentaje	2020	0
06 Extracción de crudo de petróleo y gas natural	Mujeres	Porcentaje	2019	0
06 Extracción de crudo de petróleo y gas natural	Mujeres	Porcentaje	2018	0
06 Extracción de crudo de petróleo y gas natural	Mujeres	Porcentaje	2017	..
06 Extracción de crudo de petróleo y gas natural	Mujeres	Porcentaje	2016	..
06 Extracción de crudo de petróleo y gas natural	Mujeres	Porcentaje	2015	0
06 Extracción de crudo de petróleo y gas natural	Mujeres	Porcentaje	2014	0
06 Extracción de crudo de petróleo y gas natural	Mujeres	Porcentaje	2013	..
06 Extracción de crudo de petróleo y gas natural	Mujeres	Porcentaje	2012	0
06 Extracción de crudo de petróleo y gas natural	Mujeres	Porcentaje	2011	0
06 Extracción de crudo de petróleo y gas natural	Mujeres	Porcentaje	2010	0
06 Extracción de crudo de petróleo y gas natural	Mujeres	Porcentaje	2009	0
06 Extracción de crudo de petróleo y gas natural	Mujeres	Porcentaje	2008	0
07 Extracción de minerales metálicos	Ambos sexos	Valor absoluto	2025	6,6
07 Extracción de minerales metálicos	Ambos sexos	Valor absoluto	2024	5
07 Extracción de minerales metálicos	Ambos sexos	Valor absoluto	2023	5,8
07 Extracción de minerales metálicos	Ambos sexos	Valor absoluto	2022	5,1
07 Extracción de minerales metálicos	Ambos sexos	Valor absoluto	2021	4,7
07 Extracción de minerales metálicos	Ambos sexos	Valor absoluto	2020	3,4
07 Extracción de minerales metálicos	Ambos sexos	Valor absoluto	2019	2,8
07 Extracción de minerales metálicos	Ambos sexos	Valor absoluto	2018	4,2
07 Extracción de minerales metálicos	Ambos sexos	Valor absoluto	2017	5,7
07 Extracción de minerales metálicos	Ambos sexos	Valor absoluto	2016	3,1
07 Extracción de minerales metálicos	Ambos sexos	Valor absoluto	2015	3,9
07 Extracción de minerales metálicos	Ambos sexos	Valor absoluto	2014	4,5
07 Extracción de minerales metálicos	Ambos sexos	Valor absoluto	2013	3,6
07 Extracción de minerales metálicos	Ambos sexos	Valor absoluto	2012	3,4
07 Extracción de minerales metálicos	Ambos sexos	Valor absoluto	2011	4,4
07 Extracción de minerales metálicos	Ambos sexos	Valor absoluto	2010	3,9
07 Extracción de minerales metálicos	Ambos sexos	Valor absoluto	2009	1,2
07 Extracción de minerales metálicos	Ambos sexos	Valor absoluto	2008	1,6
07 Extracción de minerales metálicos	Ambos sexos	Porcentaje	2025	0
07 Extracción de minerales metálicos	Ambos sexos	Porcentaje	2024	0
07 Extracción de minerales metálicos	Ambos sexos	Porcentaje	2023	0
07 Extracción de minerales metálicos	Ambos sexos	Porcentaje	2022	0
07 Extracción de minerales metálicos	Ambos sexos	Porcentaje	2021	0
07 Extracción de minerales metálicos	Ambos sexos	Porcentaje	2020	0
07 Extracción de minerales metálicos	Ambos sexos	Porcentaje	2019	0
07 Extracción de minerales metálicos	Ambos sexos	Porcentaje	2018	0
07 Extracción de minerales metálicos	Ambos sexos	Porcentaje	2017	0
07 Extracción de minerales metálicos	Ambos sexos	Porcentaje	2016	0
07 Extracción de minerales metálicos	Ambos sexos	Porcentaje	2015	0
07 Extracción de minerales metálicos	Ambos sexos	Porcentaje	2014	0
07 Extracción de minerales metálicos	Ambos sexos	Porcentaje	2013	0
07 Extracción de minerales metálicos	Ambos sexos	Porcentaje	2012	0
07 Extracción de minerales metálicos	Ambos sexos	Porcentaje	2011	0
07 Extracción de minerales metálicos	Ambos sexos	Porcentaje	2010	0
07 Extracción de minerales metálicos	Ambos sexos	Porcentaje	2009	0
07 Extracción de minerales metálicos	Ambos sexos	Porcentaje	2008	0
07 Extracción de minerales metálicos	Hombres	Valor absoluto	2025	5,6
07 Extracción de minerales metálicos	Hombres	Valor absoluto	2024	3,4
07 Extracción de minerales metálicos	Hombres	Valor absoluto	2023	4,6
07 Extracción de minerales metálicos	Hombres	Valor absoluto	2022	4,9
07 Extracción de minerales metálicos	Hombres	Valor absoluto	2021	4,4
07 Extracción de minerales metálicos	Hombres	Valor absoluto	2020	3,1
07 Extracción de minerales metálicos	Hombres	Valor absoluto	2019	2,6
07 Extracción de minerales metálicos	Hombres	Valor absoluto	2018	4,2
07 Extracción de minerales metálicos	Hombres	Valor absoluto	2017	5,5
07 Extracción de minerales metálicos	Hombres	Valor absoluto	2016	2,5
07 Extracción de minerales metálicos	Hombres	Valor absoluto	2015	3,6
07 Extracción de minerales metálicos	Hombres	Valor absoluto	2014	3,9
07 Extracción de minerales metálicos	Hombres	Valor absoluto	2013	3,1
07 Extracción de minerales metálicos	Hombres	Valor absoluto	2012	3,1
07 Extracción de minerales metálicos	Hombres	Valor absoluto	2011	4
07 Extracción de minerales metálicos	Hombres	Valor absoluto	2010	3,8
07 Extracción de minerales metálicos	Hombres	Valor absoluto	2009	1,2
07 Extracción de minerales metálicos	Hombres	Valor absoluto	2008	1,6
07 Extracción de minerales metálicos	Hombres	Porcentaje	2025	0
07 Extracción de minerales metálicos	Hombres	Porcentaje	2024	0
07 Extracción de minerales metálicos	Hombres	Porcentaje	2023	0
07 Extracción de minerales metálicos	Hombres	Porcentaje	2022	0
07 Extracción de minerales metálicos	Hombres	Porcentaje	2021	0
07 Extracción de minerales metálicos	Hombres	Porcentaje	2020	0
07 Extracción de minerales metálicos	Hombres	Porcentaje	2019	0
07 Extracción de minerales metálicos	Hombres	Porcentaje	2018	0
07 Extracción de minerales metálicos	Hombres	Porcentaje	2017	0,1
07 Extracción de minerales metálicos	Hombres	Porcentaje	2016	0
07 Extracción de minerales metálicos	Hombres	Porcentaje	2015	0
07 Extracción de minerales metálicos	Hombres	Porcentaje	2014	0
07 Extracción de minerales metálicos	Hombres	Porcentaje	2013	0
07 Extracción de minerales metálicos	Hombres	Porcentaje	2012	0
07 Extracción de minerales metálicos	Hombres	Porcentaje	2011	0
07 Extracción de minerales metálicos	Hombres	Porcentaje	2010	0
07 Extracción de minerales metálicos	Hombres	Porcentaje	2009	0
07 Extracción de minerales metálicos	Hombres	Porcentaje	2008	0
07 Extracción de minerales metálicos	Mujeres	Valor absoluto	2025	1
07 Extracción de minerales metálicos	Mujeres	Valor absoluto	2024	1,6
07 Extracción de minerales metálicos	Mujeres	Valor absoluto	2023	1,2
07 Extracción de minerales metálicos	Mujeres	Valor absoluto	2022	0,2
07 Extracción de minerales metálicos	Mujeres	Valor absoluto	2021	0,2
07 Extracción de minerales metálicos	Mujeres	Valor absoluto	2020	0,2
07 Extracción de minerales metálicos	Mujeres	Valor absoluto	2019	0,2
07 Extracción de minerales metálicos	Mujeres	Valor absoluto	2018	..
07 Extracción de minerales metálicos	Mujeres	Valor absoluto	2017	0,2
07 Extracción de minerales metálicos	Mujeres	Valor absoluto	2016	0,6
07 Extracción de minerales metálicos	Mujeres	Valor absoluto	2015	0,4
07 Extracción de minerales metálicos	Mujeres	Valor absoluto	2014	0,6
07 Extracción de minerales metálicos	Mujeres	Valor absoluto	2013	0,6
07 Extracción de minerales metálicos	Mujeres	Valor absoluto	2012	0,3
07 Extracción de minerales metálicos	Mujeres	Valor absoluto	2011	0,4
07 Extracción de minerales metálicos	Mujeres	Valor absoluto	2010	0,1
07 Extracción de minerales metálicos	Mujeres	Valor absoluto	2009	..
07 Extracción de minerales metálicos	Mujeres	Valor absoluto	2008	0,1
07 Extracción de minerales metálicos	Mujeres	Porcentaje	2025	0
07 Extracción de minerales metálicos	Mujeres	Porcentaje	2024	0
07 Extracción de minerales metálicos	Mujeres	Porcentaje	2023	0
07 Extracción de minerales metálicos	Mujeres	Porcentaje	2022	0
07 Extracción de minerales metálicos	Mujeres	Porcentaje	2021	0
07 Extracción de minerales metálicos	Mujeres	Porcentaje	2020	0
07 Extracción de minerales metálicos	Mujeres	Porcentaje	2019	0
07 Extracción de minerales metálicos	Mujeres	Porcentaje	2018	..
07 Extracción de minerales metálicos	Mujeres	Porcentaje	2017	0
07 Extracción de minerales metálicos	Mujeres	Porcentaje	2016	0
07 Extracción de minerales metálicos	Mujeres	Porcentaje	2015	0
07 Extracción de minerales metálicos	Mujeres	Porcentaje	2014	0
07 Extracción de minerales metálicos	Mujeres	Porcentaje	2013	0
07 Extracción de minerales metálicos	Mujeres	Porcentaje	2012	0
07 Extracción de minerales metálicos	Mujeres	Porcentaje	2011	0
07 Extracción de minerales metálicos	Mujeres	Porcentaje	2010	0
07 Extracción de minerales metálicos	Mujeres	Porcentaje	2009	..
07 Extracción de minerales metálicos	Mujeres	Porcentaje	2008	0
08 Otras industrias extractivas	Ambos sexos	Valor absoluto	2025	21,4
08 Otras industrias extractivas	Ambos sexos	Valor absoluto	2024	23,4
08 Otras industrias extractivas	Ambos sexos	Valor absoluto	2023	20,4
08 Otras industrias extractivas	Ambos sexos	Valor absoluto	2022	20,6
08 Otras industrias extractivas	Ambos sexos	Valor absoluto	2021	22,3
08 Otras industrias extractivas	Ambos sexos	Valor absoluto	2020	24,2
08 Otras industrias extractivas	Ambos sexos	Valor absoluto	2019	22,7
08 Otras industrias extractivas	Ambos sexos	Valor absoluto	2018	22
08 Otras industrias extractivas	Ambos sexos	Valor absoluto	2017	20,1
08 Otras industrias extractivas	Ambos sexos	Valor absoluto	2016	19,9
08 Otras industrias extractivas	Ambos sexos	Valor absoluto	2015	22
08 Otras industrias extractivas	Ambos sexos	Valor absoluto	2014	18,9
08 Otras industrias extractivas	Ambos sexos	Valor absoluto	2013	19,2
08 Otras industrias extractivas	Ambos sexos	Valor absoluto	2012	22,5
08 Otras industrias extractivas	Ambos sexos	Valor absoluto	2011	24,8
08 Otras industrias extractivas	Ambos sexos	Valor absoluto	2010	27,8
08 Otras industrias extractivas	Ambos sexos	Valor absoluto	2009	31,4
08 Otras industrias extractivas	Ambos sexos	Valor absoluto	2008	40,5
08 Otras industrias extractivas	Ambos sexos	Porcentaje	2025	0,1
08 Otras industrias extractivas	Ambos sexos	Porcentaje	2024	0,1
08 Otras industrias extractivas	Ambos sexos	Porcentaje	2023	0,1
08 Otras industrias extractivas	Ambos sexos	Porcentaje	2022	0,1
08 Otras industrias extractivas	Ambos sexos	Porcentaje	2021	0,1
08 Otras industrias extractivas	Ambos sexos	Porcentaje	2020	0,1
08 Otras industrias extractivas	Ambos sexos	Porcentaje	2019	0,1
08 Otras industrias extractivas	Ambos sexos	Porcentaje	2018	0,1
08 Otras industrias extractivas	Ambos sexos	Porcentaje	2017	0,1
08 Otras industrias extractivas	Ambos sexos	Porcentaje	2016	0,1
08 Otras industrias extractivas	Ambos sexos	Porcentaje	2015	0,1
08 Otras industrias extractivas	Ambos sexos	Porcentaje	2014	0,1
08 Otras industrias extractivas	Ambos sexos	Porcentaje	2013	0,1
08 Otras industrias extractivas	Ambos sexos	Porcentaje	2012	0,1
08 Otras industrias extractivas	Ambos sexos	Porcentaje	2011	0,1
08 Otras industrias extractivas	Ambos sexos	Porcentaje	2010	0,1
08 Otras industrias extractivas	Ambos sexos	Porcentaje	2009	0,2
08 Otras industrias extractivas	Ambos sexos	Porcentaje	2008	0,2
08 Otras industrias extractivas	Hombres	Valor absoluto	2025	18,9
08 Otras industrias extractivas	Hombres	Valor absoluto	2024	20,1
08 Otras industrias extractivas	Hombres	Valor absoluto	2023	17,9
08 Otras industrias extractivas	Hombres	Valor absoluto	2022	17,1
08 Otras industrias extractivas	Hombres	Valor absoluto	2021	20
08 Otras industrias extractivas	Hombres	Valor absoluto	2020	19,8
08 Otras industrias extractivas	Hombres	Valor absoluto	2019	20,2
08 Otras industrias extractivas	Hombres	Valor absoluto	2018	20,6
08 Otras industrias extractivas	Hombres	Valor absoluto	2017	18,7
08 Otras industrias extractivas	Hombres	Valor absoluto	2016	17,2
08 Otras industrias extractivas	Hombres	Valor absoluto	2015	19,9
08 Otras industrias extractivas	Hombres	Valor absoluto	2014	16,4
08 Otras industrias extractivas	Hombres	Valor absoluto	2013	16,4
08 Otras industrias extractivas	Hombres	Valor absoluto	2012	19,3
08 Otras industrias extractivas	Hombres	Valor absoluto	2011	22,5
08 Otras industrias extractivas	Hombres	Valor absoluto	2010	26,6
08 Otras industrias extractivas	Hombres	Valor absoluto	2009	29,9
08 Otras industrias extractivas	Hombres	Valor absoluto	2008	38,3
08 Otras industrias extractivas	Hombres	Porcentaje	2025	0,2
08 Otras industrias extractivas	Hombres	Porcentaje	2024	0,2
08 Otras industrias extractivas	Hombres	Porcentaje	2023	0,2
08 Otras industrias extractivas	Hombres	Porcentaje	2022	0,2
08 Otras industrias extractivas	Hombres	Porcentaje	2021	0,2
08 Otras industrias extractivas	Hombres	Porcentaje	2020	0,2
08 Otras industrias extractivas	Hombres	Porcentaje	2019	0,2
08 Otras industrias extractivas	Hombres	Porcentaje	2018	0,2
08 Otras industrias extractivas	Hombres	Porcentaje	2017	0,2
08 Otras industrias extractivas	Hombres	Porcentaje	2016	0,2
08 Otras industrias extractivas	Hombres	Porcentaje	2015	0,2
08 Otras industrias extractivas	Hombres	Porcentaje	2014	0,2
08 Otras industrias extractivas	Hombres	Porcentaje	2013	0,2
08 Otras industrias extractivas	Hombres	Porcentaje	2012	0,2
08 Otras industrias extractivas	Hombres	Porcentaje	2011	0,2
08 Otras industrias extractivas	Hombres	Porcentaje	2010	0,3
08 Otras industrias extractivas	Hombres	Porcentaje	2009	0,3
08 Otras industrias extractivas	Hombres	Porcentaje	2008	0,3
08 Otras industrias extractivas	Mujeres	Valor absoluto	2025	2,5
08 Otras industrias extractivas	Mujeres	Valor absoluto	2024	3,3
08 Otras industrias extractivas	Mujeres	Valor absoluto	2023	2,5
08 Otras industrias extractivas	Mujeres	Valor absoluto	2022	3,5
08 Otras industrias extractivas	Mujeres	Valor absoluto	2021	2,3
08 Otras industrias extractivas	Mujeres	Valor absoluto	2020	4,4
08 Otras industrias extractivas	Mujeres	Valor absoluto	2019	2,5
08 Otras industrias extractivas	Mujeres	Valor absoluto	2018	1,4
08 Otras industrias extractivas	Mujeres	Valor absoluto	2017	1,3
08 Otras industrias extractivas	Mujeres	Valor absoluto	2016	2,7
08 Otras industrias extractivas	Mujeres	Valor absoluto	2015	2,1
08 Otras industrias extractivas	Mujeres	Valor absoluto	2014	2,5
08 Otras industrias extractivas	Mujeres	Valor absoluto	2013	2,8
08 Otras industrias extractivas	Mujeres	Valor absoluto	2012	3,2
08 Otras industrias extractivas	Mujeres	Valor absoluto	2011	2,3
08 Otras industrias extractivas	Mujeres	Valor absoluto	2010	1,2
08 Otras industrias extractivas	Mujeres	Valor absoluto	2009	1,5
08 Otras industrias extractivas	Mujeres	Valor absoluto	2008	2,2
08 Otras industrias extractivas	Mujeres	Porcentaje	2025	0
08 Otras industrias extractivas	Mujeres	Porcentaje	2024	0
08 Otras industrias extractivas	Mujeres	Porcentaje	2023	0
08 Otras industrias extractivas	Mujeres	Porcentaje	2022	0
08 Otras industrias extractivas	Mujeres	Porcentaje	2021	0
08 Otras industrias extractivas	Mujeres	Porcentaje	2020	0,1
08 Otras industrias extractivas	Mujeres	Porcentaje	2019	0
08 Otras industrias extractivas	Mujeres	Porcentaje	2018	0
08 Otras industrias extractivas	Mujeres	Porcentaje	2017	0
08 Otras industrias extractivas	Mujeres	Porcentaje	2016	0
08 Otras industrias extractivas	Mujeres	Porcentaje	2015	0
08 Otras industrias extractivas	Mujeres	Porcentaje	2014	0
08 Otras industrias extractivas	Mujeres	Porcentaje	2013	0
08 Otras industrias extractivas	Mujeres	Porcentaje	2012	0
08 Otras industrias extractivas	Mujeres	Porcentaje	2011	0
08 Otras industrias extractivas	Mujeres	Porcentaje	2010	0
08 Otras industrias extractivas	Mujeres	Porcentaje	2009	0
08 Otras industrias extractivas	Mujeres	Porcentaje	2008	0
09 Actividades de apoyo a las industrias extractivas	Ambos sexos	Valor absoluto	2025	0,2
09 Actividades de apoyo a las industrias extractivas	Ambos sexos	Valor absoluto	2024	0,8
09 Actividades de apoyo a las industrias extractivas	Ambos sexos	Valor absoluto	2023	1,1
09 Actividades de apoyo a las industrias extractivas	Ambos sexos	Valor absoluto	2022	0,7
09 Actividades de apoyo a las industrias extractivas	Ambos sexos	Valor absoluto	2021	1,2
09 Actividades de apoyo a las industrias extractivas	Ambos sexos	Valor absoluto	2020	0,5
09 Actividades de apoyo a las industrias extractivas	Ambos sexos	Valor absoluto	2019	1,8
09 Actividades de apoyo a las industrias extractivas	Ambos sexos	Valor absoluto	2018	1,6
09 Actividades de apoyo a las industrias extractivas	Ambos sexos	Valor absoluto	2017	1,5
09 Actividades de apoyo a las industrias extractivas	Ambos sexos	Valor absoluto	2016	1,4
09 Actividades de apoyo a las industrias extractivas	Ambos sexos	Valor absoluto	2015	2,2
09 Actividades de apoyo a las industrias extractivas	Ambos sexos	Valor absoluto	2014	1
09 Actividades de apoyo a las industrias extractivas	Ambos sexos	Valor absoluto	2013	1,3
09 Actividades de apoyo a las industrias extractivas	Ambos sexos	Valor absoluto	2012	1,7
09 Actividades de apoyo a las industrias extractivas	Ambos sexos	Valor absoluto	2011	1,7
09 Actividades de apoyo a las industrias extractivas	Ambos sexos	Valor absoluto	2010	2
09 Actividades de apoyo a las industrias extractivas	Ambos sexos	Valor absoluto	2009	2,5
09 Actividades de apoyo a las industrias extractivas	Ambos sexos	Valor absoluto	2008	1,1
09 Actividades de apoyo a las industrias extractivas	Ambos sexos	Porcentaje	2025	0
09 Actividades de apoyo a las industrias extractivas	Ambos sexos	Porcentaje	2024	0
09 Actividades de apoyo a las industrias extractivas	Ambos sexos	Porcentaje	2023	0
09 Actividades de apoyo a las industrias extractivas	Ambos sexos	Porcentaje	2022	0
09 Actividades de apoyo a las industrias extractivas	Ambos sexos	Porcentaje	2021	0
09 Actividades de apoyo a las industrias extractivas	Ambos sexos	Porcentaje	2020	0
09 Actividades de apoyo a las industrias extractivas	Ambos sexos	Porcentaje	2019	0
09 Actividades de apoyo a las industrias extractivas	Ambos sexos	Porcentaje	2018	0
09 Actividades de apoyo a las industrias extractivas	Ambos sexos	Porcentaje	2017	0
09 Actividades de apoyo a las industrias extractivas	Ambos sexos	Porcentaje	2016	0
09 Actividades de apoyo a las industrias extractivas	Ambos sexos	Porcentaje	2015	0
09 Actividades de apoyo a las industrias extractivas	Ambos sexos	Porcentaje	2014	0
09 Actividades de apoyo a las industrias extractivas	Ambos sexos	Porcentaje	2013	0
09 Actividades de apoyo a las industrias extractivas	Ambos sexos	Porcentaje	2012	0
09 Actividades de apoyo a las industrias extractivas	Ambos sexos	Porcentaje	2011	0
09 Actividades de apoyo a las industrias extractivas	Ambos sexos	Porcentaje	2010	0
09 Actividades de apoyo a las industrias extractivas	Ambos sexos	Porcentaje	2009	0
09 Actividades de apoyo a las industrias extractivas	Ambos sexos	Porcentaje	2008	0
09 Actividades de apoyo a las industrias extractivas	Hombres	Valor absoluto	2025	0,1
09 Actividades de apoyo a las industrias extractivas	Hombres	Valor absoluto	2024	0,8
09 Actividades de apoyo a las industrias extractivas	Hombres	Valor absoluto	2023	1,1
09 Actividades de apoyo a las industrias extractivas	Hombres	Valor absoluto	2022	0,7
09 Actividades de apoyo a las industrias extractivas	Hombres	Valor absoluto	2021	1,2
09 Actividades de apoyo a las industrias extractivas	Hombres	Valor absoluto	2020	0,5
09 Actividades de apoyo a las industrias extractivas	Hombres	Valor absoluto	2019	1,8
09 Actividades de apoyo a las industrias extractivas	Hombres	Valor absoluto	2018	1,4
09 Actividades de apoyo a las industrias extractivas	Hombres	Valor absoluto	2017	1,4
09 Actividades de apoyo a las industrias extractivas	Hombres	Valor absoluto	2016	1,4
09 Actividades de apoyo a las industrias extractivas	Hombres	Valor absoluto	2015	2,2
09 Actividades de apoyo a las industrias extractivas	Hombres	Valor absoluto	2014	1
09 Actividades de apoyo a las industrias extractivas	Hombres	Valor absoluto	2013	1,1
09 Actividades de apoyo a las industrias extractivas	Hombres	Valor absoluto	2012	1
09 Actividades de apoyo a las industrias extractivas	Hombres	Valor absoluto	2011	1,7
09 Actividades de apoyo a las industrias extractivas	Hombres	Valor absoluto	2010	1,7
09 Actividades de apoyo a las industrias extractivas	Hombres	Valor absoluto	2009	2
09 Actividades de apoyo a las industrias extractivas	Hombres	Valor absoluto	2008	0,7
09 Actividades de apoyo a las industrias extractivas	Hombres	Porcentaje	2025	0
09 Actividades de apoyo a las industrias extractivas	Hombres	Porcentaje	2024	0
09 Actividades de apoyo a las industrias extractivas	Hombres	Porcentaje	2023	0
09 Actividades de apoyo a las industrias extractivas	Hombres	Porcentaje	2022	0
09 Actividades de apoyo a las industrias extractivas	Hombres	Porcentaje	2021	0
09 Actividades de apoyo a las industrias extractivas	Hombres	Porcentaje	2020	0
09 Actividades de apoyo a las industrias extractivas	Hombres	Porcentaje	2019	0
09 Actividades de apoyo a las industrias extractivas	Hombres	Porcentaje	2018	0
09 Actividades de apoyo a las industrias extractivas	Hombres	Porcentaje	2017	0
09 Actividades de apoyo a las industrias extractivas	Hombres	Porcentaje	2016	0
09 Actividades de apoyo a las industrias extractivas	Hombres	Porcentaje	2015	0
09 Actividades de apoyo a las industrias extractivas	Hombres	Porcentaje	2014	0
09 Actividades de apoyo a las industrias extractivas	Hombres	Porcentaje	2013	0
09 Actividades de apoyo a las industrias extractivas	Hombres	Porcentaje	2012	0
09 Actividades de apoyo a las industrias extractivas	Hombres	Porcentaje	2011	0
09 Actividades de apoyo a las industrias extractivas	Hombres	Porcentaje	2010	0
09 Actividades de apoyo a las industrias extractivas	Hombres	Porcentaje	2009	0
09 Actividades de apoyo a las industrias extractivas	Hombres	Porcentaje	2008	0
09 Actividades de apoyo a las industrias extractivas	Mujeres	Valor absoluto	2025	0,1
09 Actividades de apoyo a las industrias extractivas	Mujeres	Valor absoluto	2024	..
09 Actividades de apoyo a las industrias extractivas	Mujeres	Valor absoluto	2023	..
09 Actividades de apoyo a las industrias extractivas	Mujeres	Valor absoluto	2022	..
09 Actividades de apoyo a las industrias extractivas	Mujeres	Valor absoluto	2021	..
09 Actividades de apoyo a las industrias extractivas	Mujeres	Valor absoluto	2020	..
09 Actividades de apoyo a las industrias extractivas	Mujeres	Valor absoluto	2019	0
09 Actividades de apoyo a las industrias extractivas	Mujeres	Valor absoluto	2018	0,2
09 Actividades de apoyo a las industrias extractivas	Mujeres	Valor absoluto	2017	0,1
09 Actividades de apoyo a las industrias extractivas	Mujeres	Valor absoluto	2016	..
09 Actividades de apoyo a las industrias extractivas	Mujeres	Valor absoluto	2015	..
09 Actividades de apoyo a las industrias extractivas	Mujeres	Valor absoluto	2014	0
09 Actividades de apoyo a las industrias extractivas	Mujeres	Valor absoluto	2013	0,3
09 Actividades de apoyo a las industrias extractivas	Mujeres	Valor absoluto	2012	0,6
09 Actividades de apoyo a las industrias extractivas	Mujeres	Valor absoluto	2011	0
09 Actividades de apoyo a las industrias extractivas	Mujeres	Valor absoluto	2010	0,3
09 Actividades de apoyo a las industrias extractivas	Mujeres	Valor absoluto	2009	0,4
09 Actividades de apoyo a las industrias extractivas	Mujeres	Valor absoluto	2008	0,4
09 Actividades de apoyo a las industrias extractivas	Mujeres	Porcentaje	2025	0
09 Actividades de apoyo a las industrias extractivas	Mujeres	Porcentaje	2024	..
09 Actividades de apoyo a las industrias extractivas	Mujeres	Porcentaje	2023	..
09 Actividades de apoyo a las industrias extractivas	Mujeres	Porcentaje	2022	..
09 Actividades de apoyo a las industrias extractivas	Mujeres	Porcentaje	2021	..
09 Actividades de apoyo a las industrias extractivas	Mujeres	Porcentaje	2020	..
09 Actividades de apoyo a las industrias extractivas	Mujeres	Porcentaje	2019	0
09 Actividades de apoyo a las industrias extractivas	Mujeres	Porcentaje	2018	0
09 Actividades de apoyo a las industrias extractivas	Mujeres	Porcentaje	2017	0
09 Actividades de apoyo a las industrias extractivas	Mujeres	Porcentaje	2016	..
09 Actividades de apoyo a las industrias extractivas	Mujeres	Porcentaje	2015	..
09 Actividades de apoyo a las industrias extractivas	Mujeres	Porcentaje	2014	0
09 Actividades de apoyo a las industrias extractivas	Mujeres	Porcentaje	2013	0
09 Actividades de apoyo a las industrias extractivas	Mujeres	Porcentaje	2012	0
09 Actividades de apoyo a las industrias extractivas	Mujeres	Porcentaje	2011	0
09 Actividades de apoyo a las industrias extractivas	Mujeres	Porcentaje	2010	0
09 Actividades de apoyo a las industrias extractivas	Mujeres	Porcentaje	2009	0
09 Actividades de apoyo a las industrias extractivas	Mujeres	Porcentaje	2008	0
C Industria manufacturera	Ambos sexos	Valor absoluto	2025	2.698,1
C Industria manufacturera	Ambos sexos	Valor absoluto	2024	2.600,2
C Industria manufacturera	Ambos sexos	Valor absoluto	2023	2.552,4
C Industria manufacturera	Ambos sexos	Valor absoluto	2022	2.513,8
C Industria manufacturera	Ambos sexos	Valor absoluto	2021	2.434,3
C Industria manufacturera	Ambos sexos	Valor absoluto	2020	2.431,2
C Industria manufacturera	Ambos sexos	Valor absoluto	2019	2.494,9
C Industria manufacturera	Ambos sexos	Valor absoluto	2018	2.444,2
C Industria manufacturera	Ambos sexos	Valor absoluto	2017	2.393,4
C Industria manufacturera	Ambos sexos	Valor absoluto	2016	2.284,2
C Industria manufacturera	Ambos sexos	Valor absoluto	2015	2.225
C Industria manufacturera	Ambos sexos	Valor absoluto	2014	2.141,4
C Industria manufacturera	Ambos sexos	Valor absoluto	2013	2.118,7
C Industria manufacturera	Ambos sexos	Valor absoluto	2012	2.223,9
C Industria manufacturera	Ambos sexos	Valor absoluto	2011	2.349,7
C Industria manufacturera	Ambos sexos	Valor absoluto	2010	2.405,4
C Industria manufacturera	Ambos sexos	Valor absoluto	2009	2.549,4
C Industria manufacturera	Ambos sexos	Valor absoluto	2008	2.986,4
C Industria manufacturera	Ambos sexos	Porcentaje	2025	12,1
C Industria manufacturera	Ambos sexos	Porcentaje	2024	12
C Industria manufacturera	Ambos sexos	Porcentaje	2023	12
C Industria manufacturera	Ambos sexos	Porcentaje	2022	12,2
C Industria manufacturera	Ambos sexos	Porcentaje	2021	12,3
C Industria manufacturera	Ambos sexos	Porcentaje	2020	12,7
C Industria manufacturera	Ambos sexos	Porcentaje	2019	12,6
C Industria manufacturera	Ambos sexos	Porcentaje	2018	12,6
C Industria manufacturera	Ambos sexos	Porcentaje	2017	12,7
C Industria manufacturera	Ambos sexos	Porcentaje	2016	12,5
C Industria manufacturera	Ambos sexos	Porcentaje	2015	12,5
C Industria manufacturera	Ambos sexos	Porcentaje	2014	12,3
C Industria manufacturera	Ambos sexos	Porcentaje	2013	12,4
C Industria manufacturera	Ambos sexos	Porcentaje	2012	12,6
C Industria manufacturera	Ambos sexos	Porcentaje	2011	12,8
C Industria manufacturera	Ambos sexos	Porcentaje	2010	12,8
C Industria manufacturera	Ambos sexos	Porcentaje	2009	13,3
C Industria manufacturera	Ambos sexos	Porcentaje	2008	14,6
C Industria manufacturera	Hombres	Valor absoluto	2025	1.921,1
C Industria manufacturera	Hombres	Valor absoluto	2024	1.865,6
C Industria manufacturera	Hombres	Valor absoluto	2023	1.837,8
C Industria manufacturera	Hombres	Valor absoluto	2022	1.811,6
C Industria manufacturera	Hombres	Valor absoluto	2021	1.787,8
C Industria manufacturera	Hombres	Valor absoluto	2020	1.755,4
C Industria manufacturera	Hombres	Valor absoluto	2019	1.813,7
C Industria manufacturera	Hombres	Valor absoluto	2018	1.797,4
C Industria manufacturera	Hombres	Valor absoluto	2017	1.775,9
C Industria manufacturera	Hombres	Valor absoluto	2016	1.708,1
C Industria manufacturera	Hombres	Valor absoluto	2015	1.653,9
C Industria manufacturera	Hombres	Valor absoluto	2014	1.599
C Industria manufacturera	Hombres	Valor absoluto	2013	1.583,5
C Industria manufacturera	Hombres	Valor absoluto	2012	1.642,4
C Industria manufacturera	Hombres	Valor absoluto	2011	1.759,4
C Industria manufacturera	Hombres	Valor absoluto	2010	1.788,9
C Industria manufacturera	Hombres	Valor absoluto	2009	1.895
C Industria manufacturera	Hombres	Valor absoluto	2008	2.231
C Industria manufacturera	Hombres	Porcentaje	2025	16,2
C Industria manufacturera	Hombres	Porcentaje	2024	16,1
C Industria manufacturera	Hombres	Porcentaje	2023	16,2
C Industria manufacturera	Hombres	Porcentaje	2022	16,3
C Industria manufacturera	Hombres	Porcentaje	2021	16,7
C Industria manufacturera	Hombres	Porcentaje	2020	16,8
C Industria manufacturera	Hombres	Porcentaje	2019	16,9
C Industria manufacturera	Hombres	Porcentaje	2018	17,1
C Industria manufacturera	Hombres	Porcentaje	2017	17,3
C Industria manufacturera	Hombres	Porcentaje	2016	17,1
C Industria manufacturera	Hombres	Porcentaje	2015	16,9
C Industria manufacturera	Hombres	Porcentaje	2014	16,9
C Industria manufacturera	Hombres	Porcentaje	2013	17
C Industria manufacturera	Hombres	Porcentaje	2012	17,1
C Industria manufacturera	Hombres	Porcentaje	2011	17,3
C Industria manufacturera	Hombres	Porcentaje	2010	17,2
C Industria manufacturera	Hombres	Porcentaje	2009	17,7
C Industria manufacturera	Hombres	Porcentaje	2008	18,9
C Industria manufacturera	Mujeres	Valor absoluto	2025	777
C Industria manufacturera	Mujeres	Valor absoluto	2024	734,6
C Industria manufacturera	Mujeres	Valor absoluto	2023	714,6
C Industria manufacturera	Mujeres	Valor absoluto	2022	702,2
C Industria manufacturera	Mujeres	Valor absoluto	2021	646,5
C Industria manufacturera	Mujeres	Valor absoluto	2020	675,9
C Industria manufacturera	Mujeres	Valor absoluto	2019	681,2
C Industria manufacturera	Mujeres	Valor absoluto	2018	646,8
C Industria manufacturera	Mujeres	Valor absoluto	2017	617,5
C Industria manufacturera	Mujeres	Valor absoluto	2016	576,1
C Industria manufacturera	Mujeres	Valor absoluto	2015	571,2
C Industria manufacturera	Mujeres	Valor absoluto	2014	542,4
C Industria manufacturera	Mujeres	Valor absoluto	2013	535,2
C Industria manufacturera	Mujeres	Valor absoluto	2012	581,5
C Industria manufacturera	Mujeres	Valor absoluto	2011	590,2
C Industria manufacturera	Mujeres	Valor absoluto	2010	616,5
C Industria manufacturera	Mujeres	Valor absoluto	2009	654,4
C Industria manufacturera	Mujeres	Valor absoluto	2008	755,4
C Industria manufacturera	Mujeres	Porcentaje	2025	7,5
C Industria manufacturera	Mujeres	Porcentaje	2024	7,3
C Industria manufacturera	Mujeres	Porcentaje	2023	7,3
C Industria manufacturera	Mujeres	Porcentaje	2022	7,4
C Industria manufacturera	Mujeres	Porcentaje	2021	7,1
C Industria manufacturera	Mujeres	Porcentaje	2020	7,7
C Industria manufacturera	Mujeres	Porcentaje	2019	7,5
C Industria manufacturera	Mujeres	Porcentaje	2018	7,4
C Industria manufacturera	Mujeres	Porcentaje	2017	7,2
C Industria manufacturera	Mujeres	Porcentaje	2016	6,9
C Industria manufacturera	Mujeres	Porcentaje	2015	7
C Industria manufacturera	Mujeres	Porcentaje	2014	6,9
C Industria manufacturera	Mujeres	Porcentaje	2013	6,8
C Industria manufacturera	Mujeres	Porcentaje	2012	7,2
C Industria manufacturera	Mujeres	Porcentaje	2011	7,1
C Industria manufacturera	Mujeres	Porcentaje	2010	7,4
C Industria manufacturera	Mujeres	Porcentaje	2009	7,8
C Industria manufacturera	Mujeres	Porcentaje	2008	8,7
10 Industria de la alimentación	Ambos sexos	Valor absoluto	2025	501,7
10 Industria de la alimentación	Ambos sexos	Valor absoluto	2024	486,3
10 Industria de la alimentación	Ambos sexos	Valor absoluto	2023	492,7
10 Industria de la alimentación	Ambos sexos	Valor absoluto	2022	480,4
10 Industria de la alimentación	Ambos sexos	Valor absoluto	2021	457,4
10 Industria de la alimentación	Ambos sexos	Valor absoluto	2020	460,5
10 Industria de la alimentación	Ambos sexos	Valor absoluto	2019	456,1
10 Industria de la alimentación	Ambos sexos	Valor absoluto	2018	442,4
10 Industria de la alimentación	Ambos sexos	Valor absoluto	2017	448
10 Industria de la alimentación	Ambos sexos	Valor absoluto	2016	423,7
10 Industria de la alimentación	Ambos sexos	Valor absoluto	2015	414
10 Industria de la alimentación	Ambos sexos	Valor absoluto	2014	420,7
10 Industria de la alimentación	Ambos sexos	Valor absoluto	2013	393,3
10 Industria de la alimentación	Ambos sexos	Valor absoluto	2012	394,6
10 Industria de la alimentación	Ambos sexos	Valor absoluto	2011	399,4
10 Industria de la alimentación	Ambos sexos	Valor absoluto	2010	396,8
10 Industria de la alimentación	Ambos sexos	Valor absoluto	2009	419,2
10 Industria de la alimentación	Ambos sexos	Valor absoluto	2008	450,2
10 Industria de la alimentación	Ambos sexos	Porcentaje	2025	2,3
10 Industria de la alimentación	Ambos sexos	Porcentaje	2024	2,2
10 Industria de la alimentación	Ambos sexos	Porcentaje	2023	2,3
10 Industria de la alimentación	Ambos sexos	Porcentaje	2022	2,3
10 Industria de la alimentación	Ambos sexos	Porcentaje	2021	2,3
10 Industria de la alimentación	Ambos sexos	Porcentaje	2020	2,4
10 Industria de la alimentación	Ambos sexos	Porcentaje	2019	2,3
10 Industria de la alimentación	Ambos sexos	Porcentaje	2018	2,3
10 Industria de la alimentación	Ambos sexos	Porcentaje	2017	2,4
10 Industria de la alimentación	Ambos sexos	Porcentaje	2016	2,3
10 Industria de la alimentación	Ambos sexos	Porcentaje	2015	2,3
10 Industria de la alimentación	Ambos sexos	Porcentaje	2014	2,4
10 Industria de la alimentación	Ambos sexos	Porcentaje	2013	2,3
10 Industria de la alimentación	Ambos sexos	Porcentaje	2012	2,2
10 Industria de la alimentación	Ambos sexos	Porcentaje	2011	2,2
10 Industria de la alimentación	Ambos sexos	Porcentaje	2010	2,1
10 Industria de la alimentación	Ambos sexos	Porcentaje	2009	2,2
10 Industria de la alimentación	Ambos sexos	Porcentaje	2008	2,2
10 Industria de la alimentación	Hombres	Valor absoluto	2025	293,7
10 Industria de la alimentación	Hombres	Valor absoluto	2024	299,5
10 Industria de la alimentación	Hombres	Valor absoluto	2023	299
10 Industria de la alimentación	Hombres	Valor absoluto	2022	288,2
10 Industria de la alimentación	Hombres	Valor absoluto	2021	274,2
10 Industria de la alimentación	Hombres	Valor absoluto	2020	283,2
10 Industria de la alimentación	Hombres	Valor absoluto	2019	284,7
10 Industria de la alimentación	Hombres	Valor absoluto	2018	278
10 Industria de la alimentación	Hombres	Valor absoluto	2017	279,4
10 Industria de la alimentación	Hombres	Valor absoluto	2016	265,4
10 Industria de la alimentación	Hombres	Valor absoluto	2015	255,1
10 Industria de la alimentación	Hombres	Valor absoluto	2014	264,1
10 Industria de la alimentación	Hombres	Valor absoluto	2013	243,1
10 Industria de la alimentación	Hombres	Valor absoluto	2012	242,3
10 Industria de la alimentación	Hombres	Valor absoluto	2011	252,3
10 Industria de la alimentación	Hombres	Valor absoluto	2010	246,5
10 Industria de la alimentación	Hombres	Valor absoluto	2009	254,9
10 Industria de la alimentación	Hombres	Valor absoluto	2008	269,6
10 Industria de la alimentación	Hombres	Porcentaje	2025	2,5
10 Industria de la alimentación	Hombres	Porcentaje	2024	2,6
10 Industria de la alimentación	Hombres	Porcentaje	2023	2,6
10 Industria de la alimentación	Hombres	Porcentaje	2022	2,6
10 Industria de la alimentación	Hombres	Porcentaje	2021	2,6
10 Industria de la alimentación	Hombres	Porcentaje	2020	2,7
10 Industria de la alimentación	Hombres	Porcentaje	2019	2,6
10 Industria de la alimentación	Hombres	Porcentaje	2018	2,6
10 Industria de la alimentación	Hombres	Porcentaje	2017	2,7
10 Industria de la alimentación	Hombres	Porcentaje	2016	2,7
10 Industria de la alimentación	Hombres	Porcentaje	2015	2,6
10 Industria de la alimentación	Hombres	Porcentaje	2014	2,8
10 Industria de la alimentación	Hombres	Porcentaje	2013	2,6
10 Industria de la alimentación	Hombres	Porcentaje	2012	2,5
10 Industria de la alimentación	Hombres	Porcentaje	2011	2,5
10 Industria de la alimentación	Hombres	Porcentaje	2010	2,4
10 Industria de la alimentación	Hombres	Porcentaje	2009	2,4
10 Industria de la alimentación	Hombres	Porcentaje	2008	2,3
10 Industria de la alimentación	Mujeres	Valor absoluto	2025	208
10 Industria de la alimentación	Mujeres	Valor absoluto	2024	186,9
10 Industria de la alimentación	Mujeres	Valor absoluto	2023	193,6
10 Industria de la alimentación	Mujeres	Valor absoluto	2022	192,2
10 Industria de la alimentación	Mujeres	Valor absoluto	2021	183,2
10 Industria de la alimentación	Mujeres	Valor absoluto	2020	177,3
10 Industria de la alimentación	Mujeres	Valor absoluto	2019	171,4
10 Industria de la alimentación	Mujeres	Valor absoluto	2018	164,4
10 Industria de la alimentación	Mujeres	Valor absoluto	2017	168,6
10 Industria de la alimentación	Mujeres	Valor absoluto	2016	158,2
10 Industria de la alimentación	Mujeres	Valor absoluto	2015	158,9
10 Industria de la alimentación	Mujeres	Valor absoluto	2014	156,6
10 Industria de la alimentación	Mujeres	Valor absoluto	2013	150,2
10 Industria de la alimentación	Mujeres	Valor absoluto	2012	152,2
10 Industria de la alimentación	Mujeres	Valor absoluto	2011	147,1
10 Industria de la alimentación	Mujeres	Valor absoluto	2010	150,3
10 Industria de la alimentación	Mujeres	Valor absoluto	2009	164,3
10 Industria de la alimentación	Mujeres	Valor absoluto	2008	180,7
10 Industria de la alimentación	Mujeres	Porcentaje	2025	2
10 Industria de la alimentación	Mujeres	Porcentaje	2024	1,9
10 Industria de la alimentación	Mujeres	Porcentaje	2023	2
10 Industria de la alimentación	Mujeres	Porcentaje	2022	2
10 Industria de la alimentación	Mujeres	Porcentaje	2021	2
10 Industria de la alimentación	Mujeres	Porcentaje	2020	2
10 Industria de la alimentación	Mujeres	Porcentaje	2019	1,9
10 Industria de la alimentación	Mujeres	Porcentaje	2018	1,9
10 Industria de la alimentación	Mujeres	Porcentaje	2017	2
10 Industria de la alimentación	Mujeres	Porcentaje	2016	1,9
10 Industria de la alimentación	Mujeres	Porcentaje	2015	2
10 Industria de la alimentación	Mujeres	Porcentaje	2014	2
10 Industria de la alimentación	Mujeres	Porcentaje	2013	1,9
10 Industria de la alimentación	Mujeres	Porcentaje	2012	1,9
10 Industria de la alimentación	Mujeres	Porcentaje	2011	1,8
10 Industria de la alimentación	Mujeres	Porcentaje	2010	1,8
10 Industria de la alimentación	Mujeres	Porcentaje	2009	2
10 Industria de la alimentación	Mujeres	Porcentaje	2008	2,1
11 Fabricación de bebidas	Ambos sexos	Valor absoluto	2025	68,3
11 Fabricación de bebidas	Ambos sexos	Valor absoluto	2024	68,3
11 Fabricación de bebidas	Ambos sexos	Valor absoluto	2023	64,9
11 Fabricación de bebidas	Ambos sexos	Valor absoluto	2022	59,7
11 Fabricación de bebidas	Ambos sexos	Valor absoluto	2021	52,9
11 Fabricación de bebidas	Ambos sexos	Valor absoluto	2020	59,6
11 Fabricación de bebidas	Ambos sexos	Valor absoluto	2019	64,5
11 Fabricación de bebidas	Ambos sexos	Valor absoluto	2018	59,2
11 Fabricación de bebidas	Ambos sexos	Valor absoluto	2017	55,6
11 Fabricación de bebidas	Ambos sexos	Valor absoluto	2016	54,9
11 Fabricación de bebidas	Ambos sexos	Valor absoluto	2015	55
11 Fabricación de bebidas	Ambos sexos	Valor absoluto	2014	59,1
11 Fabricación de bebidas	Ambos sexos	Valor absoluto	2013	54,5
11 Fabricación de bebidas	Ambos sexos	Valor absoluto	2012	51,8
11 Fabricación de bebidas	Ambos sexos	Valor absoluto	2011	55,1
11 Fabricación de bebidas	Ambos sexos	Valor absoluto	2010	54,3
11 Fabricación de bebidas	Ambos sexos	Valor absoluto	2009	45,7
11 Fabricación de bebidas	Ambos sexos	Valor absoluto	2008	57,4
11 Fabricación de bebidas	Ambos sexos	Porcentaje	2025	0,3
11 Fabricación de bebidas	Ambos sexos	Porcentaje	2024	0,3
11 Fabricación de bebidas	Ambos sexos	Porcentaje	2023	0,3
11 Fabricación de bebidas	Ambos sexos	Porcentaje	2022	0,3
11 Fabricación de bebidas	Ambos sexos	Porcentaje	2021	0,3
11 Fabricación de bebidas	Ambos sexos	Porcentaje	2020	0,3
11 Fabricación de bebidas	Ambos sexos	Porcentaje	2019	0,3
11 Fabricación de bebidas	Ambos sexos	Porcentaje	2018	0,3
11 Fabricación de bebidas	Ambos sexos	Porcentaje	2017	0,3
11 Fabricación de bebidas	Ambos sexos	Porcentaje	2016	0,3
11 Fabricación de bebidas	Ambos sexos	Porcentaje	2015	0,3
11 Fabricación de bebidas	Ambos sexos	Porcentaje	2014	0,3
11 Fabricación de bebidas	Ambos sexos	Porcentaje	2013	0,3
11 Fabricación de bebidas	Ambos sexos	Porcentaje	2012	0,3
11 Fabricación de bebidas	Ambos sexos	Porcentaje	2011	0,3
11 Fabricación de bebidas	Ambos sexos	Porcentaje	2010	0,3
11 Fabricación de bebidas	Ambos sexos	Porcentaje	2009	0,2
11 Fabricación de bebidas	Ambos sexos	Porcentaje	2008	0,3
11 Fabricación de bebidas	Hombres	Valor absoluto	2025	50,9
11 Fabricación de bebidas	Hombres	Valor absoluto	2024	49
11 Fabricación de bebidas	Hombres	Valor absoluto	2023	47,9
11 Fabricación de bebidas	Hombres	Valor absoluto	2022	42,7
11 Fabricación de bebidas	Hombres	Valor absoluto	2021	37,1
11 Fabricación de bebidas	Hombres	Valor absoluto	2020	36,2
11 Fabricación de bebidas	Hombres	Valor absoluto	2019	45,4
11 Fabricación de bebidas	Hombres	Valor absoluto	2018	42,4
11 Fabricación de bebidas	Hombres	Valor absoluto	2017	39,2
11 Fabricación de bebidas	Hombres	Valor absoluto	2016	38,2
11 Fabricación de bebidas	Hombres	Valor absoluto	2015	42,8
11 Fabricación de bebidas	Hombres	Valor absoluto	2014	44,4
11 Fabricación de bebidas	Hombres	Valor absoluto	2013	41
11 Fabricación de bebidas	Hombres	Valor absoluto	2012	37,8
11 Fabricación de bebidas	Hombres	Valor absoluto	2011	39,1
11 Fabricación de bebidas	Hombres	Valor absoluto	2010	41
11 Fabricación de bebidas	Hombres	Valor absoluto	2009	36,1
11 Fabricación de bebidas	Hombres	Valor absoluto	2008	41,2
11 Fabricación de bebidas	Hombres	Porcentaje	2025	0,4
11 Fabricación de bebidas	Hombres	Porcentaje	2024	0,4
11 Fabricación de bebidas	Hombres	Porcentaje	2023	0,4
11 Fabricación de bebidas	Hombres	Porcentaje	2022	0,4
11 Fabricación de bebidas	Hombres	Porcentaje	2021	0,3
11 Fabricación de bebidas	Hombres	Porcentaje	2020	0,3
11 Fabricación de bebidas	Hombres	Porcentaje	2019	0,4
11 Fabricación de bebidas	Hombres	Porcentaje	2018	0,4
11 Fabricación de bebidas	Hombres	Porcentaje	2017	0,4
11 Fabricación de bebidas	Hombres	Porcentaje	2016	0,4
11 Fabricación de bebidas	Hombres	Porcentaje	2015	0,4
11 Fabricación de bebidas	Hombres	Porcentaje	2014	0,5
11 Fabricación de bebidas	Hombres	Porcentaje	2013	0,4
11 Fabricación de bebidas	Hombres	Porcentaje	2012	0,4
11 Fabricación de bebidas	Hombres	Porcentaje	2011	0,4
11 Fabricación de bebidas	Hombres	Porcentaje	2010	0,4
11 Fabricación de bebidas	Hombres	Porcentaje	2009	0,3
11 Fabricación de bebidas	Hombres	Porcentaje	2008	0,3
11 Fabricación de bebidas	Mujeres	Valor absoluto	2025	17,4
11 Fabricación de bebidas	Mujeres	Valor absoluto	2024	19,3
11 Fabricación de bebidas	Mujeres	Valor absoluto	2023	17,1
11 Fabricación de bebidas	Mujeres	Valor absoluto	2022	17
11 Fabricación de bebidas	Mujeres	Valor absoluto	2021	15,8
11 Fabricación de bebidas	Mujeres	Valor absoluto	2020	23,4
11 Fabricación de bebidas	Mujeres	Valor absoluto	2019	19,1
11 Fabricación de bebidas	Mujeres	Valor absoluto	2018	16,9
11 Fabricación de bebidas	Mujeres	Valor absoluto	2017	16,5
11 Fabricación de bebidas	Mujeres	Valor absoluto	2016	16,6
11 Fabricación de bebidas	Mujeres	Valor absoluto	2015	12,2
11 Fabricación de bebidas	Mujeres	Valor absoluto	2014	14,7
11 Fabricación de bebidas	Mujeres	Valor absoluto	2013	13,5
11 Fabricación de bebidas	Mujeres	Valor absoluto	2012	14
11 Fabricación de bebidas	Mujeres	Valor absoluto	2011	16
11 Fabricación de bebidas	Mujeres	Valor absoluto	2010	13,2
11 Fabricación de bebidas	Mujeres	Valor absoluto	2009	9,5
11 Fabricación de bebidas	Mujeres	Valor absoluto	2008	16,1
11 Fabricación de bebidas	Mujeres	Porcentaje	2025	0,2
11 Fabricación de bebidas	Mujeres	Porcentaje	2024	0,2
11 Fabricación de bebidas	Mujeres	Porcentaje	2023	0,2
11 Fabricación de bebidas	Mujeres	Porcentaje	2022	0,2
11 Fabricación de bebidas	Mujeres	Porcentaje	2021	0,2
11 Fabricación de bebidas	Mujeres	Porcentaje	2020	0,3
11 Fabricación de bebidas	Mujeres	Porcentaje	2019	0,2
11 Fabricación de bebidas	Mujeres	Porcentaje	2018	0,2
11 Fabricación de bebidas	Mujeres	Porcentaje	2017	0,2
11 Fabricación de bebidas	Mujeres	Porcentaje	2016	0,2
11 Fabricación de bebidas	Mujeres	Porcentaje	2015	0,2
11 Fabricación de bebidas	Mujeres	Porcentaje	2014	0,2
11 Fabricación de bebidas	Mujeres	Porcentaje	2013	0,2
11 Fabricación de bebidas	Mujeres	Porcentaje	2012	0,2
11 Fabricación de bebidas	Mujeres	Porcentaje	2011	0,2
11 Fabricación de bebidas	Mujeres	Porcentaje	2010	0,2
11 Fabricación de bebidas	Mujeres	Porcentaje	2009	0,1
11 Fabricación de bebidas	Mujeres	Porcentaje	2008	0,2
12 Industria del tabaco	Ambos sexos	Valor absoluto	2025	7
12 Industria del tabaco	Ambos sexos	Valor absoluto	2024	3,8
12 Industria del tabaco	Ambos sexos	Valor absoluto	2023	4,9
12 Industria del tabaco	Ambos sexos	Valor absoluto	2022	3,2
12 Industria del tabaco	Ambos sexos	Valor absoluto	2021	2,3
12 Industria del tabaco	Ambos sexos	Valor absoluto	2020	1,5
12 Industria del tabaco	Ambos sexos	Valor absoluto	2019	1,3
12 Industria del tabaco	Ambos sexos	Valor absoluto	2018	3,3
12 Industria del tabaco	Ambos sexos	Valor absoluto	2017	2,6
12 Industria del tabaco	Ambos sexos	Valor absoluto	2016	3,8
12 Industria del tabaco	Ambos sexos	Valor absoluto	2015	4,5
12 Industria del tabaco	Ambos sexos	Valor absoluto	2014	3,5
12 Industria del tabaco	Ambos sexos	Valor absoluto	2013	3,3
12 Industria del tabaco	Ambos sexos	Valor absoluto	2012	5
12 Industria del tabaco	Ambos sexos	Valor absoluto	2011	4,8
12 Industria del tabaco	Ambos sexos	Valor absoluto	2010	3,6
12 Industria del tabaco	Ambos sexos	Valor absoluto	2009	4,3
12 Industria del tabaco	Ambos sexos	Valor absoluto	2008	6,2
12 Industria del tabaco	Ambos sexos	Porcentaje	2025	0
12 Industria del tabaco	Ambos sexos	Porcentaje	2024	0
12 Industria del tabaco	Ambos sexos	Porcentaje	2023	0
12 Industria del tabaco	Ambos sexos	Porcentaje	2022	0
12 Industria del tabaco	Ambos sexos	Porcentaje	2021	0
12 Industria del tabaco	Ambos sexos	Porcentaje	2020	0
12 Industria del tabaco	Ambos sexos	Porcentaje	2019	0
12 Industria del tabaco	Ambos sexos	Porcentaje	2018	0
12 Industria del tabaco	Ambos sexos	Porcentaje	2017	0
12 Industria del tabaco	Ambos sexos	Porcentaje	2016	0
12 Industria del tabaco	Ambos sexos	Porcentaje	2015	0
12 Industria del tabaco	Ambos sexos	Porcentaje	2014	0
12 Industria del tabaco	Ambos sexos	Porcentaje	2013	0
12 Industria del tabaco	Ambos sexos	Porcentaje	2012	0
12 Industria del tabaco	Ambos sexos	Porcentaje	2011	0
12 Industria del tabaco	Ambos sexos	Porcentaje	2010	0
12 Industria del tabaco	Ambos sexos	Porcentaje	2009	0
12 Industria del tabaco	Ambos sexos	Porcentaje	2008	0
12 Industria del tabaco	Hombres	Valor absoluto	2025	2,8
12 Industria del tabaco	Hombres	Valor absoluto	2024	1,8
12 Industria del tabaco	Hombres	Valor absoluto	2023	2,8
12 Industria del tabaco	Hombres	Valor absoluto	2022	1,8
12 Industria del tabaco	Hombres	Valor absoluto	2021	1,6
12 Industria del tabaco	Hombres	Valor absoluto	2020	0,9
12 Industria del tabaco	Hombres	Valor absoluto	2019	0,8
12 Industria del tabaco	Hombres	Valor absoluto	2018	1,8
12 Industria del tabaco	Hombres	Valor absoluto	2017	1,7
12 Industria del tabaco	Hombres	Valor absoluto	2016	2,8
12 Industria del tabaco	Hombres	Valor absoluto	2015	3,4
12 Industria del tabaco	Hombres	Valor absoluto	2014	2,4
12 Industria del tabaco	Hombres	Valor absoluto	2013	2,2
12 Industria del tabaco	Hombres	Valor absoluto	2012	2,5
12 Industria del tabaco	Hombres	Valor absoluto	2011	3,4
12 Industria del tabaco	Hombres	Valor absoluto	2010	2,4
12 Industria del tabaco	Hombres	Valor absoluto	2009	2,2
12 Industria del tabaco	Hombres	Valor absoluto	2008	2,5
12 Industria del tabaco	Hombres	Porcentaje	2025	0
12 Industria del tabaco	Hombres	Porcentaje	2024	0
12 Industria del tabaco	Hombres	Porcentaje	2023	0
12 Industria del tabaco	Hombres	Porcentaje	2022	0
12 Industria del tabaco	Hombres	Porcentaje	2021	0
12 Industria del tabaco	Hombres	Porcentaje	2020	0
12 Industria del tabaco	Hombres	Porcentaje	2019	0
12 Industria del tabaco	Hombres	Porcentaje	2018	0
12 Industria del tabaco	Hombres	Porcentaje	2017	0
12 Industria del tabaco	Hombres	Porcentaje	2016	0
12 Industria del tabaco	Hombres	Porcentaje	2015	0
12 Industria del tabaco	Hombres	Porcentaje	2014	0
12 Industria del tabaco	Hombres	Porcentaje	2013	0
12 Industria del tabaco	Hombres	Porcentaje	2012	0
12 Industria del tabaco	Hombres	Porcentaje	2011	0
12 Industria del tabaco	Hombres	Porcentaje	2010	0
12 Industria del tabaco	Hombres	Porcentaje	2009	0
12 Industria del tabaco	Hombres	Porcentaje	2008	0
12 Industria del tabaco	Mujeres	Valor absoluto	2025	4,2
12 Industria del tabaco	Mujeres	Valor absoluto	2024	2,1
12 Industria del tabaco	Mujeres	Valor absoluto	2023	2,1
12 Industria del tabaco	Mujeres	Valor absoluto	2022	1,4
12 Industria del tabaco	Mujeres	Valor absoluto	2021	0,7
12 Industria del tabaco	Mujeres	Valor absoluto	2020	0,6
12 Industria del tabaco	Mujeres	Valor absoluto	2019	0,4
12 Industria del tabaco	Mujeres	Valor absoluto	2018	1,4
12 Industria del tabaco	Mujeres	Valor absoluto	2017	0,9
12 Industria del tabaco	Mujeres	Valor absoluto	2016	1
12 Industria del tabaco	Mujeres	Valor absoluto	2015	1,1
12 Industria del tabaco	Mujeres	Valor absoluto	2014	1,1
12 Industria del tabaco	Mujeres	Valor absoluto	2013	1,1
12 Industria del tabaco	Mujeres	Valor absoluto	2012	2,6
12 Industria del tabaco	Mujeres	Valor absoluto	2011	1,4
12 Industria del tabaco	Mujeres	Valor absoluto	2010	1,2
12 Industria del tabaco	Mujeres	Valor absoluto	2009	2,1
12 Industria del tabaco	Mujeres	Valor absoluto	2008	3,7
12 Industria del tabaco	Mujeres	Porcentaje	2025	0
12 Industria del tabaco	Mujeres	Porcentaje	2024	0
12 Industria del tabaco	Mujeres	Porcentaje	2023	0
12 Industria del tabaco	Mujeres	Porcentaje	2022	0
12 Industria del tabaco	Mujeres	Porcentaje	2021	0
12 Industria del tabaco	Mujeres	Porcentaje	2020	0
12 Industria del tabaco	Mujeres	Porcentaje	2019	0
12 Industria del tabaco	Mujeres	Porcentaje	2018	0
12 Industria del tabaco	Mujeres	Porcentaje	2017	0
12 Industria del tabaco	Mujeres	Porcentaje	2016	0
12 Industria del tabaco	Mujeres	Porcentaje	2015	0
12 Industria del tabaco	Mujeres	Porcentaje	2014	0
12 Industria del tabaco	Mujeres	Porcentaje	2013	0
12 Industria del tabaco	Mujeres	Porcentaje	2012	0
12 Industria del tabaco	Mujeres	Porcentaje	2011	0
12 Industria del tabaco	Mujeres	Porcentaje	2010	0
12 Industria del tabaco	Mujeres	Porcentaje	2009	0
12 Industria del tabaco	Mujeres	Porcentaje	2008	0
13 Industria textil	Ambos sexos	Valor absoluto	2025	39,1
13 Industria textil	Ambos sexos	Valor absoluto	2024	50,3
13 Industria textil	Ambos sexos	Valor absoluto	2023	53,7
13 Industria textil	Ambos sexos	Valor absoluto	2022	48,8
13 Industria textil	Ambos sexos	Valor absoluto	2021	50,2
13 Industria textil	Ambos sexos	Valor absoluto	2020	52,5
13 Industria textil	Ambos sexos	Valor absoluto	2019	55,2
13 Industria textil	Ambos sexos	Valor absoluto	2018	49,8
13 Industria textil	Ambos sexos	Valor absoluto	2017	47,9
13 Industria textil	Ambos sexos	Valor absoluto	2016	42,7
13 Industria textil	Ambos sexos	Valor absoluto	2015	36,4
13 Industria textil	Ambos sexos	Valor absoluto	2014	36,9
13 Industria textil	Ambos sexos	Valor absoluto	2013	41,1
13 Industria textil	Ambos sexos	Valor absoluto	2012	52,6
13 Industria textil	Ambos sexos	Valor absoluto	2011	53,8
13 Industria textil	Ambos sexos	Valor absoluto	2010	56,6
13 Industria textil	Ambos sexos	Valor absoluto	2009	58,9
13 Industria textil	Ambos sexos	Valor absoluto	2008	79,2
13 Industria textil	Ambos sexos	Porcentaje	2025	0,2
13 Industria textil	Ambos sexos	Porcentaje	2024	0,2
13 Industria textil	Ambos sexos	Porcentaje	2023	0,3
13 Industria textil	Ambos sexos	Porcentaje	2022	0,2
13 Industria textil	Ambos sexos	Porcentaje	2021	0,3
13 Industria textil	Ambos sexos	Porcentaje	2020	0,3
13 Industria textil	Ambos sexos	Porcentaje	2019	0,3
13 Industria textil	Ambos sexos	Porcentaje	2018	0,3
13 Industria textil	Ambos sexos	Porcentaje	2017	0,3
13 Industria textil	Ambos sexos	Porcentaje	2016	0,2
13 Industria textil	Ambos sexos	Porcentaje	2015	0,2
13 Industria textil	Ambos sexos	Porcentaje	2014	0,2
13 Industria textil	Ambos sexos	Porcentaje	2013	0,2
13 Industria textil	Ambos sexos	Porcentaje	2012	0,3
13 Industria textil	Ambos sexos	Porcentaje	2011	0,3
13 Industria textil	Ambos sexos	Porcentaje	2010	0,3
13 Industria textil	Ambos sexos	Porcentaje	2009	0,3
13 Industria textil	Ambos sexos	Porcentaje	2008	0,4
13 Industria textil	Hombres	Valor absoluto	2025	20,8
13 Industria textil	Hombres	Valor absoluto	2024	28,1
13 Industria textil	Hombres	Valor absoluto	2023	28,3
13 Industria textil	Hombres	Valor absoluto	2022	25,1
13 Industria textil	Hombres	Valor absoluto	2021	28,3
13 Industria textil	Hombres	Valor absoluto	2020	25,3
13 Industria textil	Hombres	Valor absoluto	2019	26,7
13 Industria textil	Hombres	Valor absoluto	2018	24,9
13 Industria textil	Hombres	Valor absoluto	2017	27,8
13 Industria textil	Hombres	Valor absoluto	2016	27,8
13 Industria textil	Hombres	Valor absoluto	2015	24,2
13 Industria textil	Hombres	Valor absoluto	2014	24,2
13 Industria textil	Hombres	Valor absoluto	2013	22,1
13 Industria textil	Hombres	Valor absoluto	2012	31,9
13 Industria textil	Hombres	Valor absoluto	2011	31,1
13 Industria textil	Hombres	Valor absoluto	2010	36,6
13 Industria textil	Hombres	Valor absoluto	2009	35
13 Industria textil	Hombres	Valor absoluto	2008	43,7
13 Industria textil	Hombres	Porcentaje	2025	0,2
13 Industria textil	Hombres	Porcentaje	2024	0,2
13 Industria textil	Hombres	Porcentaje	2023	0,2
13 Industria textil	Hombres	Porcentaje	2022	0,2
13 Industria textil	Hombres	Porcentaje	2021	0,3
13 Industria textil	Hombres	Porcentaje	2020	0,2
13 Industria textil	Hombres	Porcentaje	2019	0,2
13 Industria textil	Hombres	Porcentaje	2018	0,2
13 Industria textil	Hombres	Porcentaje	2017	0,3
13 Industria textil	Hombres	Porcentaje	2016	0,3
13 Industria textil	Hombres	Porcentaje	2015	0,2
13 Industria textil	Hombres	Porcentaje	2014	0,3
13 Industria textil	Hombres	Porcentaje	2013	0,2
13 Industria textil	Hombres	Porcentaje	2012	0,3
13 Industria textil	Hombres	Porcentaje	2011	0,3
13 Industria textil	Hombres	Porcentaje	2010	0,4
13 Industria textil	Hombres	Porcentaje	2009	0,3
13 Industria textil	Hombres	Porcentaje	2008	0,4
13 Industria textil	Mujeres	Valor absoluto	2025	18,4
13 Industria textil	Mujeres	Valor absoluto	2024	22,2
13 Industria textil	Mujeres	Valor absoluto	2023	25,4
13 Industria textil	Mujeres	Valor absoluto	2022	23,8
13 Industria textil	Mujeres	Valor absoluto	2021	21,9
13 Industria textil	Mujeres	Valor absoluto	2020	27,2
13 Industria textil	Mujeres	Valor absoluto	2019	28,5
13 Industria textil	Mujeres	Valor absoluto	2018	24,9
13 Industria textil	Mujeres	Valor absoluto	2017	20,1
13 Industria textil	Mujeres	Valor absoluto	2016	14,9
13 Industria textil	Mujeres	Valor absoluto	2015	12,2
13 Industria textil	Mujeres	Valor absoluto	2014	12,7
13 Industria textil	Mujeres	Valor absoluto	2013	19,1
13 Industria textil	Mujeres	Valor absoluto	2012	20,7
13 Industria textil	Mujeres	Valor absoluto	2011	22,7
13 Industria textil	Mujeres	Valor absoluto	2010	19,9
13 Industria textil	Mujeres	Valor absoluto	2009	24
13 Industria textil	Mujeres	Valor absoluto	2008	35,5
13 Industria textil	Mujeres	Porcentaje	2025	0,2
13 Industria textil	Mujeres	Porcentaje	2024	0,2
13 Industria textil	Mujeres	Porcentaje	2023	0,3
13 Industria textil	Mujeres	Porcentaje	2022	0,3
13 Industria textil	Mujeres	Porcentaje	2021	0,2
13 Industria textil	Mujeres	Porcentaje	2020	0,3
13 Industria textil	Mujeres	Porcentaje	2019	0,3
13 Industria textil	Mujeres	Porcentaje	2018	0,3
13 Industria textil	Mujeres	Porcentaje	2017	0,2
13 Industria textil	Mujeres	Porcentaje	2016	0,2
13 Industria textil	Mujeres	Porcentaje	2015	0,2
13 Industria textil	Mujeres	Porcentaje	2014	0,2
13 Industria textil	Mujeres	Porcentaje	2013	0,2
13 Industria textil	Mujeres	Porcentaje	2012	0,3
13 Industria textil	Mujeres	Porcentaje	2011	0,3
13 Industria textil	Mujeres	Porcentaje	2010	0,2
13 Industria textil	Mujeres	Porcentaje	2009	0,3
13 Industria textil	Mujeres	Porcentaje	2008	0,4
14 Confección de prendas de vestir	Ambos sexos	Valor absoluto	2025	49
14 Confección de prendas de vestir	Ambos sexos	Valor absoluto	2024	38,1
14 Confección de prendas de vestir	Ambos sexos	Valor absoluto	2023	49,1
14 Confección de prendas de vestir	Ambos sexos	Valor absoluto	2022	54,2
14 Confección de prendas de vestir	Ambos sexos	Valor absoluto	2021	48,7
14 Confección de prendas de vestir	Ambos sexos	Valor absoluto	2020	50,6
14 Confección de prendas de vestir	Ambos sexos	Valor absoluto	2019	55
14 Confección de prendas de vestir	Ambos sexos	Valor absoluto	2018	51,4
14 Confección de prendas de vestir	Ambos sexos	Valor absoluto	2017	57,7
14 Confección de prendas de vestir	Ambos sexos	Valor absoluto	2016	53,6
14 Confección de prendas de vestir	Ambos sexos	Valor absoluto	2015	47,4
14 Confección de prendas de vestir	Ambos sexos	Valor absoluto	2014	46,6
14 Confección de prendas de vestir	Ambos sexos	Valor absoluto	2013	49,7
14 Confección de prendas de vestir	Ambos sexos	Valor absoluto	2012	62,3
14 Confección de prendas de vestir	Ambos sexos	Valor absoluto	2011	60,5
14 Confección de prendas de vestir	Ambos sexos	Valor absoluto	2010	63,3
14 Confección de prendas de vestir	Ambos sexos	Valor absoluto	2009	67,7
14 Confección de prendas de vestir	Ambos sexos	Valor absoluto	2008	88,4
14 Confección de prendas de vestir	Ambos sexos	Porcentaje	2025	0,2
14 Confección de prendas de vestir	Ambos sexos	Porcentaje	2024	0,2
14 Confección de prendas de vestir	Ambos sexos	Porcentaje	2023	0,2
14 Confección de prendas de vestir	Ambos sexos	Porcentaje	2022	0,3
14 Confección de prendas de vestir	Ambos sexos	Porcentaje	2021	0,2
14 Confección de prendas de vestir	Ambos sexos	Porcentaje	2020	0,3
14 Confección de prendas de vestir	Ambos sexos	Porcentaje	2019	0,3
14 Confección de prendas de vestir	Ambos sexos	Porcentaje	2018	0,3
14 Confección de prendas de vestir	Ambos sexos	Porcentaje	2017	0,3
14 Confección de prendas de vestir	Ambos sexos	Porcentaje	2016	0,3
14 Confección de prendas de vestir	Ambos sexos	Porcentaje	2015	0,3
14 Confección de prendas de vestir	Ambos sexos	Porcentaje	2014	0,3
14 Confección de prendas de vestir	Ambos sexos	Porcentaje	2013	0,3
14 Confección de prendas de vestir	Ambos sexos	Porcentaje	2012	0,4
14 Confección de prendas de vestir	Ambos sexos	Porcentaje	2011	0,3
14 Confección de prendas de vestir	Ambos sexos	Porcentaje	2010	0,3
14 Confección de prendas de vestir	Ambos sexos	Porcentaje	2009	0,4
14 Confección de prendas de vestir	Ambos sexos	Porcentaje	2008	0,4
14 Confección de prendas de vestir	Hombres	Valor absoluto	2025	11,8
14 Confección de prendas de vestir	Hombres	Valor absoluto	2024	10,6
14 Confección de prendas de vestir	Hombres	Valor absoluto	2023	12
14 Confección de prendas de vestir	Hombres	Valor absoluto	2022	11,5
14 Confección de prendas de vestir	Hombres	Valor absoluto	2021	16,8
14 Confección de prendas de vestir	Hombres	Valor absoluto	2020	16,3
14 Confección de prendas de vestir	Hombres	Valor absoluto	2019	16,7
14 Confección de prendas de vestir	Hombres	Valor absoluto	2018	12,7
14 Confección de prendas de vestir	Hombres	Valor absoluto	2017	18,5
14 Confección de prendas de vestir	Hombres	Valor absoluto	2016	16,5
14 Confección de prendas de vestir	Hombres	Valor absoluto	2015	14,6
14 Confección de prendas de vestir	Hombres	Valor absoluto	2014	13
14 Confección de prendas de vestir	Hombres	Valor absoluto	2013	12,5
14 Confección de prendas de vestir	Hombres	Valor absoluto	2012	17,6
14 Confección de prendas de vestir	Hombres	Valor absoluto	2011	17,7
14 Confección de prendas de vestir	Hombres	Valor absoluto	2010	18,1
14 Confección de prendas de vestir	Hombres	Valor absoluto	2009	16,1
14 Confección de prendas de vestir	Hombres	Valor absoluto	2008	20,4
14 Confección de prendas de vestir	Hombres	Porcentaje	2025	0,1
14 Confección de prendas de vestir	Hombres	Porcentaje	2024	0,1
14 Confección de prendas de vestir	Hombres	Porcentaje	2023	0,1
14 Confección de prendas de vestir	Hombres	Porcentaje	2022	0,1
14 Confección de prendas de vestir	Hombres	Porcentaje	2021	0,2
14 Confección de prendas de vestir	Hombres	Porcentaje	2020	0,2
14 Confección de prendas de vestir	Hombres	Porcentaje	2019	0,2
14 Confección de prendas de vestir	Hombres	Porcentaje	2018	0,1
14 Confección de prendas de vestir	Hombres	Porcentaje	2017	0,2
14 Confección de prendas de vestir	Hombres	Porcentaje	2016	0,2
14 Confección de prendas de vestir	Hombres	Porcentaje	2015	0,1
14 Confección de prendas de vestir	Hombres	Porcentaje	2014	0,1
14 Confección de prendas de vestir	Hombres	Porcentaje	2013	0,1
14 Confección de prendas de vestir	Hombres	Porcentaje	2012	0,2
14 Confección de prendas de vestir	Hombres	Porcentaje	2011	0,2
14 Confección de prendas de vestir	Hombres	Porcentaje	2010	0,2
14 Confección de prendas de vestir	Hombres	Porcentaje	2009	0,2
14 Confección de prendas de vestir	Hombres	Porcentaje	2008	0,2
14 Confección de prendas de vestir	Mujeres	Valor absoluto	2025	37,1
14 Confección de prendas de vestir	Mujeres	Valor absoluto	2024	27,5
14 Confección de prendas de vestir	Mujeres	Valor absoluto	2023	37,1
14 Confección de prendas de vestir	Mujeres	Valor absoluto	2022	42,7
14 Confección de prendas de vestir	Mujeres	Valor absoluto	2021	32
14 Confección de prendas de vestir	Mujeres	Valor absoluto	2020	34,3
14 Confección de prendas de vestir	Mujeres	Valor absoluto	2019	38,2
14 Confección de prendas de vestir	Mujeres	Valor absoluto	2018	38,7
14 Confección de prendas de vestir	Mujeres	Valor absoluto	2017	39,2
14 Confección de prendas de vestir	Mujeres	Valor absoluto	2016	37,1
14 Confección de prendas de vestir	Mujeres	Valor absoluto	2015	32,8
14 Confección de prendas de vestir	Mujeres	Valor absoluto	2014	33,6
14 Confección de prendas de vestir	Mujeres	Valor absoluto	2013	37,2
14 Confección de prendas de vestir	Mujeres	Valor absoluto	2012	44,7
14 Confección de prendas de vestir	Mujeres	Valor absoluto	2011	42,9
14 Confección de prendas de vestir	Mujeres	Valor absoluto	2010	45,2
14 Confección de prendas de vestir	Mujeres	Valor absoluto	2009	51,6
14 Confección de prendas de vestir	Mujeres	Valor absoluto	2008	68
14 Confección de prendas de vestir	Mujeres	Porcentaje	2025	0,4
14 Confección de prendas de vestir	Mujeres	Porcentaje	2024	0,3
14 Confección de prendas de vestir	Mujeres	Porcentaje	2023	0,4
14 Confección de prendas de vestir	Mujeres	Porcentaje	2022	0,5
14 Confección de prendas de vestir	Mujeres	Porcentaje	2021	0,4
14 Confección de prendas de vestir	Mujeres	Porcentaje	2020	0,4
14 Confección de prendas de vestir	Mujeres	Porcentaje	2019	0,4
14 Confección de prendas de vestir	Mujeres	Porcentaje	2018	0,4
14 Confección de prendas de vestir	Mujeres	Porcentaje	2017	0,5
14 Confección de prendas de vestir	Mujeres	Porcentaje	2016	0,4
14 Confección de prendas de vestir	Mujeres	Porcentaje	2015	0,4
14 Confección de prendas de vestir	Mujeres	Porcentaje	2014	0,4
14 Confección de prendas de vestir	Mujeres	Porcentaje	2013	0,5
14 Confección de prendas de vestir	Mujeres	Porcentaje	2012	0,6
14 Confección de prendas de vestir	Mujeres	Porcentaje	2011	0,5
14 Confección de prendas de vestir	Mujeres	Porcentaje	2010	0,5
14 Confección de prendas de vestir	Mujeres	Porcentaje	2009	0,6
14 Confección de prendas de vestir	Mujeres	Porcentaje	2008	0,8
15 Industria del cuero y del calzado	Ambos sexos	Valor absoluto	2025	61,7
15 Industria del cuero y del calzado	Ambos sexos	Valor absoluto	2024	52,5
15 Industria del cuero y del calzado	Ambos sexos	Valor absoluto	2023	47
15 Industria del cuero y del calzado	Ambos sexos	Valor absoluto	2022	54,5
15 Industria del cuero y del calzado	Ambos sexos	Valor absoluto	2021	39,1
15 Industria del cuero y del calzado	Ambos sexos	Valor absoluto	2020	43,9
15 Industria del cuero y del calzado	Ambos sexos	Valor absoluto	2019	56
15 Industria del cuero y del calzado	Ambos sexos	Valor absoluto	2018	59,7
15 Industria del cuero y del calzado	Ambos sexos	Valor absoluto	2017	67,8
15 Industria del cuero y del calzado	Ambos sexos	Valor absoluto	2016	58,2
15 Industria del cuero y del calzado	Ambos sexos	Valor absoluto	2015	57,1
15 Industria del cuero y del calzado	Ambos sexos	Valor absoluto	2014	48,3
15 Industria del cuero y del calzado	Ambos sexos	Valor absoluto	2013	36,8
15 Industria del cuero y del calzado	Ambos sexos	Valor absoluto	2012	46,9
15 Industria del cuero y del calzado	Ambos sexos	Valor absoluto	2011	53,3
15 Industria del cuero y del calzado	Ambos sexos	Valor absoluto	2010	48,4
15 Industria del cuero y del calzado	Ambos sexos	Valor absoluto	2009	44,9
15 Industria del cuero y del calzado	Ambos sexos	Valor absoluto	2008	58,2
15 Industria del cuero y del calzado	Ambos sexos	Porcentaje	2025	0,3
15 Industria del cuero y del calzado	Ambos sexos	Porcentaje	2024	0,2
15 Industria del cuero y del calzado	Ambos sexos	Porcentaje	2023	0,2
15 Industria del cuero y del calzado	Ambos sexos	Porcentaje	2022	0,3
15 Industria del cuero y del calzado	Ambos sexos	Porcentaje	2021	0,2
15 Industria del cuero y del calzado	Ambos sexos	Porcentaje	2020	0,2
15 Industria del cuero y del calzado	Ambos sexos	Porcentaje	2019	0,3
15 Industria del cuero y del calzado	Ambos sexos	Porcentaje	2018	0,3
15 Industria del cuero y del calzado	Ambos sexos	Porcentaje	2017	0,4
15 Industria del cuero y del calzado	Ambos sexos	Porcentaje	2016	0,3
15 Industria del cuero y del calzado	Ambos sexos	Porcentaje	2015	0,3
15 Industria del cuero y del calzado	Ambos sexos	Porcentaje	2014	0,3
15 Industria del cuero y del calzado	Ambos sexos	Porcentaje	2013	0,2
15 Industria del cuero y del calzado	Ambos sexos	Porcentaje	2012	0,3
15 Industria del cuero y del calzado	Ambos sexos	Porcentaje	2011	0,3
15 Industria del cuero y del calzado	Ambos sexos	Porcentaje	2010	0,3
15 Industria del cuero y del calzado	Ambos sexos	Porcentaje	2009	0,2
15 Industria del cuero y del calzado	Ambos sexos	Porcentaje	2008	0,3
15 Industria del cuero y del calzado	Hombres	Valor absoluto	2025	30,2
15 Industria del cuero y del calzado	Hombres	Valor absoluto	2024	30,2
15 Industria del cuero y del calzado	Hombres	Valor absoluto	2023	25,9
15 Industria del cuero y del calzado	Hombres	Valor absoluto	2022	30,6
15 Industria del cuero y del calzado	Hombres	Valor absoluto	2021	27,5
15 Industria del cuero y del calzado	Hombres	Valor absoluto	2020	27,5
15 Industria del cuero y del calzado	Hombres	Valor absoluto	2019	30,9
15 Industria del cuero y del calzado	Hombres	Valor absoluto	2018	34,4
15 Industria del cuero y del calzado	Hombres	Valor absoluto	2017	39,7
15 Industria del cuero y del calzado	Hombres	Valor absoluto	2016	33,8
15 Industria del cuero y del calzado	Hombres	Valor absoluto	2015	33,8
15 Industria del cuero y del calzado	Hombres	Valor absoluto	2014	31,2
15 Industria del cuero y del calzado	Hombres	Valor absoluto	2013	23,4
15 Industria del cuero y del calzado	Hombres	Valor absoluto	2012	29
15 Industria del cuero y del calzado	Hombres	Valor absoluto	2011	37,3
15 Industria del cuero y del calzado	Hombres	Valor absoluto	2010	28
15 Industria del cuero y del calzado	Hombres	Valor absoluto	2009	26,7
15 Industria del cuero y del calzado	Hombres	Valor absoluto	2008	35,5
15 Industria del cuero y del calzado	Hombres	Porcentaje	2025	0,3
15 Industria del cuero y del calzado	Hombres	Porcentaje	2024	0,3
15 Industria del cuero y del calzado	Hombres	Porcentaje	2023	0,2
15 Industria del cuero y del calzado	Hombres	Porcentaje	2022	0,3
15 Industria del cuero y del calzado	Hombres	Porcentaje	2021	0,3
15 Industria del cuero y del calzado	Hombres	Porcentaje	2020	0,3
15 Industria del cuero y del calzado	Hombres	Porcentaje	2019	0,3
15 Industria del cuero y del calzado	Hombres	Porcentaje	2018	0,3
15 Industria del cuero y del calzado	Hombres	Porcentaje	2017	0,4
15 Industria del cuero y del calzado	Hombres	Porcentaje	2016	0,3
15 Industria del cuero y del calzado	Hombres	Porcentaje	2015	0,3
15 Industria del cuero y del calzado	Hombres	Porcentaje	2014	0,3
15 Industria del cuero y del calzado	Hombres	Porcentaje	2013	0,3
15 Industria del cuero y del calzado	Hombres	Porcentaje	2012	0,3
15 Industria del cuero y del calzado	Hombres	Porcentaje	2011	0,4
15 Industria del cuero y del calzado	Hombres	Porcentaje	2010	0,3
15 Industria del cuero y del calzado	Hombres	Porcentaje	2009	0,2
15 Industria del cuero y del calzado	Hombres	Porcentaje	2008	0,3
15 Industria del cuero y del calzado	Mujeres	Valor absoluto	2025	31,5
15 Industria del cuero y del calzado	Mujeres	Valor absoluto	2024	22,3
15 Industria del cuero y del calzado	Mujeres	Valor absoluto	2023	21,1
15 Industria del cuero y del calzado	Mujeres	Valor absoluto	2022	24
15 Industria del cuero y del calzado	Mujeres	Valor absoluto	2021	11,5
15 Industria del cuero y del calzado	Mujeres	Valor absoluto	2020	16,3
15 Industria del cuero y del calzado	Mujeres	Valor absoluto	2019	25,2
15 Industria del cuero y del calzado	Mujeres	Valor absoluto	2018	25,3
15 Industria del cuero y del calzado	Mujeres	Valor absoluto	2017	28,1
15 Industria del cuero y del calzado	Mujeres	Valor absoluto	2016	24,4
15 Industria del cuero y del calzado	Mujeres	Valor absoluto	2015	23,3
15 Industria del cuero y del calzado	Mujeres	Valor absoluto	2014	17,1
15 Industria del cuero y del calzado	Mujeres	Valor absoluto	2013	13,5
15 Industria del cuero y del calzado	Mujeres	Valor absoluto	2012	17,9
15 Industria del cuero y del calzado	Mujeres	Valor absoluto	2011	16
15 Industria del cuero y del calzado	Mujeres	Valor absoluto	2010	20,4
15 Industria del cuero y del calzado	Mujeres	Valor absoluto	2009	18,2
15 Industria del cuero y del calzado	Mujeres	Valor absoluto	2008	22,7
15 Industria del cuero y del calzado	Mujeres	Porcentaje	2025	0,3
15 Industria del cuero y del calzado	Mujeres	Porcentaje	2024	0,2
15 Industria del cuero y del calzado	Mujeres	Porcentaje	2023	0,2
15 Industria del cuero y del calzado	Mujeres	Porcentaje	2022	0,3
15 Industria del cuero y del calzado	Mujeres	Porcentaje	2021	0,1
15 Industria del cuero y del calzado	Mujeres	Porcentaje	2020	0,2
15 Industria del cuero y del calzado	Mujeres	Porcentaje	2019	0,3
15 Industria del cuero y del calzado	Mujeres	Porcentaje	2018	0,3
15 Industria del cuero y del calzado	Mujeres	Porcentaje	2017	0,3
15 Industria del cuero y del calzado	Mujeres	Porcentaje	2016	0,3
15 Industria del cuero y del calzado	Mujeres	Porcentaje	2015	0,3
15 Industria del cuero y del calzado	Mujeres	Porcentaje	2014	0,2
15 Industria del cuero y del calzado	Mujeres	Porcentaje	2013	0,2
15 Industria del cuero y del calzado	Mujeres	Porcentaje	2012	0,2
15 Industria del cuero y del calzado	Mujeres	Porcentaje	2011	0,2
15 Industria del cuero y del calzado	Mujeres	Porcentaje	2010	0,2
15 Industria del cuero y del calzado	Mujeres	Porcentaje	2009	0,2
15 Industria del cuero y del calzado	Mujeres	Porcentaje	2008	0,3
16 Industria de la madera y del corcho, excepto muebles; cestería y espartería	Ambos sexos	Valor absoluto	2025	71,7
16 Industria de la madera y del corcho, excepto muebles; cestería y espartería	Ambos sexos	Valor absoluto	2024	67,6
16 Industria de la madera y del corcho, excepto muebles; cestería y espartería	Ambos sexos	Valor absoluto	2023	58,4
16 Industria de la madera y del corcho, excepto muebles; cestería y espartería	Ambos sexos	Valor absoluto	2022	65,4
16 Industria de la madera y del corcho, excepto muebles; cestería y espartería	Ambos sexos	Valor absoluto	2021	65,1
16 Industria de la madera y del corcho, excepto muebles; cestería y espartería	Ambos sexos	Valor absoluto	2020	67,7
16 Industria de la madera y del corcho, excepto muebles; cestería y espartería	Ambos sexos	Valor absoluto	2019	66
16 Industria de la madera y del corcho, excepto muebles; cestería y espartería	Ambos sexos	Valor absoluto	2018	63,4
16 Industria de la madera y del corcho, excepto muebles; cestería y espartería	Ambos sexos	Valor absoluto	2017	61,8
16 Industria de la madera y del corcho, excepto muebles; cestería y espartería	Ambos sexos	Valor absoluto	2016	57,3
16 Industria de la madera y del corcho, excepto muebles; cestería y espartería	Ambos sexos	Valor absoluto	2015	58,4
16 Industria de la madera y del corcho, excepto muebles; cestería y espartería	Ambos sexos	Valor absoluto	2014	51,4
16 Industria de la madera y del corcho, excepto muebles; cestería y espartería	Ambos sexos	Valor absoluto	2013	52,6
16 Industria de la madera y del corcho, excepto muebles; cestería y espartería	Ambos sexos	Valor absoluto	2012	61,7
16 Industria de la madera y del corcho, excepto muebles; cestería y espartería	Ambos sexos	Valor absoluto	2011	70,6
16 Industria de la madera y del corcho, excepto muebles; cestería y espartería	Ambos sexos	Valor absoluto	2010	67,7
16 Industria de la madera y del corcho, excepto muebles; cestería y espartería	Ambos sexos	Valor absoluto	2009	79,3
16 Industria de la madera y del corcho, excepto muebles; cestería y espartería	Ambos sexos	Valor absoluto	2008	105,2
16 Industria de la madera y del corcho, excepto muebles; cestería y espartería	Ambos sexos	Porcentaje	2025	0,3
16 Industria de la madera y del corcho, excepto muebles; cestería y espartería	Ambos sexos	Porcentaje	2024	0,3
16 Industria de la madera y del corcho, excepto muebles; cestería y espartería	Ambos sexos	Porcentaje	2023	0,3
16 Industria de la madera y del corcho, excepto muebles; cestería y espartería	Ambos sexos	Porcentaje	2022	0,3
16 Industria de la madera y del corcho, excepto muebles; cestería y espartería	Ambos sexos	Porcentaje	2021	0,3
16 Industria de la madera y del corcho, excepto muebles; cestería y espartería	Ambos sexos	Porcentaje	2020	0,4
16 Industria de la madera y del corcho, excepto muebles; cestería y espartería	Ambos sexos	Porcentaje	2019	0,3
16 Industria de la madera y del corcho, excepto muebles; cestería y espartería	Ambos sexos	Porcentaje	2018	0,3
16 Industria de la madera y del corcho, excepto muebles; cestería y espartería	Ambos sexos	Porcentaje	2017	0,3
16 Industria de la madera y del corcho, excepto muebles; cestería y espartería	Ambos sexos	Porcentaje	2016	0,3
16 Industria de la madera y del corcho, excepto muebles; cestería y espartería	Ambos sexos	Porcentaje	2015	0,3
16 Industria de la madera y del corcho, excepto muebles; cestería y espartería	Ambos sexos	Porcentaje	2014	0,3
16 Industria de la madera y del corcho, excepto muebles; cestería y espartería	Ambos sexos	Porcentaje	2013	0,3
16 Industria de la madera y del corcho, excepto muebles; cestería y espartería	Ambos sexos	Porcentaje	2012	0,3
16 Industria de la madera y del corcho, excepto muebles; cestería y espartería	Ambos sexos	Porcentaje	2011	0,4
16 Industria de la madera y del corcho, excepto muebles; cestería y espartería	Ambos sexos	Porcentaje	2010	0,4
16 Industria de la madera y del corcho, excepto muebles; cestería y espartería	Ambos sexos	Porcentaje	2009	0,4
16 Industria de la madera y del corcho, excepto muebles; cestería y espartería	Ambos sexos	Porcentaje	2008	0,5
16 Industria de la madera y del corcho, excepto muebles; cestería y espartería	Hombres	Valor absoluto	2025	57,9
16 Industria de la madera y del corcho, excepto muebles; cestería y espartería	Hombres	Valor absoluto	2024	52,6
16 Industria de la madera y del corcho, excepto muebles; cestería y espartería	Hombres	Valor absoluto	2023	45,5
16 Industria de la madera y del corcho, excepto muebles; cestería y espartería	Hombres	Valor absoluto	2022	54,5
16 Industria de la madera y del corcho, excepto muebles; cestería y espartería	Hombres	Valor absoluto	2021	56,6
16 Industria de la madera y del corcho, excepto muebles; cestería y espartería	Hombres	Valor absoluto	2020	56,9
16 Industria de la madera y del corcho, excepto muebles; cestería y espartería	Hombres	Valor absoluto	2019	58,2
16 Industria de la madera y del corcho, excepto muebles; cestería y espartería	Hombres	Valor absoluto	2018	55,3
16 Industria de la madera y del corcho, excepto muebles; cestería y espartería	Hombres	Valor absoluto	2017	52,8
16 Industria de la madera y del corcho, excepto muebles; cestería y espartería	Hombres	Valor absoluto	2016	50,6
16 Industria de la madera y del corcho, excepto muebles; cestería y espartería	Hombres	Valor absoluto	2015	51,9
16 Industria de la madera y del corcho, excepto muebles; cestería y espartería	Hombres	Valor absoluto	2014	45
16 Industria de la madera y del corcho, excepto muebles; cestería y espartería	Hombres	Valor absoluto	2013	47,2
16 Industria de la madera y del corcho, excepto muebles; cestería y espartería	Hombres	Valor absoluto	2012	53,8
16 Industria de la madera y del corcho, excepto muebles; cestería y espartería	Hombres	Valor absoluto	2011	62,5
16 Industria de la madera y del corcho, excepto muebles; cestería y espartería	Hombres	Valor absoluto	2010	60,6
16 Industria de la madera y del corcho, excepto muebles; cestería y espartería	Hombres	Valor absoluto	2009	68,8
16 Industria de la madera y del corcho, excepto muebles; cestería y espartería	Hombres	Valor absoluto	2008	93,2
16 Industria de la madera y del corcho, excepto muebles; cestería y espartería	Hombres	Porcentaje	2025	0,5
16 Industria de la madera y del corcho, excepto muebles; cestería y espartería	Hombres	Porcentaje	2024	0,5
16 Industria de la madera y del corcho, excepto muebles; cestería y espartería	Hombres	Porcentaje	2023	0,4
16 Industria de la madera y del corcho, excepto muebles; cestería y espartería	Hombres	Porcentaje	2022	0,5
16 Industria de la madera y del corcho, excepto muebles; cestería y espartería	Hombres	Porcentaje	2021	0,5
16 Industria de la madera y del corcho, excepto muebles; cestería y espartería	Hombres	Porcentaje	2020	0,5
16 Industria de la madera y del corcho, excepto muebles; cestería y espartería	Hombres	Porcentaje	2019	0,5
16 Industria de la madera y del corcho, excepto muebles; cestería y espartería	Hombres	Porcentaje	2018	0,5
16 Industria de la madera y del corcho, excepto muebles; cestería y espartería	Hombres	Porcentaje	2017	0,5
16 Industria de la madera y del corcho, excepto muebles; cestería y espartería	Hombres	Porcentaje	2016	0,5
16 Industria de la madera y del corcho, excepto muebles; cestería y espartería	Hombres	Porcentaje	2015	0,5
16 Industria de la madera y del corcho, excepto muebles; cestería y espartería	Hombres	Porcentaje	2014	0,5
16 Industria de la madera y del corcho, excepto muebles; cestería y espartería	Hombres	Porcentaje	2013	0,5
16 Industria de la madera y del corcho, excepto muebles; cestería y espartería	Hombres	Porcentaje	2012	0,6
16 Industria de la madera y del corcho, excepto muebles; cestería y espartería	Hombres	Porcentaje	2011	0,6
16 Industria de la madera y del corcho, excepto muebles; cestería y espartería	Hombres	Porcentaje	2010	0,6
16 Industria de la madera y del corcho, excepto muebles; cestería y espartería	Hombres	Porcentaje	2009	0,6
16 Industria de la madera y del corcho, excepto muebles; cestería y espartería	Hombres	Porcentaje	2008	0,8
16 Industria de la madera y del corcho, excepto muebles; cestería y espartería	Mujeres	Valor absoluto	2025	13,8
16 Industria de la madera y del corcho, excepto muebles; cestería y espartería	Mujeres	Valor absoluto	2024	15
16 Industria de la madera y del corcho, excepto muebles; cestería y espartería	Mujeres	Valor absoluto	2023	12,9
16 Industria de la madera y del corcho, excepto muebles; cestería y espartería	Mujeres	Valor absoluto	2022	11
16 Industria de la madera y del corcho, excepto muebles; cestería y espartería	Mujeres	Valor absoluto	2021	8,5
16 Industria de la madera y del corcho, excepto muebles; cestería y espartería	Mujeres	Valor absoluto	2020	10,9
16 Industria de la madera y del corcho, excepto muebles; cestería y espartería	Mujeres	Valor absoluto	2019	7,8
16 Industria de la madera y del corcho, excepto muebles; cestería y espartería	Mujeres	Valor absoluto	2018	8,1
16 Industria de la madera y del corcho, excepto muebles; cestería y espartería	Mujeres	Valor absoluto	2017	9
16 Industria de la madera y del corcho, excepto muebles; cestería y espartería	Mujeres	Valor absoluto	2016	6,7
16 Industria de la madera y del corcho, excepto muebles; cestería y espartería	Mujeres	Valor absoluto	2015	6,5
16 Industria de la madera y del corcho, excepto muebles; cestería y espartería	Mujeres	Valor absoluto	2014	6,4
16 Industria de la madera y del corcho, excepto muebles; cestería y espartería	Mujeres	Valor absoluto	2013	5,4
16 Industria de la madera y del corcho, excepto muebles; cestería y espartería	Mujeres	Valor absoluto	2012	7,9
16 Industria de la madera y del corcho, excepto muebles; cestería y espartería	Mujeres	Valor absoluto	2011	8,1
16 Industria de la madera y del corcho, excepto muebles; cestería y espartería	Mujeres	Valor absoluto	2010	7,1
16 Industria de la madera y del corcho, excepto muebles; cestería y espartería	Mujeres	Valor absoluto	2009	10,6
16 Industria de la madera y del corcho, excepto muebles; cestería y espartería	Mujeres	Valor absoluto	2008	12
16 Industria de la madera y del corcho, excepto muebles; cestería y espartería	Mujeres	Porcentaje	2025	0,1
16 Industria de la madera y del corcho, excepto muebles; cestería y espartería	Mujeres	Porcentaje	2024	0,1
16 Industria de la madera y del corcho, excepto muebles; cestería y espartería	Mujeres	Porcentaje	2023	0,1
16 Industria de la madera y del corcho, excepto muebles; cestería y espartería	Mujeres	Porcentaje	2022	0,1
16 Industria de la madera y del corcho, excepto muebles; cestería y espartería	Mujeres	Porcentaje	2021	0,1
16 Industria de la madera y del corcho, excepto muebles; cestería y espartería	Mujeres	Porcentaje	2020	0,1
16 Industria de la madera y del corcho, excepto muebles; cestería y espartería	Mujeres	Porcentaje	2019	0,1
16 Industria de la madera y del corcho, excepto muebles; cestería y espartería	Mujeres	Porcentaje	2018	0,1
16 Industria de la madera y del corcho, excepto muebles; cestería y espartería	Mujeres	Porcentaje	2017	0,1
16 Industria de la madera y del corcho, excepto muebles; cestería y espartería	Mujeres	Porcentaje	2016	0,1
16 Industria de la madera y del corcho, excepto muebles; cestería y espartería	Mujeres	Porcentaje	2015	0,1
16 Industria de la madera y del corcho, excepto muebles; cestería y espartería	Mujeres	Porcentaje	2014	0,1
16 Industria de la madera y del corcho, excepto muebles; cestería y espartería	Mujeres	Porcentaje	2013	0,1
16 Industria de la madera y del corcho, excepto muebles; cestería y espartería	Mujeres	Porcentaje	2012	0,1
16 Industria de la madera y del corcho, excepto muebles; cestería y espartería	Mujeres	Porcentaje	2011	0,1
16 Industria de la madera y del corcho, excepto muebles; cestería y espartería	Mujeres	Porcentaje	2010	0,1
16 Industria de la madera y del corcho, excepto muebles; cestería y espartería	Mujeres	Porcentaje	2009	0,1
16 Industria de la madera y del corcho, excepto muebles; cestería y espartería	Mujeres	Porcentaje	2008	0,1
17 Industria del papel	Ambos sexos	Valor absoluto	2025	56,8
17 Industria del papel	Ambos sexos	Valor absoluto	2024	49,8
17 Industria del papel	Ambos sexos	Valor absoluto	2023	55,8
17 Industria del papel	Ambos sexos	Valor absoluto	2022	61,2
17 Industria del papel	Ambos sexos	Valor absoluto	2021	57
17 Industria del papel	Ambos sexos	Valor absoluto	2020	46,9
17 Industria del papel	Ambos sexos	Valor absoluto	2019	44,7
17 Industria del papel	Ambos sexos	Valor absoluto	2018	44,4
17 Industria del papel	Ambos sexos	Valor absoluto	2017	49,6
17 Industria del papel	Ambos sexos	Valor absoluto	2016	50,9
17 Industria del papel	Ambos sexos	Valor absoluto	2015	53,1
17 Industria del papel	Ambos sexos	Valor absoluto	2014	45,5
17 Industria del papel	Ambos sexos	Valor absoluto	2013	44,4
17 Industria del papel	Ambos sexos	Valor absoluto	2012	42,2
17 Industria del papel	Ambos sexos	Valor absoluto	2011	41,3
17 Industria del papel	Ambos sexos	Valor absoluto	2010	45,8
17 Industria del papel	Ambos sexos	Valor absoluto	2009	46,2
17 Industria del papel	Ambos sexos	Valor absoluto	2008	44
17 Industria del papel	Ambos sexos	Porcentaje	2025	0,3
17 Industria del papel	Ambos sexos	Porcentaje	2024	0,2
17 Industria del papel	Ambos sexos	Porcentaje	2023	0,3
17 Industria del papel	Ambos sexos	Porcentaje	2022	0,3
17 Industria del papel	Ambos sexos	Porcentaje	2021	0,3
17 Industria del papel	Ambos sexos	Porcentaje	2020	0,2
17 Industria del papel	Ambos sexos	Porcentaje	2019	0,2
17 Industria del papel	Ambos sexos	Porcentaje	2018	0,2
17 Industria del papel	Ambos sexos	Porcentaje	2017	0,3
17 Industria del papel	Ambos sexos	Porcentaje	2016	0,3
17 Industria del papel	Ambos sexos	Porcentaje	2015	0,3
17 Industria del papel	Ambos sexos	Porcentaje	2014	0,3
17 Industria del papel	Ambos sexos	Porcentaje	2013	0,3
17 Industria del papel	Ambos sexos	Porcentaje	2012	0,2
17 Industria del papel	Ambos sexos	Porcentaje	2011	0,2
17 Industria del papel	Ambos sexos	Porcentaje	2010	0,2
17 Industria del papel	Ambos sexos	Porcentaje	2009	0,2
17 Industria del papel	Ambos sexos	Porcentaje	2008	0,2
17 Industria del papel	Hombres	Valor absoluto	2025	40,8
17 Industria del papel	Hombres	Valor absoluto	2024	38,9
17 Industria del papel	Hombres	Valor absoluto	2023	42,3
17 Industria del papel	Hombres	Valor absoluto	2022	46,4
17 Industria del papel	Hombres	Valor absoluto	2021	42,6
17 Industria del papel	Hombres	Valor absoluto	2020	36,4
17 Industria del papel	Hombres	Valor absoluto	2019	35,2
17 Industria del papel	Hombres	Valor absoluto	2018	36,3
17 Industria del papel	Hombres	Valor absoluto	2017	41,1
17 Industria del papel	Hombres	Valor absoluto	2016	38,8
17 Industria del papel	Hombres	Valor absoluto	2015	40,9
17 Industria del papel	Hombres	Valor absoluto	2014	37,3
17 Industria del papel	Hombres	Valor absoluto	2013	34,2
17 Industria del papel	Hombres	Valor absoluto	2012	31,9
17 Industria del papel	Hombres	Valor absoluto	2011	29,4
17 Industria del papel	Hombres	Valor absoluto	2010	35,2
17 Industria del papel	Hombres	Valor absoluto	2009	36,4
17 Industria del papel	Hombres	Valor absoluto	2008	36,7
17 Industria del papel	Hombres	Porcentaje	2025	0,3
17 Industria del papel	Hombres	Porcentaje	2024	0,3
17 Industria del papel	Hombres	Porcentaje	2023	0,4
17 Industria del papel	Hombres	Porcentaje	2022	0,4
17 Industria del papel	Hombres	Porcentaje	2021	0,4
17 Industria del papel	Hombres	Porcentaje	2020	0,3
17 Industria del papel	Hombres	Porcentaje	2019	0,3
17 Industria del papel	Hombres	Porcentaje	2018	0,3
17 Industria del papel	Hombres	Porcentaje	2017	0,4
17 Industria del papel	Hombres	Porcentaje	2016	0,4
17 Industria del papel	Hombres	Porcentaje	2015	0,4
17 Industria del papel	Hombres	Porcentaje	2014	0,4
17 Industria del papel	Hombres	Porcentaje	2013	0,4
17 Industria del papel	Hombres	Porcentaje	2012	0,3
17 Industria del papel	Hombres	Porcentaje	2011	0,3
17 Industria del papel	Hombres	Porcentaje	2010	0,3
17 Industria del papel	Hombres	Porcentaje	2009	0,3
17 Industria del papel	Hombres	Porcentaje	2008	0,3
17 Industria del papel	Mujeres	Valor absoluto	2025	16
17 Industria del papel	Mujeres	Valor absoluto	2024	10,9
17 Industria del papel	Mujeres	Valor absoluto	2023	13,4
17 Industria del papel	Mujeres	Valor absoluto	2022	14,8
17 Industria del papel	Mujeres	Valor absoluto	2021	14,4
17 Industria del papel	Mujeres	Valor absoluto	2020	10,5
17 Industria del papel	Mujeres	Valor absoluto	2019	9,4
17 Industria del papel	Mujeres	Valor absoluto	2018	8,1
17 Industria del papel	Mujeres	Valor absoluto	2017	8,5
17 Industria del papel	Mujeres	Valor absoluto	2016	12,1
17 Industria del papel	Mujeres	Valor absoluto	2015	12,2
17 Industria del papel	Mujeres	Valor absoluto	2014	8,2
17 Industria del papel	Mujeres	Valor absoluto	2013	10,2
17 Industria del papel	Mujeres	Valor absoluto	2012	10,3
17 Industria del papel	Mujeres	Valor absoluto	2011	11,9
17 Industria del papel	Mujeres	Valor absoluto	2010	10,6
17 Industria del papel	Mujeres	Valor absoluto	2009	9,8
17 Industria del papel	Mujeres	Valor absoluto	2008	7,3
17 Industria del papel	Mujeres	Porcentaje	2025	0,2
17 Industria del papel	Mujeres	Porcentaje	2024	0,1
17 Industria del papel	Mujeres	Porcentaje	2023	0,1
17 Industria del papel	Mujeres	Porcentaje	2022	0,2
17 Industria del papel	Mujeres	Porcentaje	2021	0,2
17 Industria del papel	Mujeres	Porcentaje	2020	0,1
17 Industria del papel	Mujeres	Porcentaje	2019	0,1
17 Industria del papel	Mujeres	Porcentaje	2018	0,1
17 Industria del papel	Mujeres	Porcentaje	2017	0,1
17 Industria del papel	Mujeres	Porcentaje	2016	0,1
17 Industria del papel	Mujeres	Porcentaje	2015	0,1
17 Industria del papel	Mujeres	Porcentaje	2014	0,1
17 Industria del papel	Mujeres	Porcentaje	2013	0,1
17 Industria del papel	Mujeres	Porcentaje	2012	0,1
17 Industria del papel	Mujeres	Porcentaje	2011	0,1
17 Industria del papel	Mujeres	Porcentaje	2010	0,1
17 Industria del papel	Mujeres	Porcentaje	2009	0,1
17 Industria del papel	Mujeres	Porcentaje	2008	0,1
18 Artes gráficas y reproducción de soportes grabados	Ambos sexos	Valor absoluto	2025	73,7
18 Artes gráficas y reproducción de soportes grabados	Ambos sexos	Valor absoluto	2024	73,6
18 Artes gráficas y reproducción de soportes grabados	Ambos sexos	Valor absoluto	2023	62,2
18 Artes gráficas y reproducción de soportes grabados	Ambos sexos	Valor absoluto	2022	62,7
18 Artes gráficas y reproducción de soportes grabados	Ambos sexos	Valor absoluto	2021	68,9
18 Artes gráficas y reproducción de soportes grabados	Ambos sexos	Valor absoluto	2020	79,9
18 Artes gráficas y reproducción de soportes grabados	Ambos sexos	Valor absoluto	2019	96,1
18 Artes gráficas y reproducción de soportes grabados	Ambos sexos	Valor absoluto	2018	83,4
18 Artes gráficas y reproducción de soportes grabados	Ambos sexos	Valor absoluto	2017	78,1
18 Artes gráficas y reproducción de soportes grabados	Ambos sexos	Valor absoluto	2016	75
18 Artes gráficas y reproducción de soportes grabados	Ambos sexos	Valor absoluto	2015	74,4
18 Artes gráficas y reproducción de soportes grabados	Ambos sexos	Valor absoluto	2014	75,5
18 Artes gráficas y reproducción de soportes grabados	Ambos sexos	Valor absoluto	2013	76,3
18 Artes gráficas y reproducción de soportes grabados	Ambos sexos	Valor absoluto	2012	73,5
18 Artes gráficas y reproducción de soportes grabados	Ambos sexos	Valor absoluto	2011	80,3
18 Artes gráficas y reproducción de soportes grabados	Ambos sexos	Valor absoluto	2010	95,9
18 Artes gráficas y reproducción de soportes grabados	Ambos sexos	Valor absoluto	2009	96,9
18 Artes gráficas y reproducción de soportes grabados	Ambos sexos	Valor absoluto	2008	107,6
18 Artes gráficas y reproducción de soportes grabados	Ambos sexos	Porcentaje	2025	0,3
18 Artes gráficas y reproducción de soportes grabados	Ambos sexos	Porcentaje	2024	0,3
18 Artes gráficas y reproducción de soportes grabados	Ambos sexos	Porcentaje	2023	0,3
18 Artes gráficas y reproducción de soportes grabados	Ambos sexos	Porcentaje	2022	0,3
18 Artes gráficas y reproducción de soportes grabados	Ambos sexos	Porcentaje	2021	0,3
18 Artes gráficas y reproducción de soportes grabados	Ambos sexos	Porcentaje	2020	0,4
18 Artes gráficas y reproducción de soportes grabados	Ambos sexos	Porcentaje	2019	0,5
18 Artes gráficas y reproducción de soportes grabados	Ambos sexos	Porcentaje	2018	0,4
18 Artes gráficas y reproducción de soportes grabados	Ambos sexos	Porcentaje	2017	0,4
18 Artes gráficas y reproducción de soportes grabados	Ambos sexos	Porcentaje	2016	0,4
18 Artes gráficas y reproducción de soportes grabados	Ambos sexos	Porcentaje	2015	0,4
18 Artes gráficas y reproducción de soportes grabados	Ambos sexos	Porcentaje	2014	0,4
18 Artes gráficas y reproducción de soportes grabados	Ambos sexos	Porcentaje	2013	0,4
18 Artes gráficas y reproducción de soportes grabados	Ambos sexos	Porcentaje	2012	0,4
18 Artes gráficas y reproducción de soportes grabados	Ambos sexos	Porcentaje	2011	0,4
18 Artes gráficas y reproducción de soportes grabados	Ambos sexos	Porcentaje	2010	0,5
18 Artes gráficas y reproducción de soportes grabados	Ambos sexos	Porcentaje	2009	0,5
18 Artes gráficas y reproducción de soportes grabados	Ambos sexos	Porcentaje	2008	0,5
18 Artes gráficas y reproducción de soportes grabados	Hombres	Valor absoluto	2025	48,6
18 Artes gráficas y reproducción de soportes grabados	Hombres	Valor absoluto	2024	49,5
18 Artes gráficas y reproducción de soportes grabados	Hombres	Valor absoluto	2023	44,9
18 Artes gráficas y reproducción de soportes grabados	Hombres	Valor absoluto	2022	48,1
18 Artes gráficas y reproducción de soportes grabados	Hombres	Valor absoluto	2021	50,8
18 Artes gráficas y reproducción de soportes grabados	Hombres	Valor absoluto	2020	56,3
18 Artes gráficas y reproducción de soportes grabados	Hombres	Valor absoluto	2019	68,9
18 Artes gráficas y reproducción de soportes grabados	Hombres	Valor absoluto	2018	61,7
18 Artes gráficas y reproducción de soportes grabados	Hombres	Valor absoluto	2017	59
18 Artes gráficas y reproducción de soportes grabados	Hombres	Valor absoluto	2016	55,7
18 Artes gráficas y reproducción de soportes grabados	Hombres	Valor absoluto	2015	55,1
18 Artes gráficas y reproducción de soportes grabados	Hombres	Valor absoluto	2014	56,5
18 Artes gráficas y reproducción de soportes grabados	Hombres	Valor absoluto	2013	58,5
18 Artes gráficas y reproducción de soportes grabados	Hombres	Valor absoluto	2012	51,4
18 Artes gráficas y reproducción de soportes grabados	Hombres	Valor absoluto	2011	56,8
18 Artes gráficas y reproducción de soportes grabados	Hombres	Valor absoluto	2010	70,1
18 Artes gráficas y reproducción de soportes grabados	Hombres	Valor absoluto	2009	70,5
18 Artes gráficas y reproducción de soportes grabados	Hombres	Valor absoluto	2008	77,5
18 Artes gráficas y reproducción de soportes grabados	Hombres	Porcentaje	2025	0,4
18 Artes gráficas y reproducción de soportes grabados	Hombres	Porcentaje	2024	0,4
18 Artes gráficas y reproducción de soportes grabados	Hombres	Porcentaje	2023	0,4
18 Artes gráficas y reproducción de soportes grabados	Hombres	Porcentaje	2022	0,4
18 Artes gráficas y reproducción de soportes grabados	Hombres	Porcentaje	2021	0,5
18 Artes gráficas y reproducción de soportes grabados	Hombres	Porcentaje	2020	0,5
18 Artes gráficas y reproducción de soportes grabados	Hombres	Porcentaje	2019	0,6
18 Artes gráficas y reproducción de soportes grabados	Hombres	Porcentaje	2018	0,6
18 Artes gráficas y reproducción de soportes grabados	Hombres	Porcentaje	2017	0,6
18 Artes gráficas y reproducción de soportes grabados	Hombres	Porcentaje	2016	0,6
18 Artes gráficas y reproducción de soportes grabados	Hombres	Porcentaje	2015	0,6
18 Artes gráficas y reproducción de soportes grabados	Hombres	Porcentaje	2014	0,6
18 Artes gráficas y reproducción de soportes grabados	Hombres	Porcentaje	2013	0,6
18 Artes gráficas y reproducción de soportes grabados	Hombres	Porcentaje	2012	0,5
18 Artes gráficas y reproducción de soportes grabados	Hombres	Porcentaje	2011	0,6
18 Artes gráficas y reproducción de soportes grabados	Hombres	Porcentaje	2010	0,7
18 Artes gráficas y reproducción de soportes grabados	Hombres	Porcentaje	2009	0,7
18 Artes gráficas y reproducción de soportes grabados	Hombres	Porcentaje	2008	0,7
18 Artes gráficas y reproducción de soportes grabados	Mujeres	Valor absoluto	2025	25,2
18 Artes gráficas y reproducción de soportes grabados	Mujeres	Valor absoluto	2024	24,1
18 Artes gráficas y reproducción de soportes grabados	Mujeres	Valor absoluto	2023	17,3
18 Artes gráficas y reproducción de soportes grabados	Mujeres	Valor absoluto	2022	14,6
18 Artes gráficas y reproducción de soportes grabados	Mujeres	Valor absoluto	2021	18,1
18 Artes gráficas y reproducción de soportes grabados	Mujeres	Valor absoluto	2020	23,5
18 Artes gráficas y reproducción de soportes grabados	Mujeres	Valor absoluto	2019	27,3
18 Artes gráficas y reproducción de soportes grabados	Mujeres	Valor absoluto	2018	21,8
18 Artes gráficas y reproducción de soportes grabados	Mujeres	Valor absoluto	2017	19
18 Artes gráficas y reproducción de soportes grabados	Mujeres	Valor absoluto	2016	19,3
18 Artes gráficas y reproducción de soportes grabados	Mujeres	Valor absoluto	2015	19,3
18 Artes gráficas y reproducción de soportes grabados	Mujeres	Valor absoluto	2014	19,1
18 Artes gráficas y reproducción de soportes grabados	Mujeres	Valor absoluto	2013	17,7
18 Artes gráficas y reproducción de soportes grabados	Mujeres	Valor absoluto	2012	22,2
18 Artes gráficas y reproducción de soportes grabados	Mujeres	Valor absoluto	2011	23,5
18 Artes gráficas y reproducción de soportes grabados	Mujeres	Valor absoluto	2010	25,8
18 Artes gráficas y reproducción de soportes grabados	Mujeres	Valor absoluto	2009	26,4
18 Artes gráficas y reproducción de soportes grabados	Mujeres	Valor absoluto	2008	30,1
18 Artes gráficas y reproducción de soportes grabados	Mujeres	Porcentaje	2025	0,2
18 Artes gráficas y reproducción de soportes grabados	Mujeres	Porcentaje	2024	0,2
18 Artes gráficas y reproducción de soportes grabados	Mujeres	Porcentaje	2023	0,2
18 Artes gráficas y reproducción de soportes grabados	Mujeres	Porcentaje	2022	0,2
18 Artes gráficas y reproducción de soportes grabados	Mujeres	Porcentaje	2021	0,2
18 Artes gráficas y reproducción de soportes grabados	Mujeres	Porcentaje	2020	0,3
18 Artes gráficas y reproducción de soportes grabados	Mujeres	Porcentaje	2019	0,3
18 Artes gráficas y reproducción de soportes grabados	Mujeres	Porcentaje	2018	0,2
18 Artes gráficas y reproducción de soportes grabados	Mujeres	Porcentaje	2017	0,2
18 Artes gráficas y reproducción de soportes grabados	Mujeres	Porcentaje	2016	0,2
18 Artes gráficas y reproducción de soportes grabados	Mujeres	Porcentaje	2015	0,2
18 Artes gráficas y reproducción de soportes grabados	Mujeres	Porcentaje	2014	0,2
18 Artes gráficas y reproducción de soportes grabados	Mujeres	Porcentaje	2013	0,2
18 Artes gráficas y reproducción de soportes grabados	Mujeres	Porcentaje	2012	0,3
18 Artes gráficas y reproducción de soportes grabados	Mujeres	Porcentaje	2011	0,3
18 Artes gráficas y reproducción de soportes grabados	Mujeres	Porcentaje	2010	0,3
18 Artes gráficas y reproducción de soportes grabados	Mujeres	Porcentaje	2009	0,3
18 Artes gráficas y reproducción de soportes grabados	Mujeres	Porcentaje	2008	0,3
19 Coquerías y refino de petróleo	Ambos sexos	Valor absoluto	2025	15,8
19 Coquerías y refino de petróleo	Ambos sexos	Valor absoluto	2024	16,7
19 Coquerías y refino de petróleo	Ambos sexos	Valor absoluto	2023	18,4
19 Coquerías y refino de petróleo	Ambos sexos	Valor absoluto	2022	13,1
19 Coquerías y refino de petróleo	Ambos sexos	Valor absoluto	2021	15,4
19 Coquerías y refino de petróleo	Ambos sexos	Valor absoluto	2020	20,7
19 Coquerías y refino de petróleo	Ambos sexos	Valor absoluto	2019	19,7
19 Coquerías y refino de petróleo	Ambos sexos	Valor absoluto	2018	21,3
19 Coquerías y refino de petróleo	Ambos sexos	Valor absoluto	2017	17,6
19 Coquerías y refino de petróleo	Ambos sexos	Valor absoluto	2016	14,2
19 Coquerías y refino de petróleo	Ambos sexos	Valor absoluto	2015	16,1
19 Coquerías y refino de petróleo	Ambos sexos	Valor absoluto	2014	16,5
19 Coquerías y refino de petróleo	Ambos sexos	Valor absoluto	2013	18,2
19 Coquerías y refino de petróleo	Ambos sexos	Valor absoluto	2012	19,6
19 Coquerías y refino de petróleo	Ambos sexos	Valor absoluto	2011	18,5
19 Coquerías y refino de petróleo	Ambos sexos	Valor absoluto	2010	18,2
19 Coquerías y refino de petróleo	Ambos sexos	Valor absoluto	2009	19
19 Coquerías y refino de petróleo	Ambos sexos	Valor absoluto	2008	18,3
19 Coquerías y refino de petróleo	Ambos sexos	Porcentaje	2025	0,1
19 Coquerías y refino de petróleo	Ambos sexos	Porcentaje	2024	0,1
19 Coquerías y refino de petróleo	Ambos sexos	Porcentaje	2023	0,1
19 Coquerías y refino de petróleo	Ambos sexos	Porcentaje	2022	0,1
19 Coquerías y refino de petróleo	Ambos sexos	Porcentaje	2021	0,1
19 Coquerías y refino de petróleo	Ambos sexos	Porcentaje	2020	0,1
19 Coquerías y refino de petróleo	Ambos sexos	Porcentaje	2019	0,1
19 Coquerías y refino de petróleo	Ambos sexos	Porcentaje	2018	0,1
19 Coquerías y refino de petróleo	Ambos sexos	Porcentaje	2017	0,1
19 Coquerías y refino de petróleo	Ambos sexos	Porcentaje	2016	0,1
19 Coquerías y refino de petróleo	Ambos sexos	Porcentaje	2015	0,1
19 Coquerías y refino de petróleo	Ambos sexos	Porcentaje	2014	0,1
19 Coquerías y refino de petróleo	Ambos sexos	Porcentaje	2013	0,1
19 Coquerías y refino de petróleo	Ambos sexos	Porcentaje	2012	0,1
19 Coquerías y refino de petróleo	Ambos sexos	Porcentaje	2011	0,1
19 Coquerías y refino de petróleo	Ambos sexos	Porcentaje	2010	0,1
19 Coquerías y refino de petróleo	Ambos sexos	Porcentaje	2009	0,1
19 Coquerías y refino de petróleo	Ambos sexos	Porcentaje	2008	0,1
19 Coquerías y refino de petróleo	Hombres	Valor absoluto	2025	13,1
19 Coquerías y refino de petróleo	Hombres	Valor absoluto	2024	14,7
19 Coquerías y refino de petróleo	Hombres	Valor absoluto	2023	16,3
19 Coquerías y refino de petróleo	Hombres	Valor absoluto	2022	10,4
19 Coquerías y refino de petróleo	Hombres	Valor absoluto	2021	12,9
19 Coquerías y refino de petróleo	Hombres	Valor absoluto	2020	16
19 Coquerías y refino de petróleo	Hombres	Valor absoluto	2019	14,6
19 Coquerías y refino de petróleo	Hombres	Valor absoluto	2018	16,4
19 Coquerías y refino de petróleo	Hombres	Valor absoluto	2017	14
19 Coquerías y refino de petróleo	Hombres	Valor absoluto	2016	12,3
19 Coquerías y refino de petróleo	Hombres	Valor absoluto	2015	14,9
19 Coquerías y refino de petróleo	Hombres	Valor absoluto	2014	14,6
19 Coquerías y refino de petróleo	Hombres	Valor absoluto	2013	14,3
19 Coquerías y refino de petróleo	Hombres	Valor absoluto	2012	13,3
19 Coquerías y refino de petróleo	Hombres	Valor absoluto	2011	14,7
19 Coquerías y refino de petróleo	Hombres	Valor absoluto	2010	16,4
19 Coquerías y refino de petróleo	Hombres	Valor absoluto	2009	14,5
19 Coquerías y refino de petróleo	Hombres	Valor absoluto	2008	14,9
19 Coquerías y refino de petróleo	Hombres	Porcentaje	2025	0,1
19 Coquerías y refino de petróleo	Hombres	Porcentaje	2024	0,1
19 Coquerías y refino de petróleo	Hombres	Porcentaje	2023	0,1
19 Coquerías y refino de petróleo	Hombres	Porcentaje	2022	0,1
19 Coquerías y refino de petróleo	Hombres	Porcentaje	2021	0,1
19 Coquerías y refino de petróleo	Hombres	Porcentaje	2020	0,2
19 Coquerías y refino de petróleo	Hombres	Porcentaje	2019	0,1
19 Coquerías y refino de petróleo	Hombres	Porcentaje	2018	0,2
19 Coquerías y refino de petróleo	Hombres	Porcentaje	2017	0,1
19 Coquerías y refino de petróleo	Hombres	Porcentaje	2016	0,1
19 Coquerías y refino de petróleo	Hombres	Porcentaje	2015	0,2
19 Coquerías y refino de petróleo	Hombres	Porcentaje	2014	0,2
19 Coquerías y refino de petróleo	Hombres	Porcentaje	2013	0,2
19 Coquerías y refino de petróleo	Hombres	Porcentaje	2012	0,1
19 Coquerías y refino de petróleo	Hombres	Porcentaje	2011	0,1
19 Coquerías y refino de petróleo	Hombres	Porcentaje	2010	0,2
19 Coquerías y refino de petróleo	Hombres	Porcentaje	2009	0,1
19 Coquerías y refino de petróleo	Hombres	Porcentaje	2008	0,1
19 Coquerías y refino de petróleo	Mujeres	Valor absoluto	2025	2,7
19 Coquerías y refino de petróleo	Mujeres	Valor absoluto	2024	2
19 Coquerías y refino de petróleo	Mujeres	Valor absoluto	2023	2
19 Coquerías y refino de petróleo	Mujeres	Valor absoluto	2022	2,7
19 Coquerías y refino de petróleo	Mujeres	Valor absoluto	2021	2,5
19 Coquerías y refino de petróleo	Mujeres	Valor absoluto	2020	4,7
19 Coquerías y refino de petróleo	Mujeres	Valor absoluto	2019	5,1
19 Coquerías y refino de petróleo	Mujeres	Valor absoluto	2018	5
19 Coquerías y refino de petróleo	Mujeres	Valor absoluto	2017	3,6
19 Coquerías y refino de petróleo	Mujeres	Valor absoluto	2016	1,9
19 Coquerías y refino de petróleo	Mujeres	Valor absoluto	2015	1,2
19 Coquerías y refino de petróleo	Mujeres	Valor absoluto	2014	1,9
19 Coquerías y refino de petróleo	Mujeres	Valor absoluto	2013	3,9
19 Coquerías y refino de petróleo	Mujeres	Valor absoluto	2012	6,3
19 Coquerías y refino de petróleo	Mujeres	Valor absoluto	2011	3,7
19 Coquerías y refino de petróleo	Mujeres	Valor absoluto	2010	1,8
19 Coquerías y refino de petróleo	Mujeres	Valor absoluto	2009	4,5
19 Coquerías y refino de petróleo	Mujeres	Valor absoluto	2008	3,3
19 Coquerías y refino de petróleo	Mujeres	Porcentaje	2025	0
19 Coquerías y refino de petróleo	Mujeres	Porcentaje	2024	0
19 Coquerías y refino de petróleo	Mujeres	Porcentaje	2023	0
19 Coquerías y refino de petróleo	Mujeres	Porcentaje	2022	0
19 Coquerías y refino de petróleo	Mujeres	Porcentaje	2021	0
19 Coquerías y refino de petróleo	Mujeres	Porcentaje	2020	0,1
19 Coquerías y refino de petróleo	Mujeres	Porcentaje	2019	0,1
19 Coquerías y refino de petróleo	Mujeres	Porcentaje	2018	0,1
19 Coquerías y refino de petróleo	Mujeres	Porcentaje	2017	0
19 Coquerías y refino de petróleo	Mujeres	Porcentaje	2016	0
19 Coquerías y refino de petróleo	Mujeres	Porcentaje	2015	0
19 Coquerías y refino de petróleo	Mujeres	Porcentaje	2014	0
19 Coquerías y refino de petróleo	Mujeres	Porcentaje	2013	0
19 Coquerías y refino de petróleo	Mujeres	Porcentaje	2012	0,1
19 Coquerías y refino de petróleo	Mujeres	Porcentaje	2011	0
19 Coquerías y refino de petróleo	Mujeres	Porcentaje	2010	0
19 Coquerías y refino de petróleo	Mujeres	Porcentaje	2009	0,1
19 Coquerías y refino de petróleo	Mujeres	Porcentaje	2008	0
20 Industria química	Ambos sexos	Valor absoluto	2025	127,5
20 Industria química	Ambos sexos	Valor absoluto	2024	136,2
20 Industria química	Ambos sexos	Valor absoluto	2023	133,8
20 Industria química	Ambos sexos	Valor absoluto	2022	132,5
20 Industria química	Ambos sexos	Valor absoluto	2021	123,9
20 Industria química	Ambos sexos	Valor absoluto	2020	127
20 Industria química	Ambos sexos	Valor absoluto	2019	130,3
20 Industria química	Ambos sexos	Valor absoluto	2018	131,8
20 Industria química	Ambos sexos	Valor absoluto	2017	123,7
20 Industria química	Ambos sexos	Valor absoluto	2016	113,3
20 Industria química	Ambos sexos	Valor absoluto	2015	111,4
20 Industria química	Ambos sexos	Valor absoluto	2014	112,3
20 Industria química	Ambos sexos	Valor absoluto	2013	100,1
20 Industria química	Ambos sexos	Valor absoluto	2012	96,7
20 Industria química	Ambos sexos	Valor absoluto	2011	102,7
20 Industria química	Ambos sexos	Valor absoluto	2010	112,5
20 Industria química	Ambos sexos	Valor absoluto	2009	116,8
20 Industria química	Ambos sexos	Valor absoluto	2008	136,5
20 Industria química	Ambos sexos	Porcentaje	2025	0,6
20 Industria química	Ambos sexos	Porcentaje	2024	0,6
20 Industria química	Ambos sexos	Porcentaje	2023	0,6
20 Industria química	Ambos sexos	Porcentaje	2022	0,6
20 Industria química	Ambos sexos	Porcentaje	2021	0,6
20 Industria química	Ambos sexos	Porcentaje	2020	0,7
20 Industria química	Ambos sexos	Porcentaje	2019	0,7
20 Industria química	Ambos sexos	Porcentaje	2018	0,7
20 Industria química	Ambos sexos	Porcentaje	2017	0,7
20 Industria química	Ambos sexos	Porcentaje	2016	0,6
20 Industria química	Ambos sexos	Porcentaje	2015	0,6
20 Industria química	Ambos sexos	Porcentaje	2014	0,6
20 Industria química	Ambos sexos	Porcentaje	2013	0,6
20 Industria química	Ambos sexos	Porcentaje	2012	0,5
20 Industria química	Ambos sexos	Porcentaje	2011	0,6
20 Industria química	Ambos sexos	Porcentaje	2010	0,6
20 Industria química	Ambos sexos	Porcentaje	2009	0,6
20 Industria química	Ambos sexos	Porcentaje	2008	0,7
20 Industria química	Hombres	Valor absoluto	2025	77,9
20 Industria química	Hombres	Valor absoluto	2024	85,3
20 Industria química	Hombres	Valor absoluto	2023	85,3
20 Industria química	Hombres	Valor absoluto	2022	88,1
20 Industria química	Hombres	Valor absoluto	2021	86,7
20 Industria química	Hombres	Valor absoluto	2020	85
20 Industria química	Hombres	Valor absoluto	2019	93,6
20 Industria química	Hombres	Valor absoluto	2018	94,3
20 Industria química	Hombres	Valor absoluto	2017	83,6
20 Industria química	Hombres	Valor absoluto	2016	78,5
20 Industria química	Hombres	Valor absoluto	2015	79,1
20 Industria química	Hombres	Valor absoluto	2014	77,9
20 Industria química	Hombres	Valor absoluto	2013	71,8
20 Industria química	Hombres	Valor absoluto	2012	66,2
20 Industria química	Hombres	Valor absoluto	2011	74,9
20 Industria química	Hombres	Valor absoluto	2010	84,1
20 Industria química	Hombres	Valor absoluto	2009	82,6
20 Industria química	Hombres	Valor absoluto	2008	98,2
20 Industria química	Hombres	Porcentaje	2025	0,7
20 Industria química	Hombres	Porcentaje	2024	0,7
20 Industria química	Hombres	Porcentaje	2023	0,8
20 Industria química	Hombres	Porcentaje	2022	0,8
20 Industria química	Hombres	Porcentaje	2021	0,8
20 Industria química	Hombres	Porcentaje	2020	0,8
20 Industria química	Hombres	Porcentaje	2019	0,9
20 Industria química	Hombres	Porcentaje	2018	0,9
20 Industria química	Hombres	Porcentaje	2017	0,8
20 Industria química	Hombres	Porcentaje	2016	0,8
20 Industria química	Hombres	Porcentaje	2015	0,8
20 Industria química	Hombres	Porcentaje	2014	0,8
20 Industria química	Hombres	Porcentaje	2013	0,8
20 Industria química	Hombres	Porcentaje	2012	0,7
20 Industria química	Hombres	Porcentaje	2011	0,7
20 Industria química	Hombres	Porcentaje	2010	0,8
20 Industria química	Hombres	Porcentaje	2009	0,8
20 Industria química	Hombres	Porcentaje	2008	0,8
20 Industria química	Mujeres	Valor absoluto	2025	49,6
20 Industria química	Mujeres	Valor absoluto	2024	50,9
20 Industria química	Mujeres	Valor absoluto	2023	48,5
20 Industria química	Mujeres	Valor absoluto	2022	44,4
20 Industria química	Mujeres	Valor absoluto	2021	37,3
20 Industria química	Mujeres	Valor absoluto	2020	42
20 Industria química	Mujeres	Valor absoluto	2019	36,7
20 Industria química	Mujeres	Valor absoluto	2018	37,5
20 Industria química	Mujeres	Valor absoluto	2017	40,1
20 Industria química	Mujeres	Valor absoluto	2016	34,8
20 Industria química	Mujeres	Valor absoluto	2015	32,3
20 Industria química	Mujeres	Valor absoluto	2014	34,4
20 Industria química	Mujeres	Valor absoluto	2013	28,3
20 Industria química	Mujeres	Valor absoluto	2012	30,5
20 Industria química	Mujeres	Valor absoluto	2011	27,7
20 Industria química	Mujeres	Valor absoluto	2010	28,4
20 Industria química	Mujeres	Valor absoluto	2009	34,2
20 Industria química	Mujeres	Valor absoluto	2008	38,3
20 Industria química	Mujeres	Porcentaje	2025	0,5
20 Industria química	Mujeres	Porcentaje	2024	0,5
20 Industria química	Mujeres	Porcentaje	2023	0,5
20 Industria química	Mujeres	Porcentaje	2022	0,5
20 Industria química	Mujeres	Porcentaje	2021	0,4
20 Industria química	Mujeres	Porcentaje	2020	0,5
20 Industria química	Mujeres	Porcentaje	2019	0,4
20 Industria química	Mujeres	Porcentaje	2018	0,4
20 Industria química	Mujeres	Porcentaje	2017	0,5
20 Industria química	Mujeres	Porcentaje	2016	0,4
20 Industria química	Mujeres	Porcentaje	2015	0,4
20 Industria química	Mujeres	Porcentaje	2014	0,4
20 Industria química	Mujeres	Porcentaje	2013	0,4
20 Industria química	Mujeres	Porcentaje	2012	0,4
20 Industria química	Mujeres	Porcentaje	2011	0,3
20 Industria química	Mujeres	Porcentaje	2010	0,3
20 Industria química	Mujeres	Porcentaje	2009	0,4
20 Industria química	Mujeres	Porcentaje	2008	0,4
21 Fabricación de productos farmacéuticos	Ambos sexos	Valor absoluto	2025	103
21 Fabricación de productos farmacéuticos	Ambos sexos	Valor absoluto	2024	108,4
21 Fabricación de productos farmacéuticos	Ambos sexos	Valor absoluto	2023	103,3
21 Fabricación de productos farmacéuticos	Ambos sexos	Valor absoluto	2022	104,7
21 Fabricación de productos farmacéuticos	Ambos sexos	Valor absoluto	2021	87,5
21 Fabricación de productos farmacéuticos	Ambos sexos	Valor absoluto	2020	88,7
21 Fabricación de productos farmacéuticos	Ambos sexos	Valor absoluto	2019	79,2
21 Fabricación de productos farmacéuticos	Ambos sexos	Valor absoluto	2018	68,9
21 Fabricación de productos farmacéuticos	Ambos sexos	Valor absoluto	2017	72,3
21 Fabricación de productos farmacéuticos	Ambos sexos	Valor absoluto	2016	71,1
21 Fabricación de productos farmacéuticos	Ambos sexos	Valor absoluto	2015	84,9
21 Fabricación de productos farmacéuticos	Ambos sexos	Valor absoluto	2014	66,7
21 Fabricación de productos farmacéuticos	Ambos sexos	Valor absoluto	2013	70,6
21 Fabricación de productos farmacéuticos	Ambos sexos	Valor absoluto	2012	70,4
21 Fabricación de productos farmacéuticos	Ambos sexos	Valor absoluto	2011	68,1
21 Fabricación de productos farmacéuticos	Ambos sexos	Valor absoluto	2010	66,2
21 Fabricación de productos farmacéuticos	Ambos sexos	Valor absoluto	2009	59
21 Fabricación de productos farmacéuticos	Ambos sexos	Valor absoluto	2008	65,7
21 Fabricación de productos farmacéuticos	Ambos sexos	Porcentaje	2025	0,5
21 Fabricación de productos farmacéuticos	Ambos sexos	Porcentaje	2024	0,5
21 Fabricación de productos farmacéuticos	Ambos sexos	Porcentaje	2023	0,5
21 Fabricación de productos farmacéuticos	Ambos sexos	Porcentaje	2022	0,5
21 Fabricación de productos farmacéuticos	Ambos sexos	Porcentaje	2021	0,4
21 Fabricación de productos farmacéuticos	Ambos sexos	Porcentaje	2020	0,5
21 Fabricación de productos farmacéuticos	Ambos sexos	Porcentaje	2019	0,4
21 Fabricación de productos farmacéuticos	Ambos sexos	Porcentaje	2018	0,4
21 Fabricación de productos farmacéuticos	Ambos sexos	Porcentaje	2017	0,4
21 Fabricación de productos farmacéuticos	Ambos sexos	Porcentaje	2016	0,4
21 Fabricación de productos farmacéuticos	Ambos sexos	Porcentaje	2015	0,5
21 Fabricación de productos farmacéuticos	Ambos sexos	Porcentaje	2014	0,4
21 Fabricación de productos farmacéuticos	Ambos sexos	Porcentaje	2013	0,4
21 Fabricación de productos farmacéuticos	Ambos sexos	Porcentaje	2012	0,4
21 Fabricación de productos farmacéuticos	Ambos sexos	Porcentaje	2011	0,4
21 Fabricación de productos farmacéuticos	Ambos sexos	Porcentaje	2010	0,4
21 Fabricación de productos farmacéuticos	Ambos sexos	Porcentaje	2009	0,3
21 Fabricación de productos farmacéuticos	Ambos sexos	Porcentaje	2008	0,3
21 Fabricación de productos farmacéuticos	Hombres	Valor absoluto	2025	47,9
21 Fabricación de productos farmacéuticos	Hombres	Valor absoluto	2024	44,5
21 Fabricación de productos farmacéuticos	Hombres	Valor absoluto	2023	47,6
21 Fabricación de productos farmacéuticos	Hombres	Valor absoluto	2022	49,5
21 Fabricación de productos farmacéuticos	Hombres	Valor absoluto	2021	43,2
21 Fabricación de productos farmacéuticos	Hombres	Valor absoluto	2020	44
21 Fabricación de productos farmacéuticos	Hombres	Valor absoluto	2019	39,7
21 Fabricación de productos farmacéuticos	Hombres	Valor absoluto	2018	33,6
21 Fabricación de productos farmacéuticos	Hombres	Valor absoluto	2017	32,3
21 Fabricación de productos farmacéuticos	Hombres	Valor absoluto	2016	34,6
21 Fabricación de productos farmacéuticos	Hombres	Valor absoluto	2015	42,2
21 Fabricación de productos farmacéuticos	Hombres	Valor absoluto	2014	34,6
21 Fabricación de productos farmacéuticos	Hombres	Valor absoluto	2013	36,8
21 Fabricación de productos farmacéuticos	Hombres	Valor absoluto	2012	37,4
21 Fabricación de productos farmacéuticos	Hombres	Valor absoluto	2011	30,5
21 Fabricación de productos farmacéuticos	Hombres	Valor absoluto	2010	30,4
21 Fabricación de productos farmacéuticos	Hombres	Valor absoluto	2009	28,4
21 Fabricación de productos farmacéuticos	Hombres	Valor absoluto	2008	32,4
21 Fabricación de productos farmacéuticos	Hombres	Porcentaje	2025	0,4
21 Fabricación de productos farmacéuticos	Hombres	Porcentaje	2024	0,4
21 Fabricación de productos farmacéuticos	Hombres	Porcentaje	2023	0,4
21 Fabricación de productos farmacéuticos	Hombres	Porcentaje	2022	0,4
21 Fabricación de productos farmacéuticos	Hombres	Porcentaje	2021	0,4
21 Fabricación de productos farmacéuticos	Hombres	Porcentaje	2020	0,4
21 Fabricación de productos farmacéuticos	Hombres	Porcentaje	2019	0,4
21 Fabricación de productos farmacéuticos	Hombres	Porcentaje	2018	0,3
21 Fabricación de productos farmacéuticos	Hombres	Porcentaje	2017	0,3
21 Fabricación de productos farmacéuticos	Hombres	Porcentaje	2016	0,3
21 Fabricación de productos farmacéuticos	Hombres	Porcentaje	2015	0,4
21 Fabricación de productos farmacéuticos	Hombres	Porcentaje	2014	0,4
21 Fabricación de productos farmacéuticos	Hombres	Porcentaje	2013	0,4
21 Fabricación de productos farmacéuticos	Hombres	Porcentaje	2012	0,4
21 Fabricación de productos farmacéuticos	Hombres	Porcentaje	2011	0,3
21 Fabricación de productos farmacéuticos	Hombres	Porcentaje	2010	0,3
21 Fabricación de productos farmacéuticos	Hombres	Porcentaje	2009	0,3
21 Fabricación de productos farmacéuticos	Hombres	Porcentaje	2008	0,3
21 Fabricación de productos farmacéuticos	Mujeres	Valor absoluto	2025	55,1
21 Fabricación de productos farmacéuticos	Mujeres	Valor absoluto	2024	64
21 Fabricación de productos farmacéuticos	Mujeres	Valor absoluto	2023	55,7
21 Fabricación de productos farmacéuticos	Mujeres	Valor absoluto	2022	55,2
21 Fabricación de productos farmacéuticos	Mujeres	Valor absoluto	2021	44,3
21 Fabricación de productos farmacéuticos	Mujeres	Valor absoluto	2020	44,7
21 Fabricación de productos farmacéuticos	Mujeres	Valor absoluto	2019	39,5
21 Fabricación de productos farmacéuticos	Mujeres	Valor absoluto	2018	35,3
21 Fabricación de productos farmacéuticos	Mujeres	Valor absoluto	2017	39,9
21 Fabricación de productos farmacéuticos	Mujeres	Valor absoluto	2016	36,5
21 Fabricación de productos farmacéuticos	Mujeres	Valor absoluto	2015	42,7
21 Fabricación de productos farmacéuticos	Mujeres	Valor absoluto	2014	32,2
21 Fabricación de productos farmacéuticos	Mujeres	Valor absoluto	2013	33,8
21 Fabricación de productos farmacéuticos	Mujeres	Valor absoluto	2012	33
21 Fabricación de productos farmacéuticos	Mujeres	Valor absoluto	2011	37,7
21 Fabricación de productos farmacéuticos	Mujeres	Valor absoluto	2010	35,8
21 Fabricación de productos farmacéuticos	Mujeres	Valor absoluto	2009	30,6
21 Fabricación de productos farmacéuticos	Mujeres	Valor absoluto	2008	33,3
21 Fabricación de productos farmacéuticos	Mujeres	Porcentaje	2025	0,5
21 Fabricación de productos farmacéuticos	Mujeres	Porcentaje	2024	0,6
21 Fabricación de productos farmacéuticos	Mujeres	Porcentaje	2023	0,6
21 Fabricación de productos farmacéuticos	Mujeres	Porcentaje	2022	0,6
21 Fabricación de productos farmacéuticos	Mujeres	Porcentaje	2021	0,5
21 Fabricación de productos farmacéuticos	Mujeres	Porcentaje	2020	0,5
21 Fabricación de productos farmacéuticos	Mujeres	Porcentaje	2019	0,4
21 Fabricación de productos farmacéuticos	Mujeres	Porcentaje	2018	0,4
21 Fabricación de productos farmacéuticos	Mujeres	Porcentaje	2017	0,5
21 Fabricación de productos farmacéuticos	Mujeres	Porcentaje	2016	0,4
21 Fabricación de productos farmacéuticos	Mujeres	Porcentaje	2015	0,5
21 Fabricación de productos farmacéuticos	Mujeres	Porcentaje	2014	0,4
21 Fabricación de productos farmacéuticos	Mujeres	Porcentaje	2013	0,4
21 Fabricación de productos farmacéuticos	Mujeres	Porcentaje	2012	0,4
21 Fabricación de productos farmacéuticos	Mujeres	Porcentaje	2011	0,5
21 Fabricación de productos farmacéuticos	Mujeres	Porcentaje	2010	0,4
21 Fabricación de productos farmacéuticos	Mujeres	Porcentaje	2009	0,4
21 Fabricación de productos farmacéuticos	Mujeres	Porcentaje	2008	0,4
22 Fabricación de productos de caucho y plásticos	Ambos sexos	Valor absoluto	2025	99,4
22 Fabricación de productos de caucho y plásticos	Ambos sexos	Valor absoluto	2024	107,7
22 Fabricación de productos de caucho y plásticos	Ambos sexos	Valor absoluto	2023	100,4
22 Fabricación de productos de caucho y plásticos	Ambos sexos	Valor absoluto	2022	96,2
22 Fabricación de productos de caucho y plásticos	Ambos sexos	Valor absoluto	2021	93,9
22 Fabricación de productos de caucho y plásticos	Ambos sexos	Valor absoluto	2020	97,3
22 Fabricación de productos de caucho y plásticos	Ambos sexos	Valor absoluto	2019	104,9
22 Fabricación de productos de caucho y plásticos	Ambos sexos	Valor absoluto	2018	111
22 Fabricación de productos de caucho y plásticos	Ambos sexos	Valor absoluto	2017	97,1
22 Fabricación de productos de caucho y plásticos	Ambos sexos	Valor absoluto	2016	88,8
22 Fabricación de productos de caucho y plásticos	Ambos sexos	Valor absoluto	2015	84,6
22 Fabricación de productos de caucho y plásticos	Ambos sexos	Valor absoluto	2014	79,5
22 Fabricación de productos de caucho y plásticos	Ambos sexos	Valor absoluto	2013	80,5
22 Fabricación de productos de caucho y plásticos	Ambos sexos	Valor absoluto	2012	83,2
22 Fabricación de productos de caucho y plásticos	Ambos sexos	Valor absoluto	2011	86,2
22 Fabricación de productos de caucho y plásticos	Ambos sexos	Valor absoluto	2010	98,2
22 Fabricación de productos de caucho y plásticos	Ambos sexos	Valor absoluto	2009	101,3
22 Fabricación de productos de caucho y plásticos	Ambos sexos	Valor absoluto	2008	107,6
22 Fabricación de productos de caucho y plásticos	Ambos sexos	Porcentaje	2025	0,4
22 Fabricación de productos de caucho y plásticos	Ambos sexos	Porcentaje	2024	0,5
22 Fabricación de productos de caucho y plásticos	Ambos sexos	Porcentaje	2023	0,5
22 Fabricación de productos de caucho y plásticos	Ambos sexos	Porcentaje	2022	0,5
22 Fabricación de productos de caucho y plásticos	Ambos sexos	Porcentaje	2021	0,5
22 Fabricación de productos de caucho y plásticos	Ambos sexos	Porcentaje	2020	0,5
22 Fabricación de productos de caucho y plásticos	Ambos sexos	Porcentaje	2019	0,5
22 Fabricación de productos de caucho y plásticos	Ambos sexos	Porcentaje	2018	0,6
22 Fabricación de productos de caucho y plásticos	Ambos sexos	Porcentaje	2017	0,5
22 Fabricación de productos de caucho y plásticos	Ambos sexos	Porcentaje	2016	0,5
22 Fabricación de productos de caucho y plásticos	Ambos sexos	Porcentaje	2015	0,5
22 Fabricación de productos de caucho y plásticos	Ambos sexos	Porcentaje	2014	0,5
22 Fabricación de productos de caucho y plásticos	Ambos sexos	Porcentaje	2013	0,5
22 Fabricación de productos de caucho y plásticos	Ambos sexos	Porcentaje	2012	0,5
22 Fabricación de productos de caucho y plásticos	Ambos sexos	Porcentaje	2011	0,5
22 Fabricación de productos de caucho y plásticos	Ambos sexos	Porcentaje	2010	0,5
22 Fabricación de productos de caucho y plásticos	Ambos sexos	Porcentaje	2009	0,5
22 Fabricación de productos de caucho y plásticos	Ambos sexos	Porcentaje	2008	0,5
22 Fabricación de productos de caucho y plásticos	Hombres	Valor absoluto	2025	75,5
22 Fabricación de productos de caucho y plásticos	Hombres	Valor absoluto	2024	78
22 Fabricación de productos de caucho y plásticos	Hombres	Valor absoluto	2023	71,1
22 Fabricación de productos de caucho y plásticos	Hombres	Valor absoluto	2022	71,1
22 Fabricación de productos de caucho y plásticos	Hombres	Valor absoluto	2021	69,1
22 Fabricación de productos de caucho y plásticos	Hombres	Valor absoluto	2020	71,2
22 Fabricación de productos de caucho y plásticos	Hombres	Valor absoluto	2019	74,1
22 Fabricación de productos de caucho y plásticos	Hombres	Valor absoluto	2018	81,7
22 Fabricación de productos de caucho y plásticos	Hombres	Valor absoluto	2017	73,2
22 Fabricación de productos de caucho y plásticos	Hombres	Valor absoluto	2016	65,9
22 Fabricación de productos de caucho y plásticos	Hombres	Valor absoluto	2015	62,3
22 Fabricación de productos de caucho y plásticos	Hombres	Valor absoluto	2014	58,2
22 Fabricación de productos de caucho y plásticos	Hombres	Valor absoluto	2013	60,8
22 Fabricación de productos de caucho y plásticos	Hombres	Valor absoluto	2012	66,2
22 Fabricación de productos de caucho y plásticos	Hombres	Valor absoluto	2011	71,4
22 Fabricación de productos de caucho y plásticos	Hombres	Valor absoluto	2010	72,5
22 Fabricación de productos de caucho y plásticos	Hombres	Valor absoluto	2009	75,1
22 Fabricación de productos de caucho y plásticos	Hombres	Valor absoluto	2008	81,8
22 Fabricación de productos de caucho y plásticos	Hombres	Porcentaje	2025	0,6
22 Fabricación de productos de caucho y plásticos	Hombres	Porcentaje	2024	0,7
22 Fabricación de productos de caucho y plásticos	Hombres	Porcentaje	2023	0,6
22 Fabricación de productos de caucho y plásticos	Hombres	Porcentaje	2022	0,6
22 Fabricación de productos de caucho y plásticos	Hombres	Porcentaje	2021	0,6
22 Fabricación de productos de caucho y plásticos	Hombres	Porcentaje	2020	0,7
22 Fabricación de productos de caucho y plásticos	Hombres	Porcentaje	2019	0,7
22 Fabricación de productos de caucho y plásticos	Hombres	Porcentaje	2018	0,8
22 Fabricación de productos de caucho y plásticos	Hombres	Porcentaje	2017	0,7
22 Fabricación de productos de caucho y plásticos	Hombres	Porcentaje	2016	0,7
22 Fabricación de productos de caucho y plásticos	Hombres	Porcentaje	2015	0,6
22 Fabricación de productos de caucho y plásticos	Hombres	Porcentaje	2014	0,6
22 Fabricación de productos de caucho y plásticos	Hombres	Porcentaje	2013	0,7
22 Fabricación de productos de caucho y plásticos	Hombres	Porcentaje	2012	0,7
22 Fabricación de productos de caucho y plásticos	Hombres	Porcentaje	2011	0,7
22 Fabricación de productos de caucho y plásticos	Hombres	Porcentaje	2010	0,7
22 Fabricación de productos de caucho y plásticos	Hombres	Porcentaje	2009	0,7
22 Fabricación de productos de caucho y plásticos	Hombres	Porcentaje	2008	0,7
22 Fabricación de productos de caucho y plásticos	Mujeres	Valor absoluto	2025	23,8
22 Fabricación de productos de caucho y plásticos	Mujeres	Valor absoluto	2024	29,8
22 Fabricación de productos de caucho y plásticos	Mujeres	Valor absoluto	2023	29,3
22 Fabricación de productos de caucho y plásticos	Mujeres	Valor absoluto	2022	25,2
22 Fabricación de productos de caucho y plásticos	Mujeres	Valor absoluto	2021	24,8
22 Fabricación de productos de caucho y plásticos	Mujeres	Valor absoluto	2020	26,1
22 Fabricación de productos de caucho y plásticos	Mujeres	Valor absoluto	2019	30,8
22 Fabricación de productos de caucho y plásticos	Mujeres	Valor absoluto	2018	29,3
22 Fabricación de productos de caucho y plásticos	Mujeres	Valor absoluto	2017	23,8
22 Fabricación de productos de caucho y plásticos	Mujeres	Valor absoluto	2016	22,9
22 Fabricación de productos de caucho y plásticos	Mujeres	Valor absoluto	2015	22,4
22 Fabricación de productos de caucho y plásticos	Mujeres	Valor absoluto	2014	21,3
22 Fabricación de productos de caucho y plásticos	Mujeres	Valor absoluto	2013	19,7
22 Fabricación de productos de caucho y plásticos	Mujeres	Valor absoluto	2012	17
22 Fabricación de productos de caucho y plásticos	Mujeres	Valor absoluto	2011	14,8
22 Fabricación de productos de caucho y plásticos	Mujeres	Valor absoluto	2010	25,7
22 Fabricación de productos de caucho y plásticos	Mujeres	Valor absoluto	2009	26,2
22 Fabricación de productos de caucho y plásticos	Mujeres	Valor absoluto	2008	25,9
22 Fabricación de productos de caucho y plásticos	Mujeres	Porcentaje	2025	0,2
22 Fabricación de productos de caucho y plásticos	Mujeres	Porcentaje	2024	0,3
22 Fabricación de productos de caucho y plásticos	Mujeres	Porcentaje	2023	0,3
22 Fabricación de productos de caucho y plásticos	Mujeres	Porcentaje	2022	0,3
22 Fabricación de productos de caucho y plásticos	Mujeres	Porcentaje	2021	0,3
22 Fabricación de productos de caucho y plásticos	Mujeres	Porcentaje	2020	0,3
22 Fabricación de productos de caucho y plásticos	Mujeres	Porcentaje	2019	0,3
22 Fabricación de productos de caucho y plásticos	Mujeres	Porcentaje	2018	0,3
22 Fabricación de productos de caucho y plásticos	Mujeres	Porcentaje	2017	0,3
22 Fabricación de productos de caucho y plásticos	Mujeres	Porcentaje	2016	0,3
22 Fabricación de productos de caucho y plásticos	Mujeres	Porcentaje	2015	0,3
22 Fabricación de productos de caucho y plásticos	Mujeres	Porcentaje	2014	0,3
22 Fabricación de productos de caucho y plásticos	Mujeres	Porcentaje	2013	0,3
22 Fabricación de productos de caucho y plásticos	Mujeres	Porcentaje	2012	0,2
22 Fabricación de productos de caucho y plásticos	Mujeres	Porcentaje	2011	0,2
22 Fabricación de productos de caucho y plásticos	Mujeres	Porcentaje	2010	0,3
22 Fabricación de productos de caucho y plásticos	Mujeres	Porcentaje	2009	0,3
22 Fabricación de productos de caucho y plásticos	Mujeres	Porcentaje	2008	0,3
23 Fabricación de otros productos minerales no metálicos	Ambos sexos	Valor absoluto	2025	107,8
23 Fabricación de otros productos minerales no metálicos	Ambos sexos	Valor absoluto	2024	101,6
23 Fabricación de otros productos minerales no metálicos	Ambos sexos	Valor absoluto	2023	117,2
23 Fabricación de otros productos minerales no metálicos	Ambos sexos	Valor absoluto	2022	110,6
23 Fabricación de otros productos minerales no metálicos	Ambos sexos	Valor absoluto	2021	107,1
23 Fabricación de otros productos minerales no metálicos	Ambos sexos	Valor absoluto	2020	103,3
23 Fabricación de otros productos minerales no metálicos	Ambos sexos	Valor absoluto	2019	108,9
23 Fabricación de otros productos minerales no metálicos	Ambos sexos	Valor absoluto	2018	99
23 Fabricación de otros productos minerales no metálicos	Ambos sexos	Valor absoluto	2017	97,2
23 Fabricación de otros productos minerales no metálicos	Ambos sexos	Valor absoluto	2016	97,2
23 Fabricación de otros productos minerales no metálicos	Ambos sexos	Valor absoluto	2015	95,9
23 Fabricación de otros productos minerales no metálicos	Ambos sexos	Valor absoluto	2014	94,6
23 Fabricación de otros productos minerales no metálicos	Ambos sexos	Valor absoluto	2013	95,9
23 Fabricación de otros productos minerales no metálicos	Ambos sexos	Valor absoluto	2012	106,9
23 Fabricación de otros productos minerales no metálicos	Ambos sexos	Valor absoluto	2011	124,1
23 Fabricación de otros productos minerales no metálicos	Ambos sexos	Valor absoluto	2010	131
23 Fabricación de otros productos minerales no metálicos	Ambos sexos	Valor absoluto	2009	161,2
23 Fabricación de otros productos minerales no metálicos	Ambos sexos	Valor absoluto	2008	212,1
23 Fabricación de otros productos minerales no metálicos	Ambos sexos	Porcentaje	2025	0,5
23 Fabricación de otros productos minerales no metálicos	Ambos sexos	Porcentaje	2024	0,5
23 Fabricación de otros productos minerales no metálicos	Ambos sexos	Porcentaje	2023	0,6
23 Fabricación de otros productos minerales no metálicos	Ambos sexos	Porcentaje	2022	0,5
23 Fabricación de otros productos minerales no metálicos	Ambos sexos	Porcentaje	2021	0,5
23 Fabricación de otros productos minerales no metálicos	Ambos sexos	Porcentaje	2020	0,5
23 Fabricación de otros productos minerales no metálicos	Ambos sexos	Porcentaje	2019	0,6
23 Fabricación de otros productos minerales no metálicos	Ambos sexos	Porcentaje	2018	0,5
23 Fabricación de otros productos minerales no metálicos	Ambos sexos	Porcentaje	2017	0,5
23 Fabricación de otros productos minerales no metálicos	Ambos sexos	Porcentaje	2016	0,5
23 Fabricación de otros productos minerales no metálicos	Ambos sexos	Porcentaje	2015	0,5
23 Fabricación de otros productos minerales no metálicos	Ambos sexos	Porcentaje	2014	0,5
23 Fabricación de otros productos minerales no metálicos	Ambos sexos	Porcentaje	2013	0,6
23 Fabricación de otros productos minerales no metálicos	Ambos sexos	Porcentaje	2012	0,6
23 Fabricación de otros productos minerales no metálicos	Ambos sexos	Porcentaje	2011	0,7
23 Fabricación de otros productos minerales no metálicos	Ambos sexos	Porcentaje	2010	0,7
23 Fabricación de otros productos minerales no metálicos	Ambos sexos	Porcentaje	2009	0,8
23 Fabricación de otros productos minerales no metálicos	Ambos sexos	Porcentaje	2008	1
23 Fabricación de otros productos minerales no metálicos	Hombres	Valor absoluto	2025	87,8
23 Fabricación de otros productos minerales no metálicos	Hombres	Valor absoluto	2024	81,2
23 Fabricación de otros productos minerales no metálicos	Hombres	Valor absoluto	2023	98,5
23 Fabricación de otros productos minerales no metálicos	Hombres	Valor absoluto	2022	92,6
23 Fabricación de otros productos minerales no metálicos	Hombres	Valor absoluto	2021	89,2
23 Fabricación de otros productos minerales no metálicos	Hombres	Valor absoluto	2020	84
23 Fabricación de otros productos minerales no metálicos	Hombres	Valor absoluto	2019	89,5
23 Fabricación de otros productos minerales no metálicos	Hombres	Valor absoluto	2018	82
23 Fabricación de otros productos minerales no metálicos	Hombres	Valor absoluto	2017	84,2
23 Fabricación de otros productos minerales no metálicos	Hombres	Valor absoluto	2016	83,6
23 Fabricación de otros productos minerales no metálicos	Hombres	Valor absoluto	2015	79,8
23 Fabricación de otros productos minerales no metálicos	Hombres	Valor absoluto	2014	80,4
23 Fabricación de otros productos minerales no metálicos	Hombres	Valor absoluto	2013	81,5
23 Fabricación de otros productos minerales no metálicos	Hombres	Valor absoluto	2012	91,5
23 Fabricación de otros productos minerales no metálicos	Hombres	Valor absoluto	2011	104,6
23 Fabricación de otros productos minerales no metálicos	Hombres	Valor absoluto	2010	111,4
23 Fabricación de otros productos minerales no metálicos	Hombres	Valor absoluto	2009	136,7
23 Fabricación de otros productos minerales no metálicos	Hombres	Valor absoluto	2008	177,9
23 Fabricación de otros productos minerales no metálicos	Hombres	Porcentaje	2025	0,7
23 Fabricación de otros productos minerales no metálicos	Hombres	Porcentaje	2024	0,7
23 Fabricación de otros productos minerales no metálicos	Hombres	Porcentaje	2023	0,9
23 Fabricación de otros productos minerales no metálicos	Hombres	Porcentaje	2022	0,8
23 Fabricación de otros productos minerales no metálicos	Hombres	Porcentaje	2021	0,8
23 Fabricación de otros productos minerales no metálicos	Hombres	Porcentaje	2020	0,8
23 Fabricación de otros productos minerales no metálicos	Hombres	Porcentaje	2019	0,8
23 Fabricación de otros productos minerales no metálicos	Hombres	Porcentaje	2018	0,8
23 Fabricación de otros productos minerales no metálicos	Hombres	Porcentaje	2017	0,8
23 Fabricación de otros productos minerales no metálicos	Hombres	Porcentaje	2016	0,8
23 Fabricación de otros productos minerales no metálicos	Hombres	Porcentaje	2015	0,8
23 Fabricación de otros productos minerales no metálicos	Hombres	Porcentaje	2014	0,9
23 Fabricación de otros productos minerales no metálicos	Hombres	Porcentaje	2013	0,9
23 Fabricación de otros productos minerales no metálicos	Hombres	Porcentaje	2012	1
23 Fabricación de otros productos minerales no metálicos	Hombres	Porcentaje	2011	1
23 Fabricación de otros productos minerales no metálicos	Hombres	Porcentaje	2010	1,1
23 Fabricación de otros productos minerales no metálicos	Hombres	Porcentaje	2009	1,3
23 Fabricación de otros productos minerales no metálicos	Hombres	Porcentaje	2008	1,5
23 Fabricación de otros productos minerales no metálicos	Mujeres	Valor absoluto	2025	20,1
23 Fabricación de otros productos minerales no metálicos	Mujeres	Valor absoluto	2024	20,4
23 Fabricación de otros productos minerales no metálicos	Mujeres	Valor absoluto	2023	18,7
23 Fabricación de otros productos minerales no metálicos	Mujeres	Valor absoluto	2022	18,1
23 Fabricación de otros productos minerales no metálicos	Mujeres	Valor absoluto	2021	17,9
23 Fabricación de otros productos minerales no metálicos	Mujeres	Valor absoluto	2020	19,3
23 Fabricación de otros productos minerales no metálicos	Mujeres	Valor absoluto	2019	19,4
23 Fabricación de otros productos minerales no metálicos	Mujeres	Valor absoluto	2018	17
23 Fabricación de otros productos minerales no metálicos	Mujeres	Valor absoluto	2017	13,1
23 Fabricación de otros productos minerales no metálicos	Mujeres	Valor absoluto	2016	13,6
23 Fabricación de otros productos minerales no metálicos	Mujeres	Valor absoluto	2015	16,1
23 Fabricación de otros productos minerales no metálicos	Mujeres	Valor absoluto	2014	14,2
23 Fabricación de otros productos minerales no metálicos	Mujeres	Valor absoluto	2013	14,4
23 Fabricación de otros productos minerales no metálicos	Mujeres	Valor absoluto	2012	15,5
23 Fabricación de otros productos minerales no metálicos	Mujeres	Valor absoluto	2011	19,6
23 Fabricación de otros productos minerales no metálicos	Mujeres	Valor absoluto	2010	19,6
23 Fabricación de otros productos minerales no metálicos	Mujeres	Valor absoluto	2009	24,5
23 Fabricación de otros productos minerales no metálicos	Mujeres	Valor absoluto	2008	34,2
23 Fabricación de otros productos minerales no metálicos	Mujeres	Porcentaje	2025	0,2
23 Fabricación de otros productos minerales no metálicos	Mujeres	Porcentaje	2024	0,2
23 Fabricación de otros productos minerales no metálicos	Mujeres	Porcentaje	2023	0,2
23 Fabricación de otros productos minerales no metálicos	Mujeres	Porcentaje	2022	0,2
23 Fabricación de otros productos minerales no metálicos	Mujeres	Porcentaje	2021	0,2
23 Fabricación de otros productos minerales no metálicos	Mujeres	Porcentaje	2020	0,2
23 Fabricación de otros productos minerales no metálicos	Mujeres	Porcentaje	2019	0,2
23 Fabricación de otros productos minerales no metálicos	Mujeres	Porcentaje	2018	0,2
23 Fabricación de otros productos minerales no metálicos	Mujeres	Porcentaje	2017	0,2
23 Fabricación de otros productos minerales no metálicos	Mujeres	Porcentaje	2016	0,2
23 Fabricación de otros productos minerales no metálicos	Mujeres	Porcentaje	2015	0,2
23 Fabricación de otros productos minerales no metálicos	Mujeres	Porcentaje	2014	0,2
23 Fabricación de otros productos minerales no metálicos	Mujeres	Porcentaje	2013	0,2
23 Fabricación de otros productos minerales no metálicos	Mujeres	Porcentaje	2012	0,2
23 Fabricación de otros productos minerales no metálicos	Mujeres	Porcentaje	2011	0,2
23 Fabricación de otros productos minerales no metálicos	Mujeres	Porcentaje	2010	0,2
23 Fabricación de otros productos minerales no metálicos	Mujeres	Porcentaje	2009	0,3
23 Fabricación de otros productos minerales no metálicos	Mujeres	Porcentaje	2008	0,4
24 Metalurgia; fabricación de productos de hierro, acero y ferroaleaciones	Ambos sexos	Valor absoluto	2025	86,5
24 Metalurgia; fabricación de productos de hierro, acero y ferroaleaciones	Ambos sexos	Valor absoluto	2024	72,3
24 Metalurgia; fabricación de productos de hierro, acero y ferroaleaciones	Ambos sexos	Valor absoluto	2023	81,2
24 Metalurgia; fabricación de productos de hierro, acero y ferroaleaciones	Ambos sexos	Valor absoluto	2022	94,9
24 Metalurgia; fabricación de productos de hierro, acero y ferroaleaciones	Ambos sexos	Valor absoluto	2021	82,6
24 Metalurgia; fabricación de productos de hierro, acero y ferroaleaciones	Ambos sexos	Valor absoluto	2020	77,5
24 Metalurgia; fabricación de productos de hierro, acero y ferroaleaciones	Ambos sexos	Valor absoluto	2019	87,3
24 Metalurgia; fabricación de productos de hierro, acero y ferroaleaciones	Ambos sexos	Valor absoluto	2018	89
24 Metalurgia; fabricación de productos de hierro, acero y ferroaleaciones	Ambos sexos	Valor absoluto	2017	90,9
24 Metalurgia; fabricación de productos de hierro, acero y ferroaleaciones	Ambos sexos	Valor absoluto	2016	81,6
24 Metalurgia; fabricación de productos de hierro, acero y ferroaleaciones	Ambos sexos	Valor absoluto	2015	81
24 Metalurgia; fabricación de productos de hierro, acero y ferroaleaciones	Ambos sexos	Valor absoluto	2014	73,9
24 Metalurgia; fabricación de productos de hierro, acero y ferroaleaciones	Ambos sexos	Valor absoluto	2013	76
24 Metalurgia; fabricación de productos de hierro, acero y ferroaleaciones	Ambos sexos	Valor absoluto	2012	80,1
24 Metalurgia; fabricación de productos de hierro, acero y ferroaleaciones	Ambos sexos	Valor absoluto	2011	87,3
24 Metalurgia; fabricación de productos de hierro, acero y ferroaleaciones	Ambos sexos	Valor absoluto	2010	93,1
24 Metalurgia; fabricación de productos de hierro, acero y ferroaleaciones	Ambos sexos	Valor absoluto	2009	95,5
24 Metalurgia; fabricación de productos de hierro, acero y ferroaleaciones	Ambos sexos	Valor absoluto	2008	115,4
24 Metalurgia; fabricación de productos de hierro, acero y ferroaleaciones	Ambos sexos	Porcentaje	2025	0,4
24 Metalurgia; fabricación de productos de hierro, acero y ferroaleaciones	Ambos sexos	Porcentaje	2024	0,3
24 Metalurgia; fabricación de productos de hierro, acero y ferroaleaciones	Ambos sexos	Porcentaje	2023	0,4
24 Metalurgia; fabricación de productos de hierro, acero y ferroaleaciones	Ambos sexos	Porcentaje	2022	0,5
24 Metalurgia; fabricación de productos de hierro, acero y ferroaleaciones	Ambos sexos	Porcentaje	2021	0,4
24 Metalurgia; fabricación de productos de hierro, acero y ferroaleaciones	Ambos sexos	Porcentaje	2020	0,4
24 Metalurgia; fabricación de productos de hierro, acero y ferroaleaciones	Ambos sexos	Porcentaje	2019	0,4
24 Metalurgia; fabricación de productos de hierro, acero y ferroaleaciones	Ambos sexos	Porcentaje	2018	0,5
24 Metalurgia; fabricación de productos de hierro, acero y ferroaleaciones	Ambos sexos	Porcentaje	2017	0,5
24 Metalurgia; fabricación de productos de hierro, acero y ferroaleaciones	Ambos sexos	Porcentaje	2016	0,4
24 Metalurgia; fabricación de productos de hierro, acero y ferroaleaciones	Ambos sexos	Porcentaje	2015	0,5
24 Metalurgia; fabricación de productos de hierro, acero y ferroaleaciones	Ambos sexos	Porcentaje	2014	0,4
24 Metalurgia; fabricación de productos de hierro, acero y ferroaleaciones	Ambos sexos	Porcentaje	2013	0,4
24 Metalurgia; fabricación de productos de hierro, acero y ferroaleaciones	Ambos sexos	Porcentaje	2012	0,5
24 Metalurgia; fabricación de productos de hierro, acero y ferroaleaciones	Ambos sexos	Porcentaje	2011	0,5
24 Metalurgia; fabricación de productos de hierro, acero y ferroaleaciones	Ambos sexos	Porcentaje	2010	0,5
24 Metalurgia; fabricación de productos de hierro, acero y ferroaleaciones	Ambos sexos	Porcentaje	2009	0,5
24 Metalurgia; fabricación de productos de hierro, acero y ferroaleaciones	Ambos sexos	Porcentaje	2008	0,6
24 Metalurgia; fabricación de productos de hierro, acero y ferroaleaciones	Hombres	Valor absoluto	2025	74,7
24 Metalurgia; fabricación de productos de hierro, acero y ferroaleaciones	Hombres	Valor absoluto	2024	60,8
24 Metalurgia; fabricación de productos de hierro, acero y ferroaleaciones	Hombres	Valor absoluto	2023	75
24 Metalurgia; fabricación de productos de hierro, acero y ferroaleaciones	Hombres	Valor absoluto	2022	86,4
24 Metalurgia; fabricación de productos de hierro, acero y ferroaleaciones	Hombres	Valor absoluto	2021	72,1
24 Metalurgia; fabricación de productos de hierro, acero y ferroaleaciones	Hombres	Valor absoluto	2020	70
24 Metalurgia; fabricación de productos de hierro, acero y ferroaleaciones	Hombres	Valor absoluto	2019	77,7
24 Metalurgia; fabricación de productos de hierro, acero y ferroaleaciones	Hombres	Valor absoluto	2018	76,1
24 Metalurgia; fabricación de productos de hierro, acero y ferroaleaciones	Hombres	Valor absoluto	2017	83,5
24 Metalurgia; fabricación de productos de hierro, acero y ferroaleaciones	Hombres	Valor absoluto	2016	74,5
24 Metalurgia; fabricación de productos de hierro, acero y ferroaleaciones	Hombres	Valor absoluto	2015	71,2
24 Metalurgia; fabricación de productos de hierro, acero y ferroaleaciones	Hombres	Valor absoluto	2014	65,6
24 Metalurgia; fabricación de productos de hierro, acero y ferroaleaciones	Hombres	Valor absoluto	2013	68,8
24 Metalurgia; fabricación de productos de hierro, acero y ferroaleaciones	Hombres	Valor absoluto	2012	72,5
24 Metalurgia; fabricación de productos de hierro, acero y ferroaleaciones	Hombres	Valor absoluto	2011	77,5
24 Metalurgia; fabricación de productos de hierro, acero y ferroaleaciones	Hombres	Valor absoluto	2010	81,4
24 Metalurgia; fabricación de productos de hierro, acero y ferroaleaciones	Hombres	Valor absoluto	2009	87,4
24 Metalurgia; fabricación de productos de hierro, acero y ferroaleaciones	Hombres	Valor absoluto	2008	106,4
24 Metalurgia; fabricación de productos de hierro, acero y ferroaleaciones	Hombres	Porcentaje	2025	0,6
24 Metalurgia; fabricación de productos de hierro, acero y ferroaleaciones	Hombres	Porcentaje	2024	0,5
24 Metalurgia; fabricación de productos de hierro, acero y ferroaleaciones	Hombres	Porcentaje	2023	0,7
24 Metalurgia; fabricación de productos de hierro, acero y ferroaleaciones	Hombres	Porcentaje	2022	0,8
24 Metalurgia; fabricación de productos de hierro, acero y ferroaleaciones	Hombres	Porcentaje	2021	0,7
24 Metalurgia; fabricación de productos de hierro, acero y ferroaleaciones	Hombres	Porcentaje	2020	0,7
24 Metalurgia; fabricación de productos de hierro, acero y ferroaleaciones	Hombres	Porcentaje	2019	0,7
24 Metalurgia; fabricación de productos de hierro, acero y ferroaleaciones	Hombres	Porcentaje	2018	0,7
24 Metalurgia; fabricación de productos de hierro, acero y ferroaleaciones	Hombres	Porcentaje	2017	0,8
24 Metalurgia; fabricación de productos de hierro, acero y ferroaleaciones	Hombres	Porcentaje	2016	0,7
24 Metalurgia; fabricación de productos de hierro, acero y ferroaleaciones	Hombres	Porcentaje	2015	0,7
24 Metalurgia; fabricación de productos de hierro, acero y ferroaleaciones	Hombres	Porcentaje	2014	0,7
24 Metalurgia; fabricación de productos de hierro, acero y ferroaleaciones	Hombres	Porcentaje	2013	0,7
24 Metalurgia; fabricación de productos de hierro, acero y ferroaleaciones	Hombres	Porcentaje	2012	0,8
24 Metalurgia; fabricación de productos de hierro, acero y ferroaleaciones	Hombres	Porcentaje	2011	0,8
24 Metalurgia; fabricación de productos de hierro, acero y ferroaleaciones	Hombres	Porcentaje	2010	0,8
24 Metalurgia; fabricación de productos de hierro, acero y ferroaleaciones	Hombres	Porcentaje	2009	0,8
24 Metalurgia; fabricación de productos de hierro, acero y ferroaleaciones	Hombres	Porcentaje	2008	0,9
24 Metalurgia; fabricación de productos de hierro, acero y ferroaleaciones	Mujeres	Valor absoluto	2025	11,8
24 Metalurgia; fabricación de productos de hierro, acero y ferroaleaciones	Mujeres	Valor absoluto	2024	11,4
24 Metalurgia; fabricación de productos de hierro, acero y ferroaleaciones	Mujeres	Valor absoluto	2023	6,2
24 Metalurgia; fabricación de productos de hierro, acero y ferroaleaciones	Mujeres	Valor absoluto	2022	8,5
24 Metalurgia; fabricación de productos de hierro, acero y ferroaleaciones	Mujeres	Valor absoluto	2021	10,5
24 Metalurgia; fabricación de productos de hierro, acero y ferroaleaciones	Mujeres	Valor absoluto	2020	7,5
24 Metalurgia; fabricación de productos de hierro, acero y ferroaleaciones	Mujeres	Valor absoluto	2019	9,5
24 Metalurgia; fabricación de productos de hierro, acero y ferroaleaciones	Mujeres	Valor absoluto	2018	12,8
24 Metalurgia; fabricación de productos de hierro, acero y ferroaleaciones	Mujeres	Valor absoluto	2017	7,3
24 Metalurgia; fabricación de productos de hierro, acero y ferroaleaciones	Mujeres	Valor absoluto	2016	7,1
24 Metalurgia; fabricación de productos de hierro, acero y ferroaleaciones	Mujeres	Valor absoluto	2015	9,8
24 Metalurgia; fabricación de productos de hierro, acero y ferroaleaciones	Mujeres	Valor absoluto	2014	8,3
24 Metalurgia; fabricación de productos de hierro, acero y ferroaleaciones	Mujeres	Valor absoluto	2013	7,1
24 Metalurgia; fabricación de productos de hierro, acero y ferroaleaciones	Mujeres	Valor absoluto	2012	7,7
24 Metalurgia; fabricación de productos de hierro, acero y ferroaleaciones	Mujeres	Valor absoluto	2011	9,9
24 Metalurgia; fabricación de productos de hierro, acero y ferroaleaciones	Mujeres	Valor absoluto	2010	11,7
24 Metalurgia; fabricación de productos de hierro, acero y ferroaleaciones	Mujeres	Valor absoluto	2009	8,1
24 Metalurgia; fabricación de productos de hierro, acero y ferroaleaciones	Mujeres	Valor absoluto	2008	9,1
24 Metalurgia; fabricación de productos de hierro, acero y ferroaleaciones	Mujeres	Porcentaje	2025	0,1
24 Metalurgia; fabricación de productos de hierro, acero y ferroaleaciones	Mujeres	Porcentaje	2024	0,1
24 Metalurgia; fabricación de productos de hierro, acero y ferroaleaciones	Mujeres	Porcentaje	2023	0,1
24 Metalurgia; fabricación de productos de hierro, acero y ferroaleaciones	Mujeres	Porcentaje	2022	0,1
24 Metalurgia; fabricación de productos de hierro, acero y ferroaleaciones	Mujeres	Porcentaje	2021	0,1
24 Metalurgia; fabricación de productos de hierro, acero y ferroaleaciones	Mujeres	Porcentaje	2020	0,1
24 Metalurgia; fabricación de productos de hierro, acero y ferroaleaciones	Mujeres	Porcentaje	2019	0,1
24 Metalurgia; fabricación de productos de hierro, acero y ferroaleaciones	Mujeres	Porcentaje	2018	0,1
24 Metalurgia; fabricación de productos de hierro, acero y ferroaleaciones	Mujeres	Porcentaje	2017	0,1
24 Metalurgia; fabricación de productos de hierro, acero y ferroaleaciones	Mujeres	Porcentaje	2016	0,1
24 Metalurgia; fabricación de productos de hierro, acero y ferroaleaciones	Mujeres	Porcentaje	2015	0,1
24 Metalurgia; fabricación de productos de hierro, acero y ferroaleaciones	Mujeres	Porcentaje	2014	0,1
24 Metalurgia; fabricación de productos de hierro, acero y ferroaleaciones	Mujeres	Porcentaje	2013	0,1
24 Metalurgia; fabricación de productos de hierro, acero y ferroaleaciones	Mujeres	Porcentaje	2012	0,1
24 Metalurgia; fabricación de productos de hierro, acero y ferroaleaciones	Mujeres	Porcentaje	2011	0,1
24 Metalurgia; fabricación de productos de hierro, acero y ferroaleaciones	Mujeres	Porcentaje	2010	0,1
24 Metalurgia; fabricación de productos de hierro, acero y ferroaleaciones	Mujeres	Porcentaje	2009	0,1
24 Metalurgia; fabricación de productos de hierro, acero y ferroaleaciones	Mujeres	Porcentaje	2008	0,1
25 Fabricación de productos metálicos, excepto maquinaria y equipo	Ambos sexos	Valor absoluto	2025	291,7
25 Fabricación de productos metálicos, excepto maquinaria y equipo	Ambos sexos	Valor absoluto	2024	260,9
25 Fabricación de productos metálicos, excepto maquinaria y equipo	Ambos sexos	Valor absoluto	2023	239,6
25 Fabricación de productos metálicos, excepto maquinaria y equipo	Ambos sexos	Valor absoluto	2022	249,4
25 Fabricación de productos metálicos, excepto maquinaria y equipo	Ambos sexos	Valor absoluto	2021	260,7
25 Fabricación de productos metálicos, excepto maquinaria y equipo	Ambos sexos	Valor absoluto	2020	243
25 Fabricación de productos metálicos, excepto maquinaria y equipo	Ambos sexos	Valor absoluto	2019	237,4
25 Fabricación de productos metálicos, excepto maquinaria y equipo	Ambos sexos	Valor absoluto	2018	232,2
25 Fabricación de productos metálicos, excepto maquinaria y equipo	Ambos sexos	Valor absoluto	2017	212,6
25 Fabricación de productos metálicos, excepto maquinaria y equipo	Ambos sexos	Valor absoluto	2016	224,8
25 Fabricación de productos metálicos, excepto maquinaria y equipo	Ambos sexos	Valor absoluto	2015	217,9
25 Fabricación de productos metálicos, excepto maquinaria y equipo	Ambos sexos	Valor absoluto	2014	200,1
25 Fabricación de productos metálicos, excepto maquinaria y equipo	Ambos sexos	Valor absoluto	2013	212,3
25 Fabricación de productos metálicos, excepto maquinaria y equipo	Ambos sexos	Valor absoluto	2012	235,9
25 Fabricación de productos metálicos, excepto maquinaria y equipo	Ambos sexos	Valor absoluto	2011	262,7
25 Fabricación de productos metálicos, excepto maquinaria y equipo	Ambos sexos	Valor absoluto	2010	257,1
25 Fabricación de productos metálicos, excepto maquinaria y equipo	Ambos sexos	Valor absoluto	2009	279,1
25 Fabricación de productos metálicos, excepto maquinaria y equipo	Ambos sexos	Valor absoluto	2008	374,4
25 Fabricación de productos metálicos, excepto maquinaria y equipo	Ambos sexos	Porcentaje	2025	1,3
25 Fabricación de productos metálicos, excepto maquinaria y equipo	Ambos sexos	Porcentaje	2024	1,2
25 Fabricación de productos metálicos, excepto maquinaria y equipo	Ambos sexos	Porcentaje	2023	1,1
25 Fabricación de productos metálicos, excepto maquinaria y equipo	Ambos sexos	Porcentaje	2022	1,2
25 Fabricación de productos metálicos, excepto maquinaria y equipo	Ambos sexos	Porcentaje	2021	1,3
25 Fabricación de productos metálicos, excepto maquinaria y equipo	Ambos sexos	Porcentaje	2020	1,3
25 Fabricación de productos metálicos, excepto maquinaria y equipo	Ambos sexos	Porcentaje	2019	1,2
25 Fabricación de productos metálicos, excepto maquinaria y equipo	Ambos sexos	Porcentaje	2018	1,2
25 Fabricación de productos metálicos, excepto maquinaria y equipo	Ambos sexos	Porcentaje	2017	1,1
25 Fabricación de productos metálicos, excepto maquinaria y equipo	Ambos sexos	Porcentaje	2016	1,2
25 Fabricación de productos metálicos, excepto maquinaria y equipo	Ambos sexos	Porcentaje	2015	1,2
25 Fabricación de productos metálicos, excepto maquinaria y equipo	Ambos sexos	Porcentaje	2014	1,2
25 Fabricación de productos metálicos, excepto maquinaria y equipo	Ambos sexos	Porcentaje	2013	1,2
25 Fabricación de productos metálicos, excepto maquinaria y equipo	Ambos sexos	Porcentaje	2012	1,3
25 Fabricación de productos metálicos, excepto maquinaria y equipo	Ambos sexos	Porcentaje	2011	1,4
25 Fabricación de productos metálicos, excepto maquinaria y equipo	Ambos sexos	Porcentaje	2010	1,4
25 Fabricación de productos metálicos, excepto maquinaria y equipo	Ambos sexos	Porcentaje	2009	1,5
25 Fabricación de productos metálicos, excepto maquinaria y equipo	Ambos sexos	Porcentaje	2008	1,8
25 Fabricación de productos metálicos, excepto maquinaria y equipo	Hombres	Valor absoluto	2025	250
25 Fabricación de productos metálicos, excepto maquinaria y equipo	Hombres	Valor absoluto	2024	231,2
25 Fabricación de productos metálicos, excepto maquinaria y equipo	Hombres	Valor absoluto	2023	209,9
25 Fabricación de productos metálicos, excepto maquinaria y equipo	Hombres	Valor absoluto	2022	216,6
25 Fabricación de productos metálicos, excepto maquinaria y equipo	Hombres	Valor absoluto	2021	227,4
25 Fabricación de productos metálicos, excepto maquinaria y equipo	Hombres	Valor absoluto	2020	206,8
25 Fabricación de productos metálicos, excepto maquinaria y equipo	Hombres	Valor absoluto	2019	206,9
25 Fabricación de productos metálicos, excepto maquinaria y equipo	Hombres	Valor absoluto	2018	203,1
25 Fabricación de productos metálicos, excepto maquinaria y equipo	Hombres	Valor absoluto	2017	184,9
25 Fabricación de productos metálicos, excepto maquinaria y equipo	Hombres	Valor absoluto	2016	199,9
25 Fabricación de productos metálicos, excepto maquinaria y equipo	Hombres	Valor absoluto	2015	188,7
25 Fabricación de productos metálicos, excepto maquinaria y equipo	Hombres	Valor absoluto	2014	178,9
25 Fabricación de productos metálicos, excepto maquinaria y equipo	Hombres	Valor absoluto	2013	190,7
25 Fabricación de productos metálicos, excepto maquinaria y equipo	Hombres	Valor absoluto	2012	208,2
25 Fabricación de productos metálicos, excepto maquinaria y equipo	Hombres	Valor absoluto	2011	232,1
25 Fabricación de productos metálicos, excepto maquinaria y equipo	Hombres	Valor absoluto	2010	225,6
25 Fabricación de productos metálicos, excepto maquinaria y equipo	Hombres	Valor absoluto	2009	241
25 Fabricación de productos metálicos, excepto maquinaria y equipo	Hombres	Valor absoluto	2008	319,9
25 Fabricación de productos metálicos, excepto maquinaria y equipo	Hombres	Porcentaje	2025	2,1
25 Fabricación de productos metálicos, excepto maquinaria y equipo	Hombres	Porcentaje	2024	2
25 Fabricación de productos metálicos, excepto maquinaria y equipo	Hombres	Porcentaje	2023	1,8
25 Fabricación de productos metálicos, excepto maquinaria y equipo	Hombres	Porcentaje	2022	1,9
25 Fabricación de productos metálicos, excepto maquinaria y equipo	Hombres	Porcentaje	2021	2,1
25 Fabricación de productos metálicos, excepto maquinaria y equipo	Hombres	Porcentaje	2020	2
25 Fabricación de productos metálicos, excepto maquinaria y equipo	Hombres	Porcentaje	2019	1,9
25 Fabricación de productos metálicos, excepto maquinaria y equipo	Hombres	Porcentaje	2018	1,9
25 Fabricación de productos metálicos, excepto maquinaria y equipo	Hombres	Porcentaje	2017	1,8
25 Fabricación de productos metálicos, excepto maquinaria y equipo	Hombres	Porcentaje	2016	2
25 Fabricación de productos metálicos, excepto maquinaria y equipo	Hombres	Porcentaje	2015	1,9
25 Fabricación de productos metálicos, excepto maquinaria y equipo	Hombres	Porcentaje	2014	1,9
25 Fabricación de productos metálicos, excepto maquinaria y equipo	Hombres	Porcentaje	2013	2
25 Fabricación de productos metálicos, excepto maquinaria y equipo	Hombres	Porcentaje	2012	2,2
25 Fabricación de productos metálicos, excepto maquinaria y equipo	Hombres	Porcentaje	2011	2,3
25 Fabricación de productos metálicos, excepto maquinaria y equipo	Hombres	Porcentaje	2010	2,2
25 Fabricación de productos metálicos, excepto maquinaria y equipo	Hombres	Porcentaje	2009	2,2
25 Fabricación de productos metálicos, excepto maquinaria y equipo	Hombres	Porcentaje	2008	2,7
25 Fabricación de productos metálicos, excepto maquinaria y equipo	Mujeres	Valor absoluto	2025	41,8
25 Fabricación de productos metálicos, excepto maquinaria y equipo	Mujeres	Valor absoluto	2024	29,6
25 Fabricación de productos metálicos, excepto maquinaria y equipo	Mujeres	Valor absoluto	2023	29,6
25 Fabricación de productos metálicos, excepto maquinaria y equipo	Mujeres	Valor absoluto	2022	32,8
25 Fabricación de productos metálicos, excepto maquinaria y equipo	Mujeres	Valor absoluto	2021	33,2
25 Fabricación de productos metálicos, excepto maquinaria y equipo	Mujeres	Valor absoluto	2020	36,2
25 Fabricación de productos metálicos, excepto maquinaria y equipo	Mujeres	Valor absoluto	2019	30,5
25 Fabricación de productos metálicos, excepto maquinaria y equipo	Mujeres	Valor absoluto	2018	29,1
25 Fabricación de productos metálicos, excepto maquinaria y equipo	Mujeres	Valor absoluto	2017	27,8
25 Fabricación de productos metálicos, excepto maquinaria y equipo	Mujeres	Valor absoluto	2016	24,9
25 Fabricación de productos metálicos, excepto maquinaria y equipo	Mujeres	Valor absoluto	2015	29,2
25 Fabricación de productos metálicos, excepto maquinaria y equipo	Mujeres	Valor absoluto	2014	21,3
25 Fabricación de productos metálicos, excepto maquinaria y equipo	Mujeres	Valor absoluto	2013	21,6
25 Fabricación de productos metálicos, excepto maquinaria y equipo	Mujeres	Valor absoluto	2012	27,7
25 Fabricación de productos metálicos, excepto maquinaria y equipo	Mujeres	Valor absoluto	2011	30,6
25 Fabricación de productos metálicos, excepto maquinaria y equipo	Mujeres	Valor absoluto	2010	31,5
25 Fabricación de productos metálicos, excepto maquinaria y equipo	Mujeres	Valor absoluto	2009	38,1
25 Fabricación de productos metálicos, excepto maquinaria y equipo	Mujeres	Valor absoluto	2008	54,5
25 Fabricación de productos metálicos, excepto maquinaria y equipo	Mujeres	Porcentaje	2025	0,4
25 Fabricación de productos metálicos, excepto maquinaria y equipo	Mujeres	Porcentaje	2024	0,3
25 Fabricación de productos metálicos, excepto maquinaria y equipo	Mujeres	Porcentaje	2023	0,3
25 Fabricación de productos metálicos, excepto maquinaria y equipo	Mujeres	Porcentaje	2022	0,3
25 Fabricación de productos metálicos, excepto maquinaria y equipo	Mujeres	Porcentaje	2021	0,4
25 Fabricación de productos metálicos, excepto maquinaria y equipo	Mujeres	Porcentaje	2020	0,4
25 Fabricación de productos metálicos, excepto maquinaria y equipo	Mujeres	Porcentaje	2019	0,3
25 Fabricación de productos metálicos, excepto maquinaria y equipo	Mujeres	Porcentaje	2018	0,3
25 Fabricación de productos metálicos, excepto maquinaria y equipo	Mujeres	Porcentaje	2017	0,3
25 Fabricación de productos metálicos, excepto maquinaria y equipo	Mujeres	Porcentaje	2016	0,3
25 Fabricación de productos metálicos, excepto maquinaria y equipo	Mujeres	Porcentaje	2015	0,4
25 Fabricación de productos metálicos, excepto maquinaria y equipo	Mujeres	Porcentaje	2014	0,3
25 Fabricación de productos metálicos, excepto maquinaria y equipo	Mujeres	Porcentaje	2013	0,3
25 Fabricación de productos metálicos, excepto maquinaria y equipo	Mujeres	Porcentaje	2012	0,3
25 Fabricación de productos metálicos, excepto maquinaria y equipo	Mujeres	Porcentaje	2011	0,4
25 Fabricación de productos metálicos, excepto maquinaria y equipo	Mujeres	Porcentaje	2010	0,4
25 Fabricación de productos metálicos, excepto maquinaria y equipo	Mujeres	Porcentaje	2009	0,5
25 Fabricación de productos metálicos, excepto maquinaria y equipo	Mujeres	Porcentaje	2008	0,6
26 Fabricación de productos informáticos, electrónicos y ópticos	Ambos sexos	Valor absoluto	2025	50,9
26 Fabricación de productos informáticos, electrónicos y ópticos	Ambos sexos	Valor absoluto	2024	53
26 Fabricación de productos informáticos, electrónicos y ópticos	Ambos sexos	Valor absoluto	2023	45,2
26 Fabricación de productos informáticos, electrónicos y ópticos	Ambos sexos	Valor absoluto	2022	47,3
26 Fabricación de productos informáticos, electrónicos y ópticos	Ambos sexos	Valor absoluto	2021	36,2
26 Fabricación de productos informáticos, electrónicos y ópticos	Ambos sexos	Valor absoluto	2020	38,6
26 Fabricación de productos informáticos, electrónicos y ópticos	Ambos sexos	Valor absoluto	2019	46,7
26 Fabricación de productos informáticos, electrónicos y ópticos	Ambos sexos	Valor absoluto	2018	43,9
26 Fabricación de productos informáticos, electrónicos y ópticos	Ambos sexos	Valor absoluto	2017	41
26 Fabricación de productos informáticos, electrónicos y ópticos	Ambos sexos	Valor absoluto	2016	36,1
26 Fabricación de productos informáticos, electrónicos y ópticos	Ambos sexos	Valor absoluto	2015	32,6
26 Fabricación de productos informáticos, electrónicos y ópticos	Ambos sexos	Valor absoluto	2014	36,7
26 Fabricación de productos informáticos, electrónicos y ópticos	Ambos sexos	Valor absoluto	2013	41,6
26 Fabricación de productos informáticos, electrónicos y ópticos	Ambos sexos	Valor absoluto	2012	44,7
26 Fabricación de productos informáticos, electrónicos y ópticos	Ambos sexos	Valor absoluto	2011	51,3
26 Fabricación de productos informáticos, electrónicos y ópticos	Ambos sexos	Valor absoluto	2010	50,4
26 Fabricación de productos informáticos, electrónicos y ópticos	Ambos sexos	Valor absoluto	2009	53,8
26 Fabricación de productos informáticos, electrónicos y ópticos	Ambos sexos	Valor absoluto	2008	56,9
26 Fabricación de productos informáticos, electrónicos y ópticos	Ambos sexos	Porcentaje	2025	0,2
26 Fabricación de productos informáticos, electrónicos y ópticos	Ambos sexos	Porcentaje	2024	0,2
26 Fabricación de productos informáticos, electrónicos y ópticos	Ambos sexos	Porcentaje	2023	0,2
26 Fabricación de productos informáticos, electrónicos y ópticos	Ambos sexos	Porcentaje	2022	0,2
26 Fabricación de productos informáticos, electrónicos y ópticos	Ambos sexos	Porcentaje	2021	0,2
26 Fabricación de productos informáticos, electrónicos y ópticos	Ambos sexos	Porcentaje	2020	0,2
26 Fabricación de productos informáticos, electrónicos y ópticos	Ambos sexos	Porcentaje	2019	0,2
26 Fabricación de productos informáticos, electrónicos y ópticos	Ambos sexos	Porcentaje	2018	0,2
26 Fabricación de productos informáticos, electrónicos y ópticos	Ambos sexos	Porcentaje	2017	0,2
26 Fabricación de productos informáticos, electrónicos y ópticos	Ambos sexos	Porcentaje	2016	0,2
26 Fabricación de productos informáticos, electrónicos y ópticos	Ambos sexos	Porcentaje	2015	0,2
26 Fabricación de productos informáticos, electrónicos y ópticos	Ambos sexos	Porcentaje	2014	0,2
26 Fabricación de productos informáticos, electrónicos y ópticos	Ambos sexos	Porcentaje	2013	0,2
26 Fabricación de productos informáticos, electrónicos y ópticos	Ambos sexos	Porcentaje	2012	0,3
26 Fabricación de productos informáticos, electrónicos y ópticos	Ambos sexos	Porcentaje	2011	0,3
26 Fabricación de productos informáticos, electrónicos y ópticos	Ambos sexos	Porcentaje	2010	0,3
26 Fabricación de productos informáticos, electrónicos y ópticos	Ambos sexos	Porcentaje	2009	0,3
26 Fabricación de productos informáticos, electrónicos y ópticos	Ambos sexos	Porcentaje	2008	0,3
26 Fabricación de productos informáticos, electrónicos y ópticos	Hombres	Valor absoluto	2025	35,9
26 Fabricación de productos informáticos, electrónicos y ópticos	Hombres	Valor absoluto	2024	35,5
26 Fabricación de productos informáticos, electrónicos y ópticos	Hombres	Valor absoluto	2023	28,9
26 Fabricación de productos informáticos, electrónicos y ópticos	Hombres	Valor absoluto	2022	31,1
26 Fabricación de productos informáticos, electrónicos y ópticos	Hombres	Valor absoluto	2021	23,2
26 Fabricación de productos informáticos, electrónicos y ópticos	Hombres	Valor absoluto	2020	23,6
26 Fabricación de productos informáticos, electrónicos y ópticos	Hombres	Valor absoluto	2019	31
26 Fabricación de productos informáticos, electrónicos y ópticos	Hombres	Valor absoluto	2018	28,3
26 Fabricación de productos informáticos, electrónicos y ópticos	Hombres	Valor absoluto	2017	29,9
26 Fabricación de productos informáticos, electrónicos y ópticos	Hombres	Valor absoluto	2016	25,3
26 Fabricación de productos informáticos, electrónicos y ópticos	Hombres	Valor absoluto	2015	22,8
26 Fabricación de productos informáticos, electrónicos y ópticos	Hombres	Valor absoluto	2014	26,4
26 Fabricación de productos informáticos, electrónicos y ópticos	Hombres	Valor absoluto	2013	32,3
26 Fabricación de productos informáticos, electrónicos y ópticos	Hombres	Valor absoluto	2012	30,1
26 Fabricación de productos informáticos, electrónicos y ópticos	Hombres	Valor absoluto	2011	37,7
26 Fabricación de productos informáticos, electrónicos y ópticos	Hombres	Valor absoluto	2010	37,9
26 Fabricación de productos informáticos, electrónicos y ópticos	Hombres	Valor absoluto	2009	36,2
26 Fabricación de productos informáticos, electrónicos y ópticos	Hombres	Valor absoluto	2008	40,2
26 Fabricación de productos informáticos, electrónicos y ópticos	Hombres	Porcentaje	2025	0,3
26 Fabricación de productos informáticos, electrónicos y ópticos	Hombres	Porcentaje	2024	0,3
26 Fabricación de productos informáticos, electrónicos y ópticos	Hombres	Porcentaje	2023	0,3
26 Fabricación de productos informáticos, electrónicos y ópticos	Hombres	Porcentaje	2022	0,3
26 Fabricación de productos informáticos, electrónicos y ópticos	Hombres	Porcentaje	2021	0,2
26 Fabricación de productos informáticos, electrónicos y ópticos	Hombres	Porcentaje	2020	0,2
26 Fabricación de productos informáticos, electrónicos y ópticos	Hombres	Porcentaje	2019	0,3
26 Fabricación de productos informáticos, electrónicos y ópticos	Hombres	Porcentaje	2018	0,3
26 Fabricación de productos informáticos, electrónicos y ópticos	Hombres	Porcentaje	2017	0,3
26 Fabricación de productos informáticos, electrónicos y ópticos	Hombres	Porcentaje	2016	0,3
26 Fabricación de productos informáticos, electrónicos y ópticos	Hombres	Porcentaje	2015	0,2
26 Fabricación de productos informáticos, electrónicos y ópticos	Hombres	Porcentaje	2014	0,3
26 Fabricación de productos informáticos, electrónicos y ópticos	Hombres	Porcentaje	2013	0,3
26 Fabricación de productos informáticos, electrónicos y ópticos	Hombres	Porcentaje	2012	0,3
26 Fabricación de productos informáticos, electrónicos y ópticos	Hombres	Porcentaje	2011	0,4
26 Fabricación de productos informáticos, electrónicos y ópticos	Hombres	Porcentaje	2010	0,4
26 Fabricación de productos informáticos, electrónicos y ópticos	Hombres	Porcentaje	2009	0,3
26 Fabricación de productos informáticos, electrónicos y ópticos	Hombres	Porcentaje	2008	0,3
26 Fabricación de productos informáticos, electrónicos y ópticos	Mujeres	Valor absoluto	2025	15
26 Fabricación de productos informáticos, electrónicos y ópticos	Mujeres	Valor absoluto	2024	17,5
26 Fabricación de productos informáticos, electrónicos y ópticos	Mujeres	Valor absoluto	2023	16,3
26 Fabricación de productos informáticos, electrónicos y ópticos	Mujeres	Valor absoluto	2022	16,2
26 Fabricación de productos informáticos, electrónicos y ópticos	Mujeres	Valor absoluto	2021	13
26 Fabricación de productos informáticos, electrónicos y ópticos	Mujeres	Valor absoluto	2020	15,1
26 Fabricación de productos informáticos, electrónicos y ópticos	Mujeres	Valor absoluto	2019	15,8
26 Fabricación de productos informáticos, electrónicos y ópticos	Mujeres	Valor absoluto	2018	15,6
26 Fabricación de productos informáticos, electrónicos y ópticos	Mujeres	Valor absoluto	2017	11,1
26 Fabricación de productos informáticos, electrónicos y ópticos	Mujeres	Valor absoluto	2016	10,8
26 Fabricación de productos informáticos, electrónicos y ópticos	Mujeres	Valor absoluto	2015	9,8
26 Fabricación de productos informáticos, electrónicos y ópticos	Mujeres	Valor absoluto	2014	10,3
26 Fabricación de productos informáticos, electrónicos y ópticos	Mujeres	Valor absoluto	2013	9,4
26 Fabricación de productos informáticos, electrónicos y ópticos	Mujeres	Valor absoluto	2012	14,6
26 Fabricación de productos informáticos, electrónicos y ópticos	Mujeres	Valor absoluto	2011	13,7
26 Fabricación de productos informáticos, electrónicos y ópticos	Mujeres	Valor absoluto	2010	12,6
26 Fabricación de productos informáticos, electrónicos y ópticos	Mujeres	Valor absoluto	2009	17,6
26 Fabricación de productos informáticos, electrónicos y ópticos	Mujeres	Valor absoluto	2008	16,7
26 Fabricación de productos informáticos, electrónicos y ópticos	Mujeres	Porcentaje	2025	0,1
26 Fabricación de productos informáticos, electrónicos y ópticos	Mujeres	Porcentaje	2024	0,2
26 Fabricación de productos informáticos, electrónicos y ópticos	Mujeres	Porcentaje	2023	0,2
26 Fabricación de productos informáticos, electrónicos y ópticos	Mujeres	Porcentaje	2022	0,2
26 Fabricación de productos informáticos, electrónicos y ópticos	Mujeres	Porcentaje	2021	0,1
26 Fabricación de productos informáticos, electrónicos y ópticos	Mujeres	Porcentaje	2020	0,2
26 Fabricación de productos informáticos, electrónicos y ópticos	Mujeres	Porcentaje	2019	0,2
26 Fabricación de productos informáticos, electrónicos y ópticos	Mujeres	Porcentaje	2018	0,2
26 Fabricación de productos informáticos, electrónicos y ópticos	Mujeres	Porcentaje	2017	0,1
26 Fabricación de productos informáticos, electrónicos y ópticos	Mujeres	Porcentaje	2016	0,1
26 Fabricación de productos informáticos, electrónicos y ópticos	Mujeres	Porcentaje	2015	0,1
26 Fabricación de productos informáticos, electrónicos y ópticos	Mujeres	Porcentaje	2014	0,1
26 Fabricación de productos informáticos, electrónicos y ópticos	Mujeres	Porcentaje	2013	0,1
26 Fabricación de productos informáticos, electrónicos y ópticos	Mujeres	Porcentaje	2012	0,2
26 Fabricación de productos informáticos, electrónicos y ópticos	Mujeres	Porcentaje	2011	0,2
26 Fabricación de productos informáticos, electrónicos y ópticos	Mujeres	Porcentaje	2010	0,2
26 Fabricación de productos informáticos, electrónicos y ópticos	Mujeres	Porcentaje	2009	0,2
26 Fabricación de productos informáticos, electrónicos y ópticos	Mujeres	Porcentaje	2008	0,2
27 Fabricación de material y equipo eléctrico	Ambos sexos	Valor absoluto	2025	83,3
27 Fabricación de material y equipo eléctrico	Ambos sexos	Valor absoluto	2024	82
27 Fabricación de material y equipo eléctrico	Ambos sexos	Valor absoluto	2023	80,6
27 Fabricación de material y equipo eléctrico	Ambos sexos	Valor absoluto	2022	78,6
27 Fabricación de material y equipo eléctrico	Ambos sexos	Valor absoluto	2021	79,2
27 Fabricación de material y equipo eléctrico	Ambos sexos	Valor absoluto	2020	72
27 Fabricación de material y equipo eléctrico	Ambos sexos	Valor absoluto	2019	69,2
27 Fabricación de material y equipo eléctrico	Ambos sexos	Valor absoluto	2018	72,8
27 Fabricación de material y equipo eléctrico	Ambos sexos	Valor absoluto	2017	72,3
27 Fabricación de material y equipo eléctrico	Ambos sexos	Valor absoluto	2016	66,7
27 Fabricación de material y equipo eléctrico	Ambos sexos	Valor absoluto	2015	64,9
27 Fabricación de material y equipo eléctrico	Ambos sexos	Valor absoluto	2014	65,1
27 Fabricación de material y equipo eléctrico	Ambos sexos	Valor absoluto	2013	74,4
27 Fabricación de material y equipo eléctrico	Ambos sexos	Valor absoluto	2012	67,7
27 Fabricación de material y equipo eléctrico	Ambos sexos	Valor absoluto	2011	71,6
27 Fabricación de material y equipo eléctrico	Ambos sexos	Valor absoluto	2010	78,3
27 Fabricación de material y equipo eléctrico	Ambos sexos	Valor absoluto	2009	82,1
27 Fabricación de material y equipo eléctrico	Ambos sexos	Valor absoluto	2008	98
27 Fabricación de material y equipo eléctrico	Ambos sexos	Porcentaje	2025	0,4
27 Fabricación de material y equipo eléctrico	Ambos sexos	Porcentaje	2024	0,4
27 Fabricación de material y equipo eléctrico	Ambos sexos	Porcentaje	2023	0,4
27 Fabricación de material y equipo eléctrico	Ambos sexos	Porcentaje	2022	0,4
27 Fabricación de material y equipo eléctrico	Ambos sexos	Porcentaje	2021	0,4
27 Fabricación de material y equipo eléctrico	Ambos sexos	Porcentaje	2020	0,4
27 Fabricación de material y equipo eléctrico	Ambos sexos	Porcentaje	2019	0,3
27 Fabricación de material y equipo eléctrico	Ambos sexos	Porcentaje	2018	0,4
27 Fabricación de material y equipo eléctrico	Ambos sexos	Porcentaje	2017	0,4
27 Fabricación de material y equipo eléctrico	Ambos sexos	Porcentaje	2016	0,4
27 Fabricación de material y equipo eléctrico	Ambos sexos	Porcentaje	2015	0,4
27 Fabricación de material y equipo eléctrico	Ambos sexos	Porcentaje	2014	0,4
27 Fabricación de material y equipo eléctrico	Ambos sexos	Porcentaje	2013	0,4
27 Fabricación de material y equipo eléctrico	Ambos sexos	Porcentaje	2012	0,4
27 Fabricación de material y equipo eléctrico	Ambos sexos	Porcentaje	2011	0,4
27 Fabricación de material y equipo eléctrico	Ambos sexos	Porcentaje	2010	0,4
27 Fabricación de material y equipo eléctrico	Ambos sexos	Porcentaje	2009	0,4
27 Fabricación de material y equipo eléctrico	Ambos sexos	Porcentaje	2008	0,5
27 Fabricación de material y equipo eléctrico	Hombres	Valor absoluto	2025	61
27 Fabricación de material y equipo eléctrico	Hombres	Valor absoluto	2024	58,5
27 Fabricación de material y equipo eléctrico	Hombres	Valor absoluto	2023	60,9
27 Fabricación de material y equipo eléctrico	Hombres	Valor absoluto	2022	60
27 Fabricación de material y equipo eléctrico	Hombres	Valor absoluto	2021	62,1
27 Fabricación de material y equipo eléctrico	Hombres	Valor absoluto	2020	53,7
27 Fabricación de material y equipo eléctrico	Hombres	Valor absoluto	2019	52,2
27 Fabricación de material y equipo eléctrico	Hombres	Valor absoluto	2018	52,7
27 Fabricación de material y equipo eléctrico	Hombres	Valor absoluto	2017	54,6
27 Fabricación de material y equipo eléctrico	Hombres	Valor absoluto	2016	50,8
27 Fabricación de material y equipo eléctrico	Hombres	Valor absoluto	2015	48,9
27 Fabricación de material y equipo eléctrico	Hombres	Valor absoluto	2014	52,4
27 Fabricación de material y equipo eléctrico	Hombres	Valor absoluto	2013	55,3
27 Fabricación de material y equipo eléctrico	Hombres	Valor absoluto	2012	50,8
27 Fabricación de material y equipo eléctrico	Hombres	Valor absoluto	2011	52,9
27 Fabricación de material y equipo eléctrico	Hombres	Valor absoluto	2010	57,6
27 Fabricación de material y equipo eléctrico	Hombres	Valor absoluto	2009	62,2
27 Fabricación de material y equipo eléctrico	Hombres	Valor absoluto	2008	73,8
27 Fabricación de material y equipo eléctrico	Hombres	Porcentaje	2025	0,5
27 Fabricación de material y equipo eléctrico	Hombres	Porcentaje	2024	0,5
27 Fabricación de material y equipo eléctrico	Hombres	Porcentaje	2023	0,5
27 Fabricación de material y equipo eléctrico	Hombres	Porcentaje	2022	0,5
27 Fabricación de material y equipo eléctrico	Hombres	Porcentaje	2021	0,6
27 Fabricación de material y equipo eléctrico	Hombres	Porcentaje	2020	0,5
27 Fabricación de material y equipo eléctrico	Hombres	Porcentaje	2019	0,5
27 Fabricación de material y equipo eléctrico	Hombres	Porcentaje	2018	0,5
27 Fabricación de material y equipo eléctrico	Hombres	Porcentaje	2017	0,5
27 Fabricación de material y equipo eléctrico	Hombres	Porcentaje	2016	0,5
27 Fabricación de material y equipo eléctrico	Hombres	Porcentaje	2015	0,5
27 Fabricación de material y equipo eléctrico	Hombres	Porcentaje	2014	0,6
27 Fabricación de material y equipo eléctrico	Hombres	Porcentaje	2013	0,6
27 Fabricación de material y equipo eléctrico	Hombres	Porcentaje	2012	0,5
27 Fabricación de material y equipo eléctrico	Hombres	Porcentaje	2011	0,5
27 Fabricación de material y equipo eléctrico	Hombres	Porcentaje	2010	0,6
27 Fabricación de material y equipo eléctrico	Hombres	Porcentaje	2009	0,6
27 Fabricación de material y equipo eléctrico	Hombres	Porcentaje	2008	0,6
27 Fabricación de material y equipo eléctrico	Mujeres	Valor absoluto	2025	22,4
27 Fabricación de material y equipo eléctrico	Mujeres	Valor absoluto	2024	23,5
27 Fabricación de material y equipo eléctrico	Mujeres	Valor absoluto	2023	19,7
27 Fabricación de material y equipo eléctrico	Mujeres	Valor absoluto	2022	18,7
27 Fabricación de material y equipo eléctrico	Mujeres	Valor absoluto	2021	17,1
27 Fabricación de material y equipo eléctrico	Mujeres	Valor absoluto	2020	18,3
27 Fabricación de material y equipo eléctrico	Mujeres	Valor absoluto	2019	17
27 Fabricación de material y equipo eléctrico	Mujeres	Valor absoluto	2018	20,1
27 Fabricación de material y equipo eléctrico	Mujeres	Valor absoluto	2017	17,7
27 Fabricación de material y equipo eléctrico	Mujeres	Valor absoluto	2016	15,9
27 Fabricación de material y equipo eléctrico	Mujeres	Valor absoluto	2015	16
27 Fabricación de material y equipo eléctrico	Mujeres	Valor absoluto	2014	12,7
27 Fabricación de material y equipo eléctrico	Mujeres	Valor absoluto	2013	19,2
27 Fabricación de material y equipo eléctrico	Mujeres	Valor absoluto	2012	16,8
27 Fabricación de material y equipo eléctrico	Mujeres	Valor absoluto	2011	18,7
27 Fabricación de material y equipo eléctrico	Mujeres	Valor absoluto	2010	20,7
27 Fabricación de material y equipo eléctrico	Mujeres	Valor absoluto	2009	19,9
27 Fabricación de material y equipo eléctrico	Mujeres	Valor absoluto	2008	24,2
27 Fabricación de material y equipo eléctrico	Mujeres	Porcentaje	2025	0,2
27 Fabricación de material y equipo eléctrico	Mujeres	Porcentaje	2024	0,2
27 Fabricación de material y equipo eléctrico	Mujeres	Porcentaje	2023	0,2
27 Fabricación de material y equipo eléctrico	Mujeres	Porcentaje	2022	0,2
27 Fabricación de material y equipo eléctrico	Mujeres	Porcentaje	2021	0,2
27 Fabricación de material y equipo eléctrico	Mujeres	Porcentaje	2020	0,2
27 Fabricación de material y equipo eléctrico	Mujeres	Porcentaje	2019	0,2
27 Fabricación de material y equipo eléctrico	Mujeres	Porcentaje	2018	0,2
27 Fabricación de material y equipo eléctrico	Mujeres	Porcentaje	2017	0,2
27 Fabricación de material y equipo eléctrico	Mujeres	Porcentaje	2016	0,2
27 Fabricación de material y equipo eléctrico	Mujeres	Porcentaje	2015	0,2
27 Fabricación de material y equipo eléctrico	Mujeres	Porcentaje	2014	0,2
27 Fabricación de material y equipo eléctrico	Mujeres	Porcentaje	2013	0,2
27 Fabricación de material y equipo eléctrico	Mujeres	Porcentaje	2012	0,2
27 Fabricación de material y equipo eléctrico	Mujeres	Porcentaje	2011	0,2
27 Fabricación de material y equipo eléctrico	Mujeres	Porcentaje	2010	0,2
27 Fabricación de material y equipo eléctrico	Mujeres	Porcentaje	2009	0,2
27 Fabricación de material y equipo eléctrico	Mujeres	Porcentaje	2008	0,3
28 Fabricación de maquinaria y equipo n.c.o.p.	Ambos sexos	Valor absoluto	2025	184,9
28 Fabricación de maquinaria y equipo n.c.o.p.	Ambos sexos	Valor absoluto	2024	180,1
28 Fabricación de maquinaria y equipo n.c.o.p.	Ambos sexos	Valor absoluto	2023	162
28 Fabricación de maquinaria y equipo n.c.o.p.	Ambos sexos	Valor absoluto	2022	164,1
28 Fabricación de maquinaria y equipo n.c.o.p.	Ambos sexos	Valor absoluto	2021	169,1
28 Fabricación de maquinaria y equipo n.c.o.p.	Ambos sexos	Valor absoluto	2020	149,8
28 Fabricación de maquinaria y equipo n.c.o.p.	Ambos sexos	Valor absoluto	2019	154
28 Fabricación de maquinaria y equipo n.c.o.p.	Ambos sexos	Valor absoluto	2018	154,1
28 Fabricación de maquinaria y equipo n.c.o.p.	Ambos sexos	Valor absoluto	2017	158,8
28 Fabricación de maquinaria y equipo n.c.o.p.	Ambos sexos	Valor absoluto	2016	145,9
28 Fabricación de maquinaria y equipo n.c.o.p.	Ambos sexos	Valor absoluto	2015	130,7
28 Fabricación de maquinaria y equipo n.c.o.p.	Ambos sexos	Valor absoluto	2014	124,6
28 Fabricación de maquinaria y equipo n.c.o.p.	Ambos sexos	Valor absoluto	2013	121,4
28 Fabricación de maquinaria y equipo n.c.o.p.	Ambos sexos	Valor absoluto	2012	134,1
28 Fabricación de maquinaria y equipo n.c.o.p.	Ambos sexos	Valor absoluto	2011	139,9
28 Fabricación de maquinaria y equipo n.c.o.p.	Ambos sexos	Valor absoluto	2010	131,2
28 Fabricación de maquinaria y equipo n.c.o.p.	Ambos sexos	Valor absoluto	2009	138,8
28 Fabricación de maquinaria y equipo n.c.o.p.	Ambos sexos	Valor absoluto	2008	162,8
28 Fabricación de maquinaria y equipo n.c.o.p.	Ambos sexos	Porcentaje	2025	0,8
28 Fabricación de maquinaria y equipo n.c.o.p.	Ambos sexos	Porcentaje	2024	0,8
28 Fabricación de maquinaria y equipo n.c.o.p.	Ambos sexos	Porcentaje	2023	0,8
28 Fabricación de maquinaria y equipo n.c.o.p.	Ambos sexos	Porcentaje	2022	0,8
28 Fabricación de maquinaria y equipo n.c.o.p.	Ambos sexos	Porcentaje	2021	0,9
28 Fabricación de maquinaria y equipo n.c.o.p.	Ambos sexos	Porcentaje	2020	0,8
28 Fabricación de maquinaria y equipo n.c.o.p.	Ambos sexos	Porcentaje	2019	0,8
28 Fabricación de maquinaria y equipo n.c.o.p.	Ambos sexos	Porcentaje	2018	0,8
28 Fabricación de maquinaria y equipo n.c.o.p.	Ambos sexos	Porcentaje	2017	0,8
28 Fabricación de maquinaria y equipo n.c.o.p.	Ambos sexos	Porcentaje	2016	0,8
28 Fabricación de maquinaria y equipo n.c.o.p.	Ambos sexos	Porcentaje	2015	0,7
28 Fabricación de maquinaria y equipo n.c.o.p.	Ambos sexos	Porcentaje	2014	0,7
28 Fabricación de maquinaria y equipo n.c.o.p.	Ambos sexos	Porcentaje	2013	0,7
28 Fabricación de maquinaria y equipo n.c.o.p.	Ambos sexos	Porcentaje	2012	0,8
28 Fabricación de maquinaria y equipo n.c.o.p.	Ambos sexos	Porcentaje	2011	0,8
28 Fabricación de maquinaria y equipo n.c.o.p.	Ambos sexos	Porcentaje	2010	0,7
28 Fabricación de maquinaria y equipo n.c.o.p.	Ambos sexos	Porcentaje	2009	0,7
28 Fabricación de maquinaria y equipo n.c.o.p.	Ambos sexos	Porcentaje	2008	0,8
28 Fabricación de maquinaria y equipo n.c.o.p.	Hombres	Valor absoluto	2025	149,4
28 Fabricación de maquinaria y equipo n.c.o.p.	Hombres	Valor absoluto	2024	145,7
28 Fabricación de maquinaria y equipo n.c.o.p.	Hombres	Valor absoluto	2023	136,4
28 Fabricación de maquinaria y equipo n.c.o.p.	Hombres	Valor absoluto	2022	138,1
28 Fabricación de maquinaria y equipo n.c.o.p.	Hombres	Valor absoluto	2021	140,4
28 Fabricación de maquinaria y equipo n.c.o.p.	Hombres	Valor absoluto	2020	126,4
28 Fabricación de maquinaria y equipo n.c.o.p.	Hombres	Valor absoluto	2019	128
28 Fabricación de maquinaria y equipo n.c.o.p.	Hombres	Valor absoluto	2018	129,7
28 Fabricación de maquinaria y equipo n.c.o.p.	Hombres	Valor absoluto	2017	133,5
28 Fabricación de maquinaria y equipo n.c.o.p.	Hombres	Valor absoluto	2016	120,1
28 Fabricación de maquinaria y equipo n.c.o.p.	Hombres	Valor absoluto	2015	110,7
28 Fabricación de maquinaria y equipo n.c.o.p.	Hombres	Valor absoluto	2014	106,4
28 Fabricación de maquinaria y equipo n.c.o.p.	Hombres	Valor absoluto	2013	104
28 Fabricación de maquinaria y equipo n.c.o.p.	Hombres	Valor absoluto	2012	111,3
28 Fabricación de maquinaria y equipo n.c.o.p.	Hombres	Valor absoluto	2011	115,8
28 Fabricación de maquinaria y equipo n.c.o.p.	Hombres	Valor absoluto	2010	107,4
28 Fabricación de maquinaria y equipo n.c.o.p.	Hombres	Valor absoluto	2009	115,1
28 Fabricación de maquinaria y equipo n.c.o.p.	Hombres	Valor absoluto	2008	136,8
28 Fabricación de maquinaria y equipo n.c.o.p.	Hombres	Porcentaje	2025	1,3
28 Fabricación de maquinaria y equipo n.c.o.p.	Hombres	Porcentaje	2024	1,3
28 Fabricación de maquinaria y equipo n.c.o.p.	Hombres	Porcentaje	2023	1,2
28 Fabricación de maquinaria y equipo n.c.o.p.	Hombres	Porcentaje	2022	1,2
28 Fabricación de maquinaria y equipo n.c.o.p.	Hombres	Porcentaje	2021	1,3
28 Fabricación de maquinaria y equipo n.c.o.p.	Hombres	Porcentaje	2020	1,2
28 Fabricación de maquinaria y equipo n.c.o.p.	Hombres	Porcentaje	2019	1,2
28 Fabricación de maquinaria y equipo n.c.o.p.	Hombres	Porcentaje	2018	1,2
28 Fabricación de maquinaria y equipo n.c.o.p.	Hombres	Porcentaje	2017	1,3
28 Fabricación de maquinaria y equipo n.c.o.p.	Hombres	Porcentaje	2016	1,2
28 Fabricación de maquinaria y equipo n.c.o.p.	Hombres	Porcentaje	2015	1,1
28 Fabricación de maquinaria y equipo n.c.o.p.	Hombres	Porcentaje	2014	1,1
28 Fabricación de maquinaria y equipo n.c.o.p.	Hombres	Porcentaje	2013	1,1
28 Fabricación de maquinaria y equipo n.c.o.p.	Hombres	Porcentaje	2012	1,2
28 Fabricación de maquinaria y equipo n.c.o.p.	Hombres	Porcentaje	2011	1,1
28 Fabricación de maquinaria y equipo n.c.o.p.	Hombres	Porcentaje	2010	1
28 Fabricación de maquinaria y equipo n.c.o.p.	Hombres	Porcentaje	2009	1,1
28 Fabricación de maquinaria y equipo n.c.o.p.	Hombres	Porcentaje	2008	1,2
28 Fabricación de maquinaria y equipo n.c.o.p.	Mujeres	Valor absoluto	2025	35,5
28 Fabricación de maquinaria y equipo n.c.o.p.	Mujeres	Valor absoluto	2024	34,5
28 Fabricación de maquinaria y equipo n.c.o.p.	Mujeres	Valor absoluto	2023	25,7
28 Fabricación de maquinaria y equipo n.c.o.p.	Mujeres	Valor absoluto	2022	26
28 Fabricación de maquinaria y equipo n.c.o.p.	Mujeres	Valor absoluto	2021	28,7
28 Fabricación de maquinaria y equipo n.c.o.p.	Mujeres	Valor absoluto	2020	23,4
28 Fabricación de maquinaria y equipo n.c.o.p.	Mujeres	Valor absoluto	2019	26
28 Fabricación de maquinaria y equipo n.c.o.p.	Mujeres	Valor absoluto	2018	24,4
28 Fabricación de maquinaria y equipo n.c.o.p.	Mujeres	Valor absoluto	2017	25,4
28 Fabricación de maquinaria y equipo n.c.o.p.	Mujeres	Valor absoluto	2016	25,8
28 Fabricación de maquinaria y equipo n.c.o.p.	Mujeres	Valor absoluto	2015	20
28 Fabricación de maquinaria y equipo n.c.o.p.	Mujeres	Valor absoluto	2014	18,2
28 Fabricación de maquinaria y equipo n.c.o.p.	Mujeres	Valor absoluto	2013	17,4
28 Fabricación de maquinaria y equipo n.c.o.p.	Mujeres	Valor absoluto	2012	22,8
28 Fabricación de maquinaria y equipo n.c.o.p.	Mujeres	Valor absoluto	2011	24
28 Fabricación de maquinaria y equipo n.c.o.p.	Mujeres	Valor absoluto	2010	23,8
28 Fabricación de maquinaria y equipo n.c.o.p.	Mujeres	Valor absoluto	2009	23,7
28 Fabricación de maquinaria y equipo n.c.o.p.	Mujeres	Valor absoluto	2008	26
28 Fabricación de maquinaria y equipo n.c.o.p.	Mujeres	Porcentaje	2025	0,3
28 Fabricación de maquinaria y equipo n.c.o.p.	Mujeres	Porcentaje	2024	0,3
28 Fabricación de maquinaria y equipo n.c.o.p.	Mujeres	Porcentaje	2023	0,3
28 Fabricación de maquinaria y equipo n.c.o.p.	Mujeres	Porcentaje	2022	0,3
28 Fabricación de maquinaria y equipo n.c.o.p.	Mujeres	Porcentaje	2021	0,3
28 Fabricación de maquinaria y equipo n.c.o.p.	Mujeres	Porcentaje	2020	0,3
28 Fabricación de maquinaria y equipo n.c.o.p.	Mujeres	Porcentaje	2019	0,3
28 Fabricación de maquinaria y equipo n.c.o.p.	Mujeres	Porcentaje	2018	0,3
28 Fabricación de maquinaria y equipo n.c.o.p.	Mujeres	Porcentaje	2017	0,3
28 Fabricación de maquinaria y equipo n.c.o.p.	Mujeres	Porcentaje	2016	0,3
28 Fabricación de maquinaria y equipo n.c.o.p.	Mujeres	Porcentaje	2015	0,2
28 Fabricación de maquinaria y equipo n.c.o.p.	Mujeres	Porcentaje	2014	0,2
28 Fabricación de maquinaria y equipo n.c.o.p.	Mujeres	Porcentaje	2013	0,2
28 Fabricación de maquinaria y equipo n.c.o.p.	Mujeres	Porcentaje	2012	0,3
28 Fabricación de maquinaria y equipo n.c.o.p.	Mujeres	Porcentaje	2011	0,3
28 Fabricación de maquinaria y equipo n.c.o.p.	Mujeres	Porcentaje	2010	0,3
28 Fabricación de maquinaria y equipo n.c.o.p.	Mujeres	Porcentaje	2009	0,3
28 Fabricación de maquinaria y equipo n.c.o.p.	Mujeres	Porcentaje	2008	0,3
29 Fabricación de vehículos de motor, remolques y semirremolques	Ambos sexos	Valor absoluto	2025	222,4
29 Fabricación de vehículos de motor, remolques y semirremolques	Ambos sexos	Valor absoluto	2024	219,2
29 Fabricación de vehículos de motor, remolques y semirremolques	Ambos sexos	Valor absoluto	2023	229
29 Fabricación de vehículos de motor, remolques y semirremolques	Ambos sexos	Valor absoluto	2022	218,3
29 Fabricación de vehículos de motor, remolques y semirremolques	Ambos sexos	Valor absoluto	2021	236,3
29 Fabricación de vehículos de motor, remolques y semirremolques	Ambos sexos	Valor absoluto	2020	222
29 Fabricación de vehículos de motor, remolques y semirremolques	Ambos sexos	Valor absoluto	2019	228,1
29 Fabricación de vehículos de motor, remolques y semirremolques	Ambos sexos	Valor absoluto	2018	237,6
29 Fabricación de vehículos de motor, remolques y semirremolques	Ambos sexos	Valor absoluto	2017	232,5
29 Fabricación de vehículos de motor, remolques y semirremolques	Ambos sexos	Valor absoluto	2016	230,7
29 Fabricación de vehículos de motor, remolques y semirremolques	Ambos sexos	Valor absoluto	2015	218,2
29 Fabricación de vehículos de motor, remolques y semirremolques	Ambos sexos	Valor absoluto	2014	207,1
29 Fabricación de vehículos de motor, remolques y semirremolques	Ambos sexos	Valor absoluto	2013	189,1
29 Fabricación de vehículos de motor, remolques y semirremolques	Ambos sexos	Valor absoluto	2012	198,6
29 Fabricación de vehículos de motor, remolques y semirremolques	Ambos sexos	Valor absoluto	2011	204,8
29 Fabricación de vehículos de motor, remolques y semirremolques	Ambos sexos	Valor absoluto	2010	203,4
29 Fabricación de vehículos de motor, remolques y semirremolques	Ambos sexos	Valor absoluto	2009	212,8
29 Fabricación de vehículos de motor, remolques y semirremolques	Ambos sexos	Valor absoluto	2008	236,7
29 Fabricación de vehículos de motor, remolques y semirremolques	Ambos sexos	Porcentaje	2025	1
29 Fabricación de vehículos de motor, remolques y semirremolques	Ambos sexos	Porcentaje	2024	1
29 Fabricación de vehículos de motor, remolques y semirremolques	Ambos sexos	Porcentaje	2023	1,1
29 Fabricación de vehículos de motor, remolques y semirremolques	Ambos sexos	Porcentaje	2022	1,1
29 Fabricación de vehículos de motor, remolques y semirremolques	Ambos sexos	Porcentaje	2021	1,2
29 Fabricación de vehículos de motor, remolques y semirremolques	Ambos sexos	Porcentaje	2020	1,2
29 Fabricación de vehículos de motor, remolques y semirremolques	Ambos sexos	Porcentaje	2019	1,2
29 Fabricación de vehículos de motor, remolques y semirremolques	Ambos sexos	Porcentaje	2018	1,2
29 Fabricación de vehículos de motor, remolques y semirremolques	Ambos sexos	Porcentaje	2017	1,2
29 Fabricación de vehículos de motor, remolques y semirremolques	Ambos sexos	Porcentaje	2016	1,3
29 Fabricación de vehículos de motor, remolques y semirremolques	Ambos sexos	Porcentaje	2015	1,2
29 Fabricación de vehículos de motor, remolques y semirremolques	Ambos sexos	Porcentaje	2014	1,2
29 Fabricación de vehículos de motor, remolques y semirremolques	Ambos sexos	Porcentaje	2013	1,1
29 Fabricación de vehículos de motor, remolques y semirremolques	Ambos sexos	Porcentaje	2012	1,1
29 Fabricación de vehículos de motor, remolques y semirremolques	Ambos sexos	Porcentaje	2011	1,1
29 Fabricación de vehículos de motor, remolques y semirremolques	Ambos sexos	Porcentaje	2010	1,1
29 Fabricación de vehículos de motor, remolques y semirremolques	Ambos sexos	Porcentaje	2009	1,1
29 Fabricación de vehículos de motor, remolques y semirremolques	Ambos sexos	Porcentaje	2008	1,2
29 Fabricación de vehículos de motor, remolques y semirremolques	Hombres	Valor absoluto	2025	165,7
29 Fabricación de vehículos de motor, remolques y semirremolques	Hombres	Valor absoluto	2024	169,8
29 Fabricación de vehículos de motor, remolques y semirremolques	Hombres	Valor absoluto	2023	172,2
29 Fabricación de vehículos de motor, remolques y semirremolques	Hombres	Valor absoluto	2022	165,2
29 Fabricación de vehículos de motor, remolques y semirremolques	Hombres	Valor absoluto	2021	185,8
29 Fabricación de vehículos de motor, remolques y semirremolques	Hombres	Valor absoluto	2020	169,7
29 Fabricación de vehículos de motor, remolques y semirremolques	Hombres	Valor absoluto	2019	169,3
29 Fabricación de vehículos de motor, remolques y semirremolques	Hombres	Valor absoluto	2018	181,8
29 Fabricación de vehículos de motor, remolques y semirremolques	Hombres	Valor absoluto	2017	181
29 Fabricación de vehículos de motor, remolques y semirremolques	Hombres	Valor absoluto	2016	184,1
29 Fabricación de vehículos de motor, remolques y semirremolques	Hombres	Valor absoluto	2015	174,5
29 Fabricación de vehículos de motor, remolques y semirremolques	Hombres	Valor absoluto	2014	157,5
29 Fabricación de vehículos de motor, remolques y semirremolques	Hombres	Valor absoluto	2013	145,7
29 Fabricación de vehículos de motor, remolques y semirremolques	Hombres	Valor absoluto	2012	156,5
29 Fabricación de vehículos de motor, remolques y semirremolques	Hombres	Valor absoluto	2011	159
29 Fabricación de vehículos de motor, remolques y semirremolques	Hombres	Valor absoluto	2010	152,1
29 Fabricación de vehículos de motor, remolques y semirremolques	Hombres	Valor absoluto	2009	160,3
29 Fabricación de vehículos de motor, remolques y semirremolques	Hombres	Valor absoluto	2008	184,4
29 Fabricación de vehículos de motor, remolques y semirremolques	Hombres	Porcentaje	2025	1,4
29 Fabricación de vehículos de motor, remolques y semirremolques	Hombres	Porcentaje	2024	1,5
29 Fabricación de vehículos de motor, remolques y semirremolques	Hombres	Porcentaje	2023	1,5
29 Fabricación de vehículos de motor, remolques y semirremolques	Hombres	Porcentaje	2022	1,5
29 Fabricación de vehículos de motor, remolques y semirremolques	Hombres	Porcentaje	2021	1,7
29 Fabricación de vehículos de motor, remolques y semirremolques	Hombres	Porcentaje	2020	1,6
29 Fabricación de vehículos de motor, remolques y semirremolques	Hombres	Porcentaje	2019	1,6
29 Fabricación de vehículos de motor, remolques y semirremolques	Hombres	Porcentaje	2018	1,7
29 Fabricación de vehículos de motor, remolques y semirremolques	Hombres	Porcentaje	2017	1,8
29 Fabricación de vehículos de motor, remolques y semirremolques	Hombres	Porcentaje	2016	1,8
29 Fabricación de vehículos de motor, remolques y semirremolques	Hombres	Porcentaje	2015	1,8
29 Fabricación de vehículos de motor, remolques y semirremolques	Hombres	Porcentaje	2014	1,7
29 Fabricación de vehículos de motor, remolques y semirremolques	Hombres	Porcentaje	2013	1,6
29 Fabricación de vehículos de motor, remolques y semirremolques	Hombres	Porcentaje	2012	1,6
29 Fabricación de vehículos de motor, remolques y semirremolques	Hombres	Porcentaje	2011	1,6
29 Fabricación de vehículos de motor, remolques y semirremolques	Hombres	Porcentaje	2010	1,5
29 Fabricación de vehículos de motor, remolques y semirremolques	Hombres	Porcentaje	2009	1,5
29 Fabricación de vehículos de motor, remolques y semirremolques	Hombres	Porcentaje	2008	1,6
29 Fabricación de vehículos de motor, remolques y semirremolques	Mujeres	Valor absoluto	2025	56,7
29 Fabricación de vehículos de motor, remolques y semirremolques	Mujeres	Valor absoluto	2024	49,4
29 Fabricación de vehículos de motor, remolques y semirremolques	Mujeres	Valor absoluto	2023	56,8
29 Fabricación de vehículos de motor, remolques y semirremolques	Mujeres	Valor absoluto	2022	53,1
29 Fabricación de vehículos de motor, remolques y semirremolques	Mujeres	Valor absoluto	2021	50,6
29 Fabricación de vehículos de motor, remolques y semirremolques	Mujeres	Valor absoluto	2020	52,3
29 Fabricación de vehículos de motor, remolques y semirremolques	Mujeres	Valor absoluto	2019	58,9
29 Fabricación de vehículos de motor, remolques y semirremolques	Mujeres	Valor absoluto	2018	55,8
29 Fabricación de vehículos de motor, remolques y semirremolques	Mujeres	Valor absoluto	2017	51,5
29 Fabricación de vehículos de motor, remolques y semirremolques	Mujeres	Valor absoluto	2016	46,6
29 Fabricación de vehículos de motor, remolques y semirremolques	Mujeres	Valor absoluto	2015	43,7
29 Fabricación de vehículos de motor, remolques y semirremolques	Mujeres	Valor absoluto	2014	49,6
29 Fabricación de vehículos de motor, remolques y semirremolques	Mujeres	Valor absoluto	2013	43,3
29 Fabricación de vehículos de motor, remolques y semirremolques	Mujeres	Valor absoluto	2012	42,1
29 Fabricación de vehículos de motor, remolques y semirremolques	Mujeres	Valor absoluto	2011	45,9
29 Fabricación de vehículos de motor, remolques y semirremolques	Mujeres	Valor absoluto	2010	51,3
29 Fabricación de vehículos de motor, remolques y semirremolques	Mujeres	Valor absoluto	2009	52,5
29 Fabricación de vehículos de motor, remolques y semirremolques	Mujeres	Valor absoluto	2008	52,3
29 Fabricación de vehículos de motor, remolques y semirremolques	Mujeres	Porcentaje	2025	0,5
29 Fabricación de vehículos de motor, remolques y semirremolques	Mujeres	Porcentaje	2024	0,5
29 Fabricación de vehículos de motor, remolques y semirremolques	Mujeres	Porcentaje	2023	0,6
29 Fabricación de vehículos de motor, remolques y semirremolques	Mujeres	Porcentaje	2022	0,6
29 Fabricación de vehículos de motor, remolques y semirremolques	Mujeres	Porcentaje	2021	0,6
29 Fabricación de vehículos de motor, remolques y semirremolques	Mujeres	Porcentaje	2020	0,6
29 Fabricación de vehículos de motor, remolques y semirremolques	Mujeres	Porcentaje	2019	0,7
29 Fabricación de vehículos de motor, remolques y semirremolques	Mujeres	Porcentaje	2018	0,6
29 Fabricación de vehículos de motor, remolques y semirremolques	Mujeres	Porcentaje	2017	0,6
29 Fabricación de vehículos de motor, remolques y semirremolques	Mujeres	Porcentaje	2016	0,6
29 Fabricación de vehículos de motor, remolques y semirremolques	Mujeres	Porcentaje	2015	0,5
29 Fabricación de vehículos de motor, remolques y semirremolques	Mujeres	Porcentaje	2014	0,6
29 Fabricación de vehículos de motor, remolques y semirremolques	Mujeres	Porcentaje	2013	0,6
29 Fabricación de vehículos de motor, remolques y semirremolques	Mujeres	Porcentaje	2012	0,5
29 Fabricación de vehículos de motor, remolques y semirremolques	Mujeres	Porcentaje	2011	0,6
29 Fabricación de vehículos de motor, remolques y semirremolques	Mujeres	Porcentaje	2010	0,6
29 Fabricación de vehículos de motor, remolques y semirremolques	Mujeres	Porcentaje	2009	0,6
29 Fabricación de vehículos de motor, remolques y semirremolques	Mujeres	Porcentaje	2008	0,6
30 Fabricación de otro material de transporte	Ambos sexos	Valor absoluto	2025	96,1
30 Fabricación de otro material de transporte	Ambos sexos	Valor absoluto	2024	86,9
30 Fabricación de otro material de transporte	Ambos sexos	Valor absoluto	2023	83
30 Fabricación de otro material de transporte	Ambos sexos	Valor absoluto	2022	68,9
30 Fabricación de otro material de transporte	Ambos sexos	Valor absoluto	2021	63,9
30 Fabricación de otro material de transporte	Ambos sexos	Valor absoluto	2020	77,3
30 Fabricación de otro material de transporte	Ambos sexos	Valor absoluto	2019	74,6
30 Fabricación de otro material de transporte	Ambos sexos	Valor absoluto	2018	74,6
30 Fabricación de otro material de transporte	Ambos sexos	Valor absoluto	2017	64,4
30 Fabricación de otro material de transporte	Ambos sexos	Valor absoluto	2016	59,2
30 Fabricación de otro material de transporte	Ambos sexos	Valor absoluto	2015	64,1
30 Fabricación de otro material de transporte	Ambos sexos	Valor absoluto	2014	64,2
30 Fabricación de otro material de transporte	Ambos sexos	Valor absoluto	2013	66,2
30 Fabricación de otro material de transporte	Ambos sexos	Valor absoluto	2012	58,6
30 Fabricación de otro material de transporte	Ambos sexos	Valor absoluto	2011	67,2
30 Fabricación de otro material de transporte	Ambos sexos	Valor absoluto	2010	74
30 Fabricación de otro material de transporte	Ambos sexos	Valor absoluto	2009	69,1
30 Fabricación de otro material de transporte	Ambos sexos	Valor absoluto	2008	69,6
30 Fabricación de otro material de transporte	Ambos sexos	Porcentaje	2025	0,4
30 Fabricación de otro material de transporte	Ambos sexos	Porcentaje	2024	0,4
30 Fabricación de otro material de transporte	Ambos sexos	Porcentaje	2023	0,4
30 Fabricación de otro material de transporte	Ambos sexos	Porcentaje	2022	0,3
30 Fabricación de otro material de transporte	Ambos sexos	Porcentaje	2021	0,3
30 Fabricación de otro material de transporte	Ambos sexos	Porcentaje	2020	0,4
30 Fabricación de otro material de transporte	Ambos sexos	Porcentaje	2019	0,4
30 Fabricación de otro material de transporte	Ambos sexos	Porcentaje	2018	0,4
30 Fabricación de otro material de transporte	Ambos sexos	Porcentaje	2017	0,3
30 Fabricación de otro material de transporte	Ambos sexos	Porcentaje	2016	0,3
30 Fabricación de otro material de transporte	Ambos sexos	Porcentaje	2015	0,4
30 Fabricación de otro material de transporte	Ambos sexos	Porcentaje	2014	0,4
30 Fabricación de otro material de transporte	Ambos sexos	Porcentaje	2013	0,4
30 Fabricación de otro material de transporte	Ambos sexos	Porcentaje	2012	0,3
30 Fabricación de otro material de transporte	Ambos sexos	Porcentaje	2011	0,4
30 Fabricación de otro material de transporte	Ambos sexos	Porcentaje	2010	0,4
30 Fabricación de otro material de transporte	Ambos sexos	Porcentaje	2009	0,4
30 Fabricación de otro material de transporte	Ambos sexos	Porcentaje	2008	0,3
30 Fabricación de otro material de transporte	Hombres	Valor absoluto	2025	77,9
30 Fabricación de otro material de transporte	Hombres	Valor absoluto	2024	70,1
30 Fabricación de otro material de transporte	Hombres	Valor absoluto	2023	69,7
30 Fabricación de otro material de transporte	Hombres	Valor absoluto	2022	55,2
30 Fabricación de otro material de transporte	Hombres	Valor absoluto	2021	52,8
30 Fabricación de otro material de transporte	Hombres	Valor absoluto	2020	64,7
30 Fabricación de otro material de transporte	Hombres	Valor absoluto	2019	61,6
30 Fabricación de otro material de transporte	Hombres	Valor absoluto	2018	64,2
30 Fabricación de otro material de transporte	Hombres	Valor absoluto	2017	53,9
30 Fabricación de otro material de transporte	Hombres	Valor absoluto	2016	50,8
30 Fabricación de otro material de transporte	Hombres	Valor absoluto	2015	50,6
30 Fabricación de otro material de transporte	Hombres	Valor absoluto	2014	53,2
30 Fabricación de otro material de transporte	Hombres	Valor absoluto	2013	57,7
30 Fabricación de otro material de transporte	Hombres	Valor absoluto	2012	47,9
30 Fabricación de otro material de transporte	Hombres	Valor absoluto	2011	52,8
30 Fabricación de otro material de transporte	Hombres	Valor absoluto	2010	61,1
30 Fabricación de otro material de transporte	Hombres	Valor absoluto	2009	58,4
30 Fabricación de otro material de transporte	Hombres	Valor absoluto	2008	59,8
30 Fabricación de otro material de transporte	Hombres	Porcentaje	2025	0,7
30 Fabricación de otro material de transporte	Hombres	Porcentaje	2024	0,6
30 Fabricación de otro material de transporte	Hombres	Porcentaje	2023	0,6
30 Fabricación de otro material de transporte	Hombres	Porcentaje	2022	0,5
30 Fabricación de otro material de transporte	Hombres	Porcentaje	2021	0,5
30 Fabricación de otro material de transporte	Hombres	Porcentaje	2020	0,6
30 Fabricación de otro material de transporte	Hombres	Porcentaje	2019	0,6
30 Fabricación de otro material de transporte	Hombres	Porcentaje	2018	0,6
30 Fabricación de otro material de transporte	Hombres	Porcentaje	2017	0,5
30 Fabricación de otro material de transporte	Hombres	Porcentaje	2016	0,5
30 Fabricación de otro material de transporte	Hombres	Porcentaje	2015	0,5
30 Fabricación de otro material de transporte	Hombres	Porcentaje	2014	0,6
30 Fabricación de otro material de transporte	Hombres	Porcentaje	2013	0,6
30 Fabricación de otro material de transporte	Hombres	Porcentaje	2012	0,5
30 Fabricación de otro material de transporte	Hombres	Porcentaje	2011	0,5
30 Fabricación de otro material de transporte	Hombres	Porcentaje	2010	0,6
30 Fabricación de otro material de transporte	Hombres	Porcentaje	2009	0,5
30 Fabricación de otro material de transporte	Hombres	Porcentaje	2008	0,5
30 Fabricación de otro material de transporte	Mujeres	Valor absoluto	2025	18,3
30 Fabricación de otro material de transporte	Mujeres	Valor absoluto	2024	16,8
30 Fabricación de otro material de transporte	Mujeres	Valor absoluto	2023	13,3
30 Fabricación de otro material de transporte	Mujeres	Valor absoluto	2022	13,7
30 Fabricación de otro material de transporte	Mujeres	Valor absoluto	2021	11,1
30 Fabricación de otro material de transporte	Mujeres	Valor absoluto	2020	12,6
30 Fabricación de otro material de transporte	Mujeres	Valor absoluto	2019	13
30 Fabricación de otro material de transporte	Mujeres	Valor absoluto	2018	10,5
30 Fabricación de otro material de transporte	Mujeres	Valor absoluto	2017	10,5
30 Fabricación de otro material de transporte	Mujeres	Valor absoluto	2016	8,4
30 Fabricación de otro material de transporte	Mujeres	Valor absoluto	2015	13,5
30 Fabricación de otro material de transporte	Mujeres	Valor absoluto	2014	11
30 Fabricación de otro material de transporte	Mujeres	Valor absoluto	2013	8,5
30 Fabricación de otro material de transporte	Mujeres	Valor absoluto	2012	10,7
30 Fabricación de otro material de transporte	Mujeres	Valor absoluto	2011	14,4
30 Fabricación de otro material de transporte	Mujeres	Valor absoluto	2010	12,9
30 Fabricación de otro material de transporte	Mujeres	Valor absoluto	2009	10,8
30 Fabricación de otro material de transporte	Mujeres	Valor absoluto	2008	9,8
30 Fabricación de otro material de transporte	Mujeres	Porcentaje	2025	0,2
30 Fabricación de otro material de transporte	Mujeres	Porcentaje	2024	0,2
30 Fabricación de otro material de transporte	Mujeres	Porcentaje	2023	0,1
30 Fabricación de otro material de transporte	Mujeres	Porcentaje	2022	0,1
30 Fabricación de otro material de transporte	Mujeres	Porcentaje	2021	0,1
30 Fabricación de otro material de transporte	Mujeres	Porcentaje	2020	0,1
30 Fabricación de otro material de transporte	Mujeres	Porcentaje	2019	0,1
30 Fabricación de otro material de transporte	Mujeres	Porcentaje	2018	0,1
30 Fabricación de otro material de transporte	Mujeres	Porcentaje	2017	0,1
30 Fabricación de otro material de transporte	Mujeres	Porcentaje	2016	0,1
30 Fabricación de otro material de transporte	Mujeres	Porcentaje	2015	0,2
30 Fabricación de otro material de transporte	Mujeres	Porcentaje	2014	0,1
30 Fabricación de otro material de transporte	Mujeres	Porcentaje	2013	0,1
30 Fabricación de otro material de transporte	Mujeres	Porcentaje	2012	0,1
30 Fabricación de otro material de transporte	Mujeres	Porcentaje	2011	0,2
30 Fabricación de otro material de transporte	Mujeres	Porcentaje	2010	0,2
30 Fabricación de otro material de transporte	Mujeres	Porcentaje	2009	0,1
30 Fabricación de otro material de transporte	Mujeres	Porcentaje	2008	0,1
31 Fabricación de muebles	Ambos sexos	Valor absoluto	2025	102,8
31 Fabricación de muebles	Ambos sexos	Valor absoluto	2024	92,2
31 Fabricación de muebles	Ambos sexos	Valor absoluto	2023	88,8
31 Fabricación de muebles	Ambos sexos	Valor absoluto	2022	81,7
31 Fabricación de muebles	Ambos sexos	Valor absoluto	2021	80,9
31 Fabricación de muebles	Ambos sexos	Valor absoluto	2020	86,8
31 Fabricación de muebles	Ambos sexos	Valor absoluto	2019	91,4
31 Fabricación de muebles	Ambos sexos	Valor absoluto	2018	91
31 Fabricación de muebles	Ambos sexos	Valor absoluto	2017	89,1
31 Fabricación de muebles	Ambos sexos	Valor absoluto	2016	75,2
31 Fabricación de muebles	Ambos sexos	Valor absoluto	2015	78,6
31 Fabricación de muebles	Ambos sexos	Valor absoluto	2014	76,7
31 Fabricación de muebles	Ambos sexos	Valor absoluto	2013	78,2
31 Fabricación de muebles	Ambos sexos	Valor absoluto	2012	84,4
31 Fabricación de muebles	Ambos sexos	Valor absoluto	2011	99,2
31 Fabricación de muebles	Ambos sexos	Valor absoluto	2010	105,3
31 Fabricación de muebles	Ambos sexos	Valor absoluto	2009	136,1
31 Fabricación de muebles	Ambos sexos	Valor absoluto	2008	173,9
31 Fabricación de muebles	Ambos sexos	Porcentaje	2025	0,5
31 Fabricación de muebles	Ambos sexos	Porcentaje	2024	0,4
31 Fabricación de muebles	Ambos sexos	Porcentaje	2023	0,4
31 Fabricación de muebles	Ambos sexos	Porcentaje	2022	0,4
31 Fabricación de muebles	Ambos sexos	Porcentaje	2021	0,4
31 Fabricación de muebles	Ambos sexos	Porcentaje	2020	0,5
31 Fabricación de muebles	Ambos sexos	Porcentaje	2019	0,5
31 Fabricación de muebles	Ambos sexos	Porcentaje	2018	0,5
31 Fabricación de muebles	Ambos sexos	Porcentaje	2017	0,5
31 Fabricación de muebles	Ambos sexos	Porcentaje	2016	0,4
31 Fabricación de muebles	Ambos sexos	Porcentaje	2015	0,4
31 Fabricación de muebles	Ambos sexos	Porcentaje	2014	0,4
31 Fabricación de muebles	Ambos sexos	Porcentaje	2013	0,5
31 Fabricación de muebles	Ambos sexos	Porcentaje	2012	0,5
31 Fabricación de muebles	Ambos sexos	Porcentaje	2011	0,5
31 Fabricación de muebles	Ambos sexos	Porcentaje	2010	0,6
31 Fabricación de muebles	Ambos sexos	Porcentaje	2009	0,7
31 Fabricación de muebles	Ambos sexos	Porcentaje	2008	0,8
31 Fabricación de muebles	Hombres	Valor absoluto	2025	88,4
31 Fabricación de muebles	Hombres	Valor absoluto	2024	76,5
31 Fabricación de muebles	Hombres	Valor absoluto	2023	74,9
31 Fabricación de muebles	Hombres	Valor absoluto	2022	68,5
31 Fabricación de muebles	Hombres	Valor absoluto	2021	62,9
31 Fabricación de muebles	Hombres	Valor absoluto	2020	71,4
31 Fabricación de muebles	Hombres	Valor absoluto	2019	79,5
31 Fabricación de muebles	Hombres	Valor absoluto	2018	79
31 Fabricación de muebles	Hombres	Valor absoluto	2017	79,2
31 Fabricación de muebles	Hombres	Valor absoluto	2016	67,5
31 Fabricación de muebles	Hombres	Valor absoluto	2015	67,6
31 Fabricación de muebles	Hombres	Valor absoluto	2014	63,8
31 Fabricación de muebles	Hombres	Valor absoluto	2013	64,5
31 Fabricación de muebles	Hombres	Valor absoluto	2012	70,9
31 Fabricación de muebles	Hombres	Valor absoluto	2011	87,5
31 Fabricación de muebles	Hombres	Valor absoluto	2010	91,3
31 Fabricación de muebles	Hombres	Valor absoluto	2009	116,7
31 Fabricación de muebles	Hombres	Valor absoluto	2008	149,3
31 Fabricación de muebles	Hombres	Porcentaje	2025	0,7
31 Fabricación de muebles	Hombres	Porcentaje	2024	0,7
31 Fabricación de muebles	Hombres	Porcentaje	2023	0,7
31 Fabricación de muebles	Hombres	Porcentaje	2022	0,6
31 Fabricación de muebles	Hombres	Porcentaje	2021	0,6
31 Fabricación de muebles	Hombres	Porcentaje	2020	0,7
31 Fabricación de muebles	Hombres	Porcentaje	2019	0,7
31 Fabricación de muebles	Hombres	Porcentaje	2018	0,8
31 Fabricación de muebles	Hombres	Porcentaje	2017	0,8
31 Fabricación de muebles	Hombres	Porcentaje	2016	0,7
31 Fabricación de muebles	Hombres	Porcentaje	2015	0,7
31 Fabricación de muebles	Hombres	Porcentaje	2014	0,7
31 Fabricación de muebles	Hombres	Porcentaje	2013	0,7
31 Fabricación de muebles	Hombres	Porcentaje	2012	0,7
31 Fabricación de muebles	Hombres	Porcentaje	2011	0,9
31 Fabricación de muebles	Hombres	Porcentaje	2010	0,9
31 Fabricación de muebles	Hombres	Porcentaje	2009	1,1
31 Fabricación de muebles	Hombres	Porcentaje	2008	1,3
31 Fabricación de muebles	Mujeres	Valor absoluto	2025	14,4
31 Fabricación de muebles	Mujeres	Valor absoluto	2024	15,7
31 Fabricación de muebles	Mujeres	Valor absoluto	2023	14
31 Fabricación de muebles	Mujeres	Valor absoluto	2022	13,2
31 Fabricación de muebles	Mujeres	Valor absoluto	2021	18
31 Fabricación de muebles	Mujeres	Valor absoluto	2020	15,4
31 Fabricación de muebles	Mujeres	Valor absoluto	2019	11,9
31 Fabricación de muebles	Mujeres	Valor absoluto	2018	12
31 Fabricación de muebles	Mujeres	Valor absoluto	2017	9,9
31 Fabricación de muebles	Mujeres	Valor absoluto	2016	7,7
31 Fabricación de muebles	Mujeres	Valor absoluto	2015	11
31 Fabricación de muebles	Mujeres	Valor absoluto	2014	12,9
31 Fabricación de muebles	Mujeres	Valor absoluto	2013	13,7
31 Fabricación de muebles	Mujeres	Valor absoluto	2012	13,5
31 Fabricación de muebles	Mujeres	Valor absoluto	2011	11,6
31 Fabricación de muebles	Mujeres	Valor absoluto	2010	14
31 Fabricación de muebles	Mujeres	Valor absoluto	2009	19,4
31 Fabricación de muebles	Mujeres	Valor absoluto	2008	24,6
31 Fabricación de muebles	Mujeres	Porcentaje	2025	0,1
31 Fabricación de muebles	Mujeres	Porcentaje	2024	0,2
31 Fabricación de muebles	Mujeres	Porcentaje	2023	0,1
31 Fabricación de muebles	Mujeres	Porcentaje	2022	0,1
31 Fabricación de muebles	Mujeres	Porcentaje	2021	0,2
31 Fabricación de muebles	Mujeres	Porcentaje	2020	0,2
31 Fabricación de muebles	Mujeres	Porcentaje	2019	0,1
31 Fabricación de muebles	Mujeres	Porcentaje	2018	0,1
31 Fabricación de muebles	Mujeres	Porcentaje	2017	0,1
31 Fabricación de muebles	Mujeres	Porcentaje	2016	0,1
31 Fabricación de muebles	Mujeres	Porcentaje	2015	0,1
31 Fabricación de muebles	Mujeres	Porcentaje	2014	0,2
31 Fabricación de muebles	Mujeres	Porcentaje	2013	0,2
31 Fabricación de muebles	Mujeres	Porcentaje	2012	0,2
31 Fabricación de muebles	Mujeres	Porcentaje	2011	0,1
31 Fabricación de muebles	Mujeres	Porcentaje	2010	0,2
31 Fabricación de muebles	Mujeres	Porcentaje	2009	0,2
31 Fabricación de muebles	Mujeres	Porcentaje	2008	0,3
32 Otras industrias manufactureras	Ambos sexos	Valor absoluto	2025	57,7
32 Otras industrias manufactureras	Ambos sexos	Valor absoluto	2024	56,9
32 Otras industrias manufactureras	Ambos sexos	Valor absoluto	2023	53,5
32 Otras industrias manufactureras	Ambos sexos	Valor absoluto	2022	49,1
32 Otras industrias manufactureras	Ambos sexos	Valor absoluto	2021	50,7
32 Otras industrias manufactureras	Ambos sexos	Valor absoluto	2020	51,8
32 Otras industrias manufactureras	Ambos sexos	Valor absoluto	2019	57,9
32 Otras industrias manufactureras	Ambos sexos	Valor absoluto	2018	53,4
32 Otras industrias manufactureras	Ambos sexos	Valor absoluto	2017	49,8
32 Otras industrias manufactureras	Ambos sexos	Valor absoluto	2016	50,2
32 Otras industrias manufactureras	Ambos sexos	Valor absoluto	2015	42,1
32 Otras industrias manufactureras	Ambos sexos	Valor absoluto	2014	38,4
32 Otras industrias manufactureras	Ambos sexos	Valor absoluto	2013	43,6
32 Otras industrias manufactureras	Ambos sexos	Valor absoluto	2012	50,1
32 Otras industrias manufactureras	Ambos sexos	Valor absoluto	2011	46,1
32 Otras industrias manufactureras	Ambos sexos	Valor absoluto	2010	54,3
32 Otras industrias manufactureras	Ambos sexos	Valor absoluto	2009	52,1
32 Otras industrias manufactureras	Ambos sexos	Valor absoluto	2008	55,3
32 Otras industrias manufactureras	Ambos sexos	Porcentaje	2025	0,3
32 Otras industrias manufactureras	Ambos sexos	Porcentaje	2024	0,3
32 Otras industrias manufactureras	Ambos sexos	Porcentaje	2023	0,3
32 Otras industrias manufactureras	Ambos sexos	Porcentaje	2022	0,2
32 Otras industrias manufactureras	Ambos sexos	Porcentaje	2021	0,3
32 Otras industrias manufactureras	Ambos sexos	Porcentaje	2020	0,3
32 Otras industrias manufactureras	Ambos sexos	Porcentaje	2019	0,3
32 Otras industrias manufactureras	Ambos sexos	Porcentaje	2018	0,3
32 Otras industrias manufactureras	Ambos sexos	Porcentaje	2017	0,3
32 Otras industrias manufactureras	Ambos sexos	Porcentaje	2016	0,3
32 Otras industrias manufactureras	Ambos sexos	Porcentaje	2015	0,2
32 Otras industrias manufactureras	Ambos sexos	Porcentaje	2014	0,2
32 Otras industrias manufactureras	Ambos sexos	Porcentaje	2013	0,3
32 Otras industrias manufactureras	Ambos sexos	Porcentaje	2012	0,3
32 Otras industrias manufactureras	Ambos sexos	Porcentaje	2011	0,3
32 Otras industrias manufactureras	Ambos sexos	Porcentaje	2010	0,3
32 Otras industrias manufactureras	Ambos sexos	Porcentaje	2009	0,3
32 Otras industrias manufactureras	Ambos sexos	Porcentaje	2008	0,3
32 Otras industrias manufactureras	Hombres	Valor absoluto	2025	33,9
32 Otras industrias manufactureras	Hombres	Valor absoluto	2024	30,6
32 Otras industrias manufactureras	Hombres	Valor absoluto	2023	29
32 Otras industrias manufactureras	Hombres	Valor absoluto	2022	26,8
32 Otras industrias manufactureras	Hombres	Valor absoluto	2021	28,5
32 Otras industrias manufactureras	Hombres	Valor absoluto	2020	30,1
32 Otras industrias manufactureras	Hombres	Valor absoluto	2019	29,2
32 Otras industrias manufactureras	Hombres	Valor absoluto	2018	31,6
32 Otras industrias manufactureras	Hombres	Valor absoluto	2017	33
32 Otras industrias manufactureras	Hombres	Valor absoluto	2016	32,6
32 Otras industrias manufactureras	Hombres	Valor absoluto	2015	25,8
32 Otras industrias manufactureras	Hombres	Valor absoluto	2014	23,8
32 Otras industrias manufactureras	Hombres	Valor absoluto	2013	26,4
32 Otras industrias manufactureras	Hombres	Valor absoluto	2012	30,4
32 Otras industrias manufactureras	Hombres	Valor absoluto	2011	27
32 Otras industrias manufactureras	Hombres	Valor absoluto	2010	31
32 Otras industrias manufactureras	Hombres	Valor absoluto	2009	33,3
32 Otras industrias manufactureras	Hombres	Valor absoluto	2008	37,1
32 Otras industrias manufactureras	Hombres	Porcentaje	2025	0,3
32 Otras industrias manufactureras	Hombres	Porcentaje	2024	0,3
32 Otras industrias manufactureras	Hombres	Porcentaje	2023	0,3
32 Otras industrias manufactureras	Hombres	Porcentaje	2022	0,2
32 Otras industrias manufactureras	Hombres	Porcentaje	2021	0,3
32 Otras industrias manufactureras	Hombres	Porcentaje	2020	0,3
32 Otras industrias manufactureras	Hombres	Porcentaje	2019	0,3
32 Otras industrias manufactureras	Hombres	Porcentaje	2018	0,3
32 Otras industrias manufactureras	Hombres	Porcentaje	2017	0,3
32 Otras industrias manufactureras	Hombres	Porcentaje	2016	0,3
32 Otras industrias manufactureras	Hombres	Porcentaje	2015	0,3
32 Otras industrias manufactureras	Hombres	Porcentaje	2014	0,3
32 Otras industrias manufactureras	Hombres	Porcentaje	2013	0,3
32 Otras industrias manufactureras	Hombres	Porcentaje	2012	0,3
32 Otras industrias manufactureras	Hombres	Porcentaje	2011	0,3
32 Otras industrias manufactureras	Hombres	Porcentaje	2010	0,3
32 Otras industrias manufactureras	Hombres	Porcentaje	2009	0,3
32 Otras industrias manufactureras	Hombres	Porcentaje	2008	0,3
32 Otras industrias manufactureras	Mujeres	Valor absoluto	2025	23,9
32 Otras industrias manufactureras	Mujeres	Valor absoluto	2024	26,3
32 Otras industrias manufactureras	Mujeres	Valor absoluto	2023	24,5
32 Otras industrias manufactureras	Mujeres	Valor absoluto	2022	22,4
32 Otras industrias manufactureras	Mujeres	Valor absoluto	2021	22,3
32 Otras industrias manufactureras	Mujeres	Valor absoluto	2020	21,7
32 Otras industrias manufactureras	Mujeres	Valor absoluto	2019	28,8
32 Otras industrias manufactureras	Mujeres	Valor absoluto	2018	21,8
32 Otras industrias manufactureras	Mujeres	Valor absoluto	2017	16,8
32 Otras industrias manufactureras	Mujeres	Valor absoluto	2016	17,6
32 Otras industrias manufactureras	Mujeres	Valor absoluto	2015	16,3
32 Otras industrias manufactureras	Mujeres	Valor absoluto	2014	14,7
32 Otras industrias manufactureras	Mujeres	Valor absoluto	2013	17,2
32 Otras industrias manufactureras	Mujeres	Valor absoluto	2012	19,7
32 Otras industrias manufactureras	Mujeres	Valor absoluto	2011	19,1
32 Otras industrias manufactureras	Mujeres	Valor absoluto	2010	23,3
32 Otras industrias manufactureras	Mujeres	Valor absoluto	2009	18,8
32 Otras industrias manufactureras	Mujeres	Valor absoluto	2008	18,2
32 Otras industrias manufactureras	Mujeres	Porcentaje	2025	0,2
32 Otras industrias manufactureras	Mujeres	Porcentaje	2024	0,3
32 Otras industrias manufactureras	Mujeres	Porcentaje	2023	0,2
32 Otras industrias manufactureras	Mujeres	Porcentaje	2022	0,2
32 Otras industrias manufactureras	Mujeres	Porcentaje	2021	0,2
32 Otras industrias manufactureras	Mujeres	Porcentaje	2020	0,2
32 Otras industrias manufactureras	Mujeres	Porcentaje	2019	0,3
32 Otras industrias manufactureras	Mujeres	Porcentaje	2018	0,2
32 Otras industrias manufactureras	Mujeres	Porcentaje	2017	0,2
32 Otras industrias manufactureras	Mujeres	Porcentaje	2016	0,2
32 Otras industrias manufactureras	Mujeres	Porcentaje	2015	0,2
32 Otras industrias manufactureras	Mujeres	Porcentaje	2014	0,2
32 Otras industrias manufactureras	Mujeres	Porcentaje	2013	0,2
32 Otras industrias manufactureras	Mujeres	Porcentaje	2012	0,2
32 Otras industrias manufactureras	Mujeres	Porcentaje	2011	0,2
32 Otras industrias manufactureras	Mujeres	Porcentaje	2010	0,3
32 Otras industrias manufactureras	Mujeres	Porcentaje	2009	0,2
32 Otras industrias manufactureras	Mujeres	Porcentaje	2008	0,2
33 Reparación e instalación de maquinaria y equipo	Ambos sexos	Valor absoluto	2025	139,3
33 Reparación e instalación de maquinaria y equipo	Ambos sexos	Valor absoluto	2024	135,7
33 Reparación e instalación de maquinaria y equipo	Ambos sexos	Valor absoluto	2023	127,8
33 Reparación e instalación de maquinaria y equipo	Ambos sexos	Valor absoluto	2022	114,2
33 Reparación e instalación de maquinaria y equipo	Ambos sexos	Valor absoluto	2021	105,3
33 Reparación e instalación de maquinaria y equipo	Ambos sexos	Valor absoluto	2020	112,4
33 Reparación e instalación de maquinaria y equipo	Ambos sexos	Valor absoluto	2019	110,5
33 Reparación e instalación de maquinaria y equipo	Ambos sexos	Valor absoluto	2018	106,5
33 Reparación e instalación de maquinaria y equipo	Ambos sexos	Valor absoluto	2017	104,9
33 Reparación e instalación de maquinaria y equipo	Ambos sexos	Valor absoluto	2016	109,3
33 Reparación e instalación de maquinaria y equipo	Ambos sexos	Valor absoluto	2015	101,7
33 Reparación e instalación de maquinaria y equipo	Ambos sexos	Valor absoluto	2014	97,3
33 Reparación e instalación de maquinaria y equipo	Ambos sexos	Valor absoluto	2013	98,4
33 Reparación e instalación de maquinaria y equipo	Ambos sexos	Valor absoluto	2012	102,3
33 Reparación e instalación de maquinaria y equipo	Ambos sexos	Valor absoluto	2011	100,9
33 Reparación e instalación de maquinaria y equipo	Ambos sexos	Valor absoluto	2010	99,9
33 Reparación e instalación de maquinaria y equipo	Ambos sexos	Valor absoluto	2009	109,4
33 Reparación e instalación de maquinaria y equipo	Ambos sexos	Valor absoluto	2008	106,8
33 Reparación e instalación de maquinaria y equipo	Ambos sexos	Porcentaje	2025	0,6
33 Reparación e instalación de maquinaria y equipo	Ambos sexos	Porcentaje	2024	0,6
33 Reparación e instalación de maquinaria y equipo	Ambos sexos	Porcentaje	2023	0,6
33 Reparación e instalación de maquinaria y equipo	Ambos sexos	Porcentaje	2022	0,6
33 Reparación e instalación de maquinaria y equipo	Ambos sexos	Porcentaje	2021	0,5
33 Reparación e instalación de maquinaria y equipo	Ambos sexos	Porcentaje	2020	0,6
33 Reparación e instalación de maquinaria y equipo	Ambos sexos	Porcentaje	2019	0,6
33 Reparación e instalación de maquinaria y equipo	Ambos sexos	Porcentaje	2018	0,6
33 Reparación e instalación de maquinaria y equipo	Ambos sexos	Porcentaje	2017	0,6
33 Reparación e instalación de maquinaria y equipo	Ambos sexos	Porcentaje	2016	0,6
33 Reparación e instalación de maquinaria y equipo	Ambos sexos	Porcentaje	2015	0,6
33 Reparación e instalación de maquinaria y equipo	Ambos sexos	Porcentaje	2014	0,6
33 Reparación e instalación de maquinaria y equipo	Ambos sexos	Porcentaje	2013	0,6
33 Reparación e instalación de maquinaria y equipo	Ambos sexos	Porcentaje	2012	0,6
33 Reparación e instalación de maquinaria y equipo	Ambos sexos	Porcentaje	2011	0,5
33 Reparación e instalación de maquinaria y equipo	Ambos sexos	Porcentaje	2010	0,5
33 Reparación e instalación de maquinaria y equipo	Ambos sexos	Porcentaje	2009	0,6
33 Reparación e instalación de maquinaria y equipo	Ambos sexos	Porcentaje	2008	0,5
33 Reparación e instalación de maquinaria y equipo	Hombres	Valor absoluto	2025	124,7
33 Reparación e instalación de maquinaria y equipo	Hombres	Valor absoluto	2024	123,2
33 Reparación e instalación de maquinaria y equipo	Hombres	Valor absoluto	2023	113,5
33 Reparación e instalación de maquinaria y equipo	Hombres	Valor absoluto	2022	103,4
33 Reparación e instalación de maquinaria y equipo	Hombres	Valor absoluto	2021	96,1
33 Reparación e instalación de maquinaria y equipo	Hombres	Valor absoluto	2020	99,6
33 Reparación e instalación de maquinaria y equipo	Hombres	Valor absoluto	2019	99,3
33 Reparación e instalación de maquinaria y equipo	Hombres	Valor absoluto	2018	95,3
33 Reparación e instalación de maquinaria y equipo	Hombres	Valor absoluto	2017	96
33 Reparación e instalación de maquinaria y equipo	Hombres	Valor absoluto	2016	98,1
33 Reparación e instalación de maquinaria y equipo	Hombres	Valor absoluto	2015	92,9
33 Reparación e instalación de maquinaria y equipo	Hombres	Valor absoluto	2014	87,4
33 Reparación e instalación de maquinaria y equipo	Hombres	Valor absoluto	2013	88,6
33 Reparación e instalación de maquinaria y equipo	Hombres	Valor absoluto	2012	90,9
33 Reparación e instalación de maquinaria y equipo	Hombres	Valor absoluto	2011	91,5
33 Reparación e instalación de maquinaria y equipo	Hombres	Valor absoluto	2010	90,1
33 Reparación e instalación de maquinaria y equipo	Hombres	Valor absoluto	2009	100,3
33 Reparación e instalación de maquinaria y equipo	Hombres	Valor absoluto	2008	97,8
33 Reparación e instalación de maquinaria y equipo	Hombres	Porcentaje	2025	1,1
33 Reparación e instalación de maquinaria y equipo	Hombres	Porcentaje	2024	1,1
33 Reparación e instalación de maquinaria y equipo	Hombres	Porcentaje	2023	1
33 Reparación e instalación de maquinaria y equipo	Hombres	Porcentaje	2022	0,9
33 Reparación e instalación de maquinaria y equipo	Hombres	Porcentaje	2021	0,9
33 Reparación e instalación de maquinaria y equipo	Hombres	Porcentaje	2020	1
33 Reparación e instalación de maquinaria y equipo	Hombres	Porcentaje	2019	0,9
33 Reparación e instalación de maquinaria y equipo	Hombres	Porcentaje	2018	0,9
33 Reparación e instalación de maquinaria y equipo	Hombres	Porcentaje	2017	0,9
33 Reparación e instalación de maquinaria y equipo	Hombres	Porcentaje	2016	1
33 Reparación e instalación de maquinaria y equipo	Hombres	Porcentaje	2015	1
33 Reparación e instalación de maquinaria y equipo	Hombres	Porcentaje	2014	0,9
33 Reparación e instalación de maquinaria y equipo	Hombres	Porcentaje	2013	1
33 Reparación e instalación de maquinaria y equipo	Hombres	Porcentaje	2012	0,9
33 Reparación e instalación de maquinaria y equipo	Hombres	Porcentaje	2011	0,9
33 Reparación e instalación de maquinaria y equipo	Hombres	Porcentaje	2010	0,9
33 Reparación e instalación de maquinaria y equipo	Hombres	Porcentaje	2009	0,9
33 Reparación e instalación de maquinaria y equipo	Hombres	Porcentaje	2008	0,8
33 Reparación e instalación de maquinaria y equipo	Mujeres	Valor absoluto	2025	14,6
33 Reparación e instalación de maquinaria y equipo	Mujeres	Valor absoluto	2024	12,5
33 Reparación e instalación de maquinaria y equipo	Mujeres	Valor absoluto	2023	14,3
33 Reparación e instalación de maquinaria y equipo	Mujeres	Valor absoluto	2022	10,8
33 Reparación e instalación de maquinaria y equipo	Mujeres	Valor absoluto	2021	9,2
33 Reparación e instalación de maquinaria y equipo	Mujeres	Valor absoluto	2020	12,7
33 Reparación e instalación de maquinaria y equipo	Mujeres	Valor absoluto	2019	11,2
33 Reparación e instalación de maquinaria y equipo	Mujeres	Valor absoluto	2018	11,2
33 Reparación e instalación de maquinaria y equipo	Mujeres	Valor absoluto	2017	8,9
33 Reparación e instalación de maquinaria y equipo	Mujeres	Valor absoluto	2016	11,1
33 Reparación e instalación de maquinaria y equipo	Mujeres	Valor absoluto	2015	8,9
33 Reparación e instalación de maquinaria y equipo	Mujeres	Valor absoluto	2014	10
33 Reparación e instalación de maquinaria y equipo	Mujeres	Valor absoluto	2013	9,8
33 Reparación e instalación de maquinaria y equipo	Mujeres	Valor absoluto	2012	11,4
33 Reparación e instalación de maquinaria y equipo	Mujeres	Valor absoluto	2011	9,3
33 Reparación e instalación de maquinaria y equipo	Mujeres	Valor absoluto	2010	9,7
33 Reparación e instalación de maquinaria y equipo	Mujeres	Valor absoluto	2009	9,1
33 Reparación e instalación de maquinaria y equipo	Mujeres	Valor absoluto	2008	9
33 Reparación e instalación de maquinaria y equipo	Mujeres	Porcentaje	2025	0,1
33 Reparación e instalación de maquinaria y equipo	Mujeres	Porcentaje	2024	0,1
33 Reparación e instalación de maquinaria y equipo	Mujeres	Porcentaje	2023	0,1
33 Reparación e instalación de maquinaria y equipo	Mujeres	Porcentaje	2022	0,1
33 Reparación e instalación de maquinaria y equipo	Mujeres	Porcentaje	2021	0,1
33 Reparación e instalación de maquinaria y equipo	Mujeres	Porcentaje	2020	0,1
33 Reparación e instalación de maquinaria y equipo	Mujeres	Porcentaje	2019	0,1
33 Reparación e instalación de maquinaria y equipo	Mujeres	Porcentaje	2018	0,1
33 Reparación e instalación de maquinaria y equipo	Mujeres	Porcentaje	2017	0,1
33 Reparación e instalación de maquinaria y equipo	Mujeres	Porcentaje	2016	0,1
33 Reparación e instalación de maquinaria y equipo	Mujeres	Porcentaje	2015	0,1
33 Reparación e instalación de maquinaria y equipo	Mujeres	Porcentaje	2014	0,1
33 Reparación e instalación de maquinaria y equipo	Mujeres	Porcentaje	2013	0,1
33 Reparación e instalación de maquinaria y equipo	Mujeres	Porcentaje	2012	0,1
33 Reparación e instalación de maquinaria y equipo	Mujeres	Porcentaje	2011	0,1
33 Reparación e instalación de maquinaria y equipo	Mujeres	Porcentaje	2010	0,1
33 Reparación e instalación de maquinaria y equipo	Mujeres	Porcentaje	2009	0,1
33 Reparación e instalación de maquinaria y equipo	Mujeres	Porcentaje	2008	0,1
D Suministro de energía eléctrica, gas, vapor y aire acondicionado	Ambos sexos	Valor absoluto	2025	110,4
D Suministro de energía eléctrica, gas, vapor y aire acondicionado	Ambos sexos	Valor absoluto	2024	106,5
D Suministro de energía eléctrica, gas, vapor y aire acondicionado	Ambos sexos	Valor absoluto	2023	92,1
D Suministro de energía eléctrica, gas, vapor y aire acondicionado	Ambos sexos	Valor absoluto	2022	94,2
D Suministro de energía eléctrica, gas, vapor y aire acondicionado	Ambos sexos	Valor absoluto	2021	92,7
D Suministro de energía eléctrica, gas, vapor y aire acondicionado	Ambos sexos	Valor absoluto	2020	86,8
D Suministro de energía eléctrica, gas, vapor y aire acondicionado	Ambos sexos	Valor absoluto	2019	91,2
D Suministro de energía eléctrica, gas, vapor y aire acondicionado	Ambos sexos	Valor absoluto	2018	80,7
D Suministro de energía eléctrica, gas, vapor y aire acondicionado	Ambos sexos	Valor absoluto	2017	83,5
D Suministro de energía eléctrica, gas, vapor y aire acondicionado	Ambos sexos	Valor absoluto	2016	83,6
D Suministro de energía eléctrica, gas, vapor y aire acondicionado	Ambos sexos	Valor absoluto	2015	92,3
D Suministro de energía eléctrica, gas, vapor y aire acondicionado	Ambos sexos	Valor absoluto	2014	93,8
D Suministro de energía eléctrica, gas, vapor y aire acondicionado	Ambos sexos	Valor absoluto	2013	78,7
D Suministro de energía eléctrica, gas, vapor y aire acondicionado	Ambos sexos	Valor absoluto	2012	84,6
D Suministro de energía eléctrica, gas, vapor y aire acondicionado	Ambos sexos	Valor absoluto	2011	80,5
D Suministro de energía eléctrica, gas, vapor y aire acondicionado	Ambos sexos	Valor absoluto	2010	80
D Suministro de energía eléctrica, gas, vapor y aire acondicionado	Ambos sexos	Valor absoluto	2009	80,5
D Suministro de energía eléctrica, gas, vapor y aire acondicionado	Ambos sexos	Valor absoluto	2008	74,4
D Suministro de energía eléctrica, gas, vapor y aire acondicionado	Ambos sexos	Porcentaje	2025	0,5
D Suministro de energía eléctrica, gas, vapor y aire acondicionado	Ambos sexos	Porcentaje	2024	0,5
D Suministro de energía eléctrica, gas, vapor y aire acondicionado	Ambos sexos	Porcentaje	2023	0,4
D Suministro de energía eléctrica, gas, vapor y aire acondicionado	Ambos sexos	Porcentaje	2022	0,5
D Suministro de energía eléctrica, gas, vapor y aire acondicionado	Ambos sexos	Porcentaje	2021	0,5
D Suministro de energía eléctrica, gas, vapor y aire acondicionado	Ambos sexos	Porcentaje	2020	0,5
D Suministro de energía eléctrica, gas, vapor y aire acondicionado	Ambos sexos	Porcentaje	2019	0,5
D Suministro de energía eléctrica, gas, vapor y aire acondicionado	Ambos sexos	Porcentaje	2018	0,4
D Suministro de energía eléctrica, gas, vapor y aire acondicionado	Ambos sexos	Porcentaje	2017	0,4
D Suministro de energía eléctrica, gas, vapor y aire acondicionado	Ambos sexos	Porcentaje	2016	0,5
D Suministro de energía eléctrica, gas, vapor y aire acondicionado	Ambos sexos	Porcentaje	2015	0,5
D Suministro de energía eléctrica, gas, vapor y aire acondicionado	Ambos sexos	Porcentaje	2014	0,5
D Suministro de energía eléctrica, gas, vapor y aire acondicionado	Ambos sexos	Porcentaje	2013	0,5
D Suministro de energía eléctrica, gas, vapor y aire acondicionado	Ambos sexos	Porcentaje	2012	0,5
D Suministro de energía eléctrica, gas, vapor y aire acondicionado	Ambos sexos	Porcentaje	2011	0,4
D Suministro de energía eléctrica, gas, vapor y aire acondicionado	Ambos sexos	Porcentaje	2010	0,4
D Suministro de energía eléctrica, gas, vapor y aire acondicionado	Ambos sexos	Porcentaje	2009	0,4
D Suministro de energía eléctrica, gas, vapor y aire acondicionado	Ambos sexos	Porcentaje	2008	0,4
D Suministro de energía eléctrica, gas, vapor y aire acondicionado	Hombres	Valor absoluto	2025	76,1
D Suministro de energía eléctrica, gas, vapor y aire acondicionado	Hombres	Valor absoluto	2024	73,1
D Suministro de energía eléctrica, gas, vapor y aire acondicionado	Hombres	Valor absoluto	2023	58,7
D Suministro de energía eléctrica, gas, vapor y aire acondicionado	Hombres	Valor absoluto	2022	63,1
D Suministro de energía eléctrica, gas, vapor y aire acondicionado	Hombres	Valor absoluto	2021	59,7
D Suministro de energía eléctrica, gas, vapor y aire acondicionado	Hombres	Valor absoluto	2020	56,4
D Suministro de energía eléctrica, gas, vapor y aire acondicionado	Hombres	Valor absoluto	2019	65,6
D Suministro de energía eléctrica, gas, vapor y aire acondicionado	Hombres	Valor absoluto	2018	57,6
D Suministro de energía eléctrica, gas, vapor y aire acondicionado	Hombres	Valor absoluto	2017	66,8
D Suministro de energía eléctrica, gas, vapor y aire acondicionado	Hombres	Valor absoluto	2016	62,8
D Suministro de energía eléctrica, gas, vapor y aire acondicionado	Hombres	Valor absoluto	2015	66,4
D Suministro de energía eléctrica, gas, vapor y aire acondicionado	Hombres	Valor absoluto	2014	73,5
D Suministro de energía eléctrica, gas, vapor y aire acondicionado	Hombres	Valor absoluto	2013	61,6
D Suministro de energía eléctrica, gas, vapor y aire acondicionado	Hombres	Valor absoluto	2012	64,5
D Suministro de energía eléctrica, gas, vapor y aire acondicionado	Hombres	Valor absoluto	2011	64,3
D Suministro de energía eléctrica, gas, vapor y aire acondicionado	Hombres	Valor absoluto	2010	62,8
D Suministro de energía eléctrica, gas, vapor y aire acondicionado	Hombres	Valor absoluto	2009	61,6
D Suministro de energía eléctrica, gas, vapor y aire acondicionado	Hombres	Valor absoluto	2008	59
D Suministro de energía eléctrica, gas, vapor y aire acondicionado	Hombres	Porcentaje	2025	0,6
D Suministro de energía eléctrica, gas, vapor y aire acondicionado	Hombres	Porcentaje	2024	0,6
D Suministro de energía eléctrica, gas, vapor y aire acondicionado	Hombres	Porcentaje	2023	0,5
D Suministro de energía eléctrica, gas, vapor y aire acondicionado	Hombres	Porcentaje	2022	0,6
D Suministro de energía eléctrica, gas, vapor y aire acondicionado	Hombres	Porcentaje	2021	0,6
D Suministro de energía eléctrica, gas, vapor y aire acondicionado	Hombres	Porcentaje	2020	0,5
D Suministro de energía eléctrica, gas, vapor y aire acondicionado	Hombres	Porcentaje	2019	0,6
D Suministro de energía eléctrica, gas, vapor y aire acondicionado	Hombres	Porcentaje	2018	0,5
D Suministro de energía eléctrica, gas, vapor y aire acondicionado	Hombres	Porcentaje	2017	0,7
D Suministro de energía eléctrica, gas, vapor y aire acondicionado	Hombres	Porcentaje	2016	0,6
D Suministro de energía eléctrica, gas, vapor y aire acondicionado	Hombres	Porcentaje	2015	0,7
D Suministro de energía eléctrica, gas, vapor y aire acondicionado	Hombres	Porcentaje	2014	0,8
D Suministro de energía eléctrica, gas, vapor y aire acondicionado	Hombres	Porcentaje	2013	0,7
D Suministro de energía eléctrica, gas, vapor y aire acondicionado	Hombres	Porcentaje	2012	0,7
D Suministro de energía eléctrica, gas, vapor y aire acondicionado	Hombres	Porcentaje	2011	0,6
D Suministro de energía eléctrica, gas, vapor y aire acondicionado	Hombres	Porcentaje	2010	0,6
D Suministro de energía eléctrica, gas, vapor y aire acondicionado	Hombres	Porcentaje	2009	0,6
D Suministro de energía eléctrica, gas, vapor y aire acondicionado	Hombres	Porcentaje	2008	0,5
D Suministro de energía eléctrica, gas, vapor y aire acondicionado	Mujeres	Valor absoluto	2025	34,3
D Suministro de energía eléctrica, gas, vapor y aire acondicionado	Mujeres	Valor absoluto	2024	33,4
D Suministro de energía eléctrica, gas, vapor y aire acondicionado	Mujeres	Valor absoluto	2023	33,4
D Suministro de energía eléctrica, gas, vapor y aire acondicionado	Mujeres	Valor absoluto	2022	31,2
D Suministro de energía eléctrica, gas, vapor y aire acondicionado	Mujeres	Valor absoluto	2021	33
D Suministro de energía eléctrica, gas, vapor y aire acondicionado	Mujeres	Valor absoluto	2020	30,3
D Suministro de energía eléctrica, gas, vapor y aire acondicionado	Mujeres	Valor absoluto	2019	25,7
D Suministro de energía eléctrica, gas, vapor y aire acondicionado	Mujeres	Valor absoluto	2018	23,1
D Suministro de energía eléctrica, gas, vapor y aire acondicionado	Mujeres	Valor absoluto	2017	16,7
D Suministro de energía eléctrica, gas, vapor y aire acondicionado	Mujeres	Valor absoluto	2016	20,9
D Suministro de energía eléctrica, gas, vapor y aire acondicionado	Mujeres	Valor absoluto	2015	25,9
D Suministro de energía eléctrica, gas, vapor y aire acondicionado	Mujeres	Valor absoluto	2014	20,3
D Suministro de energía eléctrica, gas, vapor y aire acondicionado	Mujeres	Valor absoluto	2013	17,1
D Suministro de energía eléctrica, gas, vapor y aire acondicionado	Mujeres	Valor absoluto	2012	20,1
D Suministro de energía eléctrica, gas, vapor y aire acondicionado	Mujeres	Valor absoluto	2011	16,2
D Suministro de energía eléctrica, gas, vapor y aire acondicionado	Mujeres	Valor absoluto	2010	17,2
D Suministro de energía eléctrica, gas, vapor y aire acondicionado	Mujeres	Valor absoluto	2009	18,9
D Suministro de energía eléctrica, gas, vapor y aire acondicionado	Mujeres	Valor absoluto	2008	15,4
D Suministro de energía eléctrica, gas, vapor y aire acondicionado	Mujeres	Porcentaje	2025	0,3
D Suministro de energía eléctrica, gas, vapor y aire acondicionado	Mujeres	Porcentaje	2024	0,3
D Suministro de energía eléctrica, gas, vapor y aire acondicionado	Mujeres	Porcentaje	2023	0,3
D Suministro de energía eléctrica, gas, vapor y aire acondicionado	Mujeres	Porcentaje	2022	0,3
D Suministro de energía eléctrica, gas, vapor y aire acondicionado	Mujeres	Porcentaje	2021	0,4
D Suministro de energía eléctrica, gas, vapor y aire acondicionado	Mujeres	Porcentaje	2020	0,3
D Suministro de energía eléctrica, gas, vapor y aire acondicionado	Mujeres	Porcentaje	2019	0,3
D Suministro de energía eléctrica, gas, vapor y aire acondicionado	Mujeres	Porcentaje	2018	0,3
D Suministro de energía eléctrica, gas, vapor y aire acondicionado	Mujeres	Porcentaje	2017	0,2
D Suministro de energía eléctrica, gas, vapor y aire acondicionado	Mujeres	Porcentaje	2016	0,3
D Suministro de energía eléctrica, gas, vapor y aire acondicionado	Mujeres	Porcentaje	2015	0,3
D Suministro de energía eléctrica, gas, vapor y aire acondicionado	Mujeres	Porcentaje	2014	0,3
D Suministro de energía eléctrica, gas, vapor y aire acondicionado	Mujeres	Porcentaje	2013	0,2
D Suministro de energía eléctrica, gas, vapor y aire acondicionado	Mujeres	Porcentaje	2012	0,3
D Suministro de energía eléctrica, gas, vapor y aire acondicionado	Mujeres	Porcentaje	2011	0,2
D Suministro de energía eléctrica, gas, vapor y aire acondicionado	Mujeres	Porcentaje	2010	0,2
D Suministro de energía eléctrica, gas, vapor y aire acondicionado	Mujeres	Porcentaje	2009	0,2
D Suministro de energía eléctrica, gas, vapor y aire acondicionado	Mujeres	Porcentaje	2008	0,2
35 Suministro de energía eléctrica, gas, vapor y aire acondicionado	Ambos sexos	Valor absoluto	2025	110,4
35 Suministro de energía eléctrica, gas, vapor y aire acondicionado	Ambos sexos	Valor absoluto	2024	106,5
35 Suministro de energía eléctrica, gas, vapor y aire acondicionado	Ambos sexos	Valor absoluto	2023	92,1
35 Suministro de energía eléctrica, gas, vapor y aire acondicionado	Ambos sexos	Valor absoluto	2022	94,2
35 Suministro de energía eléctrica, gas, vapor y aire acondicionado	Ambos sexos	Valor absoluto	2021	92,7
35 Suministro de energía eléctrica, gas, vapor y aire acondicionado	Ambos sexos	Valor absoluto	2020	86,8
35 Suministro de energía eléctrica, gas, vapor y aire acondicionado	Ambos sexos	Valor absoluto	2019	91,2
35 Suministro de energía eléctrica, gas, vapor y aire acondicionado	Ambos sexos	Valor absoluto	2018	80,7
35 Suministro de energía eléctrica, gas, vapor y aire acondicionado	Ambos sexos	Valor absoluto	2017	83,5
35 Suministro de energía eléctrica, gas, vapor y aire acondicionado	Ambos sexos	Valor absoluto	2016	83,6
35 Suministro de energía eléctrica, gas, vapor y aire acondicionado	Ambos sexos	Valor absoluto	2015	92,3
35 Suministro de energía eléctrica, gas, vapor y aire acondicionado	Ambos sexos	Valor absoluto	2014	93,8
35 Suministro de energía eléctrica, gas, vapor y aire acondicionado	Ambos sexos	Valor absoluto	2013	78,7
35 Suministro de energía eléctrica, gas, vapor y aire acondicionado	Ambos sexos	Valor absoluto	2012	84,6
35 Suministro de energía eléctrica, gas, vapor y aire acondicionado	Ambos sexos	Valor absoluto	2011	80,5
35 Suministro de energía eléctrica, gas, vapor y aire acondicionado	Ambos sexos	Valor absoluto	2010	80
35 Suministro de energía eléctrica, gas, vapor y aire acondicionado	Ambos sexos	Valor absoluto	2009	80,5
35 Suministro de energía eléctrica, gas, vapor y aire acondicionado	Ambos sexos	Valor absoluto	2008	74,4
35 Suministro de energía eléctrica, gas, vapor y aire acondicionado	Ambos sexos	Porcentaje	2025	0,5
35 Suministro de energía eléctrica, gas, vapor y aire acondicionado	Ambos sexos	Porcentaje	2024	0,5
35 Suministro de energía eléctrica, gas, vapor y aire acondicionado	Ambos sexos	Porcentaje	2023	0,4
35 Suministro de energía eléctrica, gas, vapor y aire acondicionado	Ambos sexos	Porcentaje	2022	0,5
35 Suministro de energía eléctrica, gas, vapor y aire acondicionado	Ambos sexos	Porcentaje	2021	0,5
35 Suministro de energía eléctrica, gas, vapor y aire acondicionado	Ambos sexos	Porcentaje	2020	0,5
35 Suministro de energía eléctrica, gas, vapor y aire acondicionado	Ambos sexos	Porcentaje	2019	0,5
35 Suministro de energía eléctrica, gas, vapor y aire acondicionado	Ambos sexos	Porcentaje	2018	0,4
35 Suministro de energía eléctrica, gas, vapor y aire acondicionado	Ambos sexos	Porcentaje	2017	0,4
35 Suministro de energía eléctrica, gas, vapor y aire acondicionado	Ambos sexos	Porcentaje	2016	0,5
35 Suministro de energía eléctrica, gas, vapor y aire acondicionado	Ambos sexos	Porcentaje	2015	0,5
35 Suministro de energía eléctrica, gas, vapor y aire acondicionado	Ambos sexos	Porcentaje	2014	0,5
35 Suministro de energía eléctrica, gas, vapor y aire acondicionado	Ambos sexos	Porcentaje	2013	0,5
35 Suministro de energía eléctrica, gas, vapor y aire acondicionado	Ambos sexos	Porcentaje	2012	0,5
35 Suministro de energía eléctrica, gas, vapor y aire acondicionado	Ambos sexos	Porcentaje	2011	0,4
35 Suministro de energía eléctrica, gas, vapor y aire acondicionado	Ambos sexos	Porcentaje	2010	0,4
35 Suministro de energía eléctrica, gas, vapor y aire acondicionado	Ambos sexos	Porcentaje	2009	0,4
35 Suministro de energía eléctrica, gas, vapor y aire acondicionado	Ambos sexos	Porcentaje	2008	0,4
35 Suministro de energía eléctrica, gas, vapor y aire acondicionado	Hombres	Valor absoluto	2025	76,1
35 Suministro de energía eléctrica, gas, vapor y aire acondicionado	Hombres	Valor absoluto	2024	73,1
35 Suministro de energía eléctrica, gas, vapor y aire acondicionado	Hombres	Valor absoluto	2023	58,7
35 Suministro de energía eléctrica, gas, vapor y aire acondicionado	Hombres	Valor absoluto	2022	63,1
35 Suministro de energía eléctrica, gas, vapor y aire acondicionado	Hombres	Valor absoluto	2021	59,7
35 Suministro de energía eléctrica, gas, vapor y aire acondicionado	Hombres	Valor absoluto	2020	56,4
35 Suministro de energía eléctrica, gas, vapor y aire acondicionado	Hombres	Valor absoluto	2019	65,6
35 Suministro de energía eléctrica, gas, vapor y aire acondicionado	Hombres	Valor absoluto	2018	57,6
35 Suministro de energía eléctrica, gas, vapor y aire acondicionado	Hombres	Valor absoluto	2017	66,8
35 Suministro de energía eléctrica, gas, vapor y aire acondicionado	Hombres	Valor absoluto	2016	62,8
35 Suministro de energía eléctrica, gas, vapor y aire acondicionado	Hombres	Valor absoluto	2015	66,4
35 Suministro de energía eléctrica, gas, vapor y aire acondicionado	Hombres	Valor absoluto	2014	73,5
35 Suministro de energía eléctrica, gas, vapor y aire acondicionado	Hombres	Valor absoluto	2013	61,6
35 Suministro de energía eléctrica, gas, vapor y aire acondicionado	Hombres	Valor absoluto	2012	64,5
35 Suministro de energía eléctrica, gas, vapor y aire acondicionado	Hombres	Valor absoluto	2011	64,3
35 Suministro de energía eléctrica, gas, vapor y aire acondicionado	Hombres	Valor absoluto	2010	62,8
35 Suministro de energía eléctrica, gas, vapor y aire acondicionado	Hombres	Valor absoluto	2009	61,6
35 Suministro de energía eléctrica, gas, vapor y aire acondicionado	Hombres	Valor absoluto	2008	59
35 Suministro de energía eléctrica, gas, vapor y aire acondicionado	Hombres	Porcentaje	2025	0,6
35 Suministro de energía eléctrica, gas, vapor y aire acondicionado	Hombres	Porcentaje	2024	0,6
35 Suministro de energía eléctrica, gas, vapor y aire acondicionado	Hombres	Porcentaje	2023	0,5
35 Suministro de energía eléctrica, gas, vapor y aire acondicionado	Hombres	Porcentaje	2022	0,6
35 Suministro de energía eléctrica, gas, vapor y aire acondicionado	Hombres	Porcentaje	2021	0,6
35 Suministro de energía eléctrica, gas, vapor y aire acondicionado	Hombres	Porcentaje	2020	0,5
35 Suministro de energía eléctrica, gas, vapor y aire acondicionado	Hombres	Porcentaje	2019	0,6
35 Suministro de energía eléctrica, gas, vapor y aire acondicionado	Hombres	Porcentaje	2018	0,5
35 Suministro de energía eléctrica, gas, vapor y aire acondicionado	Hombres	Porcentaje	2017	0,7
35 Suministro de energía eléctrica, gas, vapor y aire acondicionado	Hombres	Porcentaje	2016	0,6
35 Suministro de energía eléctrica, gas, vapor y aire acondicionado	Hombres	Porcentaje	2015	0,7
35 Suministro de energía eléctrica, gas, vapor y aire acondicionado	Hombres	Porcentaje	2014	0,8
35 Suministro de energía eléctrica, gas, vapor y aire acondicionado	Hombres	Porcentaje	2013	0,7
35 Suministro de energía eléctrica, gas, vapor y aire acondicionado	Hombres	Porcentaje	2012	0,7
35 Suministro de energía eléctrica, gas, vapor y aire acondicionado	Hombres	Porcentaje	2011	0,6
35 Suministro de energía eléctrica, gas, vapor y aire acondicionado	Hombres	Porcentaje	2010	0,6
35 Suministro de energía eléctrica, gas, vapor y aire acondicionado	Hombres	Porcentaje	2009	0,6
35 Suministro de energía eléctrica, gas, vapor y aire acondicionado	Hombres	Porcentaje	2008	0,5
35 Suministro de energía eléctrica, gas, vapor y aire acondicionado	Mujeres	Valor absoluto	2025	34,3
35 Suministro de energía eléctrica, gas, vapor y aire acondicionado	Mujeres	Valor absoluto	2024	33,4
35 Suministro de energía eléctrica, gas, vapor y aire acondicionado	Mujeres	Valor absoluto	2023	33,4
35 Suministro de energía eléctrica, gas, vapor y aire acondicionado	Mujeres	Valor absoluto	2022	31,2
35 Suministro de energía eléctrica, gas, vapor y aire acondicionado	Mujeres	Valor absoluto	2021	33
35 Suministro de energía eléctrica, gas, vapor y aire acondicionado	Mujeres	Valor absoluto	2020	30,3
35 Suministro de energía eléctrica, gas, vapor y aire acondicionado	Mujeres	Valor absoluto	2019	25,7
35 Suministro de energía eléctrica, gas, vapor y aire acondicionado	Mujeres	Valor absoluto	2018	23,1
35 Suministro de energía eléctrica, gas, vapor y aire acondicionado	Mujeres	Valor absoluto	2017	16,7
35 Suministro de energía eléctrica, gas, vapor y aire acondicionado	Mujeres	Valor absoluto	2016	20,9
35 Suministro de energía eléctrica, gas, vapor y aire acondicionado	Mujeres	Valor absoluto	2015	25,9
35 Suministro de energía eléctrica, gas, vapor y aire acondicionado	Mujeres	Valor absoluto	2014	20,3
35 Suministro de energía eléctrica, gas, vapor y aire acondicionado	Mujeres	Valor absoluto	2013	17,1
35 Suministro de energía eléctrica, gas, vapor y aire acondicionado	Mujeres	Valor absoluto	2012	20,1
35 Suministro de energía eléctrica, gas, vapor y aire acondicionado	Mujeres	Valor absoluto	2011	16,2
35 Suministro de energía eléctrica, gas, vapor y aire acondicionado	Mujeres	Valor absoluto	2010	17,2
35 Suministro de energía eléctrica, gas, vapor y aire acondicionado	Mujeres	Valor absoluto	2009	18,9
35 Suministro de energía eléctrica, gas, vapor y aire acondicionado	Mujeres	Valor absoluto	2008	15,4
35 Suministro de energía eléctrica, gas, vapor y aire acondicionado	Mujeres	Porcentaje	2025	0,3
35 Suministro de energía eléctrica, gas, vapor y aire acondicionado	Mujeres	Porcentaje	2024	0,3
35 Suministro de energía eléctrica, gas, vapor y aire acondicionado	Mujeres	Porcentaje	2023	0,3
35 Suministro de energía eléctrica, gas, vapor y aire acondicionado	Mujeres	Porcentaje	2022	0,3
35 Suministro de energía eléctrica, gas, vapor y aire acondicionado	Mujeres	Porcentaje	2021	0,4
35 Suministro de energía eléctrica, gas, vapor y aire acondicionado	Mujeres	Porcentaje	2020	0,3
35 Suministro de energía eléctrica, gas, vapor y aire acondicionado	Mujeres	Porcentaje	2019	0,3
35 Suministro de energía eléctrica, gas, vapor y aire acondicionado	Mujeres	Porcentaje	2018	0,3
35 Suministro de energía eléctrica, gas, vapor y aire acondicionado	Mujeres	Porcentaje	2017	0,2
35 Suministro de energía eléctrica, gas, vapor y aire acondicionado	Mujeres	Porcentaje	2016	0,3
35 Suministro de energía eléctrica, gas, vapor y aire acondicionado	Mujeres	Porcentaje	2015	0,3
35 Suministro de energía eléctrica, gas, vapor y aire acondicionado	Mujeres	Porcentaje	2014	0,3
35 Suministro de energía eléctrica, gas, vapor y aire acondicionado	Mujeres	Porcentaje	2013	0,2
35 Suministro de energía eléctrica, gas, vapor y aire acondicionado	Mujeres	Porcentaje	2012	0,3
35 Suministro de energía eléctrica, gas, vapor y aire acondicionado	Mujeres	Porcentaje	2011	0,2
35 Suministro de energía eléctrica, gas, vapor y aire acondicionado	Mujeres	Porcentaje	2010	0,2
35 Suministro de energía eléctrica, gas, vapor y aire acondicionado	Mujeres	Porcentaje	2009	0,2
35 Suministro de energía eléctrica, gas, vapor y aire acondicionado	Mujeres	Porcentaje	2008	0,2
E Suministro de agua, actividades de saneamiento, gestión de residuos y descontaminación	Ambos sexos	Valor absoluto	2025	165,3
E Suministro de agua, actividades de saneamiento, gestión de residuos y descontaminación	Ambos sexos	Valor absoluto	2024	147,4
E Suministro de agua, actividades de saneamiento, gestión de residuos y descontaminación	Ambos sexos	Valor absoluto	2023	138,9
E Suministro de agua, actividades de saneamiento, gestión de residuos y descontaminación	Ambos sexos	Valor absoluto	2022	142
E Suministro de agua, actividades de saneamiento, gestión de residuos y descontaminación	Ambos sexos	Valor absoluto	2021	152
E Suministro de agua, actividades de saneamiento, gestión de residuos y descontaminación	Ambos sexos	Valor absoluto	2020	147,1
E Suministro de agua, actividades de saneamiento, gestión de residuos y descontaminación	Ambos sexos	Valor absoluto	2019	144,3
E Suministro de agua, actividades de saneamiento, gestión de residuos y descontaminación	Ambos sexos	Valor absoluto	2018	149,9
E Suministro de agua, actividades de saneamiento, gestión de residuos y descontaminación	Ambos sexos	Valor absoluto	2017	137,3
E Suministro de agua, actividades de saneamiento, gestión de residuos y descontaminación	Ambos sexos	Valor absoluto	2016	123,9
E Suministro de agua, actividades de saneamiento, gestión de residuos y descontaminación	Ambos sexos	Valor absoluto	2015	131,4
E Suministro de agua, actividades de saneamiento, gestión de residuos y descontaminación	Ambos sexos	Valor absoluto	2014	113,3
E Suministro de agua, actividades de saneamiento, gestión de residuos y descontaminación	Ambos sexos	Valor absoluto	2013	128,2
E Suministro de agua, actividades de saneamiento, gestión de residuos y descontaminación	Ambos sexos	Valor absoluto	2012	138,2
E Suministro de agua, actividades de saneamiento, gestión de residuos y descontaminación	Ambos sexos	Valor absoluto	2011	132,5
E Suministro de agua, actividades de saneamiento, gestión de residuos y descontaminación	Ambos sexos	Valor absoluto	2010	119,5
E Suministro de agua, actividades de saneamiento, gestión de residuos y descontaminación	Ambos sexos	Valor absoluto	2009	133,3
E Suministro de agua, actividades de saneamiento, gestión de residuos y descontaminación	Ambos sexos	Valor absoluto	2008	123,2
E Suministro de agua, actividades de saneamiento, gestión de residuos y descontaminación	Ambos sexos	Porcentaje	2025	0,7
E Suministro de agua, actividades de saneamiento, gestión de residuos y descontaminación	Ambos sexos	Porcentaje	2024	0,7
E Suministro de agua, actividades de saneamiento, gestión de residuos y descontaminación	Ambos sexos	Porcentaje	2023	0,7
E Suministro de agua, actividades de saneamiento, gestión de residuos y descontaminación	Ambos sexos	Porcentaje	2022	0,7
E Suministro de agua, actividades de saneamiento, gestión de residuos y descontaminación	Ambos sexos	Porcentaje	2021	0,8
E Suministro de agua, actividades de saneamiento, gestión de residuos y descontaminación	Ambos sexos	Porcentaje	2020	0,8
E Suministro de agua, actividades de saneamiento, gestión de residuos y descontaminación	Ambos sexos	Porcentaje	2019	0,7
E Suministro de agua, actividades de saneamiento, gestión de residuos y descontaminación	Ambos sexos	Porcentaje	2018	0,8
E Suministro de agua, actividades de saneamiento, gestión de residuos y descontaminación	Ambos sexos	Porcentaje	2017	0,7
E Suministro de agua, actividades de saneamiento, gestión de residuos y descontaminación	Ambos sexos	Porcentaje	2016	0,7
E Suministro de agua, actividades de saneamiento, gestión de residuos y descontaminación	Ambos sexos	Porcentaje	2015	0,7
E Suministro de agua, actividades de saneamiento, gestión de residuos y descontaminación	Ambos sexos	Porcentaje	2014	0,7
E Suministro de agua, actividades de saneamiento, gestión de residuos y descontaminación	Ambos sexos	Porcentaje	2013	0,7
E Suministro de agua, actividades de saneamiento, gestión de residuos y descontaminación	Ambos sexos	Porcentaje	2012	0,8
E Suministro de agua, actividades de saneamiento, gestión de residuos y descontaminación	Ambos sexos	Porcentaje	2011	0,7
E Suministro de agua, actividades de saneamiento, gestión de residuos y descontaminación	Ambos sexos	Porcentaje	2010	0,6
E Suministro de agua, actividades de saneamiento, gestión de residuos y descontaminación	Ambos sexos	Porcentaje	2009	0,7
E Suministro de agua, actividades de saneamiento, gestión de residuos y descontaminación	Ambos sexos	Porcentaje	2008	0,6
E Suministro de agua, actividades de saneamiento, gestión de residuos y descontaminación	Hombres	Valor absoluto	2025	127,1
E Suministro de agua, actividades de saneamiento, gestión de residuos y descontaminación	Hombres	Valor absoluto	2024	112,6
E Suministro de agua, actividades de saneamiento, gestión de residuos y descontaminación	Hombres	Valor absoluto	2023	112,5
E Suministro de agua, actividades de saneamiento, gestión de residuos y descontaminación	Hombres	Valor absoluto	2022	119
E Suministro de agua, actividades de saneamiento, gestión de residuos y descontaminación	Hombres	Valor absoluto	2021	127,8
E Suministro de agua, actividades de saneamiento, gestión de residuos y descontaminación	Hombres	Valor absoluto	2020	119,5
E Suministro de agua, actividades de saneamiento, gestión de residuos y descontaminación	Hombres	Valor absoluto	2019	114,7
E Suministro de agua, actividades de saneamiento, gestión de residuos y descontaminación	Hombres	Valor absoluto	2018	124,7
E Suministro de agua, actividades de saneamiento, gestión de residuos y descontaminación	Hombres	Valor absoluto	2017	112,8
E Suministro de agua, actividades de saneamiento, gestión de residuos y descontaminación	Hombres	Valor absoluto	2016	104,3
E Suministro de agua, actividades de saneamiento, gestión de residuos y descontaminación	Hombres	Valor absoluto	2015	109,3
E Suministro de agua, actividades de saneamiento, gestión de residuos y descontaminación	Hombres	Valor absoluto	2014	95,5
E Suministro de agua, actividades de saneamiento, gestión de residuos y descontaminación	Hombres	Valor absoluto	2013	106,7
E Suministro de agua, actividades de saneamiento, gestión de residuos y descontaminación	Hombres	Valor absoluto	2012	115,4
E Suministro de agua, actividades de saneamiento, gestión de residuos y descontaminación	Hombres	Valor absoluto	2011	111,6
E Suministro de agua, actividades de saneamiento, gestión de residuos y descontaminación	Hombres	Valor absoluto	2010	103,1
E Suministro de agua, actividades de saneamiento, gestión de residuos y descontaminación	Hombres	Valor absoluto	2009	114,2
E Suministro de agua, actividades de saneamiento, gestión de residuos y descontaminación	Hombres	Valor absoluto	2008	103,1
E Suministro de agua, actividades de saneamiento, gestión de residuos y descontaminación	Hombres	Porcentaje	2025	1,1
E Suministro de agua, actividades de saneamiento, gestión de residuos y descontaminación	Hombres	Porcentaje	2024	1
E Suministro de agua, actividades de saneamiento, gestión de residuos y descontaminación	Hombres	Porcentaje	2023	1
E Suministro de agua, actividades de saneamiento, gestión de residuos y descontaminación	Hombres	Porcentaje	2022	1,1
E Suministro de agua, actividades de saneamiento, gestión de residuos y descontaminación	Hombres	Porcentaje	2021	1,2
E Suministro de agua, actividades de saneamiento, gestión de residuos y descontaminación	Hombres	Porcentaje	2020	1,1
E Suministro de agua, actividades de saneamiento, gestión de residuos y descontaminación	Hombres	Porcentaje	2019	1,1
E Suministro de agua, actividades de saneamiento, gestión de residuos y descontaminación	Hombres	Porcentaje	2018	1,2
E Suministro de agua, actividades de saneamiento, gestión de residuos y descontaminación	Hombres	Porcentaje	2017	1,1
E Suministro de agua, actividades de saneamiento, gestión de residuos y descontaminación	Hombres	Porcentaje	2016	1
E Suministro de agua, actividades de saneamiento, gestión de residuos y descontaminación	Hombres	Porcentaje	2015	1,1
E Suministro de agua, actividades de saneamiento, gestión de residuos y descontaminación	Hombres	Porcentaje	2014	1
E Suministro de agua, actividades de saneamiento, gestión de residuos y descontaminación	Hombres	Porcentaje	2013	1,1
E Suministro de agua, actividades de saneamiento, gestión de residuos y descontaminación	Hombres	Porcentaje	2012	1,2
E Suministro de agua, actividades de saneamiento, gestión de residuos y descontaminación	Hombres	Porcentaje	2011	1,1
E Suministro de agua, actividades de saneamiento, gestión de residuos y descontaminación	Hombres	Porcentaje	2010	1
E Suministro de agua, actividades de saneamiento, gestión de residuos y descontaminación	Hombres	Porcentaje	2009	1,1
E Suministro de agua, actividades de saneamiento, gestión de residuos y descontaminación	Hombres	Porcentaje	2008	0,9
E Suministro de agua, actividades de saneamiento, gestión de residuos y descontaminación	Mujeres	Valor absoluto	2025	38,2
E Suministro de agua, actividades de saneamiento, gestión de residuos y descontaminación	Mujeres	Valor absoluto	2024	34,8
E Suministro de agua, actividades de saneamiento, gestión de residuos y descontaminación	Mujeres	Valor absoluto	2023	26,4
E Suministro de agua, actividades de saneamiento, gestión de residuos y descontaminación	Mujeres	Valor absoluto	2022	23
E Suministro de agua, actividades de saneamiento, gestión de residuos y descontaminación	Mujeres	Valor absoluto	2021	24,2
E Suministro de agua, actividades de saneamiento, gestión de residuos y descontaminación	Mujeres	Valor absoluto	2020	27,6
E Suministro de agua, actividades de saneamiento, gestión de residuos y descontaminación	Mujeres	Valor absoluto	2019	29,7
E Suministro de agua, actividades de saneamiento, gestión de residuos y descontaminación	Mujeres	Valor absoluto	2018	25,2
E Suministro de agua, actividades de saneamiento, gestión de residuos y descontaminación	Mujeres	Valor absoluto	2017	24,4
E Suministro de agua, actividades de saneamiento, gestión de residuos y descontaminación	Mujeres	Valor absoluto	2016	19,7
E Suministro de agua, actividades de saneamiento, gestión de residuos y descontaminación	Mujeres	Valor absoluto	2015	22,1
E Suministro de agua, actividades de saneamiento, gestión de residuos y descontaminación	Mujeres	Valor absoluto	2014	17,8
E Suministro de agua, actividades de saneamiento, gestión de residuos y descontaminación	Mujeres	Valor absoluto	2013	21,5
E Suministro de agua, actividades de saneamiento, gestión de residuos y descontaminación	Mujeres	Valor absoluto	2012	22,9
E Suministro de agua, actividades de saneamiento, gestión de residuos y descontaminación	Mujeres	Valor absoluto	2011	20,9
E Suministro de agua, actividades de saneamiento, gestión de residuos y descontaminación	Mujeres	Valor absoluto	2010	16,4
E Suministro de agua, actividades de saneamiento, gestión de residuos y descontaminación	Mujeres	Valor absoluto	2009	19,1
E Suministro de agua, actividades de saneamiento, gestión de residuos y descontaminación	Mujeres	Valor absoluto	2008	20
E Suministro de agua, actividades de saneamiento, gestión de residuos y descontaminación	Mujeres	Porcentaje	2025	0,4
E Suministro de agua, actividades de saneamiento, gestión de residuos y descontaminación	Mujeres	Porcentaje	2024	0,3
E Suministro de agua, actividades de saneamiento, gestión de residuos y descontaminación	Mujeres	Porcentaje	2023	0,3
E Suministro de agua, actividades de saneamiento, gestión de residuos y descontaminación	Mujeres	Porcentaje	2022	0,2
E Suministro de agua, actividades de saneamiento, gestión de residuos y descontaminación	Mujeres	Porcentaje	2021	0,3
E Suministro de agua, actividades de saneamiento, gestión de residuos y descontaminación	Mujeres	Porcentaje	2020	0,3
E Suministro de agua, actividades de saneamiento, gestión de residuos y descontaminación	Mujeres	Porcentaje	2019	0,3
E Suministro de agua, actividades de saneamiento, gestión de residuos y descontaminación	Mujeres	Porcentaje	2018	0,3
E Suministro de agua, actividades de saneamiento, gestión de residuos y descontaminación	Mujeres	Porcentaje	2017	0,3
E Suministro de agua, actividades de saneamiento, gestión de residuos y descontaminación	Mujeres	Porcentaje	2016	0,2
E Suministro de agua, actividades de saneamiento, gestión de residuos y descontaminación	Mujeres	Porcentaje	2015	0,3
E Suministro de agua, actividades de saneamiento, gestión de residuos y descontaminación	Mujeres	Porcentaje	2014	0,2
E Suministro de agua, actividades de saneamiento, gestión de residuos y descontaminación	Mujeres	Porcentaje	2013	0,3
E Suministro de agua, actividades de saneamiento, gestión de residuos y descontaminación	Mujeres	Porcentaje	2012	0,3
E Suministro de agua, actividades de saneamiento, gestión de residuos y descontaminación	Mujeres	Porcentaje	2011	0,3
E Suministro de agua, actividades de saneamiento, gestión de residuos y descontaminación	Mujeres	Porcentaje	2010	0,2
E Suministro de agua, actividades de saneamiento, gestión de residuos y descontaminación	Mujeres	Porcentaje	2009	0,2
E Suministro de agua, actividades de saneamiento, gestión de residuos y descontaminación	Mujeres	Porcentaje	2008	0,2
36 Captación, depuración y distribución de agua	Ambos sexos	Valor absoluto	2025	52,5
36 Captación, depuración y distribución de agua	Ambos sexos	Valor absoluto	2024	46,2
36 Captación, depuración y distribución de agua	Ambos sexos	Valor absoluto	2023	38,2
36 Captación, depuración y distribución de agua	Ambos sexos	Valor absoluto	2022	36,3
36 Captación, depuración y distribución de agua	Ambos sexos	Valor absoluto	2021	45,1
36 Captación, depuración y distribución de agua	Ambos sexos	Valor absoluto	2020	51,7
36 Captación, depuración y distribución de agua	Ambos sexos	Valor absoluto	2019	50
36 Captación, depuración y distribución de agua	Ambos sexos	Valor absoluto	2018	53,7
36 Captación, depuración y distribución de agua	Ambos sexos	Valor absoluto	2017	51,1
36 Captación, depuración y distribución de agua	Ambos sexos	Valor absoluto	2016	45,6
36 Captación, depuración y distribución de agua	Ambos sexos	Valor absoluto	2015	39,8
36 Captación, depuración y distribución de agua	Ambos sexos	Valor absoluto	2014	37,7
36 Captación, depuración y distribución de agua	Ambos sexos	Valor absoluto	2013	43,8
36 Captación, depuración y distribución de agua	Ambos sexos	Valor absoluto	2012	44,9
36 Captación, depuración y distribución de agua	Ambos sexos	Valor absoluto	2011	44,9
36 Captación, depuración y distribución de agua	Ambos sexos	Valor absoluto	2010	44,3
36 Captación, depuración y distribución de agua	Ambos sexos	Valor absoluto	2009	41,6
36 Captación, depuración y distribución de agua	Ambos sexos	Valor absoluto	2008	41
36 Captación, depuración y distribución de agua	Ambos sexos	Porcentaje	2025	0,2
36 Captación, depuración y distribución de agua	Ambos sexos	Porcentaje	2024	0,2
36 Captación, depuración y distribución de agua	Ambos sexos	Porcentaje	2023	0,2
36 Captación, depuración y distribución de agua	Ambos sexos	Porcentaje	2022	0,2
36 Captación, depuración y distribución de agua	Ambos sexos	Porcentaje	2021	0,2
36 Captación, depuración y distribución de agua	Ambos sexos	Porcentaje	2020	0,3
36 Captación, depuración y distribución de agua	Ambos sexos	Porcentaje	2019	0,3
36 Captación, depuración y distribución de agua	Ambos sexos	Porcentaje	2018	0,3
36 Captación, depuración y distribución de agua	Ambos sexos	Porcentaje	2017	0,3
36 Captación, depuración y distribución de agua	Ambos sexos	Porcentaje	2016	0,2
36 Captación, depuración y distribución de agua	Ambos sexos	Porcentaje	2015	0,2
36 Captación, depuración y distribución de agua	Ambos sexos	Porcentaje	2014	0,2
36 Captación, depuración y distribución de agua	Ambos sexos	Porcentaje	2013	0,3
36 Captación, depuración y distribución de agua	Ambos sexos	Porcentaje	2012	0,3
36 Captación, depuración y distribución de agua	Ambos sexos	Porcentaje	2011	0,2
36 Captación, depuración y distribución de agua	Ambos sexos	Porcentaje	2010	0,2
36 Captación, depuración y distribución de agua	Ambos sexos	Porcentaje	2009	0,2
36 Captación, depuración y distribución de agua	Ambos sexos	Porcentaje	2008	0,2
36 Captación, depuración y distribución de agua	Hombres	Valor absoluto	2025	39,2
36 Captación, depuración y distribución de agua	Hombres	Valor absoluto	2024	32,6
36 Captación, depuración y distribución de agua	Hombres	Valor absoluto	2023	29,5
36 Captación, depuración y distribución de agua	Hombres	Valor absoluto	2022	28,8
36 Captación, depuración y distribución de agua	Hombres	Valor absoluto	2021	35,7
36 Captación, depuración y distribución de agua	Hombres	Valor absoluto	2020	39,6
36 Captación, depuración y distribución de agua	Hombres	Valor absoluto	2019	38,2
36 Captación, depuración y distribución de agua	Hombres	Valor absoluto	2018	43,3
36 Captación, depuración y distribución de agua	Hombres	Valor absoluto	2017	40,8
36 Captación, depuración y distribución de agua	Hombres	Valor absoluto	2016	34
36 Captación, depuración y distribución de agua	Hombres	Valor absoluto	2015	30,1
36 Captación, depuración y distribución de agua	Hombres	Valor absoluto	2014	31,3
36 Captación, depuración y distribución de agua	Hombres	Valor absoluto	2013	34,7
36 Captación, depuración y distribución de agua	Hombres	Valor absoluto	2012	37,5
36 Captación, depuración y distribución de agua	Hombres	Valor absoluto	2011	36,8
36 Captación, depuración y distribución de agua	Hombres	Valor absoluto	2010	37,2
36 Captación, depuración y distribución de agua	Hombres	Valor absoluto	2009	34,4
36 Captación, depuración y distribución de agua	Hombres	Valor absoluto	2008	32
36 Captación, depuración y distribución de agua	Hombres	Porcentaje	2025	0,3
36 Captación, depuración y distribución de agua	Hombres	Porcentaje	2024	0,3
36 Captación, depuración y distribución de agua	Hombres	Porcentaje	2023	0,3
36 Captación, depuración y distribución de agua	Hombres	Porcentaje	2022	0,3
36 Captación, depuración y distribución de agua	Hombres	Porcentaje	2021	0,3
36 Captación, depuración y distribución de agua	Hombres	Porcentaje	2020	0,4
36 Captación, depuración y distribución de agua	Hombres	Porcentaje	2019	0,4
36 Captación, depuración y distribución de agua	Hombres	Porcentaje	2018	0,4
36 Captación, depuración y distribución de agua	Hombres	Porcentaje	2017	0,4
36 Captación, depuración y distribución de agua	Hombres	Porcentaje	2016	0,3
36 Captación, depuración y distribución de agua	Hombres	Porcentaje	2015	0,3
36 Captación, depuración y distribución de agua	Hombres	Porcentaje	2014	0,3
36 Captación, depuración y distribución de agua	Hombres	Porcentaje	2013	0,4
36 Captación, depuración y distribución de agua	Hombres	Porcentaje	2012	0,4
36 Captación, depuración y distribución de agua	Hombres	Porcentaje	2011	0,4
36 Captación, depuración y distribución de agua	Hombres	Porcentaje	2010	0,4
36 Captación, depuración y distribución de agua	Hombres	Porcentaje	2009	0,3
36 Captación, depuración y distribución de agua	Hombres	Porcentaje	2008	0,3
36 Captación, depuración y distribución de agua	Mujeres	Valor absoluto	2025	13,4
36 Captación, depuración y distribución de agua	Mujeres	Valor absoluto	2024	13,6
36 Captación, depuración y distribución de agua	Mujeres	Valor absoluto	2023	8,7
36 Captación, depuración y distribución de agua	Mujeres	Valor absoluto	2022	7,5
36 Captación, depuración y distribución de agua	Mujeres	Valor absoluto	2021	9,5
36 Captación, depuración y distribución de agua	Mujeres	Valor absoluto	2020	12,2
36 Captación, depuración y distribución de agua	Mujeres	Valor absoluto	2019	11,8
36 Captación, depuración y distribución de agua	Mujeres	Valor absoluto	2018	10,4
36 Captación, depuración y distribución de agua	Mujeres	Valor absoluto	2017	10,3
36 Captación, depuración y distribución de agua	Mujeres	Valor absoluto	2016	11,6
36 Captación, depuración y distribución de agua	Mujeres	Valor absoluto	2015	9,7
36 Captación, depuración y distribución de agua	Mujeres	Valor absoluto	2014	6,4
36 Captación, depuración y distribución de agua	Mujeres	Valor absoluto	2013	9,1
36 Captación, depuración y distribución de agua	Mujeres	Valor absoluto	2012	7,5
36 Captación, depuración y distribución de agua	Mujeres	Valor absoluto	2011	8
36 Captación, depuración y distribución de agua	Mujeres	Valor absoluto	2010	7,1
36 Captación, depuración y distribución de agua	Mujeres	Valor absoluto	2009	7,3
36 Captación, depuración y distribución de agua	Mujeres	Valor absoluto	2008	9
36 Captación, depuración y distribución de agua	Mujeres	Porcentaje	2025	0,1
36 Captación, depuración y distribución de agua	Mujeres	Porcentaje	2024	0,1
36 Captación, depuración y distribución de agua	Mujeres	Porcentaje	2023	0,1
36 Captación, depuración y distribución de agua	Mujeres	Porcentaje	2022	0,1
36 Captación, depuración y distribución de agua	Mujeres	Porcentaje	2021	0,1
36 Captación, depuración y distribución de agua	Mujeres	Porcentaje	2020	0,1
36 Captación, depuración y distribución de agua	Mujeres	Porcentaje	2019	0,1
36 Captación, depuración y distribución de agua	Mujeres	Porcentaje	2018	0,1
36 Captación, depuración y distribución de agua	Mujeres	Porcentaje	2017	0,1
36 Captación, depuración y distribución de agua	Mujeres	Porcentaje	2016	0,1
36 Captación, depuración y distribución de agua	Mujeres	Porcentaje	2015	0,1
36 Captación, depuración y distribución de agua	Mujeres	Porcentaje	2014	0,1
36 Captación, depuración y distribución de agua	Mujeres	Porcentaje	2013	0,1
36 Captación, depuración y distribución de agua	Mujeres	Porcentaje	2012	0,1
36 Captación, depuración y distribución de agua	Mujeres	Porcentaje	2011	0,1
36 Captación, depuración y distribución de agua	Mujeres	Porcentaje	2010	0,1
36 Captación, depuración y distribución de agua	Mujeres	Porcentaje	2009	0,1
36 Captación, depuración y distribución de agua	Mujeres	Porcentaje	2008	0,1
37 Recogida y tratamiento de aguas residuales	Ambos sexos	Valor absoluto	2025	11,5
37 Recogida y tratamiento de aguas residuales	Ambos sexos	Valor absoluto	2024	11,3
37 Recogida y tratamiento de aguas residuales	Ambos sexos	Valor absoluto	2023	11,3
37 Recogida y tratamiento de aguas residuales	Ambos sexos	Valor absoluto	2022	11,1
37 Recogida y tratamiento de aguas residuales	Ambos sexos	Valor absoluto	2021	9,3
37 Recogida y tratamiento de aguas residuales	Ambos sexos	Valor absoluto	2020	7,5
37 Recogida y tratamiento de aguas residuales	Ambos sexos	Valor absoluto	2019	5,8
37 Recogida y tratamiento de aguas residuales	Ambos sexos	Valor absoluto	2018	7,7
37 Recogida y tratamiento de aguas residuales	Ambos sexos	Valor absoluto	2017	7,9
37 Recogida y tratamiento de aguas residuales	Ambos sexos	Valor absoluto	2016	6,9
37 Recogida y tratamiento de aguas residuales	Ambos sexos	Valor absoluto	2015	5
37 Recogida y tratamiento de aguas residuales	Ambos sexos	Valor absoluto	2014	5,4
37 Recogida y tratamiento de aguas residuales	Ambos sexos	Valor absoluto	2013	7,3
37 Recogida y tratamiento de aguas residuales	Ambos sexos	Valor absoluto	2012	6,2
37 Recogida y tratamiento de aguas residuales	Ambos sexos	Valor absoluto	2011	5,6
37 Recogida y tratamiento de aguas residuales	Ambos sexos	Valor absoluto	2010	7,4
37 Recogida y tratamiento de aguas residuales	Ambos sexos	Valor absoluto	2009	7,5
37 Recogida y tratamiento de aguas residuales	Ambos sexos	Valor absoluto	2008	6,2
37 Recogida y tratamiento de aguas residuales	Ambos sexos	Porcentaje	2025	0,1
37 Recogida y tratamiento de aguas residuales	Ambos sexos	Porcentaje	2024	0,1
37 Recogida y tratamiento de aguas residuales	Ambos sexos	Porcentaje	2023	0,1
37 Recogida y tratamiento de aguas residuales	Ambos sexos	Porcentaje	2022	0,1
37 Recogida y tratamiento de aguas residuales	Ambos sexos	Porcentaje	2021	0
37 Recogida y tratamiento de aguas residuales	Ambos sexos	Porcentaje	2020	0
37 Recogida y tratamiento de aguas residuales	Ambos sexos	Porcentaje	2019	0
37 Recogida y tratamiento de aguas residuales	Ambos sexos	Porcentaje	2018	0
37 Recogida y tratamiento de aguas residuales	Ambos sexos	Porcentaje	2017	0
37 Recogida y tratamiento de aguas residuales	Ambos sexos	Porcentaje	2016	0
37 Recogida y tratamiento de aguas residuales	Ambos sexos	Porcentaje	2015	0
37 Recogida y tratamiento de aguas residuales	Ambos sexos	Porcentaje	2014	0
37 Recogida y tratamiento de aguas residuales	Ambos sexos	Porcentaje	2013	0
37 Recogida y tratamiento de aguas residuales	Ambos sexos	Porcentaje	2012	0
37 Recogida y tratamiento de aguas residuales	Ambos sexos	Porcentaje	2011	0
37 Recogida y tratamiento de aguas residuales	Ambos sexos	Porcentaje	2010	0
37 Recogida y tratamiento de aguas residuales	Ambos sexos	Porcentaje	2009	0
37 Recogida y tratamiento de aguas residuales	Ambos sexos	Porcentaje	2008	0
37 Recogida y tratamiento de aguas residuales	Hombres	Valor absoluto	2025	8,4
37 Recogida y tratamiento de aguas residuales	Hombres	Valor absoluto	2024	9
37 Recogida y tratamiento de aguas residuales	Hombres	Valor absoluto	2023	9,3
37 Recogida y tratamiento de aguas residuales	Hombres	Valor absoluto	2022	10,4
37 Recogida y tratamiento de aguas residuales	Hombres	Valor absoluto	2021	8,2
37 Recogida y tratamiento de aguas residuales	Hombres	Valor absoluto	2020	6,5
37 Recogida y tratamiento de aguas residuales	Hombres	Valor absoluto	2019	5
37 Recogida y tratamiento de aguas residuales	Hombres	Valor absoluto	2018	6,2
37 Recogida y tratamiento de aguas residuales	Hombres	Valor absoluto	2017	6,7
37 Recogida y tratamiento de aguas residuales	Hombres	Valor absoluto	2016	6
37 Recogida y tratamiento de aguas residuales	Hombres	Valor absoluto	2015	3,7
37 Recogida y tratamiento de aguas residuales	Hombres	Valor absoluto	2014	4,1
37 Recogida y tratamiento de aguas residuales	Hombres	Valor absoluto	2013	7,1
37 Recogida y tratamiento de aguas residuales	Hombres	Valor absoluto	2012	5,3
37 Recogida y tratamiento de aguas residuales	Hombres	Valor absoluto	2011	5,1
37 Recogida y tratamiento de aguas residuales	Hombres	Valor absoluto	2010	6,3
37 Recogida y tratamiento de aguas residuales	Hombres	Valor absoluto	2009	6,3
37 Recogida y tratamiento de aguas residuales	Hombres	Valor absoluto	2008	5,7
37 Recogida y tratamiento de aguas residuales	Hombres	Porcentaje	2025	0,1
37 Recogida y tratamiento de aguas residuales	Hombres	Porcentaje	2024	0,1
37 Recogida y tratamiento de aguas residuales	Hombres	Porcentaje	2023	0,1
37 Recogida y tratamiento de aguas residuales	Hombres	Porcentaje	2022	0,1
37 Recogida y tratamiento de aguas residuales	Hombres	Porcentaje	2021	0,1
37 Recogida y tratamiento de aguas residuales	Hombres	Porcentaje	2020	0,1
37 Recogida y tratamiento de aguas residuales	Hombres	Porcentaje	2019	0
37 Recogida y tratamiento de aguas residuales	Hombres	Porcentaje	2018	0,1
37 Recogida y tratamiento de aguas residuales	Hombres	Porcentaje	2017	0,1
37 Recogida y tratamiento de aguas residuales	Hombres	Porcentaje	2016	0,1
37 Recogida y tratamiento de aguas residuales	Hombres	Porcentaje	2015	0
37 Recogida y tratamiento de aguas residuales	Hombres	Porcentaje	2014	0
37 Recogida y tratamiento de aguas residuales	Hombres	Porcentaje	2013	0,1
37 Recogida y tratamiento de aguas residuales	Hombres	Porcentaje	2012	0,1
37 Recogida y tratamiento de aguas residuales	Hombres	Porcentaje	2011	0,1
37 Recogida y tratamiento de aguas residuales	Hombres	Porcentaje	2010	0,1
37 Recogida y tratamiento de aguas residuales	Hombres	Porcentaje	2009	0,1
37 Recogida y tratamiento de aguas residuales	Hombres	Porcentaje	2008	0
37 Recogida y tratamiento de aguas residuales	Mujeres	Valor absoluto	2025	3,1
37 Recogida y tratamiento de aguas residuales	Mujeres	Valor absoluto	2024	2,3
37 Recogida y tratamiento de aguas residuales	Mujeres	Valor absoluto	2023	2
37 Recogida y tratamiento de aguas residuales	Mujeres	Valor absoluto	2022	0,7
37 Recogida y tratamiento de aguas residuales	Mujeres	Valor absoluto	2021	1,2
37 Recogida y tratamiento de aguas residuales	Mujeres	Valor absoluto	2020	1,1
37 Recogida y tratamiento de aguas residuales	Mujeres	Valor absoluto	2019	0,7
37 Recogida y tratamiento de aguas residuales	Mujeres	Valor absoluto	2018	1,5
37 Recogida y tratamiento de aguas residuales	Mujeres	Valor absoluto	2017	1,2
37 Recogida y tratamiento de aguas residuales	Mujeres	Valor absoluto	2016	0,9
37 Recogida y tratamiento de aguas residuales	Mujeres	Valor absoluto	2015	1,3
37 Recogida y tratamiento de aguas residuales	Mujeres	Valor absoluto	2014	1,2
37 Recogida y tratamiento de aguas residuales	Mujeres	Valor absoluto	2013	0,2
37 Recogida y tratamiento de aguas residuales	Mujeres	Valor absoluto	2012	0,9
37 Recogida y tratamiento de aguas residuales	Mujeres	Valor absoluto	2011	0,5
37 Recogida y tratamiento de aguas residuales	Mujeres	Valor absoluto	2010	1,1
37 Recogida y tratamiento de aguas residuales	Mujeres	Valor absoluto	2009	1,2
37 Recogida y tratamiento de aguas residuales	Mujeres	Valor absoluto	2008	0,5
37 Recogida y tratamiento de aguas residuales	Mujeres	Porcentaje	2025	0
37 Recogida y tratamiento de aguas residuales	Mujeres	Porcentaje	2024	0
37 Recogida y tratamiento de aguas residuales	Mujeres	Porcentaje	2023	0
37 Recogida y tratamiento de aguas residuales	Mujeres	Porcentaje	2022	0
37 Recogida y tratamiento de aguas residuales	Mujeres	Porcentaje	2021	0
37 Recogida y tratamiento de aguas residuales	Mujeres	Porcentaje	2020	0
37 Recogida y tratamiento de aguas residuales	Mujeres	Porcentaje	2019	0
37 Recogida y tratamiento de aguas residuales	Mujeres	Porcentaje	2018	0
37 Recogida y tratamiento de aguas residuales	Mujeres	Porcentaje	2017	0
37 Recogida y tratamiento de aguas residuales	Mujeres	Porcentaje	2016	0
37 Recogida y tratamiento de aguas residuales	Mujeres	Porcentaje	2015	0
37 Recogida y tratamiento de aguas residuales	Mujeres	Porcentaje	2014	0
37 Recogida y tratamiento de aguas residuales	Mujeres	Porcentaje	2013	0
37 Recogida y tratamiento de aguas residuales	Mujeres	Porcentaje	2012	0
37 Recogida y tratamiento de aguas residuales	Mujeres	Porcentaje	2011	0
37 Recogida y tratamiento de aguas residuales	Mujeres	Porcentaje	2010	0
37 Recogida y tratamiento de aguas residuales	Mujeres	Porcentaje	2009	0
37 Recogida y tratamiento de aguas residuales	Mujeres	Porcentaje	2008	0
38 Recogida, tratamiento y eliminación de residuos; valorización	Ambos sexos	Valor absoluto	2025	91,2
38 Recogida, tratamiento y eliminación de residuos; valorización	Ambos sexos	Valor absoluto	2024	82,2
38 Recogida, tratamiento y eliminación de residuos; valorización	Ambos sexos	Valor absoluto	2023	83,1
38 Recogida, tratamiento y eliminación de residuos; valorización	Ambos sexos	Valor absoluto	2022	86,9
38 Recogida, tratamiento y eliminación de residuos; valorización	Ambos sexos	Valor absoluto	2021	88,3
38 Recogida, tratamiento y eliminación de residuos; valorización	Ambos sexos	Valor absoluto	2020	81,6
38 Recogida, tratamiento y eliminación de residuos; valorización	Ambos sexos	Valor absoluto	2019	80,6
38 Recogida, tratamiento y eliminación de residuos; valorización	Ambos sexos	Valor absoluto	2018	79,1
38 Recogida, tratamiento y eliminación de residuos; valorización	Ambos sexos	Valor absoluto	2017	71,2
38 Recogida, tratamiento y eliminación de residuos; valorización	Ambos sexos	Valor absoluto	2016	66,2
38 Recogida, tratamiento y eliminación de residuos; valorización	Ambos sexos	Valor absoluto	2015	77,9
38 Recogida, tratamiento y eliminación de residuos; valorización	Ambos sexos	Valor absoluto	2014	62,1
38 Recogida, tratamiento y eliminación de residuos; valorización	Ambos sexos	Valor absoluto	2013	69,5
38 Recogida, tratamiento y eliminación de residuos; valorización	Ambos sexos	Valor absoluto	2012	77,6
38 Recogida, tratamiento y eliminación de residuos; valorización	Ambos sexos	Valor absoluto	2011	76,5
38 Recogida, tratamiento y eliminación de residuos; valorización	Ambos sexos	Valor absoluto	2010	63,4
38 Recogida, tratamiento y eliminación de residuos; valorización	Ambos sexos	Valor absoluto	2009	77,8
38 Recogida, tratamiento y eliminación de residuos; valorización	Ambos sexos	Valor absoluto	2008	69,5
38 Recogida, tratamiento y eliminación de residuos; valorización	Ambos sexos	Porcentaje	2025	0,4
38 Recogida, tratamiento y eliminación de residuos; valorización	Ambos sexos	Porcentaje	2024	0,4
38 Recogida, tratamiento y eliminación de residuos; valorización	Ambos sexos	Porcentaje	2023	0,4
38 Recogida, tratamiento y eliminación de residuos; valorización	Ambos sexos	Porcentaje	2022	0,4
38 Recogida, tratamiento y eliminación de residuos; valorización	Ambos sexos	Porcentaje	2021	0,4
38 Recogida, tratamiento y eliminación de residuos; valorización	Ambos sexos	Porcentaje	2020	0,4
38 Recogida, tratamiento y eliminación de residuos; valorización	Ambos sexos	Porcentaje	2019	0,4
38 Recogida, tratamiento y eliminación de residuos; valorización	Ambos sexos	Porcentaje	2018	0,4
38 Recogida, tratamiento y eliminación de residuos; valorización	Ambos sexos	Porcentaje	2017	0,4
38 Recogida, tratamiento y eliminación de residuos; valorización	Ambos sexos	Porcentaje	2016	0,4
38 Recogida, tratamiento y eliminación de residuos; valorización	Ambos sexos	Porcentaje	2015	0,4
38 Recogida, tratamiento y eliminación de residuos; valorización	Ambos sexos	Porcentaje	2014	0,4
38 Recogida, tratamiento y eliminación de residuos; valorización	Ambos sexos	Porcentaje	2013	0,4
38 Recogida, tratamiento y eliminación de residuos; valorización	Ambos sexos	Porcentaje	2012	0,4
38 Recogida, tratamiento y eliminación de residuos; valorización	Ambos sexos	Porcentaje	2011	0,4
38 Recogida, tratamiento y eliminación de residuos; valorización	Ambos sexos	Porcentaje	2010	0,3
38 Recogida, tratamiento y eliminación de residuos; valorización	Ambos sexos	Porcentaje	2009	0,4
38 Recogida, tratamiento y eliminación de residuos; valorización	Ambos sexos	Porcentaje	2008	0,3
38 Recogida, tratamiento y eliminación de residuos; valorización	Hombres	Valor absoluto	2025	73,8
38 Recogida, tratamiento y eliminación de residuos; valorización	Hombres	Valor absoluto	2024	67
38 Recogida, tratamiento y eliminación de residuos; valorización	Hombres	Valor absoluto	2023	68,5
38 Recogida, tratamiento y eliminación de residuos; valorización	Hombres	Valor absoluto	2022	75,2
38 Recogida, tratamiento y eliminación de residuos; valorización	Hombres	Valor absoluto	2021	78,1
38 Recogida, tratamiento y eliminación de residuos; valorización	Hombres	Valor absoluto	2020	69,6
38 Recogida, tratamiento y eliminación de residuos; valorización	Hombres	Valor absoluto	2019	65,6
38 Recogida, tratamiento y eliminación de residuos; valorización	Hombres	Valor absoluto	2018	67,6
38 Recogida, tratamiento y eliminación de residuos; valorización	Hombres	Valor absoluto	2017	60,1
38 Recogida, tratamiento y eliminación de residuos; valorización	Hombres	Valor absoluto	2016	60,4
38 Recogida, tratamiento y eliminación de residuos; valorización	Hombres	Valor absoluto	2015	70,1
38 Recogida, tratamiento y eliminación de residuos; valorización	Hombres	Valor absoluto	2014	54,8
38 Recogida, tratamiento y eliminación de residuos; valorización	Hombres	Valor absoluto	2013	60,1
38 Recogida, tratamiento y eliminación de residuos; valorización	Hombres	Valor absoluto	2012	64,3
38 Recogida, tratamiento y eliminación de residuos; valorización	Hombres	Valor absoluto	2011	64,6
38 Recogida, tratamiento y eliminación de residuos; valorización	Hombres	Valor absoluto	2010	55,9
38 Recogida, tratamiento y eliminación de residuos; valorización	Hombres	Valor absoluto	2009	67,9
38 Recogida, tratamiento y eliminación de residuos; valorización	Hombres	Valor absoluto	2008	60,5
38 Recogida, tratamiento y eliminación de residuos; valorización	Hombres	Porcentaje	2025	0,6
38 Recogida, tratamiento y eliminación de residuos; valorización	Hombres	Porcentaje	2024	0,6
38 Recogida, tratamiento y eliminación de residuos; valorización	Hombres	Porcentaje	2023	0,6
38 Recogida, tratamiento y eliminación de residuos; valorización	Hombres	Porcentaje	2022	0,7
38 Recogida, tratamiento y eliminación de residuos; valorización	Hombres	Porcentaje	2021	0,7
38 Recogida, tratamiento y eliminación de residuos; valorización	Hombres	Porcentaje	2020	0,7
38 Recogida, tratamiento y eliminación de residuos; valorización	Hombres	Porcentaje	2019	0,6
38 Recogida, tratamiento y eliminación de residuos; valorización	Hombres	Porcentaje	2018	0,6
38 Recogida, tratamiento y eliminación de residuos; valorización	Hombres	Porcentaje	2017	0,6
38 Recogida, tratamiento y eliminación de residuos; valorización	Hombres	Porcentaje	2016	0,6
38 Recogida, tratamiento y eliminación de residuos; valorización	Hombres	Porcentaje	2015	0,7
38 Recogida, tratamiento y eliminación de residuos; valorización	Hombres	Porcentaje	2014	0,6
38 Recogida, tratamiento y eliminación de residuos; valorización	Hombres	Porcentaje	2013	0,6
38 Recogida, tratamiento y eliminación de residuos; valorización	Hombres	Porcentaje	2012	0,7
38 Recogida, tratamiento y eliminación de residuos; valorización	Hombres	Porcentaje	2011	0,6
38 Recogida, tratamiento y eliminación de residuos; valorización	Hombres	Porcentaje	2010	0,5
38 Recogida, tratamiento y eliminación de residuos; valorización	Hombres	Porcentaje	2009	0,6
38 Recogida, tratamiento y eliminación de residuos; valorización	Hombres	Porcentaje	2008	0,5
38 Recogida, tratamiento y eliminación de residuos; valorización	Mujeres	Valor absoluto	2025	17,4
38 Recogida, tratamiento y eliminación de residuos; valorización	Mujeres	Valor absoluto	2024	15,2
38 Recogida, tratamiento y eliminación de residuos; valorización	Mujeres	Valor absoluto	2023	14,6
38 Recogida, tratamiento y eliminación de residuos; valorización	Mujeres	Valor absoluto	2022	11,6
38 Recogida, tratamiento y eliminación de residuos; valorización	Mujeres	Valor absoluto	2021	10,1
38 Recogida, tratamiento y eliminación de residuos; valorización	Mujeres	Valor absoluto	2020	11,9
38 Recogida, tratamiento y eliminación de residuos; valorización	Mujeres	Valor absoluto	2019	15
38 Recogida, tratamiento y eliminación de residuos; valorización	Mujeres	Valor absoluto	2018	11,5
38 Recogida, tratamiento y eliminación de residuos; valorización	Mujeres	Valor absoluto	2017	11,1
38 Recogida, tratamiento y eliminación de residuos; valorización	Mujeres	Valor absoluto	2016	5,7
38 Recogida, tratamiento y eliminación de residuos; valorización	Mujeres	Valor absoluto	2015	7,8
38 Recogida, tratamiento y eliminación de residuos; valorización	Mujeres	Valor absoluto	2014	7,3
38 Recogida, tratamiento y eliminación de residuos; valorización	Mujeres	Valor absoluto	2013	9,4
38 Recogida, tratamiento y eliminación de residuos; valorización	Mujeres	Valor absoluto	2012	13,3
38 Recogida, tratamiento y eliminación de residuos; valorización	Mujeres	Valor absoluto	2011	11,8
38 Recogida, tratamiento y eliminación de residuos; valorización	Mujeres	Valor absoluto	2010	7,5
38 Recogida, tratamiento y eliminación de residuos; valorización	Mujeres	Valor absoluto	2009	9,9
38 Recogida, tratamiento y eliminación de residuos; valorización	Mujeres	Valor absoluto	2008	9
38 Recogida, tratamiento y eliminación de residuos; valorización	Mujeres	Porcentaje	2025	0,2
38 Recogida, tratamiento y eliminación de residuos; valorización	Mujeres	Porcentaje	2024	0,2
38 Recogida, tratamiento y eliminación de residuos; valorización	Mujeres	Porcentaje	2023	0,1
38 Recogida, tratamiento y eliminación de residuos; valorización	Mujeres	Porcentaje	2022	0,1
38 Recogida, tratamiento y eliminación de residuos; valorización	Mujeres	Porcentaje	2021	0,1
38 Recogida, tratamiento y eliminación de residuos; valorización	Mujeres	Porcentaje	2020	0,1
38 Recogida, tratamiento y eliminación de residuos; valorización	Mujeres	Porcentaje	2019	0,2
38 Recogida, tratamiento y eliminación de residuos; valorización	Mujeres	Porcentaje	2018	0,1
38 Recogida, tratamiento y eliminación de residuos; valorización	Mujeres	Porcentaje	2017	0,1
38 Recogida, tratamiento y eliminación de residuos; valorización	Mujeres	Porcentaje	2016	0,1
38 Recogida, tratamiento y eliminación de residuos; valorización	Mujeres	Porcentaje	2015	0,1
38 Recogida, tratamiento y eliminación de residuos; valorización	Mujeres	Porcentaje	2014	0,1
38 Recogida, tratamiento y eliminación de residuos; valorización	Mujeres	Porcentaje	2013	0,1
38 Recogida, tratamiento y eliminación de residuos; valorización	Mujeres	Porcentaje	2012	0,2
38 Recogida, tratamiento y eliminación de residuos; valorización	Mujeres	Porcentaje	2011	0,1
38 Recogida, tratamiento y eliminación de residuos; valorización	Mujeres	Porcentaje	2010	0,1
38 Recogida, tratamiento y eliminación de residuos; valorización	Mujeres	Porcentaje	2009	0,1
38 Recogida, tratamiento y eliminación de residuos; valorización	Mujeres	Porcentaje	2008	0,1
39 Actividades de descontaminación y otros servicios de gestión de residuos	Ambos sexos	Valor absoluto	2025	10,1
39 Actividades de descontaminación y otros servicios de gestión de residuos	Ambos sexos	Valor absoluto	2024	7,7
39 Actividades de descontaminación y otros servicios de gestión de residuos	Ambos sexos	Valor absoluto	2023	6,2
39 Actividades de descontaminación y otros servicios de gestión de residuos	Ambos sexos	Valor absoluto	2022	7,7
39 Actividades de descontaminación y otros servicios de gestión de residuos	Ambos sexos	Valor absoluto	2021	9,3
39 Actividades de descontaminación y otros servicios de gestión de residuos	Ambos sexos	Valor absoluto	2020	6,3
39 Actividades de descontaminación y otros servicios de gestión de residuos	Ambos sexos	Valor absoluto	2019	7,9
39 Actividades de descontaminación y otros servicios de gestión de residuos	Ambos sexos	Valor absoluto	2018	9,4
39 Actividades de descontaminación y otros servicios de gestión de residuos	Ambos sexos	Valor absoluto	2017	7,1
39 Actividades de descontaminación y otros servicios de gestión de residuos	Ambos sexos	Valor absoluto	2016	5,2
39 Actividades de descontaminación y otros servicios de gestión de residuos	Ambos sexos	Valor absoluto	2015	8,7
39 Actividades de descontaminación y otros servicios de gestión de residuos	Ambos sexos	Valor absoluto	2014	8,1
39 Actividades de descontaminación y otros servicios de gestión de residuos	Ambos sexos	Valor absoluto	2013	7,7
39 Actividades de descontaminación y otros servicios de gestión de residuos	Ambos sexos	Valor absoluto	2012	9,5
39 Actividades de descontaminación y otros servicios de gestión de residuos	Ambos sexos	Valor absoluto	2011	5,6
39 Actividades de descontaminación y otros servicios de gestión de residuos	Ambos sexos	Valor absoluto	2010	4,3
39 Actividades de descontaminación y otros servicios de gestión de residuos	Ambos sexos	Valor absoluto	2009	6,4
39 Actividades de descontaminación y otros servicios de gestión de residuos	Ambos sexos	Valor absoluto	2008	6,5
39 Actividades de descontaminación y otros servicios de gestión de residuos	Ambos sexos	Porcentaje	2025	0
39 Actividades de descontaminación y otros servicios de gestión de residuos	Ambos sexos	Porcentaje	2024	0
39 Actividades de descontaminación y otros servicios de gestión de residuos	Ambos sexos	Porcentaje	2023	0
39 Actividades de descontaminación y otros servicios de gestión de residuos	Ambos sexos	Porcentaje	2022	0
39 Actividades de descontaminación y otros servicios de gestión de residuos	Ambos sexos	Porcentaje	2021	0
39 Actividades de descontaminación y otros servicios de gestión de residuos	Ambos sexos	Porcentaje	2020	0
39 Actividades de descontaminación y otros servicios de gestión de residuos	Ambos sexos	Porcentaje	2019	0
39 Actividades de descontaminación y otros servicios de gestión de residuos	Ambos sexos	Porcentaje	2018	0
39 Actividades de descontaminación y otros servicios de gestión de residuos	Ambos sexos	Porcentaje	2017	0
39 Actividades de descontaminación y otros servicios de gestión de residuos	Ambos sexos	Porcentaje	2016	0
39 Actividades de descontaminación y otros servicios de gestión de residuos	Ambos sexos	Porcentaje	2015	0
39 Actividades de descontaminación y otros servicios de gestión de residuos	Ambos sexos	Porcentaje	2014	0
39 Actividades de descontaminación y otros servicios de gestión de residuos	Ambos sexos	Porcentaje	2013	0
39 Actividades de descontaminación y otros servicios de gestión de residuos	Ambos sexos	Porcentaje	2012	0,1
39 Actividades de descontaminación y otros servicios de gestión de residuos	Ambos sexos	Porcentaje	2011	0
39 Actividades de descontaminación y otros servicios de gestión de residuos	Ambos sexos	Porcentaje	2010	0
39 Actividades de descontaminación y otros servicios de gestión de residuos	Ambos sexos	Porcentaje	2009	0
39 Actividades de descontaminación y otros servicios de gestión de residuos	Ambos sexos	Porcentaje	2008	0
39 Actividades de descontaminación y otros servicios de gestión de residuos	Hombres	Valor absoluto	2025	5,7
39 Actividades de descontaminación y otros servicios de gestión de residuos	Hombres	Valor absoluto	2024	4
39 Actividades de descontaminación y otros servicios de gestión de residuos	Hombres	Valor absoluto	2023	5,1
39 Actividades de descontaminación y otros servicios de gestión de residuos	Hombres	Valor absoluto	2022	4,5
39 Actividades de descontaminación y otros servicios de gestión de residuos	Hombres	Valor absoluto	2021	5,8
39 Actividades de descontaminación y otros servicios de gestión de residuos	Hombres	Valor absoluto	2020	3,9
39 Actividades de descontaminación y otros servicios de gestión de residuos	Hombres	Valor absoluto	2019	5,8
39 Actividades de descontaminación y otros servicios de gestión de residuos	Hombres	Valor absoluto	2018	7,6
39 Actividades de descontaminación y otros servicios de gestión de residuos	Hombres	Valor absoluto	2017	5,3
39 Actividades de descontaminación y otros servicios de gestión de residuos	Hombres	Valor absoluto	2016	3,8
39 Actividades de descontaminación y otros servicios de gestión de residuos	Hombres	Valor absoluto	2015	5,4
39 Actividades de descontaminación y otros servicios de gestión de residuos	Hombres	Valor absoluto	2014	5,2
39 Actividades de descontaminación y otros servicios de gestión de residuos	Hombres	Valor absoluto	2013	4,8
39 Actividades de descontaminación y otros servicios de gestión de residuos	Hombres	Valor absoluto	2012	8,4
39 Actividades de descontaminación y otros servicios de gestión de residuos	Hombres	Valor absoluto	2011	5
39 Actividades de descontaminación y otros servicios de gestión de residuos	Hombres	Valor absoluto	2010	3,7
39 Actividades de descontaminación y otros servicios de gestión de residuos	Hombres	Valor absoluto	2009	5,7
39 Actividades de descontaminación y otros servicios de gestión de residuos	Hombres	Valor absoluto	2008	5
39 Actividades de descontaminación y otros servicios de gestión de residuos	Hombres	Porcentaje	2025	0
39 Actividades de descontaminación y otros servicios de gestión de residuos	Hombres	Porcentaje	2024	0
39 Actividades de descontaminación y otros servicios de gestión de residuos	Hombres	Porcentaje	2023	0
39 Actividades de descontaminación y otros servicios de gestión de residuos	Hombres	Porcentaje	2022	0
39 Actividades de descontaminación y otros servicios de gestión de residuos	Hombres	Porcentaje	2021	0,1
39 Actividades de descontaminación y otros servicios de gestión de residuos	Hombres	Porcentaje	2020	0
39 Actividades de descontaminación y otros servicios de gestión de residuos	Hombres	Porcentaje	2019	0,1
39 Actividades de descontaminación y otros servicios de gestión de residuos	Hombres	Porcentaje	2018	0,1
39 Actividades de descontaminación y otros servicios de gestión de residuos	Hombres	Porcentaje	2017	0,1
39 Actividades de descontaminación y otros servicios de gestión de residuos	Hombres	Porcentaje	2016	0
39 Actividades de descontaminación y otros servicios de gestión de residuos	Hombres	Porcentaje	2015	0,1
39 Actividades de descontaminación y otros servicios de gestión de residuos	Hombres	Porcentaje	2014	0,1
39 Actividades de descontaminación y otros servicios de gestión de residuos	Hombres	Porcentaje	2013	0,1
39 Actividades de descontaminación y otros servicios de gestión de residuos	Hombres	Porcentaje	2012	0,1
39 Actividades de descontaminación y otros servicios de gestión de residuos	Hombres	Porcentaje	2011	0
39 Actividades de descontaminación y otros servicios de gestión de residuos	Hombres	Porcentaje	2010	0
39 Actividades de descontaminación y otros servicios de gestión de residuos	Hombres	Porcentaje	2009	0,1
39 Actividades de descontaminación y otros servicios de gestión de residuos	Hombres	Porcentaje	2008	0
39 Actividades de descontaminación y otros servicios de gestión de residuos	Mujeres	Valor absoluto	2025	4,4
39 Actividades de descontaminación y otros servicios de gestión de residuos	Mujeres	Valor absoluto	2024	3,7
39 Actividades de descontaminación y otros servicios de gestión de residuos	Mujeres	Valor absoluto	2023	1,1
39 Actividades de descontaminación y otros servicios de gestión de residuos	Mujeres	Valor absoluto	2022	3,2
39 Actividades de descontaminación y otros servicios de gestión de residuos	Mujeres	Valor absoluto	2021	3,5
39 Actividades de descontaminación y otros servicios de gestión de residuos	Mujeres	Valor absoluto	2020	2,4
39 Actividades de descontaminación y otros servicios de gestión de residuos	Mujeres	Valor absoluto	2019	2,1
39 Actividades de descontaminación y otros servicios de gestión de residuos	Mujeres	Valor absoluto	2018	1,8
39 Actividades de descontaminación y otros servicios de gestión de residuos	Mujeres	Valor absoluto	2017	1,8
39 Actividades de descontaminación y otros servicios de gestión de residuos	Mujeres	Valor absoluto	2016	1,4
39 Actividades de descontaminación y otros servicios de gestión de residuos	Mujeres	Valor absoluto	2015	3,3
39 Actividades de descontaminación y otros servicios de gestión de residuos	Mujeres	Valor absoluto	2014	2,9
39 Actividades de descontaminación y otros servicios de gestión de residuos	Mujeres	Valor absoluto	2013	2,9
39 Actividades de descontaminación y otros servicios de gestión de residuos	Mujeres	Valor absoluto	2012	1,1
39 Actividades de descontaminación y otros servicios de gestión de residuos	Mujeres	Valor absoluto	2011	0,6
39 Actividades de descontaminación y otros servicios de gestión de residuos	Mujeres	Valor absoluto	2010	0,6
39 Actividades de descontaminación y otros servicios de gestión de residuos	Mujeres	Valor absoluto	2009	0,8
39 Actividades de descontaminación y otros servicios de gestión de residuos	Mujeres	Valor absoluto	2008	1,5
39 Actividades de descontaminación y otros servicios de gestión de residuos	Mujeres	Porcentaje	2025	0
39 Actividades de descontaminación y otros servicios de gestión de residuos	Mujeres	Porcentaje	2024	0
39 Actividades de descontaminación y otros servicios de gestión de residuos	Mujeres	Porcentaje	2023	0
39 Actividades de descontaminación y otros servicios de gestión de residuos	Mujeres	Porcentaje	2022	0
39 Actividades de descontaminación y otros servicios de gestión de residuos	Mujeres	Porcentaje	2021	0
39 Actividades de descontaminación y otros servicios de gestión de residuos	Mujeres	Porcentaje	2020	0
39 Actividades de descontaminación y otros servicios de gestión de residuos	Mujeres	Porcentaje	2019	0
39 Actividades de descontaminación y otros servicios de gestión de residuos	Mujeres	Porcentaje	2018	0
39 Actividades de descontaminación y otros servicios de gestión de residuos	Mujeres	Porcentaje	2017	0
39 Actividades de descontaminación y otros servicios de gestión de residuos	Mujeres	Porcentaje	2016	0
39 Actividades de descontaminación y otros servicios de gestión de residuos	Mujeres	Porcentaje	2015	0
39 Actividades de descontaminación y otros servicios de gestión de residuos	Mujeres	Porcentaje	2014	0
39 Actividades de descontaminación y otros servicios de gestión de residuos	Mujeres	Porcentaje	2013	0
39 Actividades de descontaminación y otros servicios de gestión de residuos	Mujeres	Porcentaje	2012	0
39 Actividades de descontaminación y otros servicios de gestión de residuos	Mujeres	Porcentaje	2011	0
39 Actividades de descontaminación y otros servicios de gestión de residuos	Mujeres	Porcentaje	2010	0
39 Actividades de descontaminación y otros servicios de gestión de residuos	Mujeres	Porcentaje	2009	0
39 Actividades de descontaminación y otros servicios de gestión de residuos	Mujeres	Porcentaje	2008	0
F Construcción	Ambos sexos	Valor absoluto	2025	1.530
F Construcción	Ambos sexos	Valor absoluto	2024	1.463,8
F Construcción	Ambos sexos	Valor absoluto	2023	1.398
F Construcción	Ambos sexos	Valor absoluto	2022	1.355
F Construcción	Ambos sexos	Valor absoluto	2021	1.315,2
F Construcción	Ambos sexos	Valor absoluto	2020	1.244,1
F Construcción	Ambos sexos	Valor absoluto	2019	1.277,9
F Construcción	Ambos sexos	Valor absoluto	2018	1.221,8
F Construcción	Ambos sexos	Valor absoluto	2017	1.128,3
F Construcción	Ambos sexos	Valor absoluto	2016	1.073,8
F Construcción	Ambos sexos	Valor absoluto	2015	1.073,7
F Construcción	Ambos sexos	Valor absoluto	2014	993,5
F Construcción	Ambos sexos	Valor absoluto	2013	1.029,5
F Construcción	Ambos sexos	Valor absoluto	2012	1.161,3
F Construcción	Ambos sexos	Valor absoluto	2011	1.403,9
F Construcción	Ambos sexos	Valor absoluto	2010	1.651,4
F Construcción	Ambos sexos	Valor absoluto	2009	1.889,8
F Construcción	Ambos sexos	Valor absoluto	2008	2.459,9
F Construcción	Ambos sexos	Porcentaje	2025	6,9
F Construcción	Ambos sexos	Porcentaje	2024	6,8
F Construcción	Ambos sexos	Porcentaje	2023	6,6
F Construcción	Ambos sexos	Porcentaje	2022	6,6
F Construcción	Ambos sexos	Porcentaje	2021	6,6
F Construcción	Ambos sexos	Porcentaje	2020	6,5
F Construcción	Ambos sexos	Porcentaje	2019	6,5
F Construcción	Ambos sexos	Porcentaje	2018	6,3
F Construcción	Ambos sexos	Porcentaje	2017	6
F Construcción	Ambos sexos	Porcentaje	2016	5,9
F Construcción	Ambos sexos	Porcentaje	2015	6
F Construcción	Ambos sexos	Porcentaje	2014	5,7
F Construcción	Ambos sexos	Porcentaje	2013	6
F Construcción	Ambos sexos	Porcentaje	2012	6,6
F Construcción	Ambos sexos	Porcentaje	2011	7,6
F Construcción	Ambos sexos	Porcentaje	2010	8,8
F Construcción	Ambos sexos	Porcentaje	2009	9,9
F Construcción	Ambos sexos	Porcentaje	2008	12
F Construcción	Hombres	Valor absoluto	2025	1.379,2
F Construcción	Hombres	Valor absoluto	2024	1.333
F Construcción	Hombres	Valor absoluto	2023	1.276,6
F Construcción	Hombres	Valor absoluto	2022	1.230,5
F Construcción	Hombres	Valor absoluto	2021	1.191,7
F Construcción	Hombres	Valor absoluto	2020	1.142,2
F Construcción	Hombres	Valor absoluto	2019	1.163,7
F Construcción	Hombres	Valor absoluto	2018	1.115,5
F Construcción	Hombres	Valor absoluto	2017	1.029,2
F Construcción	Hombres	Valor absoluto	2016	989,2
F Construcción	Hombres	Valor absoluto	2015	991,7
F Construcción	Hombres	Valor absoluto	2014	910,2
F Construcción	Hombres	Valor absoluto	2013	942,4
F Construcción	Hombres	Valor absoluto	2012	1.062,4
F Construcción	Hombres	Valor absoluto	2011	1.297,2
F Construcción	Hombres	Valor absoluto	2010	1.510,3
F Construcción	Hombres	Valor absoluto	2009	1.741,1
F Construcción	Hombres	Valor absoluto	2008	2.282,3
F Construcción	Hombres	Porcentaje	2025	11,6
F Construcción	Hombres	Porcentaje	2024	11,5
F Construcción	Hombres	Porcentaje	2023	11,2
F Construcción	Hombres	Porcentaje	2022	11,1
F Construcción	Hombres	Porcentaje	2021	11,1
F Construcción	Hombres	Porcentaje	2020	11
F Construcción	Hombres	Porcentaje	2019	10,8
F Construcción	Hombres	Porcentaje	2018	10,6
F Construcción	Hombres	Porcentaje	2017	10
F Construcción	Hombres	Porcentaje	2016	9,9
F Construcción	Hombres	Porcentaje	2015	10,2
F Construcción	Hombres	Porcentaje	2014	9,6
F Construcción	Hombres	Porcentaje	2013	10,1
F Construcción	Hombres	Porcentaje	2012	11,1
F Construcción	Hombres	Porcentaje	2011	12,8
F Construcción	Hombres	Porcentaje	2010	14,5
F Construcción	Hombres	Porcentaje	2009	16,2
F Construcción	Hombres	Porcentaje	2008	19,3
F Construcción	Mujeres	Valor absoluto	2025	150,8
F Construcción	Mujeres	Valor absoluto	2024	130,8
F Construcción	Mujeres	Valor absoluto	2023	121,4
F Construcción	Mujeres	Valor absoluto	2022	124,5
F Construcción	Mujeres	Valor absoluto	2021	123,5
F Construcción	Mujeres	Valor absoluto	2020	101,9
F Construcción	Mujeres	Valor absoluto	2019	114,1
F Construcción	Mujeres	Valor absoluto	2018	106,3
F Construcción	Mujeres	Valor absoluto	2017	99,1
F Construcción	Mujeres	Valor absoluto	2016	84,7
F Construcción	Mujeres	Valor absoluto	2015	82
F Construcción	Mujeres	Valor absoluto	2014	83,3
F Construcción	Mujeres	Valor absoluto	2013	87
F Construcción	Mujeres	Valor absoluto	2012	98,9
F Construcción	Mujeres	Valor absoluto	2011	106,7
F Construcción	Mujeres	Valor absoluto	2010	141,1
F Construcción	Mujeres	Valor absoluto	2009	148,6
F Construcción	Mujeres	Valor absoluto	2008	177,6
F Construcción	Mujeres	Porcentaje	2025	1,5
F Construcción	Mujeres	Porcentaje	2024	1,3
F Construcción	Mujeres	Porcentaje	2023	1,2
F Construcción	Mujeres	Porcentaje	2022	1,3
F Construcción	Mujeres	Porcentaje	2021	1,4
F Construcción	Mujeres	Porcentaje	2020	1,2
F Construcción	Mujeres	Porcentaje	2019	1,3
F Construcción	Mujeres	Porcentaje	2018	1,2
F Construcción	Mujeres	Porcentaje	2017	1,2
F Construcción	Mujeres	Porcentaje	2016	1
F Construcción	Mujeres	Porcentaje	2015	1
F Construcción	Mujeres	Porcentaje	2014	1,1
F Construcción	Mujeres	Porcentaje	2013	1,1
F Construcción	Mujeres	Porcentaje	2012	1,2
F Construcción	Mujeres	Porcentaje	2011	1,3
F Construcción	Mujeres	Porcentaje	2010	1,7
F Construcción	Mujeres	Porcentaje	2009	1,8
F Construcción	Mujeres	Porcentaje	2008	2
41 Construcción de edificios	Ambos sexos	Valor absoluto	2025	605,1
41 Construcción de edificios	Ambos sexos	Valor absoluto	2024	597,2
41 Construcción de edificios	Ambos sexos	Valor absoluto	2023	559,7
41 Construcción de edificios	Ambos sexos	Valor absoluto	2022	555,2
41 Construcción de edificios	Ambos sexos	Valor absoluto	2021	559
41 Construcción de edificios	Ambos sexos	Valor absoluto	2020	490,6
41 Construcción de edificios	Ambos sexos	Valor absoluto	2019	507,2
41 Construcción de edificios	Ambos sexos	Valor absoluto	2018	481,3
41 Construcción de edificios	Ambos sexos	Valor absoluto	2017	430,8
41 Construcción de edificios	Ambos sexos	Valor absoluto	2016	394,8
41 Construcción de edificios	Ambos sexos	Valor absoluto	2015	386,4
41 Construcción de edificios	Ambos sexos	Valor absoluto	2014	347
41 Construcción de edificios	Ambos sexos	Valor absoluto	2013	357,1
41 Construcción de edificios	Ambos sexos	Valor absoluto	2012	437,6
41 Construcción de edificios	Ambos sexos	Valor absoluto	2011	570,8
41 Construcción de edificios	Ambos sexos	Valor absoluto	2010	729,4
41 Construcción de edificios	Ambos sexos	Valor absoluto	2009	902,6
41 Construcción de edificios	Ambos sexos	Valor absoluto	2008	1.289,1
41 Construcción de edificios	Ambos sexos	Porcentaje	2025	2,7
41 Construcción de edificios	Ambos sexos	Porcentaje	2024	2,8
41 Construcción de edificios	Ambos sexos	Porcentaje	2023	2,6
41 Construcción de edificios	Ambos sexos	Porcentaje	2022	2,7
41 Construcción de edificios	Ambos sexos	Porcentaje	2021	2,8
41 Construcción de edificios	Ambos sexos	Porcentaje	2020	2,6
41 Construcción de edificios	Ambos sexos	Porcentaje	2019	2,6
41 Construcción de edificios	Ambos sexos	Porcentaje	2018	2,5
41 Construcción de edificios	Ambos sexos	Porcentaje	2017	2,3
41 Construcción de edificios	Ambos sexos	Porcentaje	2016	2,2
41 Construcción de edificios	Ambos sexos	Porcentaje	2015	2,2
41 Construcción de edificios	Ambos sexos	Porcentaje	2014	2
41 Construcción de edificios	Ambos sexos	Porcentaje	2013	2,1
41 Construcción de edificios	Ambos sexos	Porcentaje	2012	2,5
41 Construcción de edificios	Ambos sexos	Porcentaje	2011	3,1
41 Construcción de edificios	Ambos sexos	Porcentaje	2010	3,9
41 Construcción de edificios	Ambos sexos	Porcentaje	2009	4,7
41 Construcción de edificios	Ambos sexos	Porcentaje	2008	6,3
41 Construcción de edificios	Hombres	Valor absoluto	2025	547,3
41 Construcción de edificios	Hombres	Valor absoluto	2024	547,5
41 Construcción de edificios	Hombres	Valor absoluto	2023	514,6
41 Construcción de edificios	Hombres	Valor absoluto	2022	510,5
41 Construcción de edificios	Hombres	Valor absoluto	2021	510,3
41 Construcción de edificios	Hombres	Valor absoluto	2020	449,6
41 Construcción de edificios	Hombres	Valor absoluto	2019	459,8
41 Construcción de edificios	Hombres	Valor absoluto	2018	436,7
41 Construcción de edificios	Hombres	Valor absoluto	2017	393,9
41 Construcción de edificios	Hombres	Valor absoluto	2016	366,8
41 Construcción de edificios	Hombres	Valor absoluto	2015	355,4
41 Construcción de edificios	Hombres	Valor absoluto	2014	318,5
41 Construcción de edificios	Hombres	Valor absoluto	2013	328,3
41 Construcción de edificios	Hombres	Valor absoluto	2012	400,9
41 Construcción de edificios	Hombres	Valor absoluto	2011	524,4
41 Construcción de edificios	Hombres	Valor absoluto	2010	660,5
41 Construcción de edificios	Hombres	Valor absoluto	2009	830
41 Construcción de edificios	Hombres	Valor absoluto	2008	1.198
41 Construcción de edificios	Hombres	Porcentaje	2025	4,6
41 Construcción de edificios	Hombres	Porcentaje	2024	4,7
41 Construcción de edificios	Hombres	Porcentaje	2023	4,5
41 Construcción de edificios	Hombres	Porcentaje	2022	4,6
41 Construcción de edificios	Hombres	Porcentaje	2021	4,8
41 Construcción de edificios	Hombres	Porcentaje	2020	4,3
41 Construcción de edificios	Hombres	Porcentaje	2019	4,3
41 Construcción de edificios	Hombres	Porcentaje	2018	4,1
41 Construcción de edificios	Hombres	Porcentaje	2017	3,8
41 Construcción de edificios	Hombres	Porcentaje	2016	3,7
41 Construcción de edificios	Hombres	Porcentaje	2015	3,6
41 Construcción de edificios	Hombres	Porcentaje	2014	3,4
41 Construcción de edificios	Hombres	Porcentaje	2013	3,5
41 Construcción de edificios	Hombres	Porcentaje	2012	4,2
41 Construcción de edificios	Hombres	Porcentaje	2011	5,2
41 Construcción de edificios	Hombres	Porcentaje	2010	6,3
41 Construcción de edificios	Hombres	Porcentaje	2009	7,7
41 Construcción de edificios	Hombres	Porcentaje	2008	10,1
41 Construcción de edificios	Mujeres	Valor absoluto	2025	57,8
41 Construcción de edificios	Mujeres	Valor absoluto	2024	49,7
41 Construcción de edificios	Mujeres	Valor absoluto	2023	45,1
41 Construcción de edificios	Mujeres	Valor absoluto	2022	44,7
41 Construcción de edificios	Mujeres	Valor absoluto	2021	48,6
41 Construcción de edificios	Mujeres	Valor absoluto	2020	41
41 Construcción de edificios	Mujeres	Valor absoluto	2019	47,3
41 Construcción de edificios	Mujeres	Valor absoluto	2018	44,6
41 Construcción de edificios	Mujeres	Valor absoluto	2017	36,9
41 Construcción de edificios	Mujeres	Valor absoluto	2016	28,1
41 Construcción de edificios	Mujeres	Valor absoluto	2015	31
41 Construcción de edificios	Mujeres	Valor absoluto	2014	28,5
41 Construcción de edificios	Mujeres	Valor absoluto	2013	28,8
41 Construcción de edificios	Mujeres	Valor absoluto	2012	36,7
41 Construcción de edificios	Mujeres	Valor absoluto	2011	46,4
41 Construcción de edificios	Mujeres	Valor absoluto	2010	69
41 Construcción de edificios	Mujeres	Valor absoluto	2009	72,6
41 Construcción de edificios	Mujeres	Valor absoluto	2008	91,1
41 Construcción de edificios	Mujeres	Porcentaje	2025	0,6
41 Construcción de edificios	Mujeres	Porcentaje	2024	0,5
41 Construcción de edificios	Mujeres	Porcentaje	2023	0,5
41 Construcción de edificios	Mujeres	Porcentaje	2022	0,5
41 Construcción de edificios	Mujeres	Porcentaje	2021	0,5
41 Construcción de edificios	Mujeres	Porcentaje	2020	0,5
41 Construcción de edificios	Mujeres	Porcentaje	2019	0,5
41 Construcción de edificios	Mujeres	Porcentaje	2018	0,5
41 Construcción de edificios	Mujeres	Porcentaje	2017	0,4
41 Construcción de edificios	Mujeres	Porcentaje	2016	0,3
41 Construcción de edificios	Mujeres	Porcentaje	2015	0,4
41 Construcción de edificios	Mujeres	Porcentaje	2014	0,4
41 Construcción de edificios	Mujeres	Porcentaje	2013	0,4
41 Construcción de edificios	Mujeres	Porcentaje	2012	0,5
41 Construcción de edificios	Mujeres	Porcentaje	2011	0,6
41 Construcción de edificios	Mujeres	Porcentaje	2010	0,8
41 Construcción de edificios	Mujeres	Porcentaje	2009	0,9
41 Construcción de edificios	Mujeres	Porcentaje	2008	1,1
42 Ingeniería civil	Ambos sexos	Valor absoluto	2025	136,1
42 Ingeniería civil	Ambos sexos	Valor absoluto	2024	128,3
42 Ingeniería civil	Ambos sexos	Valor absoluto	2023	122,3
42 Ingeniería civil	Ambos sexos	Valor absoluto	2022	113,8
42 Ingeniería civil	Ambos sexos	Valor absoluto	2021	106,4
42 Ingeniería civil	Ambos sexos	Valor absoluto	2020	107
42 Ingeniería civil	Ambos sexos	Valor absoluto	2019	105,9
42 Ingeniería civil	Ambos sexos	Valor absoluto	2018	97,3
42 Ingeniería civil	Ambos sexos	Valor absoluto	2017	93,2
42 Ingeniería civil	Ambos sexos	Valor absoluto	2016	99,1
42 Ingeniería civil	Ambos sexos	Valor absoluto	2015	107,2
42 Ingeniería civil	Ambos sexos	Valor absoluto	2014	103,9
42 Ingeniería civil	Ambos sexos	Valor absoluto	2013	122,1
42 Ingeniería civil	Ambos sexos	Valor absoluto	2012	126,3
42 Ingeniería civil	Ambos sexos	Valor absoluto	2011	155
42 Ingeniería civil	Ambos sexos	Valor absoluto	2010	176
42 Ingeniería civil	Ambos sexos	Valor absoluto	2009	194,5
42 Ingeniería civil	Ambos sexos	Valor absoluto	2008	189,9
42 Ingeniería civil	Ambos sexos	Porcentaje	2025	0,6
42 Ingeniería civil	Ambos sexos	Porcentaje	2024	0,6
42 Ingeniería civil	Ambos sexos	Porcentaje	2023	0,6
42 Ingeniería civil	Ambos sexos	Porcentaje	2022	0,6
42 Ingeniería civil	Ambos sexos	Porcentaje	2021	0,5
42 Ingeniería civil	Ambos sexos	Porcentaje	2020	0,6
42 Ingeniería civil	Ambos sexos	Porcentaje	2019	0,5
42 Ingeniería civil	Ambos sexos	Porcentaje	2018	0,5
42 Ingeniería civil	Ambos sexos	Porcentaje	2017	0,5
42 Ingeniería civil	Ambos sexos	Porcentaje	2016	0,5
42 Ingeniería civil	Ambos sexos	Porcentaje	2015	0,6
42 Ingeniería civil	Ambos sexos	Porcentaje	2014	0,6
42 Ingeniería civil	Ambos sexos	Porcentaje	2013	0,7
42 Ingeniería civil	Ambos sexos	Porcentaje	2012	0,7
42 Ingeniería civil	Ambos sexos	Porcentaje	2011	0,8
42 Ingeniería civil	Ambos sexos	Porcentaje	2010	0,9
42 Ingeniería civil	Ambos sexos	Porcentaje	2009	1
42 Ingeniería civil	Ambos sexos	Porcentaje	2008	0,9
42 Ingeniería civil	Hombres	Valor absoluto	2025	117,5
42 Ingeniería civil	Hombres	Valor absoluto	2024	110,5
42 Ingeniería civil	Hombres	Valor absoluto	2023	106
42 Ingeniería civil	Hombres	Valor absoluto	2022	96,1
42 Ingeniería civil	Hombres	Valor absoluto	2021	91,3
42 Ingeniería civil	Hombres	Valor absoluto	2020	94
42 Ingeniería civil	Hombres	Valor absoluto	2019	91,9
42 Ingeniería civil	Hombres	Valor absoluto	2018	86,9
42 Ingeniería civil	Hombres	Valor absoluto	2017	83,3
42 Ingeniería civil	Hombres	Valor absoluto	2016	88
42 Ingeniería civil	Hombres	Valor absoluto	2015	96,2
42 Ingeniería civil	Hombres	Valor absoluto	2014	91,4
42 Ingeniería civil	Hombres	Valor absoluto	2013	104
42 Ingeniería civil	Hombres	Valor absoluto	2012	109,2
42 Ingeniería civil	Hombres	Valor absoluto	2011	139,8
42 Ingeniería civil	Hombres	Valor absoluto	2010	157,8
42 Ingeniería civil	Hombres	Valor absoluto	2009	174,9
42 Ingeniería civil	Hombres	Valor absoluto	2008	169,9
42 Ingeniería civil	Hombres	Porcentaje	2025	1
42 Ingeniería civil	Hombres	Porcentaje	2024	1
42 Ingeniería civil	Hombres	Porcentaje	2023	0,9
42 Ingeniería civil	Hombres	Porcentaje	2022	0,9
42 Ingeniería civil	Hombres	Porcentaje	2021	0,9
42 Ingeniería civil	Hombres	Porcentaje	2020	0,9
42 Ingeniería civil	Hombres	Porcentaje	2019	0,9
42 Ingeniería civil	Hombres	Porcentaje	2018	0,8
42 Ingeniería civil	Hombres	Porcentaje	2017	0,8
42 Ingeniería civil	Hombres	Porcentaje	2016	0,9
42 Ingeniería civil	Hombres	Porcentaje	2015	1
42 Ingeniería civil	Hombres	Porcentaje	2014	1
42 Ingeniería civil	Hombres	Porcentaje	2013	1,1
42 Ingeniería civil	Hombres	Porcentaje	2012	1,1
42 Ingeniería civil	Hombres	Porcentaje	2011	1,4
42 Ingeniería civil	Hombres	Porcentaje	2010	1,5
42 Ingeniería civil	Hombres	Porcentaje	2009	1,6
42 Ingeniería civil	Hombres	Porcentaje	2008	1,4
42 Ingeniería civil	Mujeres	Valor absoluto	2025	18,6
42 Ingeniería civil	Mujeres	Valor absoluto	2024	17,8
42 Ingeniería civil	Mujeres	Valor absoluto	2023	16,4
42 Ingeniería civil	Mujeres	Valor absoluto	2022	17,7
42 Ingeniería civil	Mujeres	Valor absoluto	2021	15,1
42 Ingeniería civil	Mujeres	Valor absoluto	2020	13,1
42 Ingeniería civil	Mujeres	Valor absoluto	2019	13,9
42 Ingeniería civil	Mujeres	Valor absoluto	2018	10,4
42 Ingeniería civil	Mujeres	Valor absoluto	2017	10
42 Ingeniería civil	Mujeres	Valor absoluto	2016	11,1
42 Ingeniería civil	Mujeres	Valor absoluto	2015	11
42 Ingeniería civil	Mujeres	Valor absoluto	2014	12,5
42 Ingeniería civil	Mujeres	Valor absoluto	2013	18,1
42 Ingeniería civil	Mujeres	Valor absoluto	2012	17,1
42 Ingeniería civil	Mujeres	Valor absoluto	2011	15,2
42 Ingeniería civil	Mujeres	Valor absoluto	2010	18,2
42 Ingeniería civil	Mujeres	Valor absoluto	2009	19,5
42 Ingeniería civil	Mujeres	Valor absoluto	2008	20
42 Ingeniería civil	Mujeres	Porcentaje	2025	0,2
42 Ingeniería civil	Mujeres	Porcentaje	2024	0,2
42 Ingeniería civil	Mujeres	Porcentaje	2023	0,2
42 Ingeniería civil	Mujeres	Porcentaje	2022	0,2
42 Ingeniería civil	Mujeres	Porcentaje	2021	0,2
42 Ingeniería civil	Mujeres	Porcentaje	2020	0,1
42 Ingeniería civil	Mujeres	Porcentaje	2019	0,2
42 Ingeniería civil	Mujeres	Porcentaje	2018	0,1
42 Ingeniería civil	Mujeres	Porcentaje	2017	0,1
42 Ingeniería civil	Mujeres	Porcentaje	2016	0,1
42 Ingeniería civil	Mujeres	Porcentaje	2015	0,1
42 Ingeniería civil	Mujeres	Porcentaje	2014	0,2
42 Ingeniería civil	Mujeres	Porcentaje	2013	0,2
42 Ingeniería civil	Mujeres	Porcentaje	2012	0,2
42 Ingeniería civil	Mujeres	Porcentaje	2011	0,2
42 Ingeniería civil	Mujeres	Porcentaje	2010	0,2
42 Ingeniería civil	Mujeres	Porcentaje	2009	0,2
42 Ingeniería civil	Mujeres	Porcentaje	2008	0,2
43 Actividades de construcción especializada	Ambos sexos	Valor absoluto	2025	788,8
43 Actividades de construcción especializada	Ambos sexos	Valor absoluto	2024	738,4
43 Actividades de construcción especializada	Ambos sexos	Valor absoluto	2023	716
43 Actividades de construcción especializada	Ambos sexos	Valor absoluto	2022	686
43 Actividades de construcción especializada	Ambos sexos	Valor absoluto	2021	649,8
43 Actividades de construcción especializada	Ambos sexos	Valor absoluto	2020	646,5
43 Actividades de construcción especializada	Ambos sexos	Valor absoluto	2019	664,8
43 Actividades de construcción especializada	Ambos sexos	Valor absoluto	2018	643,1
43 Actividades de construcción especializada	Ambos sexos	Valor absoluto	2017	604,3
43 Actividades de construcción especializada	Ambos sexos	Valor absoluto	2016	579,9
43 Actividades de construcción especializada	Ambos sexos	Valor absoluto	2015	580,1
43 Actividades de construcción especializada	Ambos sexos	Valor absoluto	2014	542,6
43 Actividades de construcción especializada	Ambos sexos	Valor absoluto	2013	550,3
43 Actividades de construcción especializada	Ambos sexos	Valor absoluto	2012	597,5
43 Actividades de construcción especializada	Ambos sexos	Valor absoluto	2011	678,1
43 Actividades de construcción especializada	Ambos sexos	Valor absoluto	2010	745,9
43 Actividades de construcción especializada	Ambos sexos	Valor absoluto	2009	792,7
43 Actividades de construcción especializada	Ambos sexos	Valor absoluto	2008	980,9
43 Actividades de construcción especializada	Ambos sexos	Porcentaje	2025	3,5
43 Actividades de construcción especializada	Ambos sexos	Porcentaje	2024	3,4
43 Actividades de construcción especializada	Ambos sexos	Porcentaje	2023	3,4
43 Actividades de construcción especializada	Ambos sexos	Porcentaje	2022	3,3
43 Actividades de construcción especializada	Ambos sexos	Porcentaje	2021	3,3
43 Actividades de construcción especializada	Ambos sexos	Porcentaje	2020	3,4
43 Actividades de construcción especializada	Ambos sexos	Porcentaje	2019	3,4
43 Actividades de construcción especializada	Ambos sexos	Porcentaje	2018	3,3
43 Actividades de construcción especializada	Ambos sexos	Porcentaje	2017	3,2
43 Actividades de construcción especializada	Ambos sexos	Porcentaje	2016	3,2
43 Actividades de construcción especializada	Ambos sexos	Porcentaje	2015	3,2
43 Actividades de construcción especializada	Ambos sexos	Porcentaje	2014	3,1
43 Actividades de construcción especializada	Ambos sexos	Porcentaje	2013	3,2
43 Actividades de construcción especializada	Ambos sexos	Porcentaje	2012	3,4
43 Actividades de construcción especializada	Ambos sexos	Porcentaje	2011	3,7
43 Actividades de construcción especializada	Ambos sexos	Porcentaje	2010	4
43 Actividades de construcción especializada	Ambos sexos	Porcentaje	2009	4,1
43 Actividades de construcción especializada	Ambos sexos	Porcentaje	2008	4,8
43 Actividades de construcción especializada	Hombres	Valor absoluto	2025	714,4
43 Actividades de construcción especializada	Hombres	Valor absoluto	2024	675
43 Actividades de construcción especializada	Hombres	Valor absoluto	2023	656
43 Actividades de construcción especializada	Hombres	Valor absoluto	2022	623,9
43 Actividades de construcción especializada	Hombres	Valor absoluto	2021	590
43 Actividades de construcción especializada	Hombres	Valor absoluto	2020	598,6
43 Actividades de construcción especializada	Hombres	Valor absoluto	2019	612
43 Actividades de construcción especializada	Hombres	Valor absoluto	2018	591,9
43 Actividades de construcción especializada	Hombres	Valor absoluto	2017	552,1
43 Actividades de construcción especializada	Hombres	Valor absoluto	2016	534,4
43 Actividades de construcción especializada	Hombres	Valor absoluto	2015	540,1
43 Actividades de construcción especializada	Hombres	Valor absoluto	2014	500,3
43 Actividades de construcción especializada	Hombres	Valor absoluto	2013	510,1
43 Actividades de construcción especializada	Hombres	Valor absoluto	2012	552,4
43 Actividades de construcción especializada	Hombres	Valor absoluto	2011	633,1
43 Actividades de construcción especializada	Hombres	Valor absoluto	2010	692
43 Actividades de construcción especializada	Hombres	Valor absoluto	2009	736,2
43 Actividades de construcción especializada	Hombres	Valor absoluto	2008	914,3
43 Actividades de construcción especializada	Hombres	Porcentaje	2025	6
43 Actividades de construcción especializada	Hombres	Porcentaje	2024	5,8
43 Actividades de construcción especializada	Hombres	Porcentaje	2023	5,8
43 Actividades de construcción especializada	Hombres	Porcentaje	2022	5,6
43 Actividades de construcción especializada	Hombres	Porcentaje	2021	5,5
43 Actividades de construcción especializada	Hombres	Porcentaje	2020	5,7
43 Actividades de construcción especializada	Hombres	Porcentaje	2019	5,7
43 Actividades de construcción especializada	Hombres	Porcentaje	2018	5,6
43 Actividades de construcción especializada	Hombres	Porcentaje	2017	5,4
43 Actividades de construcción especializada	Hombres	Porcentaje	2016	5,3
43 Actividades de construcción especializada	Hombres	Porcentaje	2015	5,5
43 Actividades de construcción especializada	Hombres	Porcentaje	2014	5,3
43 Actividades de construcción especializada	Hombres	Porcentaje	2013	5,5
43 Actividades de construcción especializada	Hombres	Porcentaje	2012	5,7
43 Actividades de construcción especializada	Hombres	Porcentaje	2011	6,2
43 Actividades de construcción especializada	Hombres	Porcentaje	2010	6,6
43 Actividades de construcción especializada	Hombres	Porcentaje	2009	6,9
43 Actividades de construcción especializada	Hombres	Porcentaje	2008	7,7
43 Actividades de construcción especializada	Mujeres	Valor absoluto	2025	74,4
43 Actividades de construcción especializada	Mujeres	Valor absoluto	2024	63,3
43 Actividades de construcción especializada	Mujeres	Valor absoluto	2023	59,9
43 Actividades de construcción especializada	Mujeres	Valor absoluto	2022	62,1
43 Actividades de construcción especializada	Mujeres	Valor absoluto	2021	59,8
43 Actividades de construcción especializada	Mujeres	Valor absoluto	2020	47,8
43 Actividades de construcción especializada	Mujeres	Valor absoluto	2019	52,9
43 Actividades de construcción especializada	Mujeres	Valor absoluto	2018	51,2
43 Actividades de construcción especializada	Mujeres	Valor absoluto	2017	52,2
43 Actividades de construcción especializada	Mujeres	Valor absoluto	2016	45,5
43 Actividades de construcción especializada	Mujeres	Valor absoluto	2015	40
43 Actividades de construcción especializada	Mujeres	Valor absoluto	2014	42,4
43 Actividades de construcción especializada	Mujeres	Valor absoluto	2013	40,1
43 Actividades de construcción especializada	Mujeres	Valor absoluto	2012	45,1
43 Actividades de construcción especializada	Mujeres	Valor absoluto	2011	45
43 Actividades de construcción especializada	Mujeres	Valor absoluto	2010	53,9
43 Actividades de construcción especializada	Mujeres	Valor absoluto	2009	56,5
43 Actividades de construcción especializada	Mujeres	Valor absoluto	2008	66,5
43 Actividades de construcción especializada	Mujeres	Porcentaje	2025	0,7
43 Actividades de construcción especializada	Mujeres	Porcentaje	2024	0,6
43 Actividades de construcción especializada	Mujeres	Porcentaje	2023	0,6
43 Actividades de construcción especializada	Mujeres	Porcentaje	2022	0,7
43 Actividades de construcción especializada	Mujeres	Porcentaje	2021	0,7
43 Actividades de construcción especializada	Mujeres	Porcentaje	2020	0,5
43 Actividades de construcción especializada	Mujeres	Porcentaje	2019	0,6
43 Actividades de construcción especializada	Mujeres	Porcentaje	2018	0,6
43 Actividades de construcción especializada	Mujeres	Porcentaje	2017	0,6
43 Actividades de construcción especializada	Mujeres	Porcentaje	2016	0,5
43 Actividades de construcción especializada	Mujeres	Porcentaje	2015	0,5
43 Actividades de construcción especializada	Mujeres	Porcentaje	2014	0,5
43 Actividades de construcción especializada	Mujeres	Porcentaje	2013	0,5
43 Actividades de construcción especializada	Mujeres	Porcentaje	2012	0,6
43 Actividades de construcción especializada	Mujeres	Porcentaje	2011	0,5
43 Actividades de construcción especializada	Mujeres	Porcentaje	2010	0,6
43 Actividades de construcción especializada	Mujeres	Porcentaje	2009	0,7
43 Actividades de construcción especializada	Mujeres	Porcentaje	2008	0,8
G Comercio al por mayor y al por menor; reparación de vehículos de motor y motocicletas	Ambos sexos	Valor absoluto	2025	3.222
G Comercio al por mayor y al por menor; reparación de vehículos de motor y motocicletas	Ambos sexos	Valor absoluto	2024	3.129
G Comercio al por mayor y al por menor; reparación de vehículos de motor y motocicletas	Ambos sexos	Valor absoluto	2023	3.135,5
G Comercio al por mayor y al por menor; reparación de vehículos de motor y motocicletas	Ambos sexos	Valor absoluto	2022	3.009,6
G Comercio al por mayor y al por menor; reparación de vehículos de motor y motocicletas	Ambos sexos	Valor absoluto	2021	2.970,3
G Comercio al por mayor y al por menor; reparación de vehículos de motor y motocicletas	Ambos sexos	Valor absoluto	2020	2.988,5
G Comercio al por mayor y al por menor; reparación de vehículos de motor y motocicletas	Ambos sexos	Valor absoluto	2019	3.073,3
G Comercio al por mayor y al por menor; reparación de vehículos de motor y motocicletas	Ambos sexos	Valor absoluto	2018	3.006,9
G Comercio al por mayor y al por menor; reparación de vehículos de motor y motocicletas	Ambos sexos	Valor absoluto	2017	2.993,7
G Comercio al por mayor y al por menor; reparación de vehículos de motor y motocicletas	Ambos sexos	Valor absoluto	2016	2.968,9
G Comercio al por mayor y al por menor; reparación de vehículos de motor y motocicletas	Ambos sexos	Valor absoluto	2015	2.921,4
G Comercio al por mayor y al por menor; reparación de vehículos de motor y motocicletas	Ambos sexos	Valor absoluto	2014	2.866,8
G Comercio al por mayor y al por menor; reparación de vehículos de motor y motocicletas	Ambos sexos	Valor absoluto	2013	2.846,6
G Comercio al por mayor y al por menor; reparación de vehículos de motor y motocicletas	Ambos sexos	Valor absoluto	2012	2.860,5
G Comercio al por mayor y al por menor; reparación de vehículos de motor y motocicletas	Ambos sexos	Valor absoluto	2011	2.962,5
G Comercio al por mayor y al por menor; reparación de vehículos de motor y motocicletas	Ambos sexos	Valor absoluto	2010	2.936,6
G Comercio al por mayor y al por menor; reparación de vehículos de motor y motocicletas	Ambos sexos	Valor absoluto	2009	2.990,5
G Comercio al por mayor y al por menor; reparación de vehículos de motor y motocicletas	Ambos sexos	Valor absoluto	2008	3.222,2
G Comercio al por mayor y al por menor; reparación de vehículos de motor y motocicletas	Ambos sexos	Porcentaje	2025	14,5
G Comercio al por mayor y al por menor; reparación de vehículos de motor y motocicletas	Ambos sexos	Porcentaje	2024	14,4
G Comercio al por mayor y al por menor; reparación de vehículos de motor y motocicletas	Ambos sexos	Porcentaje	2023	14,8
G Comercio al por mayor y al por menor; reparación de vehículos de motor y motocicletas	Ambos sexos	Porcentaje	2022	14,6
G Comercio al por mayor y al por menor; reparación de vehículos de motor y motocicletas	Ambos sexos	Porcentaje	2021	15
G Comercio al por mayor y al por menor; reparación de vehículos de motor y motocicletas	Ambos sexos	Porcentaje	2020	15,6
G Comercio al por mayor y al por menor; reparación de vehículos de motor y motocicletas	Ambos sexos	Porcentaje	2019	15,5
G Comercio al por mayor y al por menor; reparación de vehículos de motor y motocicletas	Ambos sexos	Porcentaje	2018	15,6
G Comercio al por mayor y al por menor; reparación de vehículos de motor y motocicletas	Ambos sexos	Porcentaje	2017	15,9
G Comercio al por mayor y al por menor; reparación de vehículos de motor y motocicletas	Ambos sexos	Porcentaje	2016	16,2
G Comercio al por mayor y al por menor; reparación de vehículos de motor y motocicletas	Ambos sexos	Porcentaje	2015	16,4
G Comercio al por mayor y al por menor; reparación de vehículos de motor y motocicletas	Ambos sexos	Porcentaje	2014	16,5
G Comercio al por mayor y al por menor; reparación de vehículos de motor y motocicletas	Ambos sexos	Porcentaje	2013	16,6
G Comercio al por mayor y al por menor; reparación de vehículos de motor y motocicletas	Ambos sexos	Porcentaje	2012	16,2
G Comercio al por mayor y al por menor; reparación de vehículos de motor y motocicletas	Ambos sexos	Porcentaje	2011	16,1
G Comercio al por mayor y al por menor; reparación de vehículos de motor y motocicletas	Ambos sexos	Porcentaje	2010	15,7
G Comercio al por mayor y al por menor; reparación de vehículos de motor y motocicletas	Ambos sexos	Porcentaje	2009	15,7
G Comercio al por mayor y al por menor; reparación de vehículos de motor y motocicletas	Ambos sexos	Porcentaje	2008	15,7
G Comercio al por mayor y al por menor; reparación de vehículos de motor y motocicletas	Hombres	Valor absoluto	2025	1.647,3
G Comercio al por mayor y al por menor; reparación de vehículos de motor y motocicletas	Hombres	Valor absoluto	2024	1.587
G Comercio al por mayor y al por menor; reparación de vehículos de motor y motocicletas	Hombres	Valor absoluto	2023	1.571,4
G Comercio al por mayor y al por menor; reparación de vehículos de motor y motocicletas	Hombres	Valor absoluto	2022	1.522,6
G Comercio al por mayor y al por menor; reparación de vehículos de motor y motocicletas	Hombres	Valor absoluto	2021	1.512,4
G Comercio al por mayor y al por menor; reparación de vehículos de motor y motocicletas	Hombres	Valor absoluto	2020	1.499,2
G Comercio al por mayor y al por menor; reparación de vehículos de motor y motocicletas	Hombres	Valor absoluto	2019	1.563
G Comercio al por mayor y al por menor; reparación de vehículos de motor y motocicletas	Hombres	Valor absoluto	2018	1.515,8
G Comercio al por mayor y al por menor; reparación de vehículos de motor y motocicletas	Hombres	Valor absoluto	2017	1.502,8
G Comercio al por mayor y al por menor; reparación de vehículos de motor y motocicletas	Hombres	Valor absoluto	2016	1.484,8
G Comercio al por mayor y al por menor; reparación de vehículos de motor y motocicletas	Hombres	Valor absoluto	2015	1.448,4
G Comercio al por mayor y al por menor; reparación de vehículos de motor y motocicletas	Hombres	Valor absoluto	2014	1.432,8
G Comercio al por mayor y al por menor; reparación de vehículos de motor y motocicletas	Hombres	Valor absoluto	2013	1.436,4
G Comercio al por mayor y al por menor; reparación de vehículos de motor y motocicletas	Hombres	Valor absoluto	2012	1.451,3
G Comercio al por mayor y al por menor; reparación de vehículos de motor y motocicletas	Hombres	Valor absoluto	2011	1.480,1
G Comercio al por mayor y al por menor; reparación de vehículos de motor y motocicletas	Hombres	Valor absoluto	2010	1.480,5
G Comercio al por mayor y al por menor; reparación de vehículos de motor y motocicletas	Hombres	Valor absoluto	2009	1.485,3
G Comercio al por mayor y al por menor; reparación de vehículos de motor y motocicletas	Hombres	Valor absoluto	2008	1.631,5
G Comercio al por mayor y al por menor; reparación de vehículos de motor y motocicletas	Hombres	Porcentaje	2025	13,9
G Comercio al por mayor y al por menor; reparación de vehículos de motor y motocicletas	Hombres	Porcentaje	2024	13,7
G Comercio al por mayor y al por menor; reparación de vehículos de motor y motocicletas	Hombres	Porcentaje	2023	13,8
G Comercio al por mayor y al por menor; reparación de vehículos de motor y motocicletas	Hombres	Porcentaje	2022	13,7
G Comercio al por mayor y al por menor; reparación de vehículos de motor y motocicletas	Hombres	Porcentaje	2021	14,1
G Comercio al por mayor y al por menor; reparación de vehículos de motor y motocicletas	Hombres	Porcentaje	2020	14,4
G Comercio al por mayor y al por menor; reparación de vehículos de motor y motocicletas	Hombres	Porcentaje	2019	14,5
G Comercio al por mayor y al por menor; reparación de vehículos de motor y motocicletas	Hombres	Porcentaje	2018	14,4
G Comercio al por mayor y al por menor; reparación de vehículos de motor y motocicletas	Hombres	Porcentaje	2017	14,6
G Comercio al por mayor y al por menor; reparación de vehículos de motor y motocicletas	Hombres	Porcentaje	2016	14,8
G Comercio al por mayor y al por menor; reparación de vehículos de motor y motocicletas	Hombres	Porcentaje	2015	14,8
G Comercio al por mayor y al por menor; reparación de vehículos de motor y motocicletas	Hombres	Porcentaje	2014	15,2
G Comercio al por mayor y al por menor; reparación de vehículos de motor y motocicletas	Hombres	Porcentaje	2013	15,4
G Comercio al por mayor y al por menor; reparación de vehículos de motor y motocicletas	Hombres	Porcentaje	2012	15,1
G Comercio al por mayor y al por menor; reparación de vehículos de motor y motocicletas	Hombres	Porcentaje	2011	14,6
G Comercio al por mayor y al por menor; reparación de vehículos de motor y motocicletas	Hombres	Porcentaje	2010	14,2
G Comercio al por mayor y al por menor; reparación de vehículos de motor y motocicletas	Hombres	Porcentaje	2009	13,8
G Comercio al por mayor y al por menor; reparación de vehículos de motor y motocicletas	Hombres	Porcentaje	2008	13,8
G Comercio al por mayor y al por menor; reparación de vehículos de motor y motocicletas	Mujeres	Valor absoluto	2025	1.574,7
G Comercio al por mayor y al por menor; reparación de vehículos de motor y motocicletas	Mujeres	Valor absoluto	2024	1.542
G Comercio al por mayor y al por menor; reparación de vehículos de motor y motocicletas	Mujeres	Valor absoluto	2023	1.564,1
G Comercio al por mayor y al por menor; reparación de vehículos de motor y motocicletas	Mujeres	Valor absoluto	2022	1.486,9
G Comercio al por mayor y al por menor; reparación de vehículos de motor y motocicletas	Mujeres	Valor absoluto	2021	1.457,9
G Comercio al por mayor y al por menor; reparación de vehículos de motor y motocicletas	Mujeres	Valor absoluto	2020	1.489,3
G Comercio al por mayor y al por menor; reparación de vehículos de motor y motocicletas	Mujeres	Valor absoluto	2019	1.510,3
G Comercio al por mayor y al por menor; reparación de vehículos de motor y motocicletas	Mujeres	Valor absoluto	2018	1.491,1
G Comercio al por mayor y al por menor; reparación de vehículos de motor y motocicletas	Mujeres	Valor absoluto	2017	1.490,9
G Comercio al por mayor y al por menor; reparación de vehículos de motor y motocicletas	Mujeres	Valor absoluto	2016	1.484,1
G Comercio al por mayor y al por menor; reparación de vehículos de motor y motocicletas	Mujeres	Valor absoluto	2015	1.472,9
G Comercio al por mayor y al por menor; reparación de vehículos de motor y motocicletas	Mujeres	Valor absoluto	2014	1.434
G Comercio al por mayor y al por menor; reparación de vehículos de motor y motocicletas	Mujeres	Valor absoluto	2013	1.410,2
G Comercio al por mayor y al por menor; reparación de vehículos de motor y motocicletas	Mujeres	Valor absoluto	2012	1.409,2
G Comercio al por mayor y al por menor; reparación de vehículos de motor y motocicletas	Mujeres	Valor absoluto	2011	1.482,3
G Comercio al por mayor y al por menor; reparación de vehículos de motor y motocicletas	Mujeres	Valor absoluto	2010	1.456,1
G Comercio al por mayor y al por menor; reparación de vehículos de motor y motocicletas	Mujeres	Valor absoluto	2009	1.505,2
G Comercio al por mayor y al por menor; reparación de vehículos de motor y motocicletas	Mujeres	Valor absoluto	2008	1.590,6
G Comercio al por mayor y al por menor; reparación de vehículos de motor y motocicletas	Mujeres	Porcentaje	2025	15,2
G Comercio al por mayor y al por menor; reparación de vehículos de motor y motocicletas	Mujeres	Porcentaje	2024	15,3
G Comercio al por mayor y al por menor; reparación de vehículos de motor y motocicletas	Mujeres	Porcentaje	2023	16
G Comercio al por mayor y al por menor; reparación de vehículos de motor y motocicletas	Mujeres	Porcentaje	2022	15,8
G Comercio al por mayor y al por menor; reparación de vehículos de motor y motocicletas	Mujeres	Porcentaje	2021	16
G Comercio al por mayor y al por menor; reparación de vehículos de motor y motocicletas	Mujeres	Porcentaje	2020	17
G Comercio al por mayor y al por menor; reparación de vehículos de motor y motocicletas	Mujeres	Porcentaje	2019	16,7
G Comercio al por mayor y al por menor; reparación de vehículos de motor y motocicletas	Mujeres	Porcentaje	2018	17
G Comercio al por mayor y al por menor; reparación de vehículos de motor y motocicletas	Mujeres	Porcentaje	2017	17,4
G Comercio al por mayor y al por menor; reparación de vehículos de motor y motocicletas	Mujeres	Porcentaje	2016	17,8
G Comercio al por mayor y al por menor; reparación de vehículos de motor y motocicletas	Mujeres	Porcentaje	2015	18,2
G Comercio al por mayor y al por menor; reparación de vehículos de motor y motocicletas	Mujeres	Porcentaje	2014	18,1
G Comercio al por mayor y al por menor; reparación de vehículos de motor y motocicletas	Mujeres	Porcentaje	2013	18
G Comercio al por mayor y al por menor; reparación de vehículos de motor y motocicletas	Mujeres	Porcentaje	2012	17,6
G Comercio al por mayor y al por menor; reparación de vehículos de motor y motocicletas	Mujeres	Porcentaje	2011	17,9
G Comercio al por mayor y al por menor; reparación de vehículos de motor y motocicletas	Mujeres	Porcentaje	2010	17,5
G Comercio al por mayor y al por menor; reparación de vehículos de motor y motocicletas	Mujeres	Porcentaje	2009	18
G Comercio al por mayor y al por menor; reparación de vehículos de motor y motocicletas	Mujeres	Porcentaje	2008	18,4
45 Venta y reparación de vehículos de motor y motocicletas	Ambos sexos	Valor absoluto	2025	365,7
45 Venta y reparación de vehículos de motor y motocicletas	Ambos sexos	Valor absoluto	2024	334,4
45 Venta y reparación de vehículos de motor y motocicletas	Ambos sexos	Valor absoluto	2023	363,4
45 Venta y reparación de vehículos de motor y motocicletas	Ambos sexos	Valor absoluto	2022	339,9
45 Venta y reparación de vehículos de motor y motocicletas	Ambos sexos	Valor absoluto	2021	331,8
45 Venta y reparación de vehículos de motor y motocicletas	Ambos sexos	Valor absoluto	2020	328,2
45 Venta y reparación de vehículos de motor y motocicletas	Ambos sexos	Valor absoluto	2019	338,1
45 Venta y reparación de vehículos de motor y motocicletas	Ambos sexos	Valor absoluto	2018	330,9
45 Venta y reparación de vehículos de motor y motocicletas	Ambos sexos	Valor absoluto	2017	325,4
45 Venta y reparación de vehículos de motor y motocicletas	Ambos sexos	Valor absoluto	2016	320,8
45 Venta y reparación de vehículos de motor y motocicletas	Ambos sexos	Valor absoluto	2015	312,8
45 Venta y reparación de vehículos de motor y motocicletas	Ambos sexos	Valor absoluto	2014	299,4
45 Venta y reparación de vehículos de motor y motocicletas	Ambos sexos	Valor absoluto	2013	294,4
45 Venta y reparación de vehículos de motor y motocicletas	Ambos sexos	Valor absoluto	2012	317
45 Venta y reparación de vehículos de motor y motocicletas	Ambos sexos	Valor absoluto	2011	331,6
45 Venta y reparación de vehículos de motor y motocicletas	Ambos sexos	Valor absoluto	2010	343
45 Venta y reparación de vehículos de motor y motocicletas	Ambos sexos	Valor absoluto	2009	351,7
45 Venta y reparación de vehículos de motor y motocicletas	Ambos sexos	Valor absoluto	2008	390,5
45 Venta y reparación de vehículos de motor y motocicletas	Ambos sexos	Porcentaje	2025	1,6
45 Venta y reparación de vehículos de motor y motocicletas	Ambos sexos	Porcentaje	2024	1,5
45 Venta y reparación de vehículos de motor y motocicletas	Ambos sexos	Porcentaje	2023	1,7
45 Venta y reparación de vehículos de motor y motocicletas	Ambos sexos	Porcentaje	2022	1,7
45 Venta y reparación de vehículos de motor y motocicletas	Ambos sexos	Porcentaje	2021	1,7
45 Venta y reparación de vehículos de motor y motocicletas	Ambos sexos	Porcentaje	2020	1,7
45 Venta y reparación de vehículos de motor y motocicletas	Ambos sexos	Porcentaje	2019	1,7
45 Venta y reparación de vehículos de motor y motocicletas	Ambos sexos	Porcentaje	2018	1,7
45 Venta y reparación de vehículos de motor y motocicletas	Ambos sexos	Porcentaje	2017	1,7
45 Venta y reparación de vehículos de motor y motocicletas	Ambos sexos	Porcentaje	2016	1,7
45 Venta y reparación de vehículos de motor y motocicletas	Ambos sexos	Porcentaje	2015	1,8
45 Venta y reparación de vehículos de motor y motocicletas	Ambos sexos	Porcentaje	2014	1,7
45 Venta y reparación de vehículos de motor y motocicletas	Ambos sexos	Porcentaje	2013	1,7
45 Venta y reparación de vehículos de motor y motocicletas	Ambos sexos	Porcentaje	2012	1,8
45 Venta y reparación de vehículos de motor y motocicletas	Ambos sexos	Porcentaje	2011	1,8
45 Venta y reparación de vehículos de motor y motocicletas	Ambos sexos	Porcentaje	2010	1,8
45 Venta y reparación de vehículos de motor y motocicletas	Ambos sexos	Porcentaje	2009	1,8
45 Venta y reparación de vehículos de motor y motocicletas	Ambos sexos	Porcentaje	2008	1,9
45 Venta y reparación de vehículos de motor y motocicletas	Hombres	Valor absoluto	2025	310,7
45 Venta y reparación de vehículos de motor y motocicletas	Hombres	Valor absoluto	2024	285,7
45 Venta y reparación de vehículos de motor y motocicletas	Hombres	Valor absoluto	2023	308,4
45 Venta y reparación de vehículos de motor y motocicletas	Hombres	Valor absoluto	2022	283
45 Venta y reparación de vehículos de motor y motocicletas	Hombres	Valor absoluto	2021	286,2
45 Venta y reparación de vehículos de motor y motocicletas	Hombres	Valor absoluto	2020	275,4
45 Venta y reparación de vehículos de motor y motocicletas	Hombres	Valor absoluto	2019	285
45 Venta y reparación de vehículos de motor y motocicletas	Hombres	Valor absoluto	2018	282,6
45 Venta y reparación de vehículos de motor y motocicletas	Hombres	Valor absoluto	2017	283,5
45 Venta y reparación de vehículos de motor y motocicletas	Hombres	Valor absoluto	2016	285,4
45 Venta y reparación de vehículos de motor y motocicletas	Hombres	Valor absoluto	2015	270,9
45 Venta y reparación de vehículos de motor y motocicletas	Hombres	Valor absoluto	2014	255,9
45 Venta y reparación de vehículos de motor y motocicletas	Hombres	Valor absoluto	2013	255,2
45 Venta y reparación de vehículos de motor y motocicletas	Hombres	Valor absoluto	2012	272,4
45 Venta y reparación de vehículos de motor y motocicletas	Hombres	Valor absoluto	2011	283,9
45 Venta y reparación de vehículos de motor y motocicletas	Hombres	Valor absoluto	2010	292,1
45 Venta y reparación de vehículos de motor y motocicletas	Hombres	Valor absoluto	2009	300
45 Venta y reparación de vehículos de motor y motocicletas	Hombres	Valor absoluto	2008	329,4
45 Venta y reparación de vehículos de motor y motocicletas	Hombres	Porcentaje	2025	2,6
45 Venta y reparación de vehículos de motor y motocicletas	Hombres	Porcentaje	2024	2,5
45 Venta y reparación de vehículos de motor y motocicletas	Hombres	Porcentaje	2023	2,7
45 Venta y reparación de vehículos de motor y motocicletas	Hombres	Porcentaje	2022	2,5
45 Venta y reparación de vehículos de motor y motocicletas	Hombres	Porcentaje	2021	2,7
45 Venta y reparación de vehículos de motor y motocicletas	Hombres	Porcentaje	2020	2,6
45 Venta y reparación de vehículos de motor y motocicletas	Hombres	Porcentaje	2019	2,7
45 Venta y reparación de vehículos de motor y motocicletas	Hombres	Porcentaje	2018	2,7
45 Venta y reparación de vehículos de motor y motocicletas	Hombres	Porcentaje	2017	2,8
45 Venta y reparación de vehículos de motor y motocicletas	Hombres	Porcentaje	2016	2,9
45 Venta y reparación de vehículos de motor y motocicletas	Hombres	Porcentaje	2015	2,8
45 Venta y reparación de vehículos de motor y motocicletas	Hombres	Porcentaje	2014	2,7
45 Venta y reparación de vehículos de motor y motocicletas	Hombres	Porcentaje	2013	2,7
45 Venta y reparación de vehículos de motor y motocicletas	Hombres	Porcentaje	2012	2,8
45 Venta y reparación de vehículos de motor y motocicletas	Hombres	Porcentaje	2011	2,8
45 Venta y reparación de vehículos de motor y motocicletas	Hombres	Porcentaje	2010	2,8
45 Venta y reparación de vehículos de motor y motocicletas	Hombres	Porcentaje	2009	2,8
45 Venta y reparación de vehículos de motor y motocicletas	Hombres	Porcentaje	2008	2,8
45 Venta y reparación de vehículos de motor y motocicletas	Mujeres	Valor absoluto	2025	55
45 Venta y reparación de vehículos de motor y motocicletas	Mujeres	Valor absoluto	2024	48,7
45 Venta y reparación de vehículos de motor y motocicletas	Mujeres	Valor absoluto	2023	55
45 Venta y reparación de vehículos de motor y motocicletas	Mujeres	Valor absoluto	2022	56,9
45 Venta y reparación de vehículos de motor y motocicletas	Mujeres	Valor absoluto	2021	45,7
45 Venta y reparación de vehículos de motor y motocicletas	Mujeres	Valor absoluto	2020	52,8
45 Venta y reparación de vehículos de motor y motocicletas	Mujeres	Valor absoluto	2019	53,1
45 Venta y reparación de vehículos de motor y motocicletas	Mujeres	Valor absoluto	2018	48,3
45 Venta y reparación de vehículos de motor y motocicletas	Mujeres	Valor absoluto	2017	41,9
45 Venta y reparación de vehículos de motor y motocicletas	Mujeres	Valor absoluto	2016	35,3
45 Venta y reparación de vehículos de motor y motocicletas	Mujeres	Valor absoluto	2015	41,9
45 Venta y reparación de vehículos de motor y motocicletas	Mujeres	Valor absoluto	2014	43,5
45 Venta y reparación de vehículos de motor y motocicletas	Mujeres	Valor absoluto	2013	39,2
45 Venta y reparación de vehículos de motor y motocicletas	Mujeres	Valor absoluto	2012	44,6
45 Venta y reparación de vehículos de motor y motocicletas	Mujeres	Valor absoluto	2011	47,7
45 Venta y reparación de vehículos de motor y motocicletas	Mujeres	Valor absoluto	2010	50,9
45 Venta y reparación de vehículos de motor y motocicletas	Mujeres	Valor absoluto	2009	51,7
45 Venta y reparación de vehículos de motor y motocicletas	Mujeres	Valor absoluto	2008	61
45 Venta y reparación de vehículos de motor y motocicletas	Mujeres	Porcentaje	2025	0,5
45 Venta y reparación de vehículos de motor y motocicletas	Mujeres	Porcentaje	2024	0,5
45 Venta y reparación de vehículos de motor y motocicletas	Mujeres	Porcentaje	2023	0,6
45 Venta y reparación de vehículos de motor y motocicletas	Mujeres	Porcentaje	2022	0,6
45 Venta y reparación de vehículos de motor y motocicletas	Mujeres	Porcentaje	2021	0,5
45 Venta y reparación de vehículos de motor y motocicletas	Mujeres	Porcentaje	2020	0,6
45 Venta y reparación de vehículos de motor y motocicletas	Mujeres	Porcentaje	2019	0,6
45 Venta y reparación de vehículos de motor y motocicletas	Mujeres	Porcentaje	2018	0,5
45 Venta y reparación de vehículos de motor y motocicletas	Mujeres	Porcentaje	2017	0,5
45 Venta y reparación de vehículos de motor y motocicletas	Mujeres	Porcentaje	2016	0,4
45 Venta y reparación de vehículos de motor y motocicletas	Mujeres	Porcentaje	2015	0,5
45 Venta y reparación de vehículos de motor y motocicletas	Mujeres	Porcentaje	2014	0,6
45 Venta y reparación de vehículos de motor y motocicletas	Mujeres	Porcentaje	2013	0,5
45 Venta y reparación de vehículos de motor y motocicletas	Mujeres	Porcentaje	2012	0,6
45 Venta y reparación de vehículos de motor y motocicletas	Mujeres	Porcentaje	2011	0,6
45 Venta y reparación de vehículos de motor y motocicletas	Mujeres	Porcentaje	2010	0,6
45 Venta y reparación de vehículos de motor y motocicletas	Mujeres	Porcentaje	2009	0,6
45 Venta y reparación de vehículos de motor y motocicletas	Mujeres	Porcentaje	2008	0,7
46 Comercio al por mayor e intermediarios del comercio, excepto de vehículos de motor y motocicletas	Ambos sexos	Valor absoluto	2025	825,1
46 Comercio al por mayor e intermediarios del comercio, excepto de vehículos de motor y motocicletas	Ambos sexos	Valor absoluto	2024	824,7
46 Comercio al por mayor e intermediarios del comercio, excepto de vehículos de motor y motocicletas	Ambos sexos	Valor absoluto	2023	846,6
46 Comercio al por mayor e intermediarios del comercio, excepto de vehículos de motor y motocicletas	Ambos sexos	Valor absoluto	2022	834
46 Comercio al por mayor e intermediarios del comercio, excepto de vehículos de motor y motocicletas	Ambos sexos	Valor absoluto	2021	781,4
46 Comercio al por mayor e intermediarios del comercio, excepto de vehículos de motor y motocicletas	Ambos sexos	Valor absoluto	2020	765,7
46 Comercio al por mayor e intermediarios del comercio, excepto de vehículos de motor y motocicletas	Ambos sexos	Valor absoluto	2019	803,6
46 Comercio al por mayor e intermediarios del comercio, excepto de vehículos de motor y motocicletas	Ambos sexos	Valor absoluto	2018	751,4
46 Comercio al por mayor e intermediarios del comercio, excepto de vehículos de motor y motocicletas	Ambos sexos	Valor absoluto	2017	755,4
46 Comercio al por mayor e intermediarios del comercio, excepto de vehículos de motor y motocicletas	Ambos sexos	Valor absoluto	2016	747,7
46 Comercio al por mayor e intermediarios del comercio, excepto de vehículos de motor y motocicletas	Ambos sexos	Valor absoluto	2015	701,1
46 Comercio al por mayor e intermediarios del comercio, excepto de vehículos de motor y motocicletas	Ambos sexos	Valor absoluto	2014	692,1
46 Comercio al por mayor e intermediarios del comercio, excepto de vehículos de motor y motocicletas	Ambos sexos	Valor absoluto	2013	694,1
46 Comercio al por mayor e intermediarios del comercio, excepto de vehículos de motor y motocicletas	Ambos sexos	Valor absoluto	2012	673,1
46 Comercio al por mayor e intermediarios del comercio, excepto de vehículos de motor y motocicletas	Ambos sexos	Valor absoluto	2011	733,8
46 Comercio al por mayor e intermediarios del comercio, excepto de vehículos de motor y motocicletas	Ambos sexos	Valor absoluto	2010	724,5
46 Comercio al por mayor e intermediarios del comercio, excepto de vehículos de motor y motocicletas	Ambos sexos	Valor absoluto	2009	739,5
46 Comercio al por mayor e intermediarios del comercio, excepto de vehículos de motor y motocicletas	Ambos sexos	Valor absoluto	2008	816,2
46 Comercio al por mayor e intermediarios del comercio, excepto de vehículos de motor y motocicletas	Ambos sexos	Porcentaje	2025	3,7
46 Comercio al por mayor e intermediarios del comercio, excepto de vehículos de motor y motocicletas	Ambos sexos	Porcentaje	2024	3,8
46 Comercio al por mayor e intermediarios del comercio, excepto de vehículos de motor y motocicletas	Ambos sexos	Porcentaje	2023	4
46 Comercio al por mayor e intermediarios del comercio, excepto de vehículos de motor y motocicletas	Ambos sexos	Porcentaje	2022	4,1
46 Comercio al por mayor e intermediarios del comercio, excepto de vehículos de motor y motocicletas	Ambos sexos	Porcentaje	2021	3,9
46 Comercio al por mayor e intermediarios del comercio, excepto de vehículos de motor y motocicletas	Ambos sexos	Porcentaje	2020	4
46 Comercio al por mayor e intermediarios del comercio, excepto de vehículos de motor y motocicletas	Ambos sexos	Porcentaje	2019	4,1
46 Comercio al por mayor e intermediarios del comercio, excepto de vehículos de motor y motocicletas	Ambos sexos	Porcentaje	2018	3,9
46 Comercio al por mayor e intermediarios del comercio, excepto de vehículos de motor y motocicletas	Ambos sexos	Porcentaje	2017	4
46 Comercio al por mayor e intermediarios del comercio, excepto de vehículos de motor y motocicletas	Ambos sexos	Porcentaje	2016	4,1
46 Comercio al por mayor e intermediarios del comercio, excepto de vehículos de motor y motocicletas	Ambos sexos	Porcentaje	2015	3,9
46 Comercio al por mayor e intermediarios del comercio, excepto de vehículos de motor y motocicletas	Ambos sexos	Porcentaje	2014	4
46 Comercio al por mayor e intermediarios del comercio, excepto de vehículos de motor y motocicletas	Ambos sexos	Porcentaje	2013	4
46 Comercio al por mayor e intermediarios del comercio, excepto de vehículos de motor y motocicletas	Ambos sexos	Porcentaje	2012	3,8
46 Comercio al por mayor e intermediarios del comercio, excepto de vehículos de motor y motocicletas	Ambos sexos	Porcentaje	2011	4
46 Comercio al por mayor e intermediarios del comercio, excepto de vehículos de motor y motocicletas	Ambos sexos	Porcentaje	2010	3,9
46 Comercio al por mayor e intermediarios del comercio, excepto de vehículos de motor y motocicletas	Ambos sexos	Porcentaje	2009	3,9
46 Comercio al por mayor e intermediarios del comercio, excepto de vehículos de motor y motocicletas	Ambos sexos	Porcentaje	2008	4
46 Comercio al por mayor e intermediarios del comercio, excepto de vehículos de motor y motocicletas	Hombres	Valor absoluto	2025	531
46 Comercio al por mayor e intermediarios del comercio, excepto de vehículos de motor y motocicletas	Hombres	Valor absoluto	2024	535,8
46 Comercio al por mayor e intermediarios del comercio, excepto de vehículos de motor y motocicletas	Hombres	Valor absoluto	2023	547,1
46 Comercio al por mayor e intermediarios del comercio, excepto de vehículos de motor y motocicletas	Hombres	Valor absoluto	2022	532,4
46 Comercio al por mayor e intermediarios del comercio, excepto de vehículos de motor y motocicletas	Hombres	Valor absoluto	2021	493,2
46 Comercio al por mayor e intermediarios del comercio, excepto de vehículos de motor y motocicletas	Hombres	Valor absoluto	2020	495
46 Comercio al por mayor e intermediarios del comercio, excepto de vehículos de motor y motocicletas	Hombres	Valor absoluto	2019	522,9
46 Comercio al por mayor e intermediarios del comercio, excepto de vehículos de motor y motocicletas	Hombres	Valor absoluto	2018	505,3
46 Comercio al por mayor e intermediarios del comercio, excepto de vehículos de motor y motocicletas	Hombres	Valor absoluto	2017	495,5
46 Comercio al por mayor e intermediarios del comercio, excepto de vehículos de motor y motocicletas	Hombres	Valor absoluto	2016	494,5
46 Comercio al por mayor e intermediarios del comercio, excepto de vehículos de motor y motocicletas	Hombres	Valor absoluto	2015	457,8
46 Comercio al por mayor e intermediarios del comercio, excepto de vehículos de motor y motocicletas	Hombres	Valor absoluto	2014	457,3
46 Comercio al por mayor e intermediarios del comercio, excepto de vehículos de motor y motocicletas	Hombres	Valor absoluto	2013	459,6
46 Comercio al por mayor e intermediarios del comercio, excepto de vehículos de motor y motocicletas	Hombres	Valor absoluto	2012	443,8
46 Comercio al por mayor e intermediarios del comercio, excepto de vehículos de motor y motocicletas	Hombres	Valor absoluto	2011	494,1
46 Comercio al por mayor e intermediarios del comercio, excepto de vehículos de motor y motocicletas	Hombres	Valor absoluto	2010	497,1
46 Comercio al por mayor e intermediarios del comercio, excepto de vehículos de motor y motocicletas	Hombres	Valor absoluto	2009	486,6
46 Comercio al por mayor e intermediarios del comercio, excepto de vehículos de motor y motocicletas	Hombres	Valor absoluto	2008	550,1
46 Comercio al por mayor e intermediarios del comercio, excepto de vehículos de motor y motocicletas	Hombres	Porcentaje	2025	4,5
46 Comercio al por mayor e intermediarios del comercio, excepto de vehículos de motor y motocicletas	Hombres	Porcentaje	2024	4,6
46 Comercio al por mayor e intermediarios del comercio, excepto de vehículos de motor y motocicletas	Hombres	Porcentaje	2023	4,8
46 Comercio al por mayor e intermediarios del comercio, excepto de vehículos de motor y motocicletas	Hombres	Porcentaje	2022	4,8
46 Comercio al por mayor e intermediarios del comercio, excepto de vehículos de motor y motocicletas	Hombres	Porcentaje	2021	4,6
46 Comercio al por mayor e intermediarios del comercio, excepto de vehículos de motor y motocicletas	Hombres	Porcentaje	2020	4,7
46 Comercio al por mayor e intermediarios del comercio, excepto de vehículos de motor y motocicletas	Hombres	Porcentaje	2019	4,9
46 Comercio al por mayor e intermediarios del comercio, excepto de vehículos de motor y motocicletas	Hombres	Porcentaje	2018	4,8
46 Comercio al por mayor e intermediarios del comercio, excepto de vehículos de motor y motocicletas	Hombres	Porcentaje	2017	4,8
46 Comercio al por mayor e intermediarios del comercio, excepto de vehículos de motor y motocicletas	Hombres	Porcentaje	2016	4,9
46 Comercio al por mayor e intermediarios del comercio, excepto de vehículos de motor y motocicletas	Hombres	Porcentaje	2015	4,7
46 Comercio al por mayor e intermediarios del comercio, excepto de vehículos de motor y motocicletas	Hombres	Porcentaje	2014	4,8
46 Comercio al por mayor e intermediarios del comercio, excepto de vehículos de motor y motocicletas	Hombres	Porcentaje	2013	4,9
46 Comercio al por mayor e intermediarios del comercio, excepto de vehículos de motor y motocicletas	Hombres	Porcentaje	2012	4,6
46 Comercio al por mayor e intermediarios del comercio, excepto de vehículos de motor y motocicletas	Hombres	Porcentaje	2011	4,9
46 Comercio al por mayor e intermediarios del comercio, excepto de vehículos de motor y motocicletas	Hombres	Porcentaje	2010	4,8
46 Comercio al por mayor e intermediarios del comercio, excepto de vehículos de motor y motocicletas	Hombres	Porcentaje	2009	4,5
46 Comercio al por mayor e intermediarios del comercio, excepto de vehículos de motor y motocicletas	Hombres	Porcentaje	2008	4,7
46 Comercio al por mayor e intermediarios del comercio, excepto de vehículos de motor y motocicletas	Mujeres	Valor absoluto	2025	294,1
46 Comercio al por mayor e intermediarios del comercio, excepto de vehículos de motor y motocicletas	Mujeres	Valor absoluto	2024	289
46 Comercio al por mayor e intermediarios del comercio, excepto de vehículos de motor y motocicletas	Mujeres	Valor absoluto	2023	299,5
46 Comercio al por mayor e intermediarios del comercio, excepto de vehículos de motor y motocicletas	Mujeres	Valor absoluto	2022	301,6
46 Comercio al por mayor e intermediarios del comercio, excepto de vehículos de motor y motocicletas	Mujeres	Valor absoluto	2021	288,3
46 Comercio al por mayor e intermediarios del comercio, excepto de vehículos de motor y motocicletas	Mujeres	Valor absoluto	2020	270,7
46 Comercio al por mayor e intermediarios del comercio, excepto de vehículos de motor y motocicletas	Mujeres	Valor absoluto	2019	280,7
46 Comercio al por mayor e intermediarios del comercio, excepto de vehículos de motor y motocicletas	Mujeres	Valor absoluto	2018	246
46 Comercio al por mayor e intermediarios del comercio, excepto de vehículos de motor y motocicletas	Mujeres	Valor absoluto	2017	259,9
46 Comercio al por mayor e intermediarios del comercio, excepto de vehículos de motor y motocicletas	Mujeres	Valor absoluto	2016	253,2
46 Comercio al por mayor e intermediarios del comercio, excepto de vehículos de motor y motocicletas	Mujeres	Valor absoluto	2015	243,3
46 Comercio al por mayor e intermediarios del comercio, excepto de vehículos de motor y motocicletas	Mujeres	Valor absoluto	2014	234,8
46 Comercio al por mayor e intermediarios del comercio, excepto de vehículos de motor y motocicletas	Mujeres	Valor absoluto	2013	234,5
46 Comercio al por mayor e intermediarios del comercio, excepto de vehículos de motor y motocicletas	Mujeres	Valor absoluto	2012	229,4
46 Comercio al por mayor e intermediarios del comercio, excepto de vehículos de motor y motocicletas	Mujeres	Valor absoluto	2011	239,8
46 Comercio al por mayor e intermediarios del comercio, excepto de vehículos de motor y motocicletas	Mujeres	Valor absoluto	2010	227,4
46 Comercio al por mayor e intermediarios del comercio, excepto de vehículos de motor y motocicletas	Mujeres	Valor absoluto	2009	252,9
46 Comercio al por mayor e intermediarios del comercio, excepto de vehículos de motor y motocicletas	Mujeres	Valor absoluto	2008	266,1
46 Comercio al por mayor e intermediarios del comercio, excepto de vehículos de motor y motocicletas	Mujeres	Porcentaje	2025	2,8
46 Comercio al por mayor e intermediarios del comercio, excepto de vehículos de motor y motocicletas	Mujeres	Porcentaje	2024	2,9
46 Comercio al por mayor e intermediarios del comercio, excepto de vehículos de motor y motocicletas	Mujeres	Porcentaje	2023	3,1
46 Comercio al por mayor e intermediarios del comercio, excepto de vehículos de motor y motocicletas	Mujeres	Porcentaje	2022	3,2
46 Comercio al por mayor e intermediarios del comercio, excepto de vehículos de motor y motocicletas	Mujeres	Porcentaje	2021	3,2
46 Comercio al por mayor e intermediarios del comercio, excepto de vehículos de motor y motocicletas	Mujeres	Porcentaje	2020	3,1
46 Comercio al por mayor e intermediarios del comercio, excepto de vehículos de motor y motocicletas	Mujeres	Porcentaje	2019	3,1
46 Comercio al por mayor e intermediarios del comercio, excepto de vehículos de motor y motocicletas	Mujeres	Porcentaje	2018	2,8
46 Comercio al por mayor e intermediarios del comercio, excepto de vehículos de motor y motocicletas	Mujeres	Porcentaje	2017	3
46 Comercio al por mayor e intermediarios del comercio, excepto de vehículos de motor y motocicletas	Mujeres	Porcentaje	2016	3
46 Comercio al por mayor e intermediarios del comercio, excepto de vehículos de motor y motocicletas	Mujeres	Porcentaje	2015	3
46 Comercio al por mayor e intermediarios del comercio, excepto de vehículos de motor y motocicletas	Mujeres	Porcentaje	2014	3
46 Comercio al por mayor e intermediarios del comercio, excepto de vehículos de motor y motocicletas	Mujeres	Porcentaje	2013	3
46 Comercio al por mayor e intermediarios del comercio, excepto de vehículos de motor y motocicletas	Mujeres	Porcentaje	2012	2,9
46 Comercio al por mayor e intermediarios del comercio, excepto de vehículos de motor y motocicletas	Mujeres	Porcentaje	2011	2,9
46 Comercio al por mayor e intermediarios del comercio, excepto de vehículos de motor y motocicletas	Mujeres	Porcentaje	2010	2,7
46 Comercio al por mayor e intermediarios del comercio, excepto de vehículos de motor y motocicletas	Mujeres	Porcentaje	2009	3
46 Comercio al por mayor e intermediarios del comercio, excepto de vehículos de motor y motocicletas	Mujeres	Porcentaje	2008	3,1
47 Comercio al por menor, excepto de vehículos de motor y motocicletas	Ambos sexos	Valor absoluto	2025	2.031,1
47 Comercio al por menor, excepto de vehículos de motor y motocicletas	Ambos sexos	Valor absoluto	2024	1.969,9
47 Comercio al por menor, excepto de vehículos de motor y motocicletas	Ambos sexos	Valor absoluto	2023	1.925,6
47 Comercio al por menor, excepto de vehículos de motor y motocicletas	Ambos sexos	Valor absoluto	2022	1.835,7
47 Comercio al por menor, excepto de vehículos de motor y motocicletas	Ambos sexos	Valor absoluto	2021	1.857
47 Comercio al por menor, excepto de vehículos de motor y motocicletas	Ambos sexos	Valor absoluto	2020	1.894,6
47 Comercio al por menor, excepto de vehículos de motor y motocicletas	Ambos sexos	Valor absoluto	2019	1.931,6
47 Comercio al por menor, excepto de vehículos de motor y motocicletas	Ambos sexos	Valor absoluto	2018	1.924,7
47 Comercio al por menor, excepto de vehículos de motor y motocicletas	Ambos sexos	Valor absoluto	2017	1.912,9
47 Comercio al por menor, excepto de vehículos de motor y motocicletas	Ambos sexos	Valor absoluto	2016	1.900,4
47 Comercio al por menor, excepto de vehículos de motor y motocicletas	Ambos sexos	Valor absoluto	2015	1.907,5
47 Comercio al por menor, excepto de vehículos de motor y motocicletas	Ambos sexos	Valor absoluto	2014	1.875,3
47 Comercio al por menor, excepto de vehículos de motor y motocicletas	Ambos sexos	Valor absoluto	2013	1.858,1
47 Comercio al por menor, excepto de vehículos de motor y motocicletas	Ambos sexos	Valor absoluto	2012	1.870,3
47 Comercio al por menor, excepto de vehículos de motor y motocicletas	Ambos sexos	Valor absoluto	2011	1.897
47 Comercio al por menor, excepto de vehículos de motor y motocicletas	Ambos sexos	Valor absoluto	2010	1.869,1
47 Comercio al por menor, excepto de vehículos de motor y motocicletas	Ambos sexos	Valor absoluto	2009	1.899,3
47 Comercio al por menor, excepto de vehículos de motor y motocicletas	Ambos sexos	Valor absoluto	2008	2.015,5
47 Comercio al por menor, excepto de vehículos de motor y motocicletas	Ambos sexos	Porcentaje	2025	9,1
47 Comercio al por menor, excepto de vehículos de motor y motocicletas	Ambos sexos	Porcentaje	2024	9,1
47 Comercio al por menor, excepto de vehículos de motor y motocicletas	Ambos sexos	Porcentaje	2023	9,1
47 Comercio al por menor, excepto de vehículos de motor y motocicletas	Ambos sexos	Porcentaje	2022	8,9
47 Comercio al por menor, excepto de vehículos de motor y motocicletas	Ambos sexos	Porcentaje	2021	9,4
47 Comercio al por menor, excepto de vehículos de motor y motocicletas	Ambos sexos	Porcentaje	2020	9,9
47 Comercio al por menor, excepto de vehículos de motor y motocicletas	Ambos sexos	Porcentaje	2019	9,8
47 Comercio al por menor, excepto de vehículos de motor y motocicletas	Ambos sexos	Porcentaje	2018	10
47 Comercio al por menor, excepto de vehículos de motor y motocicletas	Ambos sexos	Porcentaje	2017	10,2
47 Comercio al por menor, excepto de vehículos de motor y motocicletas	Ambos sexos	Porcentaje	2016	10,4
47 Comercio al por menor, excepto de vehículos de motor y motocicletas	Ambos sexos	Porcentaje	2015	10,7
47 Comercio al por menor, excepto de vehículos de motor y motocicletas	Ambos sexos	Porcentaje	2014	10,8
47 Comercio al por menor, excepto de vehículos de motor y motocicletas	Ambos sexos	Porcentaje	2013	10,8
47 Comercio al por menor, excepto de vehículos de motor y motocicletas	Ambos sexos	Porcentaje	2012	10,6
47 Comercio al por menor, excepto de vehículos de motor y motocicletas	Ambos sexos	Porcentaje	2011	10,3
47 Comercio al por menor, excepto de vehículos de motor y motocicletas	Ambos sexos	Porcentaje	2010	10
47 Comercio al por menor, excepto de vehículos de motor y motocicletas	Ambos sexos	Porcentaje	2009	9,9
47 Comercio al por menor, excepto de vehículos de motor y motocicletas	Ambos sexos	Porcentaje	2008	9,8
47 Comercio al por menor, excepto de vehículos de motor y motocicletas	Hombres	Valor absoluto	2025	805,5
47 Comercio al por menor, excepto de vehículos de motor y motocicletas	Hombres	Valor absoluto	2024	765,6
47 Comercio al por menor, excepto de vehículos de motor y motocicletas	Hombres	Valor absoluto	2023	715,9
47 Comercio al por menor, excepto de vehículos de motor y motocicletas	Hombres	Valor absoluto	2022	707,2
47 Comercio al por menor, excepto de vehículos de motor y motocicletas	Hombres	Valor absoluto	2021	733
47 Comercio al por menor, excepto de vehículos de motor y motocicletas	Hombres	Valor absoluto	2020	728,8
47 Comercio al por menor, excepto de vehículos de motor y motocicletas	Hombres	Valor absoluto	2019	755,1
47 Comercio al por menor, excepto de vehículos de motor y motocicletas	Hombres	Valor absoluto	2018	727,8
47 Comercio al por menor, excepto de vehículos de motor y motocicletas	Hombres	Valor absoluto	2017	723,9
47 Comercio al por menor, excepto de vehículos de motor y motocicletas	Hombres	Valor absoluto	2016	704,9
47 Comercio al por menor, excepto de vehículos de motor y motocicletas	Hombres	Valor absoluto	2015	719,8
47 Comercio al por menor, excepto de vehículos de motor y motocicletas	Hombres	Valor absoluto	2014	719,6
47 Comercio al por menor, excepto de vehículos de motor y motocicletas	Hombres	Valor absoluto	2013	721,6
47 Comercio al por menor, excepto de vehículos de motor y motocicletas	Hombres	Valor absoluto	2012	735,2
47 Comercio al por menor, excepto de vehículos de motor y motocicletas	Hombres	Valor absoluto	2011	702,1
47 Comercio al por menor, excepto de vehículos de motor y motocicletas	Hombres	Valor absoluto	2010	691,3
47 Comercio al por menor, excepto de vehículos de motor y motocicletas	Hombres	Valor absoluto	2009	698,7
47 Comercio al por menor, excepto de vehículos de motor y motocicletas	Hombres	Valor absoluto	2008	752
47 Comercio al por menor, excepto de vehículos de motor y motocicletas	Hombres	Porcentaje	2025	6,8
47 Comercio al por menor, excepto de vehículos de motor y motocicletas	Hombres	Porcentaje	2024	6,6
47 Comercio al por menor, excepto de vehículos de motor y motocicletas	Hombres	Porcentaje	2023	6,3
47 Comercio al por menor, excepto de vehículos de motor y motocicletas	Hombres	Porcentaje	2022	6,4
47 Comercio al por menor, excepto de vehículos de motor y motocicletas	Hombres	Porcentaje	2021	6,8
47 Comercio al por menor, excepto de vehículos de motor y motocicletas	Hombres	Porcentaje	2020	7
47 Comercio al por menor, excepto de vehículos de motor y motocicletas	Hombres	Porcentaje	2019	7
47 Comercio al por menor, excepto de vehículos de motor y motocicletas	Hombres	Porcentaje	2018	6,9
47 Comercio al por menor, excepto de vehículos de motor y motocicletas	Hombres	Porcentaje	2017	7,1
47 Comercio al por menor, excepto de vehículos de motor y motocicletas	Hombres	Porcentaje	2016	7
47 Comercio al por menor, excepto de vehículos de motor y motocicletas	Hombres	Porcentaje	2015	7,4
47 Comercio al por menor, excepto de vehículos de motor y motocicletas	Hombres	Porcentaje	2014	7,6
47 Comercio al por menor, excepto de vehículos de motor y motocicletas	Hombres	Porcentaje	2013	7,7
47 Comercio al por menor, excepto de vehículos de motor y motocicletas	Hombres	Porcentaje	2012	7,7
47 Comercio al por menor, excepto de vehículos de motor y motocicletas	Hombres	Porcentaje	2011	6,9
47 Comercio al por menor, excepto de vehículos de motor y motocicletas	Hombres	Porcentaje	2010	6,6
47 Comercio al por menor, excepto de vehículos de motor y motocicletas	Hombres	Porcentaje	2009	6,5
47 Comercio al por menor, excepto de vehículos de motor y motocicletas	Hombres	Porcentaje	2008	6,4
47 Comercio al por menor, excepto de vehículos de motor y motocicletas	Mujeres	Valor absoluto	2025	1.225,6
47 Comercio al por menor, excepto de vehículos de motor y motocicletas	Mujeres	Valor absoluto	2024	1.204,3
47 Comercio al por menor, excepto de vehículos de motor y motocicletas	Mujeres	Valor absoluto	2023	1.209,6
47 Comercio al por menor, excepto de vehículos de motor y motocicletas	Mujeres	Valor absoluto	2022	1.128,4
47 Comercio al por menor, excepto de vehículos de motor y motocicletas	Mujeres	Valor absoluto	2021	1.123,9
47 Comercio al por menor, excepto de vehículos de motor y motocicletas	Mujeres	Valor absoluto	2020	1.165,8
47 Comercio al por menor, excepto de vehículos de motor y motocicletas	Mujeres	Valor absoluto	2019	1.176,5
47 Comercio al por menor, excepto de vehículos de motor y motocicletas	Mujeres	Valor absoluto	2018	1.196,8
47 Comercio al por menor, excepto de vehículos de motor y motocicletas	Mujeres	Valor absoluto	2017	1.189
47 Comercio al por menor, excepto de vehículos de motor y motocicletas	Mujeres	Valor absoluto	2016	1.195,5
47 Comercio al por menor, excepto de vehículos de motor y motocicletas	Mujeres	Valor absoluto	2015	1.187,7
47 Comercio al por menor, excepto de vehículos de motor y motocicletas	Mujeres	Valor absoluto	2014	1.155,7
47 Comercio al por menor, excepto de vehículos de motor y motocicletas	Mujeres	Valor absoluto	2013	1.136,5
47 Comercio al por menor, excepto de vehículos de motor y motocicletas	Mujeres	Valor absoluto	2012	1.135,2
47 Comercio al por menor, excepto de vehículos de motor y motocicletas	Mujeres	Valor absoluto	2011	1.194,9
47 Comercio al por menor, excepto de vehículos de motor y motocicletas	Mujeres	Valor absoluto	2010	1.177,8
47 Comercio al por menor, excepto de vehículos de motor y motocicletas	Mujeres	Valor absoluto	2009	1.200,6
47 Comercio al por menor, excepto de vehículos de motor y motocicletas	Mujeres	Valor absoluto	2008	1.263,5
47 Comercio al por menor, excepto de vehículos de motor y motocicletas	Mujeres	Porcentaje	2025	11,8
47 Comercio al por menor, excepto de vehículos de motor y motocicletas	Mujeres	Porcentaje	2024	12
47 Comercio al por menor, excepto de vehículos de motor y motocicletas	Mujeres	Porcentaje	2023	12,3
47 Comercio al por menor, excepto de vehículos de motor y motocicletas	Mujeres	Porcentaje	2022	12
47 Comercio al por menor, excepto de vehículos de motor y motocicletas	Mujeres	Porcentaje	2021	12,4
47 Comercio al por menor, excepto de vehículos de motor y motocicletas	Mujeres	Porcentaje	2020	13,3
47 Comercio al por menor, excepto de vehículos de motor y motocicletas	Mujeres	Porcentaje	2019	13
47 Comercio al por menor, excepto de vehículos de motor y motocicletas	Mujeres	Porcentaje	2018	13,6
47 Comercio al por menor, excepto de vehículos de motor y motocicletas	Mujeres	Porcentaje	2017	13,9
47 Comercio al por menor, excepto de vehículos de motor y motocicletas	Mujeres	Porcentaje	2016	14,3
47 Comercio al por menor, excepto de vehículos de motor y motocicletas	Mujeres	Porcentaje	2015	14,7
47 Comercio al por menor, excepto de vehículos de motor y motocicletas	Mujeres	Porcentaje	2014	14,6
47 Comercio al por menor, excepto de vehículos de motor y motocicletas	Mujeres	Porcentaje	2013	14,5
47 Comercio al por menor, excepto de vehículos de motor y motocicletas	Mujeres	Porcentaje	2012	14,1
47 Comercio al por menor, excepto de vehículos de motor y motocicletas	Mujeres	Porcentaje	2011	14,5
47 Comercio al por menor, excepto de vehículos de motor y motocicletas	Mujeres	Porcentaje	2010	14,2
47 Comercio al por menor, excepto de vehículos de motor y motocicletas	Mujeres	Porcentaje	2009	14,3
47 Comercio al por menor, excepto de vehículos de motor y motocicletas	Mujeres	Porcentaje	2008	14,6
H Transporte y almacenamiento	Ambos sexos	Valor absoluto	2025	1.263,1
H Transporte y almacenamiento	Ambos sexos	Valor absoluto	2024	1.206,5
H Transporte y almacenamiento	Ambos sexos	Valor absoluto	2023	1.177,2
H Transporte y almacenamiento	Ambos sexos	Valor absoluto	2022	1.113,3
H Transporte y almacenamiento	Ambos sexos	Valor absoluto	2021	1.028,3
H Transporte y almacenamiento	Ambos sexos	Valor absoluto	2020	992,1
H Transporte y almacenamiento	Ambos sexos	Valor absoluto	2019	1.031,1
H Transporte y almacenamiento	Ambos sexos	Valor absoluto	2018	981,1
H Transporte y almacenamiento	Ambos sexos	Valor absoluto	2017	936,6
H Transporte y almacenamiento	Ambos sexos	Valor absoluto	2016	932,1
H Transporte y almacenamiento	Ambos sexos	Valor absoluto	2015	870,5
H Transporte y almacenamiento	Ambos sexos	Valor absoluto	2014	852,8
H Transporte y almacenamiento	Ambos sexos	Valor absoluto	2013	831,7
H Transporte y almacenamiento	Ambos sexos	Valor absoluto	2012	852,2
H Transporte y almacenamiento	Ambos sexos	Valor absoluto	2011	899,3
H Transporte y almacenamiento	Ambos sexos	Valor absoluto	2010	925,9
H Transporte y almacenamiento	Ambos sexos	Valor absoluto	2009	923,8
H Transporte y almacenamiento	Ambos sexos	Valor absoluto	2008	969
H Transporte y almacenamiento	Ambos sexos	Porcentaje	2025	5,7
H Transporte y almacenamiento	Ambos sexos	Porcentaje	2024	5,6
H Transporte y almacenamiento	Ambos sexos	Porcentaje	2023	5,6
H Transporte y almacenamiento	Ambos sexos	Porcentaje	2022	5,4
H Transporte y almacenamiento	Ambos sexos	Porcentaje	2021	5,2
H Transporte y almacenamiento	Ambos sexos	Porcentaje	2020	5,2
H Transporte y almacenamiento	Ambos sexos	Porcentaje	2019	5,2
H Transporte y almacenamiento	Ambos sexos	Porcentaje	2018	5,1
H Transporte y almacenamiento	Ambos sexos	Porcentaje	2017	5
H Transporte y almacenamiento	Ambos sexos	Porcentaje	2016	5,1
H Transporte y almacenamiento	Ambos sexos	Porcentaje	2015	4,9
H Transporte y almacenamiento	Ambos sexos	Porcentaje	2014	4,9
H Transporte y almacenamiento	Ambos sexos	Porcentaje	2013	4,9
H Transporte y almacenamiento	Ambos sexos	Porcentaje	2012	4,8
H Transporte y almacenamiento	Ambos sexos	Porcentaje	2011	4,9
H Transporte y almacenamiento	Ambos sexos	Porcentaje	2010	4,9
H Transporte y almacenamiento	Ambos sexos	Porcentaje	2009	4,8
H Transporte y almacenamiento	Ambos sexos	Porcentaje	2008	4,7
H Transporte y almacenamiento	Hombres	Valor absoluto	2025	981,5
H Transporte y almacenamiento	Hombres	Valor absoluto	2024	934,2
H Transporte y almacenamiento	Hombres	Valor absoluto	2023	915,6
H Transporte y almacenamiento	Hombres	Valor absoluto	2022	884,6
H Transporte y almacenamiento	Hombres	Valor absoluto	2021	815
H Transporte y almacenamiento	Hombres	Valor absoluto	2020	788,7
H Transporte y almacenamiento	Hombres	Valor absoluto	2019	827,5
H Transporte y almacenamiento	Hombres	Valor absoluto	2018	796,1
H Transporte y almacenamiento	Hombres	Valor absoluto	2017	759,1
H Transporte y almacenamiento	Hombres	Valor absoluto	2016	752,1
H Transporte y almacenamiento	Hombres	Valor absoluto	2015	708,2
H Transporte y almacenamiento	Hombres	Valor absoluto	2014	695,2
H Transporte y almacenamiento	Hombres	Valor absoluto	2013	682,2
H Transporte y almacenamiento	Hombres	Valor absoluto	2012	690
H Transporte y almacenamiento	Hombres	Valor absoluto	2011	728,3
H Transporte y almacenamiento	Hombres	Valor absoluto	2010	753,8
H Transporte y almacenamiento	Hombres	Valor absoluto	2009	749,8
H Transporte y almacenamiento	Hombres	Valor absoluto	2008	790
H Transporte y almacenamiento	Hombres	Porcentaje	2025	8,3
H Transporte y almacenamiento	Hombres	Porcentaje	2024	8,1
H Transporte y almacenamiento	Hombres	Porcentaje	2023	8
H Transporte y almacenamiento	Hombres	Porcentaje	2022	8
H Transporte y almacenamiento	Hombres	Porcentaje	2021	7,6
H Transporte y almacenamiento	Hombres	Porcentaje	2020	7,6
H Transporte y almacenamiento	Hombres	Porcentaje	2019	7,7
H Transporte y almacenamiento	Hombres	Porcentaje	2018	7,6
H Transporte y almacenamiento	Hombres	Porcentaje	2017	7,4
H Transporte y almacenamiento	Hombres	Porcentaje	2016	7,5
H Transporte y almacenamiento	Hombres	Porcentaje	2015	7,3
H Transporte y almacenamiento	Hombres	Porcentaje	2014	7,4
H Transporte y almacenamiento	Hombres	Porcentaje	2013	7,3
H Transporte y almacenamiento	Hombres	Porcentaje	2012	7,2
H Transporte y almacenamiento	Hombres	Porcentaje	2011	7,2
H Transporte y almacenamiento	Hombres	Porcentaje	2010	7,2
H Transporte y almacenamiento	Hombres	Porcentaje	2009	7
H Transporte y almacenamiento	Hombres	Porcentaje	2008	6,7
H Transporte y almacenamiento	Mujeres	Valor absoluto	2025	281,6
H Transporte y almacenamiento	Mujeres	Valor absoluto	2024	272,4
H Transporte y almacenamiento	Mujeres	Valor absoluto	2023	261,6
H Transporte y almacenamiento	Mujeres	Valor absoluto	2022	228,7
H Transporte y almacenamiento	Mujeres	Valor absoluto	2021	213,3
H Transporte y almacenamiento	Mujeres	Valor absoluto	2020	203,4
H Transporte y almacenamiento	Mujeres	Valor absoluto	2019	203,6
H Transporte y almacenamiento	Mujeres	Valor absoluto	2018	185
H Transporte y almacenamiento	Mujeres	Valor absoluto	2017	177,4
H Transporte y almacenamiento	Mujeres	Valor absoluto	2016	180
H Transporte y almacenamiento	Mujeres	Valor absoluto	2015	162,3
H Transporte y almacenamiento	Mujeres	Valor absoluto	2014	157,6
H Transporte y almacenamiento	Mujeres	Valor absoluto	2013	149,4
H Transporte y almacenamiento	Mujeres	Valor absoluto	2012	162,2
H Transporte y almacenamiento	Mujeres	Valor absoluto	2011	171
H Transporte y almacenamiento	Mujeres	Valor absoluto	2010	172,1
H Transporte y almacenamiento	Mujeres	Valor absoluto	2009	173,9
H Transporte y almacenamiento	Mujeres	Valor absoluto	2008	179
H Transporte y almacenamiento	Mujeres	Porcentaje	2025	2,7
H Transporte y almacenamiento	Mujeres	Porcentaje	2024	2,7
H Transporte y almacenamiento	Mujeres	Porcentaje	2023	2,7
H Transporte y almacenamiento	Mujeres	Porcentaje	2022	2,4
H Transporte y almacenamiento	Mujeres	Porcentaje	2021	2,3
H Transporte y almacenamiento	Mujeres	Porcentaje	2020	2,3
H Transporte y almacenamiento	Mujeres	Porcentaje	2019	2,3
H Transporte y almacenamiento	Mujeres	Porcentaje	2018	2,1
H Transporte y almacenamiento	Mujeres	Porcentaje	2017	2,1
H Transporte y almacenamiento	Mujeres	Porcentaje	2016	2,2
H Transporte y almacenamiento	Mujeres	Porcentaje	2015	2
H Transporte y almacenamiento	Mujeres	Porcentaje	2014	2
H Transporte y almacenamiento	Mujeres	Porcentaje	2013	1,9
H Transporte y almacenamiento	Mujeres	Porcentaje	2012	2
H Transporte y almacenamiento	Mujeres	Porcentaje	2011	2,1
H Transporte y almacenamiento	Mujeres	Porcentaje	2010	2,1
H Transporte y almacenamiento	Mujeres	Porcentaje	2009	2,1
H Transporte y almacenamiento	Mujeres	Porcentaje	2008	2,1
49 Transporte terrestre y por tubería	Ambos sexos	Valor absoluto	2025	711,3
49 Transporte terrestre y por tubería	Ambos sexos	Valor absoluto	2024	688,5
49 Transporte terrestre y por tubería	Ambos sexos	Valor absoluto	2023	676,7
49 Transporte terrestre y por tubería	Ambos sexos	Valor absoluto	2022	627,7
49 Transporte terrestre y por tubería	Ambos sexos	Valor absoluto	2021	575,6
49 Transporte terrestre y por tubería	Ambos sexos	Valor absoluto	2020	573
49 Transporte terrestre y por tubería	Ambos sexos	Valor absoluto	2019	618,4
49 Transporte terrestre y por tubería	Ambos sexos	Valor absoluto	2018	589,4
49 Transporte terrestre y por tubería	Ambos sexos	Valor absoluto	2017	561,2
49 Transporte terrestre y por tubería	Ambos sexos	Valor absoluto	2016	566,8
49 Transporte terrestre y por tubería	Ambos sexos	Valor absoluto	2015	529,4
49 Transporte terrestre y por tubería	Ambos sexos	Valor absoluto	2014	510,1
49 Transporte terrestre y por tubería	Ambos sexos	Valor absoluto	2013	512,9
49 Transporte terrestre y por tubería	Ambos sexos	Valor absoluto	2012	525,6
49 Transporte terrestre y por tubería	Ambos sexos	Valor absoluto	2011	534,5
49 Transporte terrestre y por tubería	Ambos sexos	Valor absoluto	2010	581,2
49 Transporte terrestre y por tubería	Ambos sexos	Valor absoluto	2009	600,4
49 Transporte terrestre y por tubería	Ambos sexos	Valor absoluto	2008	613,4
49 Transporte terrestre y por tubería	Ambos sexos	Porcentaje	2025	3,2
49 Transporte terrestre y por tubería	Ambos sexos	Porcentaje	2024	3,2
49 Transporte terrestre y por tubería	Ambos sexos	Porcentaje	2023	3,2
49 Transporte terrestre y por tubería	Ambos sexos	Porcentaje	2022	3,1
49 Transporte terrestre y por tubería	Ambos sexos	Porcentaje	2021	2,9
49 Transporte terrestre y por tubería	Ambos sexos	Porcentaje	2020	3
49 Transporte terrestre y por tubería	Ambos sexos	Porcentaje	2019	3,1
49 Transporte terrestre y por tubería	Ambos sexos	Porcentaje	2018	3
49 Transporte terrestre y por tubería	Ambos sexos	Porcentaje	2017	3
49 Transporte terrestre y por tubería	Ambos sexos	Porcentaje	2016	3,1
49 Transporte terrestre y por tubería	Ambos sexos	Porcentaje	2015	3
49 Transporte terrestre y por tubería	Ambos sexos	Porcentaje	2014	2,9
49 Transporte terrestre y por tubería	Ambos sexos	Porcentaje	2013	3
49 Transporte terrestre y por tubería	Ambos sexos	Porcentaje	2012	3
49 Transporte terrestre y por tubería	Ambos sexos	Porcentaje	2011	2,9
49 Transporte terrestre y por tubería	Ambos sexos	Porcentaje	2010	3,1
49 Transporte terrestre y por tubería	Ambos sexos	Porcentaje	2009	3,1
49 Transporte terrestre y por tubería	Ambos sexos	Porcentaje	2008	3
49 Transporte terrestre y por tubería	Hombres	Valor absoluto	2025	609,6
49 Transporte terrestre y por tubería	Hombres	Valor absoluto	2024	589,5
49 Transporte terrestre y por tubería	Hombres	Valor absoluto	2023	577,3
49 Transporte terrestre y por tubería	Hombres	Valor absoluto	2022	543,5
49 Transporte terrestre y por tubería	Hombres	Valor absoluto	2021	500,9
49 Transporte terrestre y por tubería	Hombres	Valor absoluto	2020	498,3
49 Transporte terrestre y por tubería	Hombres	Valor absoluto	2019	539,9
49 Transporte terrestre y por tubería	Hombres	Valor absoluto	2018	521,8
49 Transporte terrestre y por tubería	Hombres	Valor absoluto	2017	500,4
49 Transporte terrestre y por tubería	Hombres	Valor absoluto	2016	497,1
49 Transporte terrestre y por tubería	Hombres	Valor absoluto	2015	468,4
49 Transporte terrestre y por tubería	Hombres	Valor absoluto	2014	457,3
49 Transporte terrestre y por tubería	Hombres	Valor absoluto	2013	457,7
49 Transporte terrestre y por tubería	Hombres	Valor absoluto	2012	464,7
49 Transporte terrestre y por tubería	Hombres	Valor absoluto	2011	479,2
49 Transporte terrestre y por tubería	Hombres	Valor absoluto	2010	520,4
49 Transporte terrestre y por tubería	Hombres	Valor absoluto	2009	531,4
49 Transporte terrestre y por tubería	Hombres	Valor absoluto	2008	547,8
49 Transporte terrestre y por tubería	Hombres	Porcentaje	2025	5,1
49 Transporte terrestre y por tubería	Hombres	Porcentaje	2024	5,1
49 Transporte terrestre y por tubería	Hombres	Porcentaje	2023	5,1
49 Transporte terrestre y por tubería	Hombres	Porcentaje	2022	4,9
49 Transporte terrestre y por tubería	Hombres	Porcentaje	2021	4,7
49 Transporte terrestre y por tubería	Hombres	Porcentaje	2020	4,8
49 Transporte terrestre y por tubería	Hombres	Porcentaje	2019	5
49 Transporte terrestre y por tubería	Hombres	Porcentaje	2018	5
49 Transporte terrestre y por tubería	Hombres	Porcentaje	2017	4,9
49 Transporte terrestre y por tubería	Hombres	Porcentaje	2016	5
49 Transporte terrestre y por tubería	Hombres	Porcentaje	2015	4,8
49 Transporte terrestre y por tubería	Hombres	Porcentaje	2014	4,8
49 Transporte terrestre y por tubería	Hombres	Porcentaje	2013	4,9
49 Transporte terrestre y por tubería	Hombres	Porcentaje	2012	4,8
49 Transporte terrestre y por tubería	Hombres	Porcentaje	2011	4,7
49 Transporte terrestre y por tubería	Hombres	Porcentaje	2010	5
49 Transporte terrestre y por tubería	Hombres	Porcentaje	2009	5
49 Transporte terrestre y por tubería	Hombres	Porcentaje	2008	4,6
49 Transporte terrestre y por tubería	Mujeres	Valor absoluto	2025	101,7
49 Transporte terrestre y por tubería	Mujeres	Valor absoluto	2024	99
49 Transporte terrestre y por tubería	Mujeres	Valor absoluto	2023	99,4
49 Transporte terrestre y por tubería	Mujeres	Valor absoluto	2022	84,2
49 Transporte terrestre y por tubería	Mujeres	Valor absoluto	2021	74,7
49 Transporte terrestre y por tubería	Mujeres	Valor absoluto	2020	74,7
49 Transporte terrestre y por tubería	Mujeres	Valor absoluto	2019	78,5
49 Transporte terrestre y por tubería	Mujeres	Valor absoluto	2018	67,6
49 Transporte terrestre y por tubería	Mujeres	Valor absoluto	2017	60,8
49 Transporte terrestre y por tubería	Mujeres	Valor absoluto	2016	69,7
49 Transporte terrestre y por tubería	Mujeres	Valor absoluto	2015	61
49 Transporte terrestre y por tubería	Mujeres	Valor absoluto	2014	52,8
49 Transporte terrestre y por tubería	Mujeres	Valor absoluto	2013	55,3
49 Transporte terrestre y por tubería	Mujeres	Valor absoluto	2012	60,9
49 Transporte terrestre y por tubería	Mujeres	Valor absoluto	2011	55,3
49 Transporte terrestre y por tubería	Mujeres	Valor absoluto	2010	60,8
49 Transporte terrestre y por tubería	Mujeres	Valor absoluto	2009	69
49 Transporte terrestre y por tubería	Mujeres	Valor absoluto	2008	65,6
49 Transporte terrestre y por tubería	Mujeres	Porcentaje	2025	1
49 Transporte terrestre y por tubería	Mujeres	Porcentaje	2024	1
49 Transporte terrestre y por tubería	Mujeres	Porcentaje	2023	1
49 Transporte terrestre y por tubería	Mujeres	Porcentaje	2022	0,9
49 Transporte terrestre y por tubería	Mujeres	Porcentaje	2021	0,8
49 Transporte terrestre y por tubería	Mujeres	Porcentaje	2020	0,9
49 Transporte terrestre y por tubería	Mujeres	Porcentaje	2019	0,9
49 Transporte terrestre y por tubería	Mujeres	Porcentaje	2018	0,8
49 Transporte terrestre y por tubería	Mujeres	Porcentaje	2017	0,7
49 Transporte terrestre y por tubería	Mujeres	Porcentaje	2016	0,8
49 Transporte terrestre y por tubería	Mujeres	Porcentaje	2015	0,8
49 Transporte terrestre y por tubería	Mujeres	Porcentaje	2014	0,7
49 Transporte terrestre y por tubería	Mujeres	Porcentaje	2013	0,7
49 Transporte terrestre y por tubería	Mujeres	Porcentaje	2012	0,8
49 Transporte terrestre y por tubería	Mujeres	Porcentaje	2011	0,7
49 Transporte terrestre y por tubería	Mujeres	Porcentaje	2010	0,7
49 Transporte terrestre y por tubería	Mujeres	Porcentaje	2009	0,8
49 Transporte terrestre y por tubería	Mujeres	Porcentaje	2008	0,8
50 Transporte marítimo y por vías navegables interiores	Ambos sexos	Valor absoluto	2025	23,2
50 Transporte marítimo y por vías navegables interiores	Ambos sexos	Valor absoluto	2024	23,5
50 Transporte marítimo y por vías navegables interiores	Ambos sexos	Valor absoluto	2023	22,5
50 Transporte marítimo y por vías navegables interiores	Ambos sexos	Valor absoluto	2022	17,8
50 Transporte marítimo y por vías navegables interiores	Ambos sexos	Valor absoluto	2021	17,6
50 Transporte marítimo y por vías navegables interiores	Ambos sexos	Valor absoluto	2020	22,7
50 Transporte marítimo y por vías navegables interiores	Ambos sexos	Valor absoluto	2019	21,7
50 Transporte marítimo y por vías navegables interiores	Ambos sexos	Valor absoluto	2018	22,1
50 Transporte marítimo y por vías navegables interiores	Ambos sexos	Valor absoluto	2017	19,9
50 Transporte marítimo y por vías navegables interiores	Ambos sexos	Valor absoluto	2016	22,4
50 Transporte marítimo y por vías navegables interiores	Ambos sexos	Valor absoluto	2015	17
50 Transporte marítimo y por vías navegables interiores	Ambos sexos	Valor absoluto	2014	18,3
50 Transporte marítimo y por vías navegables interiores	Ambos sexos	Valor absoluto	2013	14,8
50 Transporte marítimo y por vías navegables interiores	Ambos sexos	Valor absoluto	2012	18,9
50 Transporte marítimo y por vías navegables interiores	Ambos sexos	Valor absoluto	2011	22,2
50 Transporte marítimo y por vías navegables interiores	Ambos sexos	Valor absoluto	2010	18,4
50 Transporte marítimo y por vías navegables interiores	Ambos sexos	Valor absoluto	2009	16,4
50 Transporte marítimo y por vías navegables interiores	Ambos sexos	Valor absoluto	2008	21,2
50 Transporte marítimo y por vías navegables interiores	Ambos sexos	Porcentaje	2025	0,1
50 Transporte marítimo y por vías navegables interiores	Ambos sexos	Porcentaje	2024	0,1
50 Transporte marítimo y por vías navegables interiores	Ambos sexos	Porcentaje	2023	0,1
50 Transporte marítimo y por vías navegables interiores	Ambos sexos	Porcentaje	2022	0,1
50 Transporte marítimo y por vías navegables interiores	Ambos sexos	Porcentaje	2021	0,1
50 Transporte marítimo y por vías navegables interiores	Ambos sexos	Porcentaje	2020	0,1
50 Transporte marítimo y por vías navegables interiores	Ambos sexos	Porcentaje	2019	0,1
50 Transporte marítimo y por vías navegables interiores	Ambos sexos	Porcentaje	2018	0,1
50 Transporte marítimo y por vías navegables interiores	Ambos sexos	Porcentaje	2017	0,1
50 Transporte marítimo y por vías navegables interiores	Ambos sexos	Porcentaje	2016	0,1
50 Transporte marítimo y por vías navegables interiores	Ambos sexos	Porcentaje	2015	0,1
50 Transporte marítimo y por vías navegables interiores	Ambos sexos	Porcentaje	2014	0,1
50 Transporte marítimo y por vías navegables interiores	Ambos sexos	Porcentaje	2013	0,1
50 Transporte marítimo y por vías navegables interiores	Ambos sexos	Porcentaje	2012	0,1
50 Transporte marítimo y por vías navegables interiores	Ambos sexos	Porcentaje	2011	0,1
50 Transporte marítimo y por vías navegables interiores	Ambos sexos	Porcentaje	2010	0,1
50 Transporte marítimo y por vías navegables interiores	Ambos sexos	Porcentaje	2009	0,1
50 Transporte marítimo y por vías navegables interiores	Ambos sexos	Porcentaje	2008	0,1
50 Transporte marítimo y por vías navegables interiores	Hombres	Valor absoluto	2025	16,2
50 Transporte marítimo y por vías navegables interiores	Hombres	Valor absoluto	2024	16,5
50 Transporte marítimo y por vías navegables interiores	Hombres	Valor absoluto	2023	15,2
50 Transporte marítimo y por vías navegables interiores	Hombres	Valor absoluto	2022	11,4
50 Transporte marítimo y por vías navegables interiores	Hombres	Valor absoluto	2021	13,8
50 Transporte marítimo y por vías navegables interiores	Hombres	Valor absoluto	2020	16,6
50 Transporte marítimo y por vías navegables interiores	Hombres	Valor absoluto	2019	15,9
50 Transporte marítimo y por vías navegables interiores	Hombres	Valor absoluto	2018	16,6
50 Transporte marítimo y por vías navegables interiores	Hombres	Valor absoluto	2017	13,6
50 Transporte marítimo y por vías navegables interiores	Hombres	Valor absoluto	2016	15,8
50 Transporte marítimo y por vías navegables interiores	Hombres	Valor absoluto	2015	12,8
50 Transporte marítimo y por vías navegables interiores	Hombres	Valor absoluto	2014	14,6
50 Transporte marítimo y por vías navegables interiores	Hombres	Valor absoluto	2013	10,3
50 Transporte marítimo y por vías navegables interiores	Hombres	Valor absoluto	2012	12
50 Transporte marítimo y por vías navegables interiores	Hombres	Valor absoluto	2011	14,9
50 Transporte marítimo y por vías navegables interiores	Hombres	Valor absoluto	2010	13
50 Transporte marítimo y por vías navegables interiores	Hombres	Valor absoluto	2009	12,8
50 Transporte marítimo y por vías navegables interiores	Hombres	Valor absoluto	2008	17,1
50 Transporte marítimo y por vías navegables interiores	Hombres	Porcentaje	2025	0,1
50 Transporte marítimo y por vías navegables interiores	Hombres	Porcentaje	2024	0,1
50 Transporte marítimo y por vías navegables interiores	Hombres	Porcentaje	2023	0,1
50 Transporte marítimo y por vías navegables interiores	Hombres	Porcentaje	2022	0,1
50 Transporte marítimo y por vías navegables interiores	Hombres	Porcentaje	2021	0,1
50 Transporte marítimo y por vías navegables interiores	Hombres	Porcentaje	2020	0,2
50 Transporte marítimo y por vías navegables interiores	Hombres	Porcentaje	2019	0,1
50 Transporte marítimo y por vías navegables interiores	Hombres	Porcentaje	2018	0,2
50 Transporte marítimo y por vías navegables interiores	Hombres	Porcentaje	2017	0,1
50 Transporte marítimo y por vías navegables interiores	Hombres	Porcentaje	2016	0,2
50 Transporte marítimo y por vías navegables interiores	Hombres	Porcentaje	2015	0,1
50 Transporte marítimo y por vías navegables interiores	Hombres	Porcentaje	2014	0,2
50 Transporte marítimo y por vías navegables interiores	Hombres	Porcentaje	2013	0,1
50 Transporte marítimo y por vías navegables interiores	Hombres	Porcentaje	2012	0,1
50 Transporte marítimo y por vías navegables interiores	Hombres	Porcentaje	2011	0,1
50 Transporte marítimo y por vías navegables interiores	Hombres	Porcentaje	2010	0,1
50 Transporte marítimo y por vías navegables interiores	Hombres	Porcentaje	2009	0,1
50 Transporte marítimo y por vías navegables interiores	Hombres	Porcentaje	2008	0,1
50 Transporte marítimo y por vías navegables interiores	Mujeres	Valor absoluto	2025	7
50 Transporte marítimo y por vías navegables interiores	Mujeres	Valor absoluto	2024	7
50 Transporte marítimo y por vías navegables interiores	Mujeres	Valor absoluto	2023	7,4
50 Transporte marítimo y por vías navegables interiores	Mujeres	Valor absoluto	2022	6,5
50 Transporte marítimo y por vías navegables interiores	Mujeres	Valor absoluto	2021	3,7
50 Transporte marítimo y por vías navegables interiores	Mujeres	Valor absoluto	2020	6,1
50 Transporte marítimo y por vías navegables interiores	Mujeres	Valor absoluto	2019	5,8
50 Transporte marítimo y por vías navegables interiores	Mujeres	Valor absoluto	2018	5,5
50 Transporte marítimo y por vías navegables interiores	Mujeres	Valor absoluto	2017	6,2
50 Transporte marítimo y por vías navegables interiores	Mujeres	Valor absoluto	2016	6,6
50 Transporte marítimo y por vías navegables interiores	Mujeres	Valor absoluto	2015	4,2
50 Transporte marítimo y por vías navegables interiores	Mujeres	Valor absoluto	2014	3,7
50 Transporte marítimo y por vías navegables interiores	Mujeres	Valor absoluto	2013	4,5
50 Transporte marítimo y por vías navegables interiores	Mujeres	Valor absoluto	2012	7
50 Transporte marítimo y por vías navegables interiores	Mujeres	Valor absoluto	2011	7,3
50 Transporte marítimo y por vías navegables interiores	Mujeres	Valor absoluto	2010	5,4
50 Transporte marítimo y por vías navegables interiores	Mujeres	Valor absoluto	2009	3,7
50 Transporte marítimo y por vías navegables interiores	Mujeres	Valor absoluto	2008	4,1
50 Transporte marítimo y por vías navegables interiores	Mujeres	Porcentaje	2025	0,1
50 Transporte marítimo y por vías navegables interiores	Mujeres	Porcentaje	2024	0,1
50 Transporte marítimo y por vías navegables interiores	Mujeres	Porcentaje	2023	0,1
50 Transporte marítimo y por vías navegables interiores	Mujeres	Porcentaje	2022	0,1
50 Transporte marítimo y por vías navegables interiores	Mujeres	Porcentaje	2021	0
50 Transporte marítimo y por vías navegables interiores	Mujeres	Porcentaje	2020	0,1
50 Transporte marítimo y por vías navegables interiores	Mujeres	Porcentaje	2019	0,1
50 Transporte marítimo y por vías navegables interiores	Mujeres	Porcentaje	2018	0,1
50 Transporte marítimo y por vías navegables interiores	Mujeres	Porcentaje	2017	0,1
50 Transporte marítimo y por vías navegables interiores	Mujeres	Porcentaje	2016	0,1
50 Transporte marítimo y por vías navegables interiores	Mujeres	Porcentaje	2015	0,1
50 Transporte marítimo y por vías navegables interiores	Mujeres	Porcentaje	2014	0
50 Transporte marítimo y por vías navegables interiores	Mujeres	Porcentaje	2013	0,1
50 Transporte marítimo y por vías navegables interiores	Mujeres	Porcentaje	2012	0,1
50 Transporte marítimo y por vías navegables interiores	Mujeres	Porcentaje	2011	0,1
50 Transporte marítimo y por vías navegables interiores	Mujeres	Porcentaje	2010	0,1
50 Transporte marítimo y por vías navegables interiores	Mujeres	Porcentaje	2009	0
50 Transporte marítimo y por vías navegables interiores	Mujeres	Porcentaje	2008	0
51 Transporte aéreo	Ambos sexos	Valor absoluto	2025	55,8
51 Transporte aéreo	Ambos sexos	Valor absoluto	2024	58,6
51 Transporte aéreo	Ambos sexos	Valor absoluto	2023	63,4
51 Transporte aéreo	Ambos sexos	Valor absoluto	2022	54,4
51 Transporte aéreo	Ambos sexos	Valor absoluto	2021	48
51 Transporte aéreo	Ambos sexos	Valor absoluto	2020	46,2
51 Transporte aéreo	Ambos sexos	Valor absoluto	2019	53,4
51 Transporte aéreo	Ambos sexos	Valor absoluto	2018	45,7
51 Transporte aéreo	Ambos sexos	Valor absoluto	2017	42
51 Transporte aéreo	Ambos sexos	Valor absoluto	2016	38
51 Transporte aéreo	Ambos sexos	Valor absoluto	2015	41,1
51 Transporte aéreo	Ambos sexos	Valor absoluto	2014	44,2
51 Transporte aéreo	Ambos sexos	Valor absoluto	2013	44,2
51 Transporte aéreo	Ambos sexos	Valor absoluto	2012	38,9
51 Transporte aéreo	Ambos sexos	Valor absoluto	2011	49,6
51 Transporte aéreo	Ambos sexos	Valor absoluto	2010	54,1
51 Transporte aéreo	Ambos sexos	Valor absoluto	2009	50,8
51 Transporte aéreo	Ambos sexos	Valor absoluto	2008	53,3
51 Transporte aéreo	Ambos sexos	Porcentaje	2025	0,3
51 Transporte aéreo	Ambos sexos	Porcentaje	2024	0,3
51 Transporte aéreo	Ambos sexos	Porcentaje	2023	0,3
51 Transporte aéreo	Ambos sexos	Porcentaje	2022	0,3
51 Transporte aéreo	Ambos sexos	Porcentaje	2021	0,2
51 Transporte aéreo	Ambos sexos	Porcentaje	2020	0,2
51 Transporte aéreo	Ambos sexos	Porcentaje	2019	0,3
51 Transporte aéreo	Ambos sexos	Porcentaje	2018	0,2
51 Transporte aéreo	Ambos sexos	Porcentaje	2017	0,2
51 Transporte aéreo	Ambos sexos	Porcentaje	2016	0,2
51 Transporte aéreo	Ambos sexos	Porcentaje	2015	0,2
51 Transporte aéreo	Ambos sexos	Porcentaje	2014	0,3
51 Transporte aéreo	Ambos sexos	Porcentaje	2013	0,3
51 Transporte aéreo	Ambos sexos	Porcentaje	2012	0,2
51 Transporte aéreo	Ambos sexos	Porcentaje	2011	0,3
51 Transporte aéreo	Ambos sexos	Porcentaje	2010	0,3
51 Transporte aéreo	Ambos sexos	Porcentaje	2009	0,3
51 Transporte aéreo	Ambos sexos	Porcentaje	2008	0,3
51 Transporte aéreo	Hombres	Valor absoluto	2025	35,2
51 Transporte aéreo	Hombres	Valor absoluto	2024	33,2
51 Transporte aéreo	Hombres	Valor absoluto	2023	37,5
51 Transporte aéreo	Hombres	Valor absoluto	2022	32,4
51 Transporte aéreo	Hombres	Valor absoluto	2021	28,1
51 Transporte aéreo	Hombres	Valor absoluto	2020	30,1
51 Transporte aéreo	Hombres	Valor absoluto	2019	31,4
51 Transporte aéreo	Hombres	Valor absoluto	2018	29
51 Transporte aéreo	Hombres	Valor absoluto	2017	25,7
51 Transporte aéreo	Hombres	Valor absoluto	2016	22,5
51 Transporte aéreo	Hombres	Valor absoluto	2015	23,3
51 Transporte aéreo	Hombres	Valor absoluto	2014	25,8
51 Transporte aéreo	Hombres	Valor absoluto	2013	28,4
51 Transporte aéreo	Hombres	Valor absoluto	2012	22,2
51 Transporte aéreo	Hombres	Valor absoluto	2011	29,3
51 Transporte aéreo	Hombres	Valor absoluto	2010	30
51 Transporte aéreo	Hombres	Valor absoluto	2009	27,3
51 Transporte aéreo	Hombres	Valor absoluto	2008	31,4
51 Transporte aéreo	Hombres	Porcentaje	2025	0,3
51 Transporte aéreo	Hombres	Porcentaje	2024	0,3
51 Transporte aéreo	Hombres	Porcentaje	2023	0,3
51 Transporte aéreo	Hombres	Porcentaje	2022	0,3
51 Transporte aéreo	Hombres	Porcentaje	2021	0,3
51 Transporte aéreo	Hombres	Porcentaje	2020	0,3
51 Transporte aéreo	Hombres	Porcentaje	2019	0,3
51 Transporte aéreo	Hombres	Porcentaje	2018	0,3
51 Transporte aéreo	Hombres	Porcentaje	2017	0,2
51 Transporte aéreo	Hombres	Porcentaje	2016	0,2
51 Transporte aéreo	Hombres	Porcentaje	2015	0,2
51 Transporte aéreo	Hombres	Porcentaje	2014	0,3
51 Transporte aéreo	Hombres	Porcentaje	2013	0,3
51 Transporte aéreo	Hombres	Porcentaje	2012	0,2
51 Transporte aéreo	Hombres	Porcentaje	2011	0,3
51 Transporte aéreo	Hombres	Porcentaje	2010	0,3
51 Transporte aéreo	Hombres	Porcentaje	2009	0,3
51 Transporte aéreo	Hombres	Porcentaje	2008	0,3
51 Transporte aéreo	Mujeres	Valor absoluto	2025	20,6
51 Transporte aéreo	Mujeres	Valor absoluto	2024	25,3
51 Transporte aéreo	Mujeres	Valor absoluto	2023	25,9
51 Transporte aéreo	Mujeres	Valor absoluto	2022	22
51 Transporte aéreo	Mujeres	Valor absoluto	2021	19,9
51 Transporte aéreo	Mujeres	Valor absoluto	2020	16,1
51 Transporte aéreo	Mujeres	Valor absoluto	2019	22
51 Transporte aéreo	Mujeres	Valor absoluto	2018	16,8
51 Transporte aéreo	Mujeres	Valor absoluto	2017	16,4
51 Transporte aéreo	Mujeres	Valor absoluto	2016	15,5
51 Transporte aéreo	Mujeres	Valor absoluto	2015	17,8
51 Transporte aéreo	Mujeres	Valor absoluto	2014	18,4
51 Transporte aéreo	Mujeres	Valor absoluto	2013	15,8
51 Transporte aéreo	Mujeres	Valor absoluto	2012	16,7
51 Transporte aéreo	Mujeres	Valor absoluto	2011	20,4
51 Transporte aéreo	Mujeres	Valor absoluto	2010	24
51 Transporte aéreo	Mujeres	Valor absoluto	2009	23,6
51 Transporte aéreo	Mujeres	Valor absoluto	2008	21,8
51 Transporte aéreo	Mujeres	Porcentaje	2025	0,2
51 Transporte aéreo	Mujeres	Porcentaje	2024	0,3
51 Transporte aéreo	Mujeres	Porcentaje	2023	0,3
51 Transporte aéreo	Mujeres	Porcentaje	2022	0,2
51 Transporte aéreo	Mujeres	Porcentaje	2021	0,2
51 Transporte aéreo	Mujeres	Porcentaje	2020	0,2
51 Transporte aéreo	Mujeres	Porcentaje	2019	0,2
51 Transporte aéreo	Mujeres	Porcentaje	2018	0,2
51 Transporte aéreo	Mujeres	Porcentaje	2017	0,2
51 Transporte aéreo	Mujeres	Porcentaje	2016	0,2
51 Transporte aéreo	Mujeres	Porcentaje	2015	0,2
51 Transporte aéreo	Mujeres	Porcentaje	2014	0,2
51 Transporte aéreo	Mujeres	Porcentaje	2013	0,2
51 Transporte aéreo	Mujeres	Porcentaje	2012	0,2
51 Transporte aéreo	Mujeres	Porcentaje	2011	0,2
51 Transporte aéreo	Mujeres	Porcentaje	2010	0,3
51 Transporte aéreo	Mujeres	Porcentaje	2009	0,3
51 Transporte aéreo	Mujeres	Porcentaje	2008	0,3
52 Almacenamiento y actividades anexas al transporte	Ambos sexos	Valor absoluto	2025	333,4
52 Almacenamiento y actividades anexas al transporte	Ambos sexos	Valor absoluto	2024	291,3
52 Almacenamiento y actividades anexas al transporte	Ambos sexos	Valor absoluto	2023	288
52 Almacenamiento y actividades anexas al transporte	Ambos sexos	Valor absoluto	2022	281,7
52 Almacenamiento y actividades anexas al transporte	Ambos sexos	Valor absoluto	2021	259,9
52 Almacenamiento y actividades anexas al transporte	Ambos sexos	Valor absoluto	2020	235,4
52 Almacenamiento y actividades anexas al transporte	Ambos sexos	Valor absoluto	2019	220,4
52 Almacenamiento y actividades anexas al transporte	Ambos sexos	Valor absoluto	2018	218,4
52 Almacenamiento y actividades anexas al transporte	Ambos sexos	Valor absoluto	2017	204,1
52 Almacenamiento y actividades anexas al transporte	Ambos sexos	Valor absoluto	2016	193,5
52 Almacenamiento y actividades anexas al transporte	Ambos sexos	Valor absoluto	2015	175,3
52 Almacenamiento y actividades anexas al transporte	Ambos sexos	Valor absoluto	2014	178,3
52 Almacenamiento y actividades anexas al transporte	Ambos sexos	Valor absoluto	2013	162,4
52 Almacenamiento y actividades anexas al transporte	Ambos sexos	Valor absoluto	2012	164,1
52 Almacenamiento y actividades anexas al transporte	Ambos sexos	Valor absoluto	2011	178,2
52 Almacenamiento y actividades anexas al transporte	Ambos sexos	Valor absoluto	2010	157
52 Almacenamiento y actividades anexas al transporte	Ambos sexos	Valor absoluto	2009	148,2
52 Almacenamiento y actividades anexas al transporte	Ambos sexos	Valor absoluto	2008	156
52 Almacenamiento y actividades anexas al transporte	Ambos sexos	Porcentaje	2025	1,5
52 Almacenamiento y actividades anexas al transporte	Ambos sexos	Porcentaje	2024	1,3
52 Almacenamiento y actividades anexas al transporte	Ambos sexos	Porcentaje	2023	1,4
52 Almacenamiento y actividades anexas al transporte	Ambos sexos	Porcentaje	2022	1,4
52 Almacenamiento y actividades anexas al transporte	Ambos sexos	Porcentaje	2021	1,3
52 Almacenamiento y actividades anexas al transporte	Ambos sexos	Porcentaje	2020	1,2
52 Almacenamiento y actividades anexas al transporte	Ambos sexos	Porcentaje	2019	1,1
52 Almacenamiento y actividades anexas al transporte	Ambos sexos	Porcentaje	2018	1,1
52 Almacenamiento y actividades anexas al transporte	Ambos sexos	Porcentaje	2017	1,1
52 Almacenamiento y actividades anexas al transporte	Ambos sexos	Porcentaje	2016	1,1
52 Almacenamiento y actividades anexas al transporte	Ambos sexos	Porcentaje	2015	1
52 Almacenamiento y actividades anexas al transporte	Ambos sexos	Porcentaje	2014	1
52 Almacenamiento y actividades anexas al transporte	Ambos sexos	Porcentaje	2013	0,9
52 Almacenamiento y actividades anexas al transporte	Ambos sexos	Porcentaje	2012	0,9
52 Almacenamiento y actividades anexas al transporte	Ambos sexos	Porcentaje	2011	1
52 Almacenamiento y actividades anexas al transporte	Ambos sexos	Porcentaje	2010	0,8
52 Almacenamiento y actividades anexas al transporte	Ambos sexos	Porcentaje	2009	0,8
52 Almacenamiento y actividades anexas al transporte	Ambos sexos	Porcentaje	2008	0,8
52 Almacenamiento y actividades anexas al transporte	Hombres	Valor absoluto	2025	226,1
52 Almacenamiento y actividades anexas al transporte	Hombres	Valor absoluto	2024	202,2
52 Almacenamiento y actividades anexas al transporte	Hombres	Valor absoluto	2023	200,7
52 Almacenamiento y actividades anexas al transporte	Hombres	Valor absoluto	2022	203,9
52 Almacenamiento y actividades anexas al transporte	Hombres	Valor absoluto	2021	181,6
52 Almacenamiento y actividades anexas al transporte	Hombres	Valor absoluto	2020	168,3
52 Almacenamiento y actividades anexas al transporte	Hombres	Valor absoluto	2019	163,6
52 Almacenamiento y actividades anexas al transporte	Hombres	Valor absoluto	2018	165,4
52 Almacenamiento y actividades anexas al transporte	Hombres	Valor absoluto	2017	150,5
52 Almacenamiento y actividades anexas al transporte	Hombres	Valor absoluto	2016	146,1
52 Almacenamiento y actividades anexas al transporte	Hombres	Valor absoluto	2015	134,2
52 Almacenamiento y actividades anexas al transporte	Hombres	Valor absoluto	2014	132,9
52 Almacenamiento y actividades anexas al transporte	Hombres	Valor absoluto	2013	124,1
52 Almacenamiento y actividades anexas al transporte	Hombres	Valor absoluto	2012	128,7
52 Almacenamiento y actividades anexas al transporte	Hombres	Valor absoluto	2011	133,8
52 Almacenamiento y actividades anexas al transporte	Hombres	Valor absoluto	2010	117,1
52 Almacenamiento y actividades anexas al transporte	Hombres	Valor absoluto	2009	112,1
52 Almacenamiento y actividades anexas al transporte	Hombres	Valor absoluto	2008	114,2
52 Almacenamiento y actividades anexas al transporte	Hombres	Porcentaje	2025	1,9
52 Almacenamiento y actividades anexas al transporte	Hombres	Porcentaje	2024	1,7
52 Almacenamiento y actividades anexas al transporte	Hombres	Porcentaje	2023	1,8
52 Almacenamiento y actividades anexas al transporte	Hombres	Porcentaje	2022	1,8
52 Almacenamiento y actividades anexas al transporte	Hombres	Porcentaje	2021	1,7
52 Almacenamiento y actividades anexas al transporte	Hombres	Porcentaje	2020	1,6
52 Almacenamiento y actividades anexas al transporte	Hombres	Porcentaje	2019	1,5
52 Almacenamiento y actividades anexas al transporte	Hombres	Porcentaje	2018	1,6
52 Almacenamiento y actividades anexas al transporte	Hombres	Porcentaje	2017	1,5
52 Almacenamiento y actividades anexas al transporte	Hombres	Porcentaje	2016	1,5
52 Almacenamiento y actividades anexas al transporte	Hombres	Porcentaje	2015	1,4
52 Almacenamiento y actividades anexas al transporte	Hombres	Porcentaje	2014	1,4
52 Almacenamiento y actividades anexas al transporte	Hombres	Porcentaje	2013	1,3
52 Almacenamiento y actividades anexas al transporte	Hombres	Porcentaje	2012	1,3
52 Almacenamiento y actividades anexas al transporte	Hombres	Porcentaje	2011	1,3
52 Almacenamiento y actividades anexas al transporte	Hombres	Porcentaje	2010	1,1
52 Almacenamiento y actividades anexas al transporte	Hombres	Porcentaje	2009	1
52 Almacenamiento y actividades anexas al transporte	Hombres	Porcentaje	2008	1
52 Almacenamiento y actividades anexas al transporte	Mujeres	Valor absoluto	2025	107,4
52 Almacenamiento y actividades anexas al transporte	Mujeres	Valor absoluto	2024	89,1
52 Almacenamiento y actividades anexas al transporte	Mujeres	Valor absoluto	2023	87,3
52 Almacenamiento y actividades anexas al transporte	Mujeres	Valor absoluto	2022	77,8
52 Almacenamiento y actividades anexas al transporte	Mujeres	Valor absoluto	2021	78,3
52 Almacenamiento y actividades anexas al transporte	Mujeres	Valor absoluto	2020	67,1
52 Almacenamiento y actividades anexas al transporte	Mujeres	Valor absoluto	2019	56,8
52 Almacenamiento y actividades anexas al transporte	Mujeres	Valor absoluto	2018	53
52 Almacenamiento y actividades anexas al transporte	Mujeres	Valor absoluto	2017	53,6
52 Almacenamiento y actividades anexas al transporte	Mujeres	Valor absoluto	2016	47,5
52 Almacenamiento y actividades anexas al transporte	Mujeres	Valor absoluto	2015	41,1
52 Almacenamiento y actividades anexas al transporte	Mujeres	Valor absoluto	2014	45,4
52 Almacenamiento y actividades anexas al transporte	Mujeres	Valor absoluto	2013	38,4
52 Almacenamiento y actividades anexas al transporte	Mujeres	Valor absoluto	2012	35,3
52 Almacenamiento y actividades anexas al transporte	Mujeres	Valor absoluto	2011	44,5
52 Almacenamiento y actividades anexas al transporte	Mujeres	Valor absoluto	2010	39,8
52 Almacenamiento y actividades anexas al transporte	Mujeres	Valor absoluto	2009	36,1
52 Almacenamiento y actividades anexas al transporte	Mujeres	Valor absoluto	2008	41,8
52 Almacenamiento y actividades anexas al transporte	Mujeres	Porcentaje	2025	1
52 Almacenamiento y actividades anexas al transporte	Mujeres	Porcentaje	2024	0,9
52 Almacenamiento y actividades anexas al transporte	Mujeres	Porcentaje	2023	0,9
52 Almacenamiento y actividades anexas al transporte	Mujeres	Porcentaje	2022	0,8
52 Almacenamiento y actividades anexas al transporte	Mujeres	Porcentaje	2021	0,9
52 Almacenamiento y actividades anexas al transporte	Mujeres	Porcentaje	2020	0,8
52 Almacenamiento y actividades anexas al transporte	Mujeres	Porcentaje	2019	0,6
52 Almacenamiento y actividades anexas al transporte	Mujeres	Porcentaje	2018	0,6
52 Almacenamiento y actividades anexas al transporte	Mujeres	Porcentaje	2017	0,6
52 Almacenamiento y actividades anexas al transporte	Mujeres	Porcentaje	2016	0,6
52 Almacenamiento y actividades anexas al transporte	Mujeres	Porcentaje	2015	0,5
52 Almacenamiento y actividades anexas al transporte	Mujeres	Porcentaje	2014	0,6
52 Almacenamiento y actividades anexas al transporte	Mujeres	Porcentaje	2013	0,5
52 Almacenamiento y actividades anexas al transporte	Mujeres	Porcentaje	2012	0,4
52 Almacenamiento y actividades anexas al transporte	Mujeres	Porcentaje	2011	0,5
52 Almacenamiento y actividades anexas al transporte	Mujeres	Porcentaje	2010	0,5
52 Almacenamiento y actividades anexas al transporte	Mujeres	Porcentaje	2009	0,4
52 Almacenamiento y actividades anexas al transporte	Mujeres	Porcentaje	2008	0,5
53 Actividades postales y de correos	Ambos sexos	Valor absoluto	2025	139,4
53 Actividades postales y de correos	Ambos sexos	Valor absoluto	2024	144,7
53 Actividades postales y de correos	Ambos sexos	Valor absoluto	2023	126,5
53 Actividades postales y de correos	Ambos sexos	Valor absoluto	2022	131,7
53 Actividades postales y de correos	Ambos sexos	Valor absoluto	2021	127,2
53 Actividades postales y de correos	Ambos sexos	Valor absoluto	2020	114,8
53 Actividades postales y de correos	Ambos sexos	Valor absoluto	2019	117,2
53 Actividades postales y de correos	Ambos sexos	Valor absoluto	2018	105,5
53 Actividades postales y de correos	Ambos sexos	Valor absoluto	2017	109,4
53 Actividades postales y de correos	Ambos sexos	Valor absoluto	2016	111,3
53 Actividades postales y de correos	Ambos sexos	Valor absoluto	2015	107,7
53 Actividades postales y de correos	Ambos sexos	Valor absoluto	2014	102
53 Actividades postales y de correos	Ambos sexos	Valor absoluto	2013	97,3
53 Actividades postales y de correos	Ambos sexos	Valor absoluto	2012	104,7
53 Actividades postales y de correos	Ambos sexos	Valor absoluto	2011	114,8
53 Actividades postales y de correos	Ambos sexos	Valor absoluto	2010	115,2
53 Actividades postales y de correos	Ambos sexos	Valor absoluto	2009	107,9
53 Actividades postales y de correos	Ambos sexos	Valor absoluto	2008	125,1
53 Actividades postales y de correos	Ambos sexos	Porcentaje	2025	0,6
53 Actividades postales y de correos	Ambos sexos	Porcentaje	2024	0,7
53 Actividades postales y de correos	Ambos sexos	Porcentaje	2023	0,6
53 Actividades postales y de correos	Ambos sexos	Porcentaje	2022	0,6
53 Actividades postales y de correos	Ambos sexos	Porcentaje	2021	0,6
53 Actividades postales y de correos	Ambos sexos	Porcentaje	2020	0,6
53 Actividades postales y de correos	Ambos sexos	Porcentaje	2019	0,6
53 Actividades postales y de correos	Ambos sexos	Porcentaje	2018	0,5
53 Actividades postales y de correos	Ambos sexos	Porcentaje	2017	0,6
53 Actividades postales y de correos	Ambos sexos	Porcentaje	2016	0,6
53 Actividades postales y de correos	Ambos sexos	Porcentaje	2015	0,6
53 Actividades postales y de correos	Ambos sexos	Porcentaje	2014	0,6
53 Actividades postales y de correos	Ambos sexos	Porcentaje	2013	0,6
53 Actividades postales y de correos	Ambos sexos	Porcentaje	2012	0,6
53 Actividades postales y de correos	Ambos sexos	Porcentaje	2011	0,6
53 Actividades postales y de correos	Ambos sexos	Porcentaje	2010	0,6
53 Actividades postales y de correos	Ambos sexos	Porcentaje	2009	0,6
53 Actividades postales y de correos	Ambos sexos	Porcentaje	2008	0,6
53 Actividades postales y de correos	Hombres	Valor absoluto	2025	94,4
53 Actividades postales y de correos	Hombres	Valor absoluto	2024	92,8
53 Actividades postales y de correos	Hombres	Valor absoluto	2023	84,9
53 Actividades postales y de correos	Hombres	Valor absoluto	2022	93,5
53 Actividades postales y de correos	Hombres	Valor absoluto	2021	90,6
53 Actividades postales y de correos	Hombres	Valor absoluto	2020	75,5
53 Actividades postales y de correos	Hombres	Valor absoluto	2019	76,8
53 Actividades postales y de correos	Hombres	Valor absoluto	2018	63,3
53 Actividades postales y de correos	Hombres	Valor absoluto	2017	68,9
53 Actividades postales y de correos	Hombres	Valor absoluto	2016	70,5
53 Actividades postales y de correos	Hombres	Valor absoluto	2015	69,6
53 Actividades postales y de correos	Hombres	Valor absoluto	2014	64,6
53 Actividades postales y de correos	Hombres	Valor absoluto	2013	61,7
53 Actividades postales y de correos	Hombres	Valor absoluto	2012	62,4
53 Actividades postales y de correos	Hombres	Valor absoluto	2011	71,2
53 Actividades postales y de correos	Hombres	Valor absoluto	2010	73,2
53 Actividades postales y de correos	Hombres	Valor absoluto	2009	66,3
53 Actividades postales y de correos	Hombres	Valor absoluto	2008	79,5
53 Actividades postales y de correos	Hombres	Porcentaje	2025	0,8
53 Actividades postales y de correos	Hombres	Porcentaje	2024	0,8
53 Actividades postales y de correos	Hombres	Porcentaje	2023	0,7
53 Actividades postales y de correos	Hombres	Porcentaje	2022	0,8
53 Actividades postales y de correos	Hombres	Porcentaje	2021	0,8
53 Actividades postales y de correos	Hombres	Porcentaje	2020	0,7
53 Actividades postales y de correos	Hombres	Porcentaje	2019	0,7
53 Actividades postales y de correos	Hombres	Porcentaje	2018	0,6
53 Actividades postales y de correos	Hombres	Porcentaje	2017	0,7
53 Actividades postales y de correos	Hombres	Porcentaje	2016	0,7
53 Actividades postales y de correos	Hombres	Porcentaje	2015	0,7
53 Actividades postales y de correos	Hombres	Porcentaje	2014	0,7
53 Actividades postales y de correos	Hombres	Porcentaje	2013	0,7
53 Actividades postales y de correos	Hombres	Porcentaje	2012	0,6
53 Actividades postales y de correos	Hombres	Porcentaje	2011	0,7
53 Actividades postales y de correos	Hombres	Porcentaje	2010	0,7
53 Actividades postales y de correos	Hombres	Porcentaje	2009	0,6
53 Actividades postales y de correos	Hombres	Porcentaje	2008	0,7
53 Actividades postales y de correos	Mujeres	Valor absoluto	2025	45
53 Actividades postales y de correos	Mujeres	Valor absoluto	2024	52
53 Actividades postales y de correos	Mujeres	Valor absoluto	2023	41,7
53 Actividades postales y de correos	Mujeres	Valor absoluto	2022	38,2
53 Actividades postales y de correos	Mujeres	Valor absoluto	2021	36,7
53 Actividades postales y de correos	Mujeres	Valor absoluto	2020	39,3
53 Actividades postales y de correos	Mujeres	Valor absoluto	2019	40,4
53 Actividades postales y de correos	Mujeres	Valor absoluto	2018	42,2
53 Actividades postales y de correos	Mujeres	Valor absoluto	2017	40,5
53 Actividades postales y de correos	Mujeres	Valor absoluto	2016	40,7
53 Actividades postales y de correos	Mujeres	Valor absoluto	2015	38,1
53 Actividades postales y de correos	Mujeres	Valor absoluto	2014	37,4
53 Actividades postales y de correos	Mujeres	Valor absoluto	2013	35,5
53 Actividades postales y de correos	Mujeres	Valor absoluto	2012	42,4
53 Actividades postales y de correos	Mujeres	Valor absoluto	2011	43,6
53 Actividades postales y de correos	Mujeres	Valor absoluto	2010	42
53 Actividades postales y de correos	Mujeres	Valor absoluto	2009	41,6
53 Actividades postales y de correos	Mujeres	Valor absoluto	2008	45,6
53 Actividades postales y de correos	Mujeres	Porcentaje	2025	0,4
53 Actividades postales y de correos	Mujeres	Porcentaje	2024	0,5
53 Actividades postales y de correos	Mujeres	Porcentaje	2023	0,4
53 Actividades postales y de correos	Mujeres	Porcentaje	2022	0,4
53 Actividades postales y de correos	Mujeres	Porcentaje	2021	0,4
53 Actividades postales y de correos	Mujeres	Porcentaje	2020	0,4
53 Actividades postales y de correos	Mujeres	Porcentaje	2019	0,4
53 Actividades postales y de correos	Mujeres	Porcentaje	2018	0,5
53 Actividades postales y de correos	Mujeres	Porcentaje	2017	0,5
53 Actividades postales y de correos	Mujeres	Porcentaje	2016	0,5
53 Actividades postales y de correos	Mujeres	Porcentaje	2015	0,5
53 Actividades postales y de correos	Mujeres	Porcentaje	2014	0,5
53 Actividades postales y de correos	Mujeres	Porcentaje	2013	0,5
53 Actividades postales y de correos	Mujeres	Porcentaje	2012	0,5
53 Actividades postales y de correos	Mujeres	Porcentaje	2011	0,5
53 Actividades postales y de correos	Mujeres	Porcentaje	2010	0,5
53 Actividades postales y de correos	Mujeres	Porcentaje	2009	0,5
53 Actividades postales y de correos	Mujeres	Porcentaje	2008	0,5
I Hostelería	Ambos sexos	Valor absoluto	2025	1.827,5
I Hostelería	Ambos sexos	Valor absoluto	2024	1.851,5
I Hostelería	Ambos sexos	Valor absoluto	2023	1.756,4
I Hostelería	Ambos sexos	Valor absoluto	2022	1.666,3
I Hostelería	Ambos sexos	Valor absoluto	2021	1.467,7
I Hostelería	Ambos sexos	Valor absoluto	2020	1.432,1
I Hostelería	Ambos sexos	Valor absoluto	2019	1.715,4
I Hostelería	Ambos sexos	Valor absoluto	2018	1.707,7
I Hostelería	Ambos sexos	Valor absoluto	2017	1.637,1
I Hostelería	Ambos sexos	Valor absoluto	2016	1.604,1
I Hostelería	Ambos sexos	Valor absoluto	2015	1.505,2
I Hostelería	Ambos sexos	Valor absoluto	2014	1.403,8
I Hostelería	Ambos sexos	Valor absoluto	2013	1.332,6
I Hostelería	Ambos sexos	Valor absoluto	2012	1.336,9
I Hostelería	Ambos sexos	Valor absoluto	2011	1.401
I Hostelería	Ambos sexos	Valor absoluto	2010	1.383,2
I Hostelería	Ambos sexos	Valor absoluto	2009	1.423,2
I Hostelería	Ambos sexos	Valor absoluto	2008	1.457,8
I Hostelería	Ambos sexos	Porcentaje	2025	8,2
I Hostelería	Ambos sexos	Porcentaje	2024	8,6
I Hostelería	Ambos sexos	Porcentaje	2023	8,3
I Hostelería	Ambos sexos	Porcentaje	2022	8,1
I Hostelería	Ambos sexos	Porcentaje	2021	7,4
I Hostelería	Ambos sexos	Porcentaje	2020	7,5
I Hostelería	Ambos sexos	Porcentaje	2019	8,7
I Hostelería	Ambos sexos	Porcentaje	2018	8,8
I Hostelería	Ambos sexos	Porcentaje	2017	8,7
I Hostelería	Ambos sexos	Porcentaje	2016	8,7
I Hostelería	Ambos sexos	Porcentaje	2015	8,4
I Hostelería	Ambos sexos	Porcentaje	2014	8,1
I Hostelería	Ambos sexos	Porcentaje	2013	7,8
I Hostelería	Ambos sexos	Porcentaje	2012	7,6
I Hostelería	Ambos sexos	Porcentaje	2011	7,6
I Hostelería	Ambos sexos	Porcentaje	2010	7,4
I Hostelería	Ambos sexos	Porcentaje	2009	7,4
I Hostelería	Ambos sexos	Porcentaje	2008	7,1
I Hostelería	Hombres	Valor absoluto	2025	822,1
I Hostelería	Hombres	Valor absoluto	2024	839,2
I Hostelería	Hombres	Valor absoluto	2023	809,2
I Hostelería	Hombres	Valor absoluto	2022	789,6
I Hostelería	Hombres	Valor absoluto	2021	690,7
I Hostelería	Hombres	Valor absoluto	2020	692,9
I Hostelería	Hombres	Valor absoluto	2019	795,1
I Hostelería	Hombres	Valor absoluto	2018	801,2
I Hostelería	Hombres	Valor absoluto	2017	762
I Hostelería	Hombres	Valor absoluto	2016	764,7
I Hostelería	Hombres	Valor absoluto	2015	736,1
I Hostelería	Hombres	Valor absoluto	2014	684,3
I Hostelería	Hombres	Valor absoluto	2013	632,6
I Hostelería	Hombres	Valor absoluto	2012	636,2
I Hostelería	Hombres	Valor absoluto	2011	643
I Hostelería	Hombres	Valor absoluto	2010	634,7
I Hostelería	Hombres	Valor absoluto	2009	636,8
I Hostelería	Hombres	Valor absoluto	2008	642,9
I Hostelería	Hombres	Porcentaje	2025	6,9
I Hostelería	Hombres	Porcentaje	2024	7,2
I Hostelería	Hombres	Porcentaje	2023	7,1
I Hostelería	Hombres	Porcentaje	2022	7,1
I Hostelería	Hombres	Porcentaje	2021	6,4
I Hostelería	Hombres	Porcentaje	2020	6,6
I Hostelería	Hombres	Porcentaje	2019	7,4
I Hostelería	Hombres	Porcentaje	2018	7,6
I Hostelería	Hombres	Porcentaje	2017	7,4
I Hostelería	Hombres	Porcentaje	2016	7,6
I Hostelería	Hombres	Porcentaje	2015	7,5
I Hostelería	Hombres	Porcentaje	2014	7,2
I Hostelería	Hombres	Porcentaje	2013	6,8
I Hostelería	Hombres	Porcentaje	2012	6,6
I Hostelería	Hombres	Porcentaje	2011	6,3
I Hostelería	Hombres	Porcentaje	2010	6,1
I Hostelería	Hombres	Porcentaje	2009	5,9
I Hostelería	Hombres	Porcentaje	2008	5,4
I Hostelería	Mujeres	Valor absoluto	2025	1.005,3
I Hostelería	Mujeres	Valor absoluto	2024	1.012,2
I Hostelería	Mujeres	Valor absoluto	2023	947,2
I Hostelería	Mujeres	Valor absoluto	2022	876,6
I Hostelería	Mujeres	Valor absoluto	2021	777
I Hostelería	Mujeres	Valor absoluto	2020	739,2
I Hostelería	Mujeres	Valor absoluto	2019	920,2
I Hostelería	Mujeres	Valor absoluto	2018	906,6
I Hostelería	Mujeres	Valor absoluto	2017	875,1
I Hostelería	Mujeres	Valor absoluto	2016	839,5
I Hostelería	Mujeres	Valor absoluto	2015	769
I Hostelería	Mujeres	Valor absoluto	2014	719,4
I Hostelería	Mujeres	Valor absoluto	2013	700
I Hostelería	Mujeres	Valor absoluto	2012	700,8
I Hostelería	Mujeres	Valor absoluto	2011	758
I Hostelería	Mujeres	Valor absoluto	2010	748,5
I Hostelería	Mujeres	Valor absoluto	2009	786,4
I Hostelería	Mujeres	Valor absoluto	2008	814,9
I Hostelería	Mujeres	Porcentaje	2025	9,7
I Hostelería	Mujeres	Porcentaje	2024	10,1
I Hostelería	Mujeres	Porcentaje	2023	9,7
I Hostelería	Mujeres	Porcentaje	2022	9,3
I Hostelería	Mujeres	Porcentaje	2021	8,5
I Hostelería	Mujeres	Porcentaje	2020	8,4
I Hostelería	Mujeres	Porcentaje	2019	10,2
I Hostelería	Mujeres	Porcentaje	2018	10,3
I Hostelería	Mujeres	Porcentaje	2017	10,2
I Hostelería	Mujeres	Porcentaje	2016	10,1
I Hostelería	Mujeres	Porcentaje	2015	9,5
I Hostelería	Mujeres	Porcentaje	2014	9,1
I Hostelería	Mujeres	Porcentaje	2013	8,9
I Hostelería	Mujeres	Porcentaje	2012	8,7
I Hostelería	Mujeres	Porcentaje	2011	9,2
I Hostelería	Mujeres	Porcentaje	2010	9
I Hostelería	Mujeres	Porcentaje	2009	9,4
I Hostelería	Mujeres	Porcentaje	2008	9,4
55 Servicios de alojamiento	Ambos sexos	Valor absoluto	2025	473,5
55 Servicios de alojamiento	Ambos sexos	Valor absoluto	2024	465,1
55 Servicios de alojamiento	Ambos sexos	Valor absoluto	2023	439,7
55 Servicios de alojamiento	Ambos sexos	Valor absoluto	2022	415,7
55 Servicios de alojamiento	Ambos sexos	Valor absoluto	2021	315,1
55 Servicios de alojamiento	Ambos sexos	Valor absoluto	2020	318,7
55 Servicios de alojamiento	Ambos sexos	Valor absoluto	2019	407,8
55 Servicios de alojamiento	Ambos sexos	Valor absoluto	2018	409,2
55 Servicios de alojamiento	Ambos sexos	Valor absoluto	2017	402,5
55 Servicios de alojamiento	Ambos sexos	Valor absoluto	2016	396
55 Servicios de alojamiento	Ambos sexos	Valor absoluto	2015	344,3
55 Servicios de alojamiento	Ambos sexos	Valor absoluto	2014	321,7
55 Servicios de alojamiento	Ambos sexos	Valor absoluto	2013	313,2
55 Servicios de alojamiento	Ambos sexos	Valor absoluto	2012	320,4
55 Servicios de alojamiento	Ambos sexos	Valor absoluto	2011	360,8
55 Servicios de alojamiento	Ambos sexos	Valor absoluto	2010	325,6
55 Servicios de alojamiento	Ambos sexos	Valor absoluto	2009	321,7
55 Servicios de alojamiento	Ambos sexos	Valor absoluto	2008	328,9
55 Servicios de alojamiento	Ambos sexos	Porcentaje	2025	2,1
55 Servicios de alojamiento	Ambos sexos	Porcentaje	2024	2,1
55 Servicios de alojamiento	Ambos sexos	Porcentaje	2023	2,1
55 Servicios de alojamiento	Ambos sexos	Porcentaje	2022	2
55 Servicios de alojamiento	Ambos sexos	Porcentaje	2021	1,6
55 Servicios de alojamiento	Ambos sexos	Porcentaje	2020	1,7
55 Servicios de alojamiento	Ambos sexos	Porcentaje	2019	2,1
55 Servicios de alojamiento	Ambos sexos	Porcentaje	2018	2,1
55 Servicios de alojamiento	Ambos sexos	Porcentaje	2017	2,1
55 Servicios de alojamiento	Ambos sexos	Porcentaje	2016	2,2
55 Servicios de alojamiento	Ambos sexos	Porcentaje	2015	1,9
55 Servicios de alojamiento	Ambos sexos	Porcentaje	2014	1,9
55 Servicios de alojamiento	Ambos sexos	Porcentaje	2013	1,8
55 Servicios de alojamiento	Ambos sexos	Porcentaje	2012	1,8
55 Servicios de alojamiento	Ambos sexos	Porcentaje	2011	2
55 Servicios de alojamiento	Ambos sexos	Porcentaje	2010	1,7
55 Servicios de alojamiento	Ambos sexos	Porcentaje	2009	1,7
55 Servicios de alojamiento	Ambos sexos	Porcentaje	2008	1,6
55 Servicios de alojamiento	Hombres	Valor absoluto	2025	197,6
55 Servicios de alojamiento	Hombres	Valor absoluto	2024	199,3
55 Servicios de alojamiento	Hombres	Valor absoluto	2023	192,9
55 Servicios de alojamiento	Hombres	Valor absoluto	2022	186,6
55 Servicios de alojamiento	Hombres	Valor absoluto	2021	136,7
55 Servicios de alojamiento	Hombres	Valor absoluto	2020	139,7
55 Servicios de alojamiento	Hombres	Valor absoluto	2019	166,1
55 Servicios de alojamiento	Hombres	Valor absoluto	2018	166,9
55 Servicios de alojamiento	Hombres	Valor absoluto	2017	168,7
55 Servicios de alojamiento	Hombres	Valor absoluto	2016	172,8
55 Servicios de alojamiento	Hombres	Valor absoluto	2015	153,3
55 Servicios de alojamiento	Hombres	Valor absoluto	2014	133,6
55 Servicios de alojamiento	Hombres	Valor absoluto	2013	128,4
55 Servicios de alojamiento	Hombres	Valor absoluto	2012	141,9
55 Servicios de alojamiento	Hombres	Valor absoluto	2011	151,4
55 Servicios de alojamiento	Hombres	Valor absoluto	2010	138,8
55 Servicios de alojamiento	Hombres	Valor absoluto	2009	134,4
55 Servicios de alojamiento	Hombres	Valor absoluto	2008	142,9
55 Servicios de alojamiento	Hombres	Porcentaje	2025	1,7
55 Servicios de alojamiento	Hombres	Porcentaje	2024	1,7
55 Servicios de alojamiento	Hombres	Porcentaje	2023	1,7
55 Servicios de alojamiento	Hombres	Porcentaje	2022	1,7
55 Servicios de alojamiento	Hombres	Porcentaje	2021	1,3
55 Servicios de alojamiento	Hombres	Porcentaje	2020	1,3
55 Servicios de alojamiento	Hombres	Porcentaje	2019	1,5
55 Servicios de alojamiento	Hombres	Porcentaje	2018	1,6
55 Servicios de alojamiento	Hombres	Porcentaje	2017	1,6
55 Servicios de alojamiento	Hombres	Porcentaje	2016	1,7
55 Servicios de alojamiento	Hombres	Porcentaje	2015	1,6
55 Servicios de alojamiento	Hombres	Porcentaje	2014	1,4
55 Servicios de alojamiento	Hombres	Porcentaje	2013	1,4
55 Servicios de alojamiento	Hombres	Porcentaje	2012	1,5
55 Servicios de alojamiento	Hombres	Porcentaje	2011	1,5
55 Servicios de alojamiento	Hombres	Porcentaje	2010	1,3
55 Servicios de alojamiento	Hombres	Porcentaje	2009	1,3
55 Servicios de alojamiento	Hombres	Porcentaje	2008	1,2
55 Servicios de alojamiento	Mujeres	Valor absoluto	2025	275,9
55 Servicios de alojamiento	Mujeres	Valor absoluto	2024	265,8
55 Servicios de alojamiento	Mujeres	Valor absoluto	2023	246,8
55 Servicios de alojamiento	Mujeres	Valor absoluto	2022	229,1
55 Servicios de alojamiento	Mujeres	Valor absoluto	2021	178,3
55 Servicios de alojamiento	Mujeres	Valor absoluto	2020	179
55 Servicios de alojamiento	Mujeres	Valor absoluto	2019	241,7
55 Servicios de alojamiento	Mujeres	Valor absoluto	2018	242,3
55 Servicios de alojamiento	Mujeres	Valor absoluto	2017	233,8
55 Servicios de alojamiento	Mujeres	Valor absoluto	2016	223,2
55 Servicios de alojamiento	Mujeres	Valor absoluto	2015	191
55 Servicios de alojamiento	Mujeres	Valor absoluto	2014	188,2
55 Servicios de alojamiento	Mujeres	Valor absoluto	2013	184,8
55 Servicios de alojamiento	Mujeres	Valor absoluto	2012	178,6
55 Servicios de alojamiento	Mujeres	Valor absoluto	2011	209,4
55 Servicios de alojamiento	Mujeres	Valor absoluto	2010	186,7
55 Servicios de alojamiento	Mujeres	Valor absoluto	2009	187,3
55 Servicios de alojamiento	Mujeres	Valor absoluto	2008	186,1
55 Servicios de alojamiento	Mujeres	Porcentaje	2025	2,7
55 Servicios de alojamiento	Mujeres	Porcentaje	2024	2,6
55 Servicios de alojamiento	Mujeres	Porcentaje	2023	2,5
55 Servicios de alojamiento	Mujeres	Porcentaje	2022	2,4
55 Servicios de alojamiento	Mujeres	Porcentaje	2021	2
55 Servicios de alojamiento	Mujeres	Porcentaje	2020	2
55 Servicios de alojamiento	Mujeres	Porcentaje	2019	2,7
55 Servicios de alojamiento	Mujeres	Porcentaje	2018	2,8
55 Servicios de alojamiento	Mujeres	Porcentaje	2017	2,7
55 Servicios de alojamiento	Mujeres	Porcentaje	2016	2,7
55 Servicios de alojamiento	Mujeres	Porcentaje	2015	2,4
55 Servicios de alojamiento	Mujeres	Porcentaje	2014	2,4
55 Servicios de alojamiento	Mujeres	Porcentaje	2013	2,4
55 Servicios de alojamiento	Mujeres	Porcentaje	2012	2,2
55 Servicios de alojamiento	Mujeres	Porcentaje	2011	2,5
55 Servicios de alojamiento	Mujeres	Porcentaje	2010	2,2
55 Servicios de alojamiento	Mujeres	Porcentaje	2009	2,2
55 Servicios de alojamiento	Mujeres	Porcentaje	2008	2,1
56 Servicios de comidas y bebidas	Ambos sexos	Valor absoluto	2025	1.354
56 Servicios de comidas y bebidas	Ambos sexos	Valor absoluto	2024	1.386,4
56 Servicios de comidas y bebidas	Ambos sexos	Valor absoluto	2023	1.316,7
56 Servicios de comidas y bebidas	Ambos sexos	Valor absoluto	2022	1.250,6
56 Servicios de comidas y bebidas	Ambos sexos	Valor absoluto	2021	1.152,6
56 Servicios de comidas y bebidas	Ambos sexos	Valor absoluto	2020	1.113,4
56 Servicios de comidas y bebidas	Ambos sexos	Valor absoluto	2019	1.307,6
56 Servicios de comidas y bebidas	Ambos sexos	Valor absoluto	2018	1.298,5
56 Servicios de comidas y bebidas	Ambos sexos	Valor absoluto	2017	1.234,6
56 Servicios de comidas y bebidas	Ambos sexos	Valor absoluto	2016	1.208,2
56 Servicios de comidas y bebidas	Ambos sexos	Valor absoluto	2015	1.160,8
56 Servicios de comidas y bebidas	Ambos sexos	Valor absoluto	2014	1.082
56 Servicios de comidas y bebidas	Ambos sexos	Valor absoluto	2013	1.019,4
56 Servicios de comidas y bebidas	Ambos sexos	Valor absoluto	2012	1.016,5
56 Servicios de comidas y bebidas	Ambos sexos	Valor absoluto	2011	1.040,3
56 Servicios de comidas y bebidas	Ambos sexos	Valor absoluto	2010	1.057,6
56 Servicios de comidas y bebidas	Ambos sexos	Valor absoluto	2009	1.101,5
56 Servicios de comidas y bebidas	Ambos sexos	Valor absoluto	2008	1.128,9
56 Servicios de comidas y bebidas	Ambos sexos	Porcentaje	2025	6,1
56 Servicios de comidas y bebidas	Ambos sexos	Porcentaje	2024	6,4
56 Servicios de comidas y bebidas	Ambos sexos	Porcentaje	2023	6,2
56 Servicios de comidas y bebidas	Ambos sexos	Porcentaje	2022	6,1
56 Servicios de comidas y bebidas	Ambos sexos	Porcentaje	2021	5,8
56 Servicios de comidas y bebidas	Ambos sexos	Porcentaje	2020	5,8
56 Servicios de comidas y bebidas	Ambos sexos	Porcentaje	2019	6,6
56 Servicios de comidas y bebidas	Ambos sexos	Porcentaje	2018	6,7
56 Servicios de comidas y bebidas	Ambos sexos	Porcentaje	2017	6,6
56 Servicios de comidas y bebidas	Ambos sexos	Porcentaje	2016	6,6
56 Servicios de comidas y bebidas	Ambos sexos	Porcentaje	2015	6,5
56 Servicios de comidas y bebidas	Ambos sexos	Porcentaje	2014	6,2
56 Servicios de comidas y bebidas	Ambos sexos	Porcentaje	2013	5,9
56 Servicios de comidas y bebidas	Ambos sexos	Porcentaje	2012	5,8
56 Servicios de comidas y bebidas	Ambos sexos	Porcentaje	2011	5,6
56 Servicios de comidas y bebidas	Ambos sexos	Porcentaje	2010	5,6
56 Servicios de comidas y bebidas	Ambos sexos	Porcentaje	2009	5,8
56 Servicios de comidas y bebidas	Ambos sexos	Porcentaje	2008	5,5
56 Servicios de comidas y bebidas	Hombres	Valor absoluto	2025	624,5
56 Servicios de comidas y bebidas	Hombres	Valor absoluto	2024	639,9
56 Servicios de comidas y bebidas	Hombres	Valor absoluto	2023	616,3
56 Servicios de comidas y bebidas	Hombres	Valor absoluto	2022	603,1
56 Servicios de comidas y bebidas	Hombres	Valor absoluto	2021	553,9
56 Servicios de comidas y bebidas	Hombres	Valor absoluto	2020	553,2
56 Servicios de comidas y bebidas	Hombres	Valor absoluto	2019	629
56 Servicios de comidas y bebidas	Hombres	Valor absoluto	2018	634,3
56 Servicios de comidas y bebidas	Hombres	Valor absoluto	2017	593,3
56 Servicios de comidas y bebidas	Hombres	Valor absoluto	2016	591,9
56 Servicios de comidas y bebidas	Hombres	Valor absoluto	2015	582,8
56 Servicios de comidas y bebidas	Hombres	Valor absoluto	2014	550,8
56 Servicios de comidas y bebidas	Hombres	Valor absoluto	2013	504,2
56 Servicios de comidas y bebidas	Hombres	Valor absoluto	2012	494,3
56 Servicios de comidas y bebidas	Hombres	Valor absoluto	2011	491,6
56 Servicios de comidas y bebidas	Hombres	Valor absoluto	2010	495,9
56 Servicios de comidas y bebidas	Hombres	Valor absoluto	2009	502,4
56 Servicios de comidas y bebidas	Hombres	Valor absoluto	2008	500,1
56 Servicios de comidas y bebidas	Hombres	Porcentaje	2025	5,3
56 Servicios de comidas y bebidas	Hombres	Porcentaje	2024	5,5
56 Servicios de comidas y bebidas	Hombres	Porcentaje	2023	5,4
56 Servicios de comidas y bebidas	Hombres	Porcentaje	2022	5,4
56 Servicios de comidas y bebidas	Hombres	Porcentaje	2021	5,2
56 Servicios de comidas y bebidas	Hombres	Porcentaje	2020	5,3
56 Servicios de comidas y bebidas	Hombres	Porcentaje	2019	5,9
56 Servicios de comidas y bebidas	Hombres	Porcentaje	2018	6
56 Servicios de comidas y bebidas	Hombres	Porcentaje	2017	5,8
56 Servicios de comidas y bebidas	Hombres	Porcentaje	2016	5,9
56 Servicios de comidas y bebidas	Hombres	Porcentaje	2015	6
56 Servicios de comidas y bebidas	Hombres	Porcentaje	2014	5,8
56 Servicios de comidas y bebidas	Hombres	Porcentaje	2013	5,4
56 Servicios de comidas y bebidas	Hombres	Porcentaje	2012	5,1
56 Servicios de comidas y bebidas	Hombres	Porcentaje	2011	4,8
56 Servicios de comidas y bebidas	Hombres	Porcentaje	2010	4,8
56 Servicios de comidas y bebidas	Hombres	Porcentaje	2009	4,7
56 Servicios de comidas y bebidas	Hombres	Porcentaje	2008	4,2
56 Servicios de comidas y bebidas	Mujeres	Valor absoluto	2025	729,5
56 Servicios de comidas y bebidas	Mujeres	Valor absoluto	2024	746,4
56 Servicios de comidas y bebidas	Mujeres	Valor absoluto	2023	700,4
56 Servicios de comidas y bebidas	Mujeres	Valor absoluto	2022	647,5
56 Servicios de comidas y bebidas	Mujeres	Valor absoluto	2021	598,6
56 Servicios de comidas y bebidas	Mujeres	Valor absoluto	2020	560,2
56 Servicios de comidas y bebidas	Mujeres	Valor absoluto	2019	678,5
56 Servicios de comidas y bebidas	Mujeres	Valor absoluto	2018	664,2
56 Servicios de comidas y bebidas	Mujeres	Valor absoluto	2017	641,2
56 Servicios de comidas y bebidas	Mujeres	Valor absoluto	2016	616,2
56 Servicios de comidas y bebidas	Mujeres	Valor absoluto	2015	578,1
56 Servicios de comidas y bebidas	Mujeres	Valor absoluto	2014	531,3
56 Servicios de comidas y bebidas	Mujeres	Valor absoluto	2013	515,2
56 Servicios de comidas y bebidas	Mujeres	Valor absoluto	2012	522,2
56 Servicios de comidas y bebidas	Mujeres	Valor absoluto	2011	548,7
56 Servicios de comidas y bebidas	Mujeres	Valor absoluto	2010	561,8
56 Servicios de comidas y bebidas	Mujeres	Valor absoluto	2009	599,1
56 Servicios de comidas y bebidas	Mujeres	Valor absoluto	2008	628,8
56 Servicios de comidas y bebidas	Mujeres	Porcentaje	2025	7
56 Servicios de comidas y bebidas	Mujeres	Porcentaje	2024	7,4
56 Servicios de comidas y bebidas	Mujeres	Porcentaje	2023	7,1
56 Servicios de comidas y bebidas	Mujeres	Porcentaje	2022	6,9
56 Servicios de comidas y bebidas	Mujeres	Porcentaje	2021	6,6
56 Servicios de comidas y bebidas	Mujeres	Porcentaje	2020	6,4
56 Servicios de comidas y bebidas	Mujeres	Porcentaje	2019	7,5
56 Servicios de comidas y bebidas	Mujeres	Porcentaje	2018	7,6
56 Servicios de comidas y bebidas	Mujeres	Porcentaje	2017	7,5
56 Servicios de comidas y bebidas	Mujeres	Porcentaje	2016	7,4
56 Servicios de comidas y bebidas	Mujeres	Porcentaje	2015	7,1
56 Servicios de comidas y bebidas	Mujeres	Porcentaje	2014	6,7
56 Servicios de comidas y bebidas	Mujeres	Porcentaje	2013	6,6
56 Servicios de comidas y bebidas	Mujeres	Porcentaje	2012	6,5
56 Servicios de comidas y bebidas	Mujeres	Porcentaje	2011	6,6
56 Servicios de comidas y bebidas	Mujeres	Porcentaje	2010	6,8
56 Servicios de comidas y bebidas	Mujeres	Porcentaje	2009	7,2
56 Servicios de comidas y bebidas	Mujeres	Porcentaje	2008	7,3
J Información y comunicaciones	Ambos sexos	Valor absoluto	2025	840,1
J Información y comunicaciones	Ambos sexos	Valor absoluto	2024	831,7
J Información y comunicaciones	Ambos sexos	Valor absoluto	2023	753,5
J Información y comunicaciones	Ambos sexos	Valor absoluto	2022	737,5
J Información y comunicaciones	Ambos sexos	Valor absoluto	2021	666,5
J Información y comunicaciones	Ambos sexos	Valor absoluto	2020	613
J Información y comunicaciones	Ambos sexos	Valor absoluto	2019	602,6
J Información y comunicaciones	Ambos sexos	Valor absoluto	2018	584,9
J Información y comunicaciones	Ambos sexos	Valor absoluto	2017	584,8
J Información y comunicaciones	Ambos sexos	Valor absoluto	2016	545,6
J Información y comunicaciones	Ambos sexos	Valor absoluto	2015	530,3
J Información y comunicaciones	Ambos sexos	Valor absoluto	2014	515,6
J Información y comunicaciones	Ambos sexos	Valor absoluto	2013	522,9
J Información y comunicaciones	Ambos sexos	Valor absoluto	2012	534,7
J Información y comunicaciones	Ambos sexos	Valor absoluto	2011	533,3
J Información y comunicaciones	Ambos sexos	Valor absoluto	2010	527,7
J Información y comunicaciones	Ambos sexos	Valor absoluto	2009	533,3
J Información y comunicaciones	Ambos sexos	Valor absoluto	2008	575,2
J Información y comunicaciones	Ambos sexos	Porcentaje	2025	3,8
J Información y comunicaciones	Ambos sexos	Porcentaje	2024	3,8
J Información y comunicaciones	Ambos sexos	Porcentaje	2023	3,6
J Información y comunicaciones	Ambos sexos	Porcentaje	2022	3,6
J Información y comunicaciones	Ambos sexos	Porcentaje	2021	3,4
J Información y comunicaciones	Ambos sexos	Porcentaje	2020	3,2
J Información y comunicaciones	Ambos sexos	Porcentaje	2019	3
J Información y comunicaciones	Ambos sexos	Porcentaje	2018	3
J Información y comunicaciones	Ambos sexos	Porcentaje	2017	3,1
J Información y comunicaciones	Ambos sexos	Porcentaje	2016	3
J Información y comunicaciones	Ambos sexos	Porcentaje	2015	3
J Información y comunicaciones	Ambos sexos	Porcentaje	2014	3
J Información y comunicaciones	Ambos sexos	Porcentaje	2013	3,1
J Información y comunicaciones	Ambos sexos	Porcentaje	2012	3
J Información y comunicaciones	Ambos sexos	Porcentaje	2011	2,9
J Información y comunicaciones	Ambos sexos	Porcentaje	2010	2,8
J Información y comunicaciones	Ambos sexos	Porcentaje	2009	2,8
J Información y comunicaciones	Ambos sexos	Porcentaje	2008	2,8
J Información y comunicaciones	Hombres	Valor absoluto	2025	586,4
J Información y comunicaciones	Hombres	Valor absoluto	2024	579,7
J Información y comunicaciones	Hombres	Valor absoluto	2023	528,6
J Información y comunicaciones	Hombres	Valor absoluto	2022	518,4
J Información y comunicaciones	Hombres	Valor absoluto	2021	460,9
J Información y comunicaciones	Hombres	Valor absoluto	2020	415,8
J Información y comunicaciones	Hombres	Valor absoluto	2019	417,5
J Información y comunicaciones	Hombres	Valor absoluto	2018	417,4
J Información y comunicaciones	Hombres	Valor absoluto	2017	404,1
J Información y comunicaciones	Hombres	Valor absoluto	2016	374,9
J Información y comunicaciones	Hombres	Valor absoluto	2015	368,6
J Información y comunicaciones	Hombres	Valor absoluto	2014	346
J Información y comunicaciones	Hombres	Valor absoluto	2013	345,4
J Información y comunicaciones	Hombres	Valor absoluto	2012	353,4
J Información y comunicaciones	Hombres	Valor absoluto	2011	359
J Información y comunicaciones	Hombres	Valor absoluto	2010	358,8
J Información y comunicaciones	Hombres	Valor absoluto	2009	349,8
J Información y comunicaciones	Hombres	Valor absoluto	2008	376
J Información y comunicaciones	Hombres	Porcentaje	2025	4,9
J Información y comunicaciones	Hombres	Porcentaje	2024	5
J Información y comunicaciones	Hombres	Porcentaje	2023	4,6
J Información y comunicaciones	Hombres	Porcentaje	2022	4,7
J Información y comunicaciones	Hombres	Porcentaje	2021	4,3
J Información y comunicaciones	Hombres	Porcentaje	2020	4
J Información y comunicaciones	Hombres	Porcentaje	2019	3,9
J Información y comunicaciones	Hombres	Porcentaje	2018	4
J Información y comunicaciones	Hombres	Porcentaje	2017	3,9
J Información y comunicaciones	Hombres	Porcentaje	2016	3,7
J Información y comunicaciones	Hombres	Porcentaje	2015	3,8
J Información y comunicaciones	Hombres	Porcentaje	2014	3,7
J Información y comunicaciones	Hombres	Porcentaje	2013	3,7
J Información y comunicaciones	Hombres	Porcentaje	2012	3,7
J Información y comunicaciones	Hombres	Porcentaje	2011	3,5
J Información y comunicaciones	Hombres	Porcentaje	2010	3,4
J Información y comunicaciones	Hombres	Porcentaje	2009	3,3
J Información y comunicaciones	Hombres	Porcentaje	2008	3,2
J Información y comunicaciones	Mujeres	Valor absoluto	2025	253,8
J Información y comunicaciones	Mujeres	Valor absoluto	2024	252
J Información y comunicaciones	Mujeres	Valor absoluto	2023	224,9
J Información y comunicaciones	Mujeres	Valor absoluto	2022	219,1
J Información y comunicaciones	Mujeres	Valor absoluto	2021	205,7
J Información y comunicaciones	Mujeres	Valor absoluto	2020	197,2
J Información y comunicaciones	Mujeres	Valor absoluto	2019	185,1
J Información y comunicaciones	Mujeres	Valor absoluto	2018	167,5
J Información y comunicaciones	Mujeres	Valor absoluto	2017	180,7
J Información y comunicaciones	Mujeres	Valor absoluto	2016	170,7
J Información y comunicaciones	Mujeres	Valor absoluto	2015	161,6
J Información y comunicaciones	Mujeres	Valor absoluto	2014	169,6
J Información y comunicaciones	Mujeres	Valor absoluto	2013	177,4
J Información y comunicaciones	Mujeres	Valor absoluto	2012	181,3
J Información y comunicaciones	Mujeres	Valor absoluto	2011	174,3
J Información y comunicaciones	Mujeres	Valor absoluto	2010	168,9
J Información y comunicaciones	Mujeres	Valor absoluto	2009	183,5
J Información y comunicaciones	Mujeres	Valor absoluto	2008	199,1
J Información y comunicaciones	Mujeres	Porcentaje	2025	2,5
J Información y comunicaciones	Mujeres	Porcentaje	2024	2,5
J Información y comunicaciones	Mujeres	Porcentaje	2023	2,3
J Información y comunicaciones	Mujeres	Porcentaje	2022	2,3
J Información y comunicaciones	Mujeres	Porcentaje	2021	2,3
J Información y comunicaciones	Mujeres	Porcentaje	2020	2,2
J Información y comunicaciones	Mujeres	Porcentaje	2019	2
J Información y comunicaciones	Mujeres	Porcentaje	2018	1,9
J Información y comunicaciones	Mujeres	Porcentaje	2017	2,1
J Información y comunicaciones	Mujeres	Porcentaje	2016	2
J Información y comunicaciones	Mujeres	Porcentaje	2015	2
J Información y comunicaciones	Mujeres	Porcentaje	2014	2,1
J Información y comunicaciones	Mujeres	Porcentaje	2013	2,3
J Información y comunicaciones	Mujeres	Porcentaje	2012	2,3
J Información y comunicaciones	Mujeres	Porcentaje	2011	2,1
J Información y comunicaciones	Mujeres	Porcentaje	2010	2
J Información y comunicaciones	Mujeres	Porcentaje	2009	2,2
J Información y comunicaciones	Mujeres	Porcentaje	2008	2,3
58 Edición	Ambos sexos	Valor absoluto	2025	51,7
58 Edición	Ambos sexos	Valor absoluto	2024	53,1
58 Edición	Ambos sexos	Valor absoluto	2023	61,1
58 Edición	Ambos sexos	Valor absoluto	2022	62,9
58 Edición	Ambos sexos	Valor absoluto	2021	50,3
58 Edición	Ambos sexos	Valor absoluto	2020	56,4
58 Edición	Ambos sexos	Valor absoluto	2019	51,4
58 Edición	Ambos sexos	Valor absoluto	2018	53
58 Edición	Ambos sexos	Valor absoluto	2017	52,5
58 Edición	Ambos sexos	Valor absoluto	2016	55
58 Edición	Ambos sexos	Valor absoluto	2015	54,1
58 Edición	Ambos sexos	Valor absoluto	2014	53
58 Edición	Ambos sexos	Valor absoluto	2013	56,6
58 Edición	Ambos sexos	Valor absoluto	2012	58,8
58 Edición	Ambos sexos	Valor absoluto	2011	58,3
58 Edición	Ambos sexos	Valor absoluto	2010	60,3
58 Edición	Ambos sexos	Valor absoluto	2009	73,6
58 Edición	Ambos sexos	Valor absoluto	2008	82,8
58 Edición	Ambos sexos	Porcentaje	2025	0,2
58 Edición	Ambos sexos	Porcentaje	2024	0,2
58 Edición	Ambos sexos	Porcentaje	2023	0,3
58 Edición	Ambos sexos	Porcentaje	2022	0,3
58 Edición	Ambos sexos	Porcentaje	2021	0,3
58 Edición	Ambos sexos	Porcentaje	2020	0,3
58 Edición	Ambos sexos	Porcentaje	2019	0,3
58 Edición	Ambos sexos	Porcentaje	2018	0,3
58 Edición	Ambos sexos	Porcentaje	2017	0,3
58 Edición	Ambos sexos	Porcentaje	2016	0,3
58 Edición	Ambos sexos	Porcentaje	2015	0,3
58 Edición	Ambos sexos	Porcentaje	2014	0,3
58 Edición	Ambos sexos	Porcentaje	2013	0,3
58 Edición	Ambos sexos	Porcentaje	2012	0,3
58 Edición	Ambos sexos	Porcentaje	2011	0,3
58 Edición	Ambos sexos	Porcentaje	2010	0,3
58 Edición	Ambos sexos	Porcentaje	2009	0,4
58 Edición	Ambos sexos	Porcentaje	2008	0,4
58 Edición	Hombres	Valor absoluto	2025	32,5
58 Edición	Hombres	Valor absoluto	2024	29,5
58 Edición	Hombres	Valor absoluto	2023	34,5
58 Edición	Hombres	Valor absoluto	2022	35,3
58 Edición	Hombres	Valor absoluto	2021	28,9
58 Edición	Hombres	Valor absoluto	2020	31,2
58 Edición	Hombres	Valor absoluto	2019	27,8
58 Edición	Hombres	Valor absoluto	2018	30,1
58 Edición	Hombres	Valor absoluto	2017	29,3
58 Edición	Hombres	Valor absoluto	2016	28,9
58 Edición	Hombres	Valor absoluto	2015	29,4
58 Edición	Hombres	Valor absoluto	2014	26,6
58 Edición	Hombres	Valor absoluto	2013	27,9
58 Edición	Hombres	Valor absoluto	2012	30,7
58 Edición	Hombres	Valor absoluto	2011	31,7
58 Edición	Hombres	Valor absoluto	2010	32,2
58 Edición	Hombres	Valor absoluto	2009	39,7
58 Edición	Hombres	Valor absoluto	2008	44,3
58 Edición	Hombres	Porcentaje	2025	0,3
58 Edición	Hombres	Porcentaje	2024	0,3
58 Edición	Hombres	Porcentaje	2023	0,3
58 Edición	Hombres	Porcentaje	2022	0,3
58 Edición	Hombres	Porcentaje	2021	0,3
58 Edición	Hombres	Porcentaje	2020	0,3
58 Edición	Hombres	Porcentaje	2019	0,3
58 Edición	Hombres	Porcentaje	2018	0,3
58 Edición	Hombres	Porcentaje	2017	0,3
58 Edición	Hombres	Porcentaje	2016	0,3
58 Edición	Hombres	Porcentaje	2015	0,3
58 Edición	Hombres	Porcentaje	2014	0,3
58 Edición	Hombres	Porcentaje	2013	0,3
58 Edición	Hombres	Porcentaje	2012	0,3
58 Edición	Hombres	Porcentaje	2011	0,3
58 Edición	Hombres	Porcentaje	2010	0,3
58 Edición	Hombres	Porcentaje	2009	0,4
58 Edición	Hombres	Porcentaje	2008	0,4
58 Edición	Mujeres	Valor absoluto	2025	19,2
58 Edición	Mujeres	Valor absoluto	2024	23,6
58 Edición	Mujeres	Valor absoluto	2023	26,6
58 Edición	Mujeres	Valor absoluto	2022	27,6
58 Edición	Mujeres	Valor absoluto	2021	21,4
58 Edición	Mujeres	Valor absoluto	2020	25,3
58 Edición	Mujeres	Valor absoluto	2019	23,6
58 Edición	Mujeres	Valor absoluto	2018	22,9
58 Edición	Mujeres	Valor absoluto	2017	23,2
58 Edición	Mujeres	Valor absoluto	2016	26,1
58 Edición	Mujeres	Valor absoluto	2015	24,6
58 Edición	Mujeres	Valor absoluto	2014	26,4
58 Edición	Mujeres	Valor absoluto	2013	28,7
58 Edición	Mujeres	Valor absoluto	2012	28
58 Edición	Mujeres	Valor absoluto	2011	26,5
58 Edición	Mujeres	Valor absoluto	2010	28,1
58 Edición	Mujeres	Valor absoluto	2009	33,9
58 Edición	Mujeres	Valor absoluto	2008	38,5
58 Edición	Mujeres	Porcentaje	2025	0,2
58 Edición	Mujeres	Porcentaje	2024	0,2
58 Edición	Mujeres	Porcentaje	2023	0,3
58 Edición	Mujeres	Porcentaje	2022	0,3
58 Edición	Mujeres	Porcentaje	2021	0,2
58 Edición	Mujeres	Porcentaje	2020	0,3
58 Edición	Mujeres	Porcentaje	2019	0,3
58 Edición	Mujeres	Porcentaje	2018	0,3
58 Edición	Mujeres	Porcentaje	2017	0,3
58 Edición	Mujeres	Porcentaje	2016	0,3
58 Edición	Mujeres	Porcentaje	2015	0,3
58 Edición	Mujeres	Porcentaje	2014	0,3
58 Edición	Mujeres	Porcentaje	2013	0,4
58 Edición	Mujeres	Porcentaje	2012	0,3
58 Edición	Mujeres	Porcentaje	2011	0,3
58 Edición	Mujeres	Porcentaje	2010	0,3
58 Edición	Mujeres	Porcentaje	2009	0,4
58 Edición	Mujeres	Porcentaje	2008	0,4
59 Actividades cinematográficas, de vídeo y de programas de televisión, grabación de sonido y edición musical	Ambos sexos	Valor absoluto	2025	58,4
59 Actividades cinematográficas, de vídeo y de programas de televisión, grabación de sonido y edición musical	Ambos sexos	Valor absoluto	2024	63,8
59 Actividades cinematográficas, de vídeo y de programas de televisión, grabación de sonido y edición musical	Ambos sexos	Valor absoluto	2023	54,6
59 Actividades cinematográficas, de vídeo y de programas de televisión, grabación de sonido y edición musical	Ambos sexos	Valor absoluto	2022	46,3
59 Actividades cinematográficas, de vídeo y de programas de televisión, grabación de sonido y edición musical	Ambos sexos	Valor absoluto	2021	44,7
59 Actividades cinematográficas, de vídeo y de programas de televisión, grabación de sonido y edición musical	Ambos sexos	Valor absoluto	2020	30,1
59 Actividades cinematográficas, de vídeo y de programas de televisión, grabación de sonido y edición musical	Ambos sexos	Valor absoluto	2019	39
59 Actividades cinematográficas, de vídeo y de programas de televisión, grabación de sonido y edición musical	Ambos sexos	Valor absoluto	2018	40,8
59 Actividades cinematográficas, de vídeo y de programas de televisión, grabación de sonido y edición musical	Ambos sexos	Valor absoluto	2017	47,4
59 Actividades cinematográficas, de vídeo y de programas de televisión, grabación de sonido y edición musical	Ambos sexos	Valor absoluto	2016	39
59 Actividades cinematográficas, de vídeo y de programas de televisión, grabación de sonido y edición musical	Ambos sexos	Valor absoluto	2015	31,9
59 Actividades cinematográficas, de vídeo y de programas de televisión, grabación de sonido y edición musical	Ambos sexos	Valor absoluto	2014	38,2
59 Actividades cinematográficas, de vídeo y de programas de televisión, grabación de sonido y edición musical	Ambos sexos	Valor absoluto	2013	40,3
59 Actividades cinematográficas, de vídeo y de programas de televisión, grabación de sonido y edición musical	Ambos sexos	Valor absoluto	2012	41
59 Actividades cinematográficas, de vídeo y de programas de televisión, grabación de sonido y edición musical	Ambos sexos	Valor absoluto	2011	40,4
59 Actividades cinematográficas, de vídeo y de programas de televisión, grabación de sonido y edición musical	Ambos sexos	Valor absoluto	2010	34,5
59 Actividades cinematográficas, de vídeo y de programas de televisión, grabación de sonido y edición musical	Ambos sexos	Valor absoluto	2009	39,3
59 Actividades cinematográficas, de vídeo y de programas de televisión, grabación de sonido y edición musical	Ambos sexos	Valor absoluto	2008	43
59 Actividades cinematográficas, de vídeo y de programas de televisión, grabación de sonido y edición musical	Ambos sexos	Porcentaje	2025	0,3
59 Actividades cinematográficas, de vídeo y de programas de televisión, grabación de sonido y edición musical	Ambos sexos	Porcentaje	2024	0,3
59 Actividades cinematográficas, de vídeo y de programas de televisión, grabación de sonido y edición musical	Ambos sexos	Porcentaje	2023	0,3
59 Actividades cinematográficas, de vídeo y de programas de televisión, grabación de sonido y edición musical	Ambos sexos	Porcentaje	2022	0,2
59 Actividades cinematográficas, de vídeo y de programas de televisión, grabación de sonido y edición musical	Ambos sexos	Porcentaje	2021	0,2
59 Actividades cinematográficas, de vídeo y de programas de televisión, grabación de sonido y edición musical	Ambos sexos	Porcentaje	2020	0,2
59 Actividades cinematográficas, de vídeo y de programas de televisión, grabación de sonido y edición musical	Ambos sexos	Porcentaje	2019	0,2
59 Actividades cinematográficas, de vídeo y de programas de televisión, grabación de sonido y edición musical	Ambos sexos	Porcentaje	2018	0,2
59 Actividades cinematográficas, de vídeo y de programas de televisión, grabación de sonido y edición musical	Ambos sexos	Porcentaje	2017	0,3
59 Actividades cinematográficas, de vídeo y de programas de televisión, grabación de sonido y edición musical	Ambos sexos	Porcentaje	2016	0,2
59 Actividades cinematográficas, de vídeo y de programas de televisión, grabación de sonido y edición musical	Ambos sexos	Porcentaje	2015	0,2
59 Actividades cinematográficas, de vídeo y de programas de televisión, grabación de sonido y edición musical	Ambos sexos	Porcentaje	2014	0,2
59 Actividades cinematográficas, de vídeo y de programas de televisión, grabación de sonido y edición musical	Ambos sexos	Porcentaje	2013	0,2
59 Actividades cinematográficas, de vídeo y de programas de televisión, grabación de sonido y edición musical	Ambos sexos	Porcentaje	2012	0,2
59 Actividades cinematográficas, de vídeo y de programas de televisión, grabación de sonido y edición musical	Ambos sexos	Porcentaje	2011	0,2
59 Actividades cinematográficas, de vídeo y de programas de televisión, grabación de sonido y edición musical	Ambos sexos	Porcentaje	2010	0,2
59 Actividades cinematográficas, de vídeo y de programas de televisión, grabación de sonido y edición musical	Ambos sexos	Porcentaje	2009	0,2
59 Actividades cinematográficas, de vídeo y de programas de televisión, grabación de sonido y edición musical	Ambos sexos	Porcentaje	2008	0,2
59 Actividades cinematográficas, de vídeo y de programas de televisión, grabación de sonido y edición musical	Hombres	Valor absoluto	2025	35,1
59 Actividades cinematográficas, de vídeo y de programas de televisión, grabación de sonido y edición musical	Hombres	Valor absoluto	2024	43
59 Actividades cinematográficas, de vídeo y de programas de televisión, grabación de sonido y edición musical	Hombres	Valor absoluto	2023	37,3
59 Actividades cinematográficas, de vídeo y de programas de televisión, grabación de sonido y edición musical	Hombres	Valor absoluto	2022	24,7
59 Actividades cinematográficas, de vídeo y de programas de televisión, grabación de sonido y edición musical	Hombres	Valor absoluto	2021	25,2
59 Actividades cinematográficas, de vídeo y de programas de televisión, grabación de sonido y edición musical	Hombres	Valor absoluto	2020	17,8
59 Actividades cinematográficas, de vídeo y de programas de televisión, grabación de sonido y edición musical	Hombres	Valor absoluto	2019	23,8
59 Actividades cinematográficas, de vídeo y de programas de televisión, grabación de sonido y edición musical	Hombres	Valor absoluto	2018	24,9
59 Actividades cinematográficas, de vídeo y de programas de televisión, grabación de sonido y edición musical	Hombres	Valor absoluto	2017	27,3
59 Actividades cinematográficas, de vídeo y de programas de televisión, grabación de sonido y edición musical	Hombres	Valor absoluto	2016	25,5
59 Actividades cinematográficas, de vídeo y de programas de televisión, grabación de sonido y edición musical	Hombres	Valor absoluto	2015	19,5
59 Actividades cinematográficas, de vídeo y de programas de televisión, grabación de sonido y edición musical	Hombres	Valor absoluto	2014	22,3
59 Actividades cinematográficas, de vídeo y de programas de televisión, grabación de sonido y edición musical	Hombres	Valor absoluto	2013	23,6
59 Actividades cinematográficas, de vídeo y de programas de televisión, grabación de sonido y edición musical	Hombres	Valor absoluto	2012	23,9
59 Actividades cinematográficas, de vídeo y de programas de televisión, grabación de sonido y edición musical	Hombres	Valor absoluto	2011	26,3
59 Actividades cinematográficas, de vídeo y de programas de televisión, grabación de sonido y edición musical	Hombres	Valor absoluto	2010	21,7
59 Actividades cinematográficas, de vídeo y de programas de televisión, grabación de sonido y edición musical	Hombres	Valor absoluto	2009	24,2
59 Actividades cinematográficas, de vídeo y de programas de televisión, grabación de sonido y edición musical	Hombres	Valor absoluto	2008	29,1
59 Actividades cinematográficas, de vídeo y de programas de televisión, grabación de sonido y edición musical	Hombres	Porcentaje	2025	0,3
59 Actividades cinematográficas, de vídeo y de programas de televisión, grabación de sonido y edición musical	Hombres	Porcentaje	2024	0,4
59 Actividades cinematográficas, de vídeo y de programas de televisión, grabación de sonido y edición musical	Hombres	Porcentaje	2023	0,3
59 Actividades cinematográficas, de vídeo y de programas de televisión, grabación de sonido y edición musical	Hombres	Porcentaje	2022	0,2
59 Actividades cinematográficas, de vídeo y de programas de televisión, grabación de sonido y edición musical	Hombres	Porcentaje	2021	0,2
59 Actividades cinematográficas, de vídeo y de programas de televisión, grabación de sonido y edición musical	Hombres	Porcentaje	2020	0,2
59 Actividades cinematográficas, de vídeo y de programas de televisión, grabación de sonido y edición musical	Hombres	Porcentaje	2019	0,2
59 Actividades cinematográficas, de vídeo y de programas de televisión, grabación de sonido y edición musical	Hombres	Porcentaje	2018	0,2
59 Actividades cinematográficas, de vídeo y de programas de televisión, grabación de sonido y edición musical	Hombres	Porcentaje	2017	0,3
59 Actividades cinematográficas, de vídeo y de programas de televisión, grabación de sonido y edición musical	Hombres	Porcentaje	2016	0,3
59 Actividades cinematográficas, de vídeo y de programas de televisión, grabación de sonido y edición musical	Hombres	Porcentaje	2015	0,2
59 Actividades cinematográficas, de vídeo y de programas de televisión, grabación de sonido y edición musical	Hombres	Porcentaje	2014	0,2
59 Actividades cinematográficas, de vídeo y de programas de televisión, grabación de sonido y edición musical	Hombres	Porcentaje	2013	0,3
59 Actividades cinematográficas, de vídeo y de programas de televisión, grabación de sonido y edición musical	Hombres	Porcentaje	2012	0,2
59 Actividades cinematográficas, de vídeo y de programas de televisión, grabación de sonido y edición musical	Hombres	Porcentaje	2011	0,3
59 Actividades cinematográficas, de vídeo y de programas de televisión, grabación de sonido y edición musical	Hombres	Porcentaje	2010	0,2
59 Actividades cinematográficas, de vídeo y de programas de televisión, grabación de sonido y edición musical	Hombres	Porcentaje	2009	0,2
59 Actividades cinematográficas, de vídeo y de programas de televisión, grabación de sonido y edición musical	Hombres	Porcentaje	2008	0,2
59 Actividades cinematográficas, de vídeo y de programas de televisión, grabación de sonido y edición musical	Mujeres	Valor absoluto	2025	23,3
59 Actividades cinematográficas, de vídeo y de programas de televisión, grabación de sonido y edición musical	Mujeres	Valor absoluto	2024	20,8
59 Actividades cinematográficas, de vídeo y de programas de televisión, grabación de sonido y edición musical	Mujeres	Valor absoluto	2023	17,3
59 Actividades cinematográficas, de vídeo y de programas de televisión, grabación de sonido y edición musical	Mujeres	Valor absoluto	2022	21,6
59 Actividades cinematográficas, de vídeo y de programas de televisión, grabación de sonido y edición musical	Mujeres	Valor absoluto	2021	19,5
59 Actividades cinematográficas, de vídeo y de programas de televisión, grabación de sonido y edición musical	Mujeres	Valor absoluto	2020	12,3
59 Actividades cinematográficas, de vídeo y de programas de televisión, grabación de sonido y edición musical	Mujeres	Valor absoluto	2019	15,3
59 Actividades cinematográficas, de vídeo y de programas de televisión, grabación de sonido y edición musical	Mujeres	Valor absoluto	2018	16
59 Actividades cinematográficas, de vídeo y de programas de televisión, grabación de sonido y edición musical	Mujeres	Valor absoluto	2017	20,1
59 Actividades cinematográficas, de vídeo y de programas de televisión, grabación de sonido y edición musical	Mujeres	Valor absoluto	2016	13,4
59 Actividades cinematográficas, de vídeo y de programas de televisión, grabación de sonido y edición musical	Mujeres	Valor absoluto	2015	12,4
59 Actividades cinematográficas, de vídeo y de programas de televisión, grabación de sonido y edición musical	Mujeres	Valor absoluto	2014	16
59 Actividades cinematográficas, de vídeo y de programas de televisión, grabación de sonido y edición musical	Mujeres	Valor absoluto	2013	16,7
59 Actividades cinematográficas, de vídeo y de programas de televisión, grabación de sonido y edición musical	Mujeres	Valor absoluto	2012	17
59 Actividades cinematográficas, de vídeo y de programas de televisión, grabación de sonido y edición musical	Mujeres	Valor absoluto	2011	14,1
59 Actividades cinematográficas, de vídeo y de programas de televisión, grabación de sonido y edición musical	Mujeres	Valor absoluto	2010	12,8
59 Actividades cinematográficas, de vídeo y de programas de televisión, grabación de sonido y edición musical	Mujeres	Valor absoluto	2009	15
59 Actividades cinematográficas, de vídeo y de programas de televisión, grabación de sonido y edición musical	Mujeres	Valor absoluto	2008	13,9
59 Actividades cinematográficas, de vídeo y de programas de televisión, grabación de sonido y edición musical	Mujeres	Porcentaje	2025	0,2
59 Actividades cinematográficas, de vídeo y de programas de televisión, grabación de sonido y edición musical	Mujeres	Porcentaje	2024	0,2
59 Actividades cinematográficas, de vídeo y de programas de televisión, grabación de sonido y edición musical	Mujeres	Porcentaje	2023	0,2
59 Actividades cinematográficas, de vídeo y de programas de televisión, grabación de sonido y edición musical	Mujeres	Porcentaje	2022	0,2
59 Actividades cinematográficas, de vídeo y de programas de televisión, grabación de sonido y edición musical	Mujeres	Porcentaje	2021	0,2
59 Actividades cinematográficas, de vídeo y de programas de televisión, grabación de sonido y edición musical	Mujeres	Porcentaje	2020	0,1
59 Actividades cinematográficas, de vídeo y de programas de televisión, grabación de sonido y edición musical	Mujeres	Porcentaje	2019	0,2
59 Actividades cinematográficas, de vídeo y de programas de televisión, grabación de sonido y edición musical	Mujeres	Porcentaje	2018	0,2
59 Actividades cinematográficas, de vídeo y de programas de televisión, grabación de sonido y edición musical	Mujeres	Porcentaje	2017	0,2
59 Actividades cinematográficas, de vídeo y de programas de televisión, grabación de sonido y edición musical	Mujeres	Porcentaje	2016	0,2
59 Actividades cinematográficas, de vídeo y de programas de televisión, grabación de sonido y edición musical	Mujeres	Porcentaje	2015	0,2
59 Actividades cinematográficas, de vídeo y de programas de televisión, grabación de sonido y edición musical	Mujeres	Porcentaje	2014	0,2
59 Actividades cinematográficas, de vídeo y de programas de televisión, grabación de sonido y edición musical	Mujeres	Porcentaje	2013	0,2
59 Actividades cinematográficas, de vídeo y de programas de televisión, grabación de sonido y edición musical	Mujeres	Porcentaje	2012	0,2
59 Actividades cinematográficas, de vídeo y de programas de televisión, grabación de sonido y edición musical	Mujeres	Porcentaje	2011	0,2
59 Actividades cinematográficas, de vídeo y de programas de televisión, grabación de sonido y edición musical	Mujeres	Porcentaje	2010	0,2
59 Actividades cinematográficas, de vídeo y de programas de televisión, grabación de sonido y edición musical	Mujeres	Porcentaje	2009	0,2
59 Actividades cinematográficas, de vídeo y de programas de televisión, grabación de sonido y edición musical	Mujeres	Porcentaje	2008	0,2
60 Actividades de programación y emisión de radio y televisión	Ambos sexos	Valor absoluto	2025	43,7
60 Actividades de programación y emisión de radio y televisión	Ambos sexos	Valor absoluto	2024	44,1
60 Actividades de programación y emisión de radio y televisión	Ambos sexos	Valor absoluto	2023	31,4
60 Actividades de programación y emisión de radio y televisión	Ambos sexos	Valor absoluto	2022	31,6
60 Actividades de programación y emisión de radio y televisión	Ambos sexos	Valor absoluto	2021	39,8
60 Actividades de programación y emisión de radio y televisión	Ambos sexos	Valor absoluto	2020	39,8
60 Actividades de programación y emisión de radio y televisión	Ambos sexos	Valor absoluto	2019	41,2
60 Actividades de programación y emisión de radio y televisión	Ambos sexos	Valor absoluto	2018	44,5
60 Actividades de programación y emisión de radio y televisión	Ambos sexos	Valor absoluto	2017	41,8
60 Actividades de programación y emisión de radio y televisión	Ambos sexos	Valor absoluto	2016	43,9
60 Actividades de programación y emisión de radio y televisión	Ambos sexos	Valor absoluto	2015	44,4
60 Actividades de programación y emisión de radio y televisión	Ambos sexos	Valor absoluto	2014	38
60 Actividades de programación y emisión de radio y televisión	Ambos sexos	Valor absoluto	2013	31,5
60 Actividades de programación y emisión de radio y televisión	Ambos sexos	Valor absoluto	2012	36,9
60 Actividades de programación y emisión de radio y televisión	Ambos sexos	Valor absoluto	2011	43,2
60 Actividades de programación y emisión de radio y televisión	Ambos sexos	Valor absoluto	2010	44,8
60 Actividades de programación y emisión de radio y televisión	Ambos sexos	Valor absoluto	2009	45,9
60 Actividades de programación y emisión de radio y televisión	Ambos sexos	Valor absoluto	2008	49,5
60 Actividades de programación y emisión de radio y televisión	Ambos sexos	Porcentaje	2025	0,2
60 Actividades de programación y emisión de radio y televisión	Ambos sexos	Porcentaje	2024	0,2
60 Actividades de programación y emisión de radio y televisión	Ambos sexos	Porcentaje	2023	0,1
60 Actividades de programación y emisión de radio y televisión	Ambos sexos	Porcentaje	2022	0,2
60 Actividades de programación y emisión de radio y televisión	Ambos sexos	Porcentaje	2021	0,2
60 Actividades de programación y emisión de radio y televisión	Ambos sexos	Porcentaje	2020	0,2
60 Actividades de programación y emisión de radio y televisión	Ambos sexos	Porcentaje	2019	0,2
60 Actividades de programación y emisión de radio y televisión	Ambos sexos	Porcentaje	2018	0,2
60 Actividades de programación y emisión de radio y televisión	Ambos sexos	Porcentaje	2017	0,2
60 Actividades de programación y emisión de radio y televisión	Ambos sexos	Porcentaje	2016	0,2
60 Actividades de programación y emisión de radio y televisión	Ambos sexos	Porcentaje	2015	0,2
60 Actividades de programación y emisión de radio y televisión	Ambos sexos	Porcentaje	2014	0,2
60 Actividades de programación y emisión de radio y televisión	Ambos sexos	Porcentaje	2013	0,2
60 Actividades de programación y emisión de radio y televisión	Ambos sexos	Porcentaje	2012	0,2
60 Actividades de programación y emisión de radio y televisión	Ambos sexos	Porcentaje	2011	0,2
60 Actividades de programación y emisión de radio y televisión	Ambos sexos	Porcentaje	2010	0,2
60 Actividades de programación y emisión de radio y televisión	Ambos sexos	Porcentaje	2009	0,2
60 Actividades de programación y emisión de radio y televisión	Ambos sexos	Porcentaje	2008	0,2
60 Actividades de programación y emisión de radio y televisión	Hombres	Valor absoluto	2025	24
60 Actividades de programación y emisión de radio y televisión	Hombres	Valor absoluto	2024	29,4
60 Actividades de programación y emisión de radio y televisión	Hombres	Valor absoluto	2023	20,6
60 Actividades de programación y emisión de radio y televisión	Hombres	Valor absoluto	2022	18,6
60 Actividades de programación y emisión de radio y televisión	Hombres	Valor absoluto	2021	24,2
60 Actividades de programación y emisión de radio y televisión	Hombres	Valor absoluto	2020	23,7
60 Actividades de programación y emisión de radio y televisión	Hombres	Valor absoluto	2019	25,7
60 Actividades de programación y emisión de radio y televisión	Hombres	Valor absoluto	2018	25,7
60 Actividades de programación y emisión de radio y televisión	Hombres	Valor absoluto	2017	21,7
60 Actividades de programación y emisión de radio y televisión	Hombres	Valor absoluto	2016	23,1
60 Actividades de programación y emisión de radio y televisión	Hombres	Valor absoluto	2015	28
60 Actividades de programación y emisión de radio y televisión	Hombres	Valor absoluto	2014	22,9
60 Actividades de programación y emisión de radio y televisión	Hombres	Valor absoluto	2013	19
60 Actividades de programación y emisión de radio y televisión	Hombres	Valor absoluto	2012	19,9
60 Actividades de programación y emisión de radio y televisión	Hombres	Valor absoluto	2011	23,8
60 Actividades de programación y emisión de radio y televisión	Hombres	Valor absoluto	2010	28,9
60 Actividades de programación y emisión de radio y televisión	Hombres	Valor absoluto	2009	26,6
60 Actividades de programación y emisión de radio y televisión	Hombres	Valor absoluto	2008	29,7
60 Actividades de programación y emisión de radio y televisión	Hombres	Porcentaje	2025	0,2
60 Actividades de programación y emisión de radio y televisión	Hombres	Porcentaje	2024	0,3
60 Actividades de programación y emisión de radio y televisión	Hombres	Porcentaje	2023	0,2
60 Actividades de programación y emisión de radio y televisión	Hombres	Porcentaje	2022	0,2
60 Actividades de programación y emisión de radio y televisión	Hombres	Porcentaje	2021	0,2
60 Actividades de programación y emisión de radio y televisión	Hombres	Porcentaje	2020	0,2
60 Actividades de programación y emisión de radio y televisión	Hombres	Porcentaje	2019	0,2
60 Actividades de programación y emisión de radio y televisión	Hombres	Porcentaje	2018	0,2
60 Actividades de programación y emisión de radio y televisión	Hombres	Porcentaje	2017	0,2
60 Actividades de programación y emisión de radio y televisión	Hombres	Porcentaje	2016	0,2
60 Actividades de programación y emisión de radio y televisión	Hombres	Porcentaje	2015	0,3
60 Actividades de programación y emisión de radio y televisión	Hombres	Porcentaje	2014	0,2
60 Actividades de programación y emisión de radio y televisión	Hombres	Porcentaje	2013	0,2
60 Actividades de programación y emisión de radio y televisión	Hombres	Porcentaje	2012	0,2
60 Actividades de programación y emisión de radio y televisión	Hombres	Porcentaje	2011	0,2
60 Actividades de programación y emisión de radio y televisión	Hombres	Porcentaje	2010	0,3
60 Actividades de programación y emisión de radio y televisión	Hombres	Porcentaje	2009	0,2
60 Actividades de programación y emisión de radio y televisión	Hombres	Porcentaje	2008	0,3
60 Actividades de programación y emisión de radio y televisión	Mujeres	Valor absoluto	2025	19,7
60 Actividades de programación y emisión de radio y televisión	Mujeres	Valor absoluto	2024	14,8
60 Actividades de programación y emisión de radio y televisión	Mujeres	Valor absoluto	2023	10,7
60 Actividades de programación y emisión de radio y televisión	Mujeres	Valor absoluto	2022	13
60 Actividades de programación y emisión de radio y televisión	Mujeres	Valor absoluto	2021	15,6
60 Actividades de programación y emisión de radio y televisión	Mujeres	Valor absoluto	2020	16,1
60 Actividades de programación y emisión de radio y televisión	Mujeres	Valor absoluto	2019	15,6
60 Actividades de programación y emisión de radio y televisión	Mujeres	Valor absoluto	2018	18,9
60 Actividades de programación y emisión de radio y televisión	Mujeres	Valor absoluto	2017	20,1
60 Actividades de programación y emisión de radio y televisión	Mujeres	Valor absoluto	2016	20,8
60 Actividades de programación y emisión de radio y televisión	Mujeres	Valor absoluto	2015	16,4
60 Actividades de programación y emisión de radio y televisión	Mujeres	Valor absoluto	2014	15,1
60 Actividades de programación y emisión de radio y televisión	Mujeres	Valor absoluto	2013	12,4
60 Actividades de programación y emisión de radio y televisión	Mujeres	Valor absoluto	2012	17
60 Actividades de programación y emisión de radio y televisión	Mujeres	Valor absoluto	2011	19,5
60 Actividades de programación y emisión de radio y televisión	Mujeres	Valor absoluto	2010	16
60 Actividades de programación y emisión de radio y televisión	Mujeres	Valor absoluto	2009	19,3
60 Actividades de programación y emisión de radio y televisión	Mujeres	Valor absoluto	2008	19,8
60 Actividades de programación y emisión de radio y televisión	Mujeres	Porcentaje	2025	0,2
60 Actividades de programación y emisión de radio y televisión	Mujeres	Porcentaje	2024	0,1
60 Actividades de programación y emisión de radio y televisión	Mujeres	Porcentaje	2023	0,1
60 Actividades de programación y emisión de radio y televisión	Mujeres	Porcentaje	2022	0,1
60 Actividades de programación y emisión de radio y televisión	Mujeres	Porcentaje	2021	0,2
60 Actividades de programación y emisión de radio y televisión	Mujeres	Porcentaje	2020	0,2
60 Actividades de programación y emisión de radio y televisión	Mujeres	Porcentaje	2019	0,2
60 Actividades de programación y emisión de radio y televisión	Mujeres	Porcentaje	2018	0,2
60 Actividades de programación y emisión de radio y televisión	Mujeres	Porcentaje	2017	0,2
60 Actividades de programación y emisión de radio y televisión	Mujeres	Porcentaje	2016	0,2
60 Actividades de programación y emisión de radio y televisión	Mujeres	Porcentaje	2015	0,2
60 Actividades de programación y emisión de radio y televisión	Mujeres	Porcentaje	2014	0,2
60 Actividades de programación y emisión de radio y televisión	Mujeres	Porcentaje	2013	0,2
60 Actividades de programación y emisión de radio y televisión	Mujeres	Porcentaje	2012	0,2
60 Actividades de programación y emisión de radio y televisión	Mujeres	Porcentaje	2011	0,2
60 Actividades de programación y emisión de radio y televisión	Mujeres	Porcentaje	2010	0,2
60 Actividades de programación y emisión de radio y televisión	Mujeres	Porcentaje	2009	0,2
60 Actividades de programación y emisión de radio y televisión	Mujeres	Porcentaje	2008	0,2
61 Telecomunicaciones	Ambos sexos	Valor absoluto	2025	119,9
61 Telecomunicaciones	Ambos sexos	Valor absoluto	2024	130,1
61 Telecomunicaciones	Ambos sexos	Valor absoluto	2023	127
61 Telecomunicaciones	Ambos sexos	Valor absoluto	2022	127,5
61 Telecomunicaciones	Ambos sexos	Valor absoluto	2021	133,5
61 Telecomunicaciones	Ambos sexos	Valor absoluto	2020	131,2
61 Telecomunicaciones	Ambos sexos	Valor absoluto	2019	117,6
61 Telecomunicaciones	Ambos sexos	Valor absoluto	2018	121,3
61 Telecomunicaciones	Ambos sexos	Valor absoluto	2017	131,6
61 Telecomunicaciones	Ambos sexos	Valor absoluto	2016	125,7
61 Telecomunicaciones	Ambos sexos	Valor absoluto	2015	136,3
61 Telecomunicaciones	Ambos sexos	Valor absoluto	2014	133,1
61 Telecomunicaciones	Ambos sexos	Valor absoluto	2013	136,1
61 Telecomunicaciones	Ambos sexos	Valor absoluto	2012	143,1
61 Telecomunicaciones	Ambos sexos	Valor absoluto	2011	132
61 Telecomunicaciones	Ambos sexos	Valor absoluto	2010	138,5
61 Telecomunicaciones	Ambos sexos	Valor absoluto	2009	135,3
61 Telecomunicaciones	Ambos sexos	Valor absoluto	2008	158,4
61 Telecomunicaciones	Ambos sexos	Porcentaje	2025	0,5
61 Telecomunicaciones	Ambos sexos	Porcentaje	2024	0,6
61 Telecomunicaciones	Ambos sexos	Porcentaje	2023	0,6
61 Telecomunicaciones	Ambos sexos	Porcentaje	2022	0,6
61 Telecomunicaciones	Ambos sexos	Porcentaje	2021	0,7
61 Telecomunicaciones	Ambos sexos	Porcentaje	2020	0,7
61 Telecomunicaciones	Ambos sexos	Porcentaje	2019	0,6
61 Telecomunicaciones	Ambos sexos	Porcentaje	2018	0,6
61 Telecomunicaciones	Ambos sexos	Porcentaje	2017	0,7
61 Telecomunicaciones	Ambos sexos	Porcentaje	2016	0,7
61 Telecomunicaciones	Ambos sexos	Porcentaje	2015	0,8
61 Telecomunicaciones	Ambos sexos	Porcentaje	2014	0,8
61 Telecomunicaciones	Ambos sexos	Porcentaje	2013	0,8
61 Telecomunicaciones	Ambos sexos	Porcentaje	2012	0,8
61 Telecomunicaciones	Ambos sexos	Porcentaje	2011	0,7
61 Telecomunicaciones	Ambos sexos	Porcentaje	2010	0,7
61 Telecomunicaciones	Ambos sexos	Porcentaje	2009	0,7
61 Telecomunicaciones	Ambos sexos	Porcentaje	2008	0,8
61 Telecomunicaciones	Hombres	Valor absoluto	2025	76,9
61 Telecomunicaciones	Hombres	Valor absoluto	2024	79,6
61 Telecomunicaciones	Hombres	Valor absoluto	2023	85,9
61 Telecomunicaciones	Hombres	Valor absoluto	2022	85,5
61 Telecomunicaciones	Hombres	Valor absoluto	2021	92,8
61 Telecomunicaciones	Hombres	Valor absoluto	2020	89,9
61 Telecomunicaciones	Hombres	Valor absoluto	2019	80
61 Telecomunicaciones	Hombres	Valor absoluto	2018	87,7
61 Telecomunicaciones	Hombres	Valor absoluto	2017	94,1
61 Telecomunicaciones	Hombres	Valor absoluto	2016	88,9
61 Telecomunicaciones	Hombres	Valor absoluto	2015	89,9
61 Telecomunicaciones	Hombres	Valor absoluto	2014	88,8
61 Telecomunicaciones	Hombres	Valor absoluto	2013	88,8
61 Telecomunicaciones	Hombres	Valor absoluto	2012	93,6
61 Telecomunicaciones	Hombres	Valor absoluto	2011	86,2
61 Telecomunicaciones	Hombres	Valor absoluto	2010	93,3
61 Telecomunicaciones	Hombres	Valor absoluto	2009	86,3
61 Telecomunicaciones	Hombres	Valor absoluto	2008	101,1
61 Telecomunicaciones	Hombres	Porcentaje	2025	0,6
61 Telecomunicaciones	Hombres	Porcentaje	2024	0,7
61 Telecomunicaciones	Hombres	Porcentaje	2023	0,8
61 Telecomunicaciones	Hombres	Porcentaje	2022	0,8
61 Telecomunicaciones	Hombres	Porcentaje	2021	0,9
61 Telecomunicaciones	Hombres	Porcentaje	2020	0,9
61 Telecomunicaciones	Hombres	Porcentaje	2019	0,7
61 Telecomunicaciones	Hombres	Porcentaje	2018	0,8
61 Telecomunicaciones	Hombres	Porcentaje	2017	0,9
61 Telecomunicaciones	Hombres	Porcentaje	2016	0,9
61 Telecomunicaciones	Hombres	Porcentaje	2015	0,9
61 Telecomunicaciones	Hombres	Porcentaje	2014	0,9
61 Telecomunicaciones	Hombres	Porcentaje	2013	1
61 Telecomunicaciones	Hombres	Porcentaje	2012	1
61 Telecomunicaciones	Hombres	Porcentaje	2011	0,8
61 Telecomunicaciones	Hombres	Porcentaje	2010	0,9
61 Telecomunicaciones	Hombres	Porcentaje	2009	0,8
61 Telecomunicaciones	Hombres	Porcentaje	2008	0,9
61 Telecomunicaciones	Mujeres	Valor absoluto	2025	43
61 Telecomunicaciones	Mujeres	Valor absoluto	2024	50,5
61 Telecomunicaciones	Mujeres	Valor absoluto	2023	41,1
61 Telecomunicaciones	Mujeres	Valor absoluto	2022	42
61 Telecomunicaciones	Mujeres	Valor absoluto	2021	40,7
61 Telecomunicaciones	Mujeres	Valor absoluto	2020	41,3
61 Telecomunicaciones	Mujeres	Valor absoluto	2019	37,7
61 Telecomunicaciones	Mujeres	Valor absoluto	2018	33,7
61 Telecomunicaciones	Mujeres	Valor absoluto	2017	37,5
61 Telecomunicaciones	Mujeres	Valor absoluto	2016	36,8
61 Telecomunicaciones	Mujeres	Valor absoluto	2015	46,5
61 Telecomunicaciones	Mujeres	Valor absoluto	2014	44,3
61 Telecomunicaciones	Mujeres	Valor absoluto	2013	47,3
61 Telecomunicaciones	Mujeres	Valor absoluto	2012	49,5
61 Telecomunicaciones	Mujeres	Valor absoluto	2011	45,8
61 Telecomunicaciones	Mujeres	Valor absoluto	2010	45,2
61 Telecomunicaciones	Mujeres	Valor absoluto	2009	49
61 Telecomunicaciones	Mujeres	Valor absoluto	2008	57,3
61 Telecomunicaciones	Mujeres	Porcentaje	2025	0,4
61 Telecomunicaciones	Mujeres	Porcentaje	2024	0,5
61 Telecomunicaciones	Mujeres	Porcentaje	2023	0,4
61 Telecomunicaciones	Mujeres	Porcentaje	2022	0,4
61 Telecomunicaciones	Mujeres	Porcentaje	2021	0,4
61 Telecomunicaciones	Mujeres	Porcentaje	2020	0,5
61 Telecomunicaciones	Mujeres	Porcentaje	2019	0,4
61 Telecomunicaciones	Mujeres	Porcentaje	2018	0,4
61 Telecomunicaciones	Mujeres	Porcentaje	2017	0,4
61 Telecomunicaciones	Mujeres	Porcentaje	2016	0,4
61 Telecomunicaciones	Mujeres	Porcentaje	2015	0,6
61 Telecomunicaciones	Mujeres	Porcentaje	2014	0,6
61 Telecomunicaciones	Mujeres	Porcentaje	2013	0,6
61 Telecomunicaciones	Mujeres	Porcentaje	2012	0,6
61 Telecomunicaciones	Mujeres	Porcentaje	2011	0,6
61 Telecomunicaciones	Mujeres	Porcentaje	2010	0,5
61 Telecomunicaciones	Mujeres	Porcentaje	2009	0,6
61 Telecomunicaciones	Mujeres	Porcentaje	2008	0,7
62 Programación, consultoría y otras actividades relacionadas con la informática	Ambos sexos	Valor absoluto	2025	542,6
62 Programación, consultoría y otras actividades relacionadas con la informática	Ambos sexos	Valor absoluto	2024	516,9
62 Programación, consultoría y otras actividades relacionadas con la informática	Ambos sexos	Valor absoluto	2023	458
62 Programación, consultoría y otras actividades relacionadas con la informática	Ambos sexos	Valor absoluto	2022	443,9
62 Programación, consultoría y otras actividades relacionadas con la informática	Ambos sexos	Valor absoluto	2021	376,8
62 Programación, consultoría y otras actividades relacionadas con la informática	Ambos sexos	Valor absoluto	2020	343,9
62 Programación, consultoría y otras actividades relacionadas con la informática	Ambos sexos	Valor absoluto	2019	341,6
62 Programación, consultoría y otras actividades relacionadas con la informática	Ambos sexos	Valor absoluto	2018	311,6
62 Programación, consultoría y otras actividades relacionadas con la informática	Ambos sexos	Valor absoluto	2017	293,9
62 Programación, consultoría y otras actividades relacionadas con la informática	Ambos sexos	Valor absoluto	2016	266,7
62 Programación, consultoría y otras actividades relacionadas con la informática	Ambos sexos	Valor absoluto	2015	249,8
62 Programación, consultoría y otras actividades relacionadas con la informática	Ambos sexos	Valor absoluto	2014	235,1
62 Programación, consultoría y otras actividades relacionadas con la informática	Ambos sexos	Valor absoluto	2013	241,1
62 Programación, consultoría y otras actividades relacionadas con la informática	Ambos sexos	Valor absoluto	2012	238,1
62 Programación, consultoría y otras actividades relacionadas con la informática	Ambos sexos	Valor absoluto	2011	245,7
62 Programación, consultoría y otras actividades relacionadas con la informática	Ambos sexos	Valor absoluto	2010	234,3
62 Programación, consultoría y otras actividades relacionadas con la informática	Ambos sexos	Valor absoluto	2009	224,1
62 Programación, consultoría y otras actividades relacionadas con la informática	Ambos sexos	Valor absoluto	2008	223,2
62 Programación, consultoría y otras actividades relacionadas con la informática	Ambos sexos	Porcentaje	2025	2,4
62 Programación, consultoría y otras actividades relacionadas con la informática	Ambos sexos	Porcentaje	2024	2,4
62 Programación, consultoría y otras actividades relacionadas con la informática	Ambos sexos	Porcentaje	2023	2,2
62 Programación, consultoría y otras actividades relacionadas con la informática	Ambos sexos	Porcentaje	2022	2,2
62 Programación, consultoría y otras actividades relacionadas con la informática	Ambos sexos	Porcentaje	2021	1,9
62 Programación, consultoría y otras actividades relacionadas con la informática	Ambos sexos	Porcentaje	2020	1,8
62 Programación, consultoría y otras actividades relacionadas con la informática	Ambos sexos	Porcentaje	2019	1,7
62 Programación, consultoría y otras actividades relacionadas con la informática	Ambos sexos	Porcentaje	2018	1,6
62 Programación, consultoría y otras actividades relacionadas con la informática	Ambos sexos	Porcentaje	2017	1,6
62 Programación, consultoría y otras actividades relacionadas con la informática	Ambos sexos	Porcentaje	2016	1,5
62 Programación, consultoría y otras actividades relacionadas con la informática	Ambos sexos	Porcentaje	2015	1,4
62 Programación, consultoría y otras actividades relacionadas con la informática	Ambos sexos	Porcentaje	2014	1,4
62 Programación, consultoría y otras actividades relacionadas con la informática	Ambos sexos	Porcentaje	2013	1,4
62 Programación, consultoría y otras actividades relacionadas con la informática	Ambos sexos	Porcentaje	2012	1,4
62 Programación, consultoría y otras actividades relacionadas con la informática	Ambos sexos	Porcentaje	2011	1,3
62 Programación, consultoría y otras actividades relacionadas con la informática	Ambos sexos	Porcentaje	2010	1,3
62 Programación, consultoría y otras actividades relacionadas con la informática	Ambos sexos	Porcentaje	2009	1,2
62 Programación, consultoría y otras actividades relacionadas con la informática	Ambos sexos	Porcentaje	2008	1,1
62 Programación, consultoría y otras actividades relacionadas con la informática	Hombres	Valor absoluto	2025	403,1
62 Programación, consultoría y otras actividades relacionadas con la informática	Hombres	Valor absoluto	2024	383,3
62 Programación, consultoría y otras actividades relacionadas con la informática	Hombres	Valor absoluto	2023	336,8
62 Programación, consultoría y otras actividades relacionadas con la informática	Hombres	Valor absoluto	2022	339,3
62 Programación, consultoría y otras actividades relacionadas con la informática	Hombres	Valor absoluto	2021	277,7
62 Programación, consultoría y otras actividades relacionadas con la informática	Hombres	Valor absoluto	2020	247,1
62 Programación, consultoría y otras actividades relacionadas con la informática	Hombres	Valor absoluto	2019	253,8
62 Programación, consultoría y otras actividades relacionadas con la informática	Hombres	Valor absoluto	2018	242,4
62 Programación, consultoría y otras actividades relacionadas con la informática	Hombres	Valor absoluto	2017	222,3
62 Programación, consultoría y otras actividades relacionadas con la informática	Hombres	Valor absoluto	2016	200,9
62 Programación, consultoría y otras actividades relacionadas con la informática	Hombres	Valor absoluto	2015	194,6
62 Programación, consultoría y otras actividades relacionadas con la informática	Hombres	Valor absoluto	2014	175,5
62 Programación, consultoría y otras actividades relacionadas con la informática	Hombres	Valor absoluto	2013	177,3
62 Programación, consultoría y otras actividades relacionadas con la informática	Hombres	Valor absoluto	2012	177
62 Programación, consultoría y otras actividades relacionadas con la informática	Hombres	Valor absoluto	2011	183,9
62 Programación, consultoría y otras actividades relacionadas con la informática	Hombres	Valor absoluto	2010	174,3
62 Programación, consultoría y otras actividades relacionadas con la informática	Hombres	Valor absoluto	2009	166,8
62 Programación, consultoría y otras actividades relacionadas con la informática	Hombres	Valor absoluto	2008	163,7
62 Programación, consultoría y otras actividades relacionadas con la informática	Hombres	Porcentaje	2025	3,4
62 Programación, consultoría y otras actividades relacionadas con la informática	Hombres	Porcentaje	2024	3,3
62 Programación, consultoría y otras actividades relacionadas con la informática	Hombres	Porcentaje	2023	3
62 Programación, consultoría y otras actividades relacionadas con la informática	Hombres	Porcentaje	2022	3,1
62 Programación, consultoría y otras actividades relacionadas con la informática	Hombres	Porcentaje	2021	2,6
62 Programación, consultoría y otras actividades relacionadas con la informática	Hombres	Porcentaje	2020	2,4
62 Programación, consultoría y otras actividades relacionadas con la informática	Hombres	Porcentaje	2019	2,4
62 Programación, consultoría y otras actividades relacionadas con la informática	Hombres	Porcentaje	2018	2,3
62 Programación, consultoría y otras actividades relacionadas con la informática	Hombres	Porcentaje	2017	2,2
62 Programación, consultoría y otras actividades relacionadas con la informática	Hombres	Porcentaje	2016	2
62 Programación, consultoría y otras actividades relacionadas con la informática	Hombres	Porcentaje	2015	2
62 Programación, consultoría y otras actividades relacionadas con la informática	Hombres	Porcentaje	2014	1,9
62 Programación, consultoría y otras actividades relacionadas con la informática	Hombres	Porcentaje	2013	1,9
62 Programación, consultoría y otras actividades relacionadas con la informática	Hombres	Porcentaje	2012	1,8
62 Programación, consultoría y otras actividades relacionadas con la informática	Hombres	Porcentaje	2011	1,8
62 Programación, consultoría y otras actividades relacionadas con la informática	Hombres	Porcentaje	2010	1,7
62 Programación, consultoría y otras actividades relacionadas con la informática	Hombres	Porcentaje	2009	1,6
62 Programación, consultoría y otras actividades relacionadas con la informática	Hombres	Porcentaje	2008	1,4
62 Programación, consultoría y otras actividades relacionadas con la informática	Mujeres	Valor absoluto	2025	139,5
62 Programación, consultoría y otras actividades relacionadas con la informática	Mujeres	Valor absoluto	2024	133,7
62 Programación, consultoría y otras actividades relacionadas con la informática	Mujeres	Valor absoluto	2023	121,3
62 Programación, consultoría y otras actividades relacionadas con la informática	Mujeres	Valor absoluto	2022	104,7
62 Programación, consultoría y otras actividades relacionadas con la informática	Mujeres	Valor absoluto	2021	99,1
62 Programación, consultoría y otras actividades relacionadas con la informática	Mujeres	Valor absoluto	2020	96,8
62 Programación, consultoría y otras actividades relacionadas con la informática	Mujeres	Valor absoluto	2019	87,8
62 Programación, consultoría y otras actividades relacionadas con la informática	Mujeres	Valor absoluto	2018	69,1
62 Programación, consultoría y otras actividades relacionadas con la informática	Mujeres	Valor absoluto	2017	71,6
62 Programación, consultoría y otras actividades relacionadas con la informática	Mujeres	Valor absoluto	2016	65,8
62 Programación, consultoría y otras actividades relacionadas con la informática	Mujeres	Valor absoluto	2015	55,2
62 Programación, consultoría y otras actividades relacionadas con la informática	Mujeres	Valor absoluto	2014	59,7
62 Programación, consultoría y otras actividades relacionadas con la informática	Mujeres	Valor absoluto	2013	63,9
62 Programación, consultoría y otras actividades relacionadas con la informática	Mujeres	Valor absoluto	2012	61,1
62 Programación, consultoría y otras actividades relacionadas con la informática	Mujeres	Valor absoluto	2011	61,9
62 Programación, consultoría y otras actividades relacionadas con la informática	Mujeres	Valor absoluto	2010	60
62 Programación, consultoría y otras actividades relacionadas con la informática	Mujeres	Valor absoluto	2009	57,3
62 Programación, consultoría y otras actividades relacionadas con la informática	Mujeres	Valor absoluto	2008	59,5
62 Programación, consultoría y otras actividades relacionadas con la informática	Mujeres	Porcentaje	2025	1,3
62 Programación, consultoría y otras actividades relacionadas con la informática	Mujeres	Porcentaje	2024	1,3
62 Programación, consultoría y otras actividades relacionadas con la informática	Mujeres	Porcentaje	2023	1,2
62 Programación, consultoría y otras actividades relacionadas con la informática	Mujeres	Porcentaje	2022	1,1
62 Programación, consultoría y otras actividades relacionadas con la informática	Mujeres	Porcentaje	2021	1,1
62 Programación, consultoría y otras actividades relacionadas con la informática	Mujeres	Porcentaje	2020	1,1
62 Programación, consultoría y otras actividades relacionadas con la informática	Mujeres	Porcentaje	2019	1
62 Programación, consultoría y otras actividades relacionadas con la informática	Mujeres	Porcentaje	2018	0,8
62 Programación, consultoría y otras actividades relacionadas con la informática	Mujeres	Porcentaje	2017	0,8
62 Programación, consultoría y otras actividades relacionadas con la informática	Mujeres	Porcentaje	2016	0,8
62 Programación, consultoría y otras actividades relacionadas con la informática	Mujeres	Porcentaje	2015	0,7
62 Programación, consultoría y otras actividades relacionadas con la informática	Mujeres	Porcentaje	2014	0,8
62 Programación, consultoría y otras actividades relacionadas con la informática	Mujeres	Porcentaje	2013	0,8
62 Programación, consultoría y otras actividades relacionadas con la informática	Mujeres	Porcentaje	2012	0,8
62 Programación, consultoría y otras actividades relacionadas con la informática	Mujeres	Porcentaje	2011	0,7
62 Programación, consultoría y otras actividades relacionadas con la informática	Mujeres	Porcentaje	2010	0,7
62 Programación, consultoría y otras actividades relacionadas con la informática	Mujeres	Porcentaje	2009	0,7
62 Programación, consultoría y otras actividades relacionadas con la informática	Mujeres	Porcentaje	2008	0,7
63 Servicios de información	Ambos sexos	Valor absoluto	2025	23,8
63 Servicios de información	Ambos sexos	Valor absoluto	2024	23,7
63 Servicios de información	Ambos sexos	Valor absoluto	2023	21,3
63 Servicios de información	Ambos sexos	Valor absoluto	2022	25,3
63 Servicios de información	Ambos sexos	Valor absoluto	2021	21,4
63 Servicios de información	Ambos sexos	Valor absoluto	2020	11,7
63 Servicios de información	Ambos sexos	Valor absoluto	2019	11,7
63 Servicios de información	Ambos sexos	Valor absoluto	2018	13,6
63 Servicios de información	Ambos sexos	Valor absoluto	2017	17,7
63 Servicios de información	Ambos sexos	Valor absoluto	2016	15,4
63 Servicios de información	Ambos sexos	Valor absoluto	2015	13,7
63 Servicios de información	Ambos sexos	Valor absoluto	2014	18,1
63 Servicios de información	Ambos sexos	Valor absoluto	2013	17,3
63 Servicios de información	Ambos sexos	Valor absoluto	2012	16,9
63 Servicios de información	Ambos sexos	Valor absoluto	2011	13,7
63 Servicios de información	Ambos sexos	Valor absoluto	2010	15,2
63 Servicios de información	Ambos sexos	Valor absoluto	2009	15,2
63 Servicios de información	Ambos sexos	Valor absoluto	2008	18,3
63 Servicios de información	Ambos sexos	Porcentaje	2025	0,1
63 Servicios de información	Ambos sexos	Porcentaje	2024	0,1
63 Servicios de información	Ambos sexos	Porcentaje	2023	0,1
63 Servicios de información	Ambos sexos	Porcentaje	2022	0,1
63 Servicios de información	Ambos sexos	Porcentaje	2021	0,1
63 Servicios de información	Ambos sexos	Porcentaje	2020	0,1
63 Servicios de información	Ambos sexos	Porcentaje	2019	0,1
63 Servicios de información	Ambos sexos	Porcentaje	2018	0,1
63 Servicios de información	Ambos sexos	Porcentaje	2017	0,1
63 Servicios de información	Ambos sexos	Porcentaje	2016	0,1
63 Servicios de información	Ambos sexos	Porcentaje	2015	0,1
63 Servicios de información	Ambos sexos	Porcentaje	2014	0,1
63 Servicios de información	Ambos sexos	Porcentaje	2013	0,1
63 Servicios de información	Ambos sexos	Porcentaje	2012	0,1
63 Servicios de información	Ambos sexos	Porcentaje	2011	0,1
63 Servicios de información	Ambos sexos	Porcentaje	2010	0,1
63 Servicios de información	Ambos sexos	Porcentaje	2009	0,1
63 Servicios de información	Ambos sexos	Porcentaje	2008	0,1
63 Servicios de información	Hombres	Valor absoluto	2025	14,7
63 Servicios de información	Hombres	Valor absoluto	2024	15
63 Servicios de información	Hombres	Valor absoluto	2023	13,4
63 Servicios de información	Hombres	Valor absoluto	2022	15
63 Servicios de información	Hombres	Valor absoluto	2021	12,1
63 Servicios de información	Hombres	Valor absoluto	2020	6,2
63 Servicios de información	Hombres	Valor absoluto	2019	6,5
63 Servicios de información	Hombres	Valor absoluto	2018	6,6
63 Servicios de información	Hombres	Valor absoluto	2017	9,4
63 Servicios de información	Hombres	Valor absoluto	2016	7,6
63 Servicios de información	Hombres	Valor absoluto	2015	7,2
63 Servicios de información	Hombres	Valor absoluto	2014	9,9
63 Servicios de información	Hombres	Valor absoluto	2013	8,8
63 Servicios de información	Hombres	Valor absoluto	2012	8,2
63 Servicios de información	Hombres	Valor absoluto	2011	7,2
63 Servicios de información	Hombres	Valor absoluto	2010	8,4
63 Servicios de información	Hombres	Valor absoluto	2009	6,2
63 Servicios de información	Hombres	Valor absoluto	2008	8,2
63 Servicios de información	Hombres	Porcentaje	2025	0,1
63 Servicios de información	Hombres	Porcentaje	2024	0,1
63 Servicios de información	Hombres	Porcentaje	2023	0,1
63 Servicios de información	Hombres	Porcentaje	2022	0,1
63 Servicios de información	Hombres	Porcentaje	2021	0,1
63 Servicios de información	Hombres	Porcentaje	2020	0,1
63 Servicios de información	Hombres	Porcentaje	2019	0,1
63 Servicios de información	Hombres	Porcentaje	2018	0,1
63 Servicios de información	Hombres	Porcentaje	2017	0,1
63 Servicios de información	Hombres	Porcentaje	2016	0,1
63 Servicios de información	Hombres	Porcentaje	2015	0,1
63 Servicios de información	Hombres	Porcentaje	2014	0,1
63 Servicios de información	Hombres	Porcentaje	2013	0,1
63 Servicios de información	Hombres	Porcentaje	2012	0,1
63 Servicios de información	Hombres	Porcentaje	2011	0,1
63 Servicios de información	Hombres	Porcentaje	2010	0,1
63 Servicios de información	Hombres	Porcentaje	2009	0,1
63 Servicios de información	Hombres	Porcentaje	2008	0,1
63 Servicios de información	Mujeres	Valor absoluto	2025	9,1
63 Servicios de información	Mujeres	Valor absoluto	2024	8,7
63 Servicios de información	Mujeres	Valor absoluto	2023	7,9
63 Servicios de información	Mujeres	Valor absoluto	2022	10,3
63 Servicios de información	Mujeres	Valor absoluto	2021	9,3
63 Servicios de información	Mujeres	Valor absoluto	2020	5,5
63 Servicios de información	Mujeres	Valor absoluto	2019	5,2
63 Servicios de información	Mujeres	Valor absoluto	2018	7
63 Servicios de información	Mujeres	Valor absoluto	2017	8,2
63 Servicios de información	Mujeres	Valor absoluto	2016	7,8
63 Servicios de información	Mujeres	Valor absoluto	2015	6,5
63 Servicios de información	Mujeres	Valor absoluto	2014	8,2
63 Servicios de información	Mujeres	Valor absoluto	2013	8,4
63 Servicios de información	Mujeres	Valor absoluto	2012	8,7
63 Servicios de información	Mujeres	Valor absoluto	2011	6,5
63 Servicios de información	Mujeres	Valor absoluto	2010	6,8
63 Servicios de información	Mujeres	Valor absoluto	2009	8,9
63 Servicios de información	Mujeres	Valor absoluto	2008	10,1
63 Servicios de información	Mujeres	Porcentaje	2025	0,1
63 Servicios de información	Mujeres	Porcentaje	2024	0,1
63 Servicios de información	Mujeres	Porcentaje	2023	0,1
63 Servicios de información	Mujeres	Porcentaje	2022	0,1
63 Servicios de información	Mujeres	Porcentaje	2021	0,1
63 Servicios de información	Mujeres	Porcentaje	2020	0,1
63 Servicios de información	Mujeres	Porcentaje	2019	0,1
63 Servicios de información	Mujeres	Porcentaje	2018	0,1
63 Servicios de información	Mujeres	Porcentaje	2017	0,1
63 Servicios de información	Mujeres	Porcentaje	2016	0,1
63 Servicios de información	Mujeres	Porcentaje	2015	0,1
63 Servicios de información	Mujeres	Porcentaje	2014	0,1
63 Servicios de información	Mujeres	Porcentaje	2013	0,1
63 Servicios de información	Mujeres	Porcentaje	2012	0,1
63 Servicios de información	Mujeres	Porcentaje	2011	0,1
63 Servicios de información	Mujeres	Porcentaje	2010	0,1
63 Servicios de información	Mujeres	Porcentaje	2009	0,1
63 Servicios de información	Mujeres	Porcentaje	2008	0,1
K Actividades financieras y de seguros	Ambos sexos	Valor absoluto	2025	468,9
K Actividades financieras y de seguros	Ambos sexos	Valor absoluto	2024	450
K Actividades financieras y de seguros	Ambos sexos	Valor absoluto	2023	482,2
K Actividades financieras y de seguros	Ambos sexos	Valor absoluto	2022	472,8
K Actividades financieras y de seguros	Ambos sexos	Valor absoluto	2021	482,6
K Actividades financieras y de seguros	Ambos sexos	Valor absoluto	2020	444,9
K Actividades financieras y de seguros	Ambos sexos	Valor absoluto	2019	429,2
K Actividades financieras y de seguros	Ambos sexos	Valor absoluto	2018	434,6
K Actividades financieras y de seguros	Ambos sexos	Valor absoluto	2017	446,3
K Actividades financieras y de seguros	Ambos sexos	Valor absoluto	2016	457,9
K Actividades financieras y de seguros	Ambos sexos	Valor absoluto	2015	454,1
K Actividades financieras y de seguros	Ambos sexos	Valor absoluto	2014	452,7
K Actividades financieras y de seguros	Ambos sexos	Valor absoluto	2013	454,1
K Actividades financieras y de seguros	Ambos sexos	Valor absoluto	2012	435,7
K Actividades financieras y de seguros	Ambos sexos	Valor absoluto	2011	464,6
K Actividades financieras y de seguros	Ambos sexos	Valor absoluto	2010	476,7
K Actividades financieras y de seguros	Ambos sexos	Valor absoluto	2009	487,5
K Actividades financieras y de seguros	Ambos sexos	Valor absoluto	2008	515,1
K Actividades financieras y de seguros	Ambos sexos	Porcentaje	2025	2,1
K Actividades financieras y de seguros	Ambos sexos	Porcentaje	2024	2,1
K Actividades financieras y de seguros	Ambos sexos	Porcentaje	2023	2,3
K Actividades financieras y de seguros	Ambos sexos	Porcentaje	2022	2,3
K Actividades financieras y de seguros	Ambos sexos	Porcentaje	2021	2,4
K Actividades financieras y de seguros	Ambos sexos	Porcentaje	2020	2,3
K Actividades financieras y de seguros	Ambos sexos	Porcentaje	2019	2,2
K Actividades financieras y de seguros	Ambos sexos	Porcentaje	2018	2,2
K Actividades financieras y de seguros	Ambos sexos	Porcentaje	2017	2,4
K Actividades financieras y de seguros	Ambos sexos	Porcentaje	2016	2,5
K Actividades financieras y de seguros	Ambos sexos	Porcentaje	2015	2,5
K Actividades financieras y de seguros	Ambos sexos	Porcentaje	2014	2,6
K Actividades financieras y de seguros	Ambos sexos	Porcentaje	2013	2,6
K Actividades financieras y de seguros	Ambos sexos	Porcentaje	2012	2,5
K Actividades financieras y de seguros	Ambos sexos	Porcentaje	2011	2,5
K Actividades financieras y de seguros	Ambos sexos	Porcentaje	2010	2,5
K Actividades financieras y de seguros	Ambos sexos	Porcentaje	2009	2,6
K Actividades financieras y de seguros	Ambos sexos	Porcentaje	2008	2,5
K Actividades financieras y de seguros	Hombres	Valor absoluto	2025	224,7
K Actividades financieras y de seguros	Hombres	Valor absoluto	2024	205,8
K Actividades financieras y de seguros	Hombres	Valor absoluto	2023	239,3
K Actividades financieras y de seguros	Hombres	Valor absoluto	2022	225,7
K Actividades financieras y de seguros	Hombres	Valor absoluto	2021	232,1
K Actividades financieras y de seguros	Hombres	Valor absoluto	2020	215,5
K Actividades financieras y de seguros	Hombres	Valor absoluto	2019	201,6
K Actividades financieras y de seguros	Hombres	Valor absoluto	2018	210,2
K Actividades financieras y de seguros	Hombres	Valor absoluto	2017	231,5
K Actividades financieras y de seguros	Hombres	Valor absoluto	2016	222,9
K Actividades financieras y de seguros	Hombres	Valor absoluto	2015	232,3
K Actividades financieras y de seguros	Hombres	Valor absoluto	2014	235,1
K Actividades financieras y de seguros	Hombres	Valor absoluto	2013	232,5
K Actividades financieras y de seguros	Hombres	Valor absoluto	2012	232,9
K Actividades financieras y de seguros	Hombres	Valor absoluto	2011	244,5
K Actividades financieras y de seguros	Hombres	Valor absoluto	2010	257,2
K Actividades financieras y de seguros	Hombres	Valor absoluto	2009	266,8
K Actividades financieras y de seguros	Hombres	Valor absoluto	2008	277,2
K Actividades financieras y de seguros	Hombres	Porcentaje	2025	1,9
K Actividades financieras y de seguros	Hombres	Porcentaje	2024	1,8
K Actividades financieras y de seguros	Hombres	Porcentaje	2023	2,1
K Actividades financieras y de seguros	Hombres	Porcentaje	2022	2
K Actividades financieras y de seguros	Hombres	Porcentaje	2021	2,2
K Actividades financieras y de seguros	Hombres	Porcentaje	2020	2,1
K Actividades financieras y de seguros	Hombres	Porcentaje	2019	1,9
K Actividades financieras y de seguros	Hombres	Porcentaje	2018	2
K Actividades financieras y de seguros	Hombres	Porcentaje	2017	2,3
K Actividades financieras y de seguros	Hombres	Porcentaje	2016	2,2
K Actividades financieras y de seguros	Hombres	Porcentaje	2015	2,4
K Actividades financieras y de seguros	Hombres	Porcentaje	2014	2,5
K Actividades financieras y de seguros	Hombres	Porcentaje	2013	2,5
K Actividades financieras y de seguros	Hombres	Porcentaje	2012	2,4
K Actividades financieras y de seguros	Hombres	Porcentaje	2011	2,4
K Actividades financieras y de seguros	Hombres	Porcentaje	2010	2,5
K Actividades financieras y de seguros	Hombres	Porcentaje	2009	2,5
K Actividades financieras y de seguros	Hombres	Porcentaje	2008	2,3
K Actividades financieras y de seguros	Mujeres	Valor absoluto	2025	244,2
K Actividades financieras y de seguros	Mujeres	Valor absoluto	2024	244,1
K Actividades financieras y de seguros	Mujeres	Valor absoluto	2023	243
K Actividades financieras y de seguros	Mujeres	Valor absoluto	2022	247,1
K Actividades financieras y de seguros	Mujeres	Valor absoluto	2021	250,5
K Actividades financieras y de seguros	Mujeres	Valor absoluto	2020	229,4
K Actividades financieras y de seguros	Mujeres	Valor absoluto	2019	227,6
K Actividades financieras y de seguros	Mujeres	Valor absoluto	2018	224,4
K Actividades financieras y de seguros	Mujeres	Valor absoluto	2017	214,8
K Actividades financieras y de seguros	Mujeres	Valor absoluto	2016	235,1
K Actividades financieras y de seguros	Mujeres	Valor absoluto	2015	221,7
K Actividades financieras y de seguros	Mujeres	Valor absoluto	2014	217,6
K Actividades financieras y de seguros	Mujeres	Valor absoluto	2013	221,6
K Actividades financieras y de seguros	Mujeres	Valor absoluto	2012	202,7
K Actividades financieras y de seguros	Mujeres	Valor absoluto	2011	220,1
K Actividades financieras y de seguros	Mujeres	Valor absoluto	2010	219,5
K Actividades financieras y de seguros	Mujeres	Valor absoluto	2009	220,7
K Actividades financieras y de seguros	Mujeres	Valor absoluto	2008	237,9
K Actividades financieras y de seguros	Mujeres	Porcentaje	2025	2,4
K Actividades financieras y de seguros	Mujeres	Porcentaje	2024	2,4
K Actividades financieras y de seguros	Mujeres	Porcentaje	2023	2,5
K Actividades financieras y de seguros	Mujeres	Porcentaje	2022	2,6
K Actividades financieras y de seguros	Mujeres	Porcentaje	2021	2,8
K Actividades financieras y de seguros	Mujeres	Porcentaje	2020	2,6
K Actividades financieras y de seguros	Mujeres	Porcentaje	2019	2,5
K Actividades financieras y de seguros	Mujeres	Porcentaje	2018	2,6
K Actividades financieras y de seguros	Mujeres	Porcentaje	2017	2,5
K Actividades financieras y de seguros	Mujeres	Porcentaje	2016	2,8
K Actividades financieras y de seguros	Mujeres	Porcentaje	2015	2,7
K Actividades financieras y de seguros	Mujeres	Porcentaje	2014	2,8
K Actividades financieras y de seguros	Mujeres	Porcentaje	2013	2,8
K Actividades financieras y de seguros	Mujeres	Porcentaje	2012	2,5
K Actividades financieras y de seguros	Mujeres	Porcentaje	2011	2,7
K Actividades financieras y de seguros	Mujeres	Porcentaje	2010	2,6
K Actividades financieras y de seguros	Mujeres	Porcentaje	2009	2,6
K Actividades financieras y de seguros	Mujeres	Porcentaje	2008	2,7
64 Servicios financieros, excepto seguros y fondos de pensiones	Ambos sexos	Valor absoluto	2025	256,1
64 Servicios financieros, excepto seguros y fondos de pensiones	Ambos sexos	Valor absoluto	2024	250,4
64 Servicios financieros, excepto seguros y fondos de pensiones	Ambos sexos	Valor absoluto	2023	252
64 Servicios financieros, excepto seguros y fondos de pensiones	Ambos sexos	Valor absoluto	2022	250,3
64 Servicios financieros, excepto seguros y fondos de pensiones	Ambos sexos	Valor absoluto	2021	262,5
64 Servicios financieros, excepto seguros y fondos de pensiones	Ambos sexos	Valor absoluto	2020	246,7
64 Servicios financieros, excepto seguros y fondos de pensiones	Ambos sexos	Valor absoluto	2019	245
64 Servicios financieros, excepto seguros y fondos de pensiones	Ambos sexos	Valor absoluto	2018	249,1
64 Servicios financieros, excepto seguros y fondos de pensiones	Ambos sexos	Valor absoluto	2017	253,9
64 Servicios financieros, excepto seguros y fondos de pensiones	Ambos sexos	Valor absoluto	2016	264,6
64 Servicios financieros, excepto seguros y fondos de pensiones	Ambos sexos	Valor absoluto	2015	246,2
64 Servicios financieros, excepto seguros y fondos de pensiones	Ambos sexos	Valor absoluto	2014	259,7
64 Servicios financieros, excepto seguros y fondos de pensiones	Ambos sexos	Valor absoluto	2013	272,8
64 Servicios financieros, excepto seguros y fondos de pensiones	Ambos sexos	Valor absoluto	2012	273,5
64 Servicios financieros, excepto seguros y fondos de pensiones	Ambos sexos	Valor absoluto	2011	287,7
64 Servicios financieros, excepto seguros y fondos de pensiones	Ambos sexos	Valor absoluto	2010	290,7
64 Servicios financieros, excepto seguros y fondos de pensiones	Ambos sexos	Valor absoluto	2009	308
64 Servicios financieros, excepto seguros y fondos de pensiones	Ambos sexos	Valor absoluto	2008	323,5
64 Servicios financieros, excepto seguros y fondos de pensiones	Ambos sexos	Porcentaje	2025	1,2
64 Servicios financieros, excepto seguros y fondos de pensiones	Ambos sexos	Porcentaje	2024	1,2
64 Servicios financieros, excepto seguros y fondos de pensiones	Ambos sexos	Porcentaje	2023	1,2
64 Servicios financieros, excepto seguros y fondos de pensiones	Ambos sexos	Porcentaje	2022	1,2
64 Servicios financieros, excepto seguros y fondos de pensiones	Ambos sexos	Porcentaje	2021	1,3
64 Servicios financieros, excepto seguros y fondos de pensiones	Ambos sexos	Porcentaje	2020	1,3
64 Servicios financieros, excepto seguros y fondos de pensiones	Ambos sexos	Porcentaje	2019	1,2
64 Servicios financieros, excepto seguros y fondos de pensiones	Ambos sexos	Porcentaje	2018	1,3
64 Servicios financieros, excepto seguros y fondos de pensiones	Ambos sexos	Porcentaje	2017	1,3
64 Servicios financieros, excepto seguros y fondos de pensiones	Ambos sexos	Porcentaje	2016	1,4
64 Servicios financieros, excepto seguros y fondos de pensiones	Ambos sexos	Porcentaje	2015	1,4
64 Servicios financieros, excepto seguros y fondos de pensiones	Ambos sexos	Porcentaje	2014	1,5
64 Servicios financieros, excepto seguros y fondos de pensiones	Ambos sexos	Porcentaje	2013	1,6
64 Servicios financieros, excepto seguros y fondos de pensiones	Ambos sexos	Porcentaje	2012	1,6
64 Servicios financieros, excepto seguros y fondos de pensiones	Ambos sexos	Porcentaje	2011	1,6
64 Servicios financieros, excepto seguros y fondos de pensiones	Ambos sexos	Porcentaje	2010	1,6
64 Servicios financieros, excepto seguros y fondos de pensiones	Ambos sexos	Porcentaje	2009	1,6
64 Servicios financieros, excepto seguros y fondos de pensiones	Ambos sexos	Porcentaje	2008	1,6
64 Servicios financieros, excepto seguros y fondos de pensiones	Hombres	Valor absoluto	2025	134,5
64 Servicios financieros, excepto seguros y fondos de pensiones	Hombres	Valor absoluto	2024	122,9
64 Servicios financieros, excepto seguros y fondos de pensiones	Hombres	Valor absoluto	2023	125,5
64 Servicios financieros, excepto seguros y fondos de pensiones	Hombres	Valor absoluto	2022	125
64 Servicios financieros, excepto seguros y fondos de pensiones	Hombres	Valor absoluto	2021	134,2
64 Servicios financieros, excepto seguros y fondos de pensiones	Hombres	Valor absoluto	2020	119,3
64 Servicios financieros, excepto seguros y fondos de pensiones	Hombres	Valor absoluto	2019	116,4
64 Servicios financieros, excepto seguros y fondos de pensiones	Hombres	Valor absoluto	2018	126,5
64 Servicios financieros, excepto seguros y fondos de pensiones	Hombres	Valor absoluto	2017	135,3
64 Servicios financieros, excepto seguros y fondos de pensiones	Hombres	Valor absoluto	2016	135,9
64 Servicios financieros, excepto seguros y fondos de pensiones	Hombres	Valor absoluto	2015	126,3
64 Servicios financieros, excepto seguros y fondos de pensiones	Hombres	Valor absoluto	2014	142,4
64 Servicios financieros, excepto seguros y fondos de pensiones	Hombres	Valor absoluto	2013	144,8
64 Servicios financieros, excepto seguros y fondos de pensiones	Hombres	Valor absoluto	2012	150,3
64 Servicios financieros, excepto seguros y fondos de pensiones	Hombres	Valor absoluto	2011	157,8
64 Servicios financieros, excepto seguros y fondos de pensiones	Hombres	Valor absoluto	2010	161,5
64 Servicios financieros, excepto seguros y fondos de pensiones	Hombres	Valor absoluto	2009	180,2
64 Servicios financieros, excepto seguros y fondos de pensiones	Hombres	Valor absoluto	2008	184,3
64 Servicios financieros, excepto seguros y fondos de pensiones	Hombres	Porcentaje	2025	1,1
64 Servicios financieros, excepto seguros y fondos de pensiones	Hombres	Porcentaje	2024	1,1
64 Servicios financieros, excepto seguros y fondos de pensiones	Hombres	Porcentaje	2023	1,1
64 Servicios financieros, excepto seguros y fondos de pensiones	Hombres	Porcentaje	2022	1,1
64 Servicios financieros, excepto seguros y fondos de pensiones	Hombres	Porcentaje	2021	1,3
64 Servicios financieros, excepto seguros y fondos de pensiones	Hombres	Porcentaje	2020	1,1
64 Servicios financieros, excepto seguros y fondos de pensiones	Hombres	Porcentaje	2019	1,1
64 Servicios financieros, excepto seguros y fondos de pensiones	Hombres	Porcentaje	2018	1,2
64 Servicios financieros, excepto seguros y fondos de pensiones	Hombres	Porcentaje	2017	1,3
64 Servicios financieros, excepto seguros y fondos de pensiones	Hombres	Porcentaje	2016	1,4
64 Servicios financieros, excepto seguros y fondos de pensiones	Hombres	Porcentaje	2015	1,3
64 Servicios financieros, excepto seguros y fondos de pensiones	Hombres	Porcentaje	2014	1,5
64 Servicios financieros, excepto seguros y fondos de pensiones	Hombres	Porcentaje	2013	1,6
64 Servicios financieros, excepto seguros y fondos de pensiones	Hombres	Porcentaje	2012	1,6
64 Servicios financieros, excepto seguros y fondos de pensiones	Hombres	Porcentaje	2011	1,6
64 Servicios financieros, excepto seguros y fondos de pensiones	Hombres	Porcentaje	2010	1,5
64 Servicios financieros, excepto seguros y fondos de pensiones	Hombres	Porcentaje	2009	1,7
64 Servicios financieros, excepto seguros y fondos de pensiones	Hombres	Porcentaje	2008	1,6
64 Servicios financieros, excepto seguros y fondos de pensiones	Mujeres	Valor absoluto	2025	121,6
64 Servicios financieros, excepto seguros y fondos de pensiones	Mujeres	Valor absoluto	2024	127,5
64 Servicios financieros, excepto seguros y fondos de pensiones	Mujeres	Valor absoluto	2023	126,4
64 Servicios financieros, excepto seguros y fondos de pensiones	Mujeres	Valor absoluto	2022	125,4
64 Servicios financieros, excepto seguros y fondos de pensiones	Mujeres	Valor absoluto	2021	128,3
64 Servicios financieros, excepto seguros y fondos de pensiones	Mujeres	Valor absoluto	2020	127,4
64 Servicios financieros, excepto seguros y fondos de pensiones	Mujeres	Valor absoluto	2019	128,6
64 Servicios financieros, excepto seguros y fondos de pensiones	Mujeres	Valor absoluto	2018	122,6
64 Servicios financieros, excepto seguros y fondos de pensiones	Mujeres	Valor absoluto	2017	118,7
64 Servicios financieros, excepto seguros y fondos de pensiones	Mujeres	Valor absoluto	2016	128,7
64 Servicios financieros, excepto seguros y fondos de pensiones	Mujeres	Valor absoluto	2015	119,9
64 Servicios financieros, excepto seguros y fondos de pensiones	Mujeres	Valor absoluto	2014	117,3
64 Servicios financieros, excepto seguros y fondos de pensiones	Mujeres	Valor absoluto	2013	128,1
64 Servicios financieros, excepto seguros y fondos de pensiones	Mujeres	Valor absoluto	2012	123,2
64 Servicios financieros, excepto seguros y fondos de pensiones	Mujeres	Valor absoluto	2011	129,9
64 Servicios financieros, excepto seguros y fondos de pensiones	Mujeres	Valor absoluto	2010	129,2
64 Servicios financieros, excepto seguros y fondos de pensiones	Mujeres	Valor absoluto	2009	127,8
64 Servicios financieros, excepto seguros y fondos de pensiones	Mujeres	Valor absoluto	2008	139,3
64 Servicios financieros, excepto seguros y fondos de pensiones	Mujeres	Porcentaje	2025	1,2
64 Servicios financieros, excepto seguros y fondos de pensiones	Mujeres	Porcentaje	2024	1,3
64 Servicios financieros, excepto seguros y fondos de pensiones	Mujeres	Porcentaje	2023	1,3
64 Servicios financieros, excepto seguros y fondos de pensiones	Mujeres	Porcentaje	2022	1,3
64 Servicios financieros, excepto seguros y fondos de pensiones	Mujeres	Porcentaje	2021	1,4
64 Servicios financieros, excepto seguros y fondos de pensiones	Mujeres	Porcentaje	2020	1,5
64 Servicios financieros, excepto seguros y fondos de pensiones	Mujeres	Porcentaje	2019	1,4
64 Servicios financieros, excepto seguros y fondos de pensiones	Mujeres	Porcentaje	2018	1,4
64 Servicios financieros, excepto seguros y fondos de pensiones	Mujeres	Porcentaje	2017	1,4
64 Servicios financieros, excepto seguros y fondos de pensiones	Mujeres	Porcentaje	2016	1,5
64 Servicios financieros, excepto seguros y fondos de pensiones	Mujeres	Porcentaje	2015	1,5
64 Servicios financieros, excepto seguros y fondos de pensiones	Mujeres	Porcentaje	2014	1,5
64 Servicios financieros, excepto seguros y fondos de pensiones	Mujeres	Porcentaje	2013	1,6
64 Servicios financieros, excepto seguros y fondos de pensiones	Mujeres	Porcentaje	2012	1,5
64 Servicios financieros, excepto seguros y fondos de pensiones	Mujeres	Porcentaje	2011	1,6
64 Servicios financieros, excepto seguros y fondos de pensiones	Mujeres	Porcentaje	2010	1,6
64 Servicios financieros, excepto seguros y fondos de pensiones	Mujeres	Porcentaje	2009	1,5
64 Servicios financieros, excepto seguros y fondos de pensiones	Mujeres	Porcentaje	2008	1,6
65 Seguros, reaseguros y fondos de pensiones, excepto Seguridad Social obligatoria	Ambos sexos	Valor absoluto	2025	128,6
65 Seguros, reaseguros y fondos de pensiones, excepto Seguridad Social obligatoria	Ambos sexos	Valor absoluto	2024	126,3
65 Seguros, reaseguros y fondos de pensiones, excepto Seguridad Social obligatoria	Ambos sexos	Valor absoluto	2023	157,9
65 Seguros, reaseguros y fondos de pensiones, excepto Seguridad Social obligatoria	Ambos sexos	Valor absoluto	2022	156,4
65 Seguros, reaseguros y fondos de pensiones, excepto Seguridad Social obligatoria	Ambos sexos	Valor absoluto	2021	162,4
65 Seguros, reaseguros y fondos de pensiones, excepto Seguridad Social obligatoria	Ambos sexos	Valor absoluto	2020	143,8
65 Seguros, reaseguros y fondos de pensiones, excepto Seguridad Social obligatoria	Ambos sexos	Valor absoluto	2019	128,9
65 Seguros, reaseguros y fondos de pensiones, excepto Seguridad Social obligatoria	Ambos sexos	Valor absoluto	2018	128,6
65 Seguros, reaseguros y fondos de pensiones, excepto Seguridad Social obligatoria	Ambos sexos	Valor absoluto	2017	142,5
65 Seguros, reaseguros y fondos de pensiones, excepto Seguridad Social obligatoria	Ambos sexos	Valor absoluto	2016	142,7
65 Seguros, reaseguros y fondos de pensiones, excepto Seguridad Social obligatoria	Ambos sexos	Valor absoluto	2015	154,7
65 Seguros, reaseguros y fondos de pensiones, excepto Seguridad Social obligatoria	Ambos sexos	Valor absoluto	2014	145,7
65 Seguros, reaseguros y fondos de pensiones, excepto Seguridad Social obligatoria	Ambos sexos	Valor absoluto	2013	134,1
65 Seguros, reaseguros y fondos de pensiones, excepto Seguridad Social obligatoria	Ambos sexos	Valor absoluto	2012	123
65 Seguros, reaseguros y fondos de pensiones, excepto Seguridad Social obligatoria	Ambos sexos	Valor absoluto	2011	133,9
65 Seguros, reaseguros y fondos de pensiones, excepto Seguridad Social obligatoria	Ambos sexos	Valor absoluto	2010	141,6
65 Seguros, reaseguros y fondos de pensiones, excepto Seguridad Social obligatoria	Ambos sexos	Valor absoluto	2009	138,9
65 Seguros, reaseguros y fondos de pensiones, excepto Seguridad Social obligatoria	Ambos sexos	Valor absoluto	2008	135,1
65 Seguros, reaseguros y fondos de pensiones, excepto Seguridad Social obligatoria	Ambos sexos	Porcentaje	2025	0,6
65 Seguros, reaseguros y fondos de pensiones, excepto Seguridad Social obligatoria	Ambos sexos	Porcentaje	2024	0,6
65 Seguros, reaseguros y fondos de pensiones, excepto Seguridad Social obligatoria	Ambos sexos	Porcentaje	2023	0,7
65 Seguros, reaseguros y fondos de pensiones, excepto Seguridad Social obligatoria	Ambos sexos	Porcentaje	2022	0,8
65 Seguros, reaseguros y fondos de pensiones, excepto Seguridad Social obligatoria	Ambos sexos	Porcentaje	2021	0,8
65 Seguros, reaseguros y fondos de pensiones, excepto Seguridad Social obligatoria	Ambos sexos	Porcentaje	2020	0,7
65 Seguros, reaseguros y fondos de pensiones, excepto Seguridad Social obligatoria	Ambos sexos	Porcentaje	2019	0,7
65 Seguros, reaseguros y fondos de pensiones, excepto Seguridad Social obligatoria	Ambos sexos	Porcentaje	2018	0,7
65 Seguros, reaseguros y fondos de pensiones, excepto Seguridad Social obligatoria	Ambos sexos	Porcentaje	2017	0,8
65 Seguros, reaseguros y fondos de pensiones, excepto Seguridad Social obligatoria	Ambos sexos	Porcentaje	2016	0,8
65 Seguros, reaseguros y fondos de pensiones, excepto Seguridad Social obligatoria	Ambos sexos	Porcentaje	2015	0,9
65 Seguros, reaseguros y fondos de pensiones, excepto Seguridad Social obligatoria	Ambos sexos	Porcentaje	2014	0,8
65 Seguros, reaseguros y fondos de pensiones, excepto Seguridad Social obligatoria	Ambos sexos	Porcentaje	2013	0,8
65 Seguros, reaseguros y fondos de pensiones, excepto Seguridad Social obligatoria	Ambos sexos	Porcentaje	2012	0,7
65 Seguros, reaseguros y fondos de pensiones, excepto Seguridad Social obligatoria	Ambos sexos	Porcentaje	2011	0,7
65 Seguros, reaseguros y fondos de pensiones, excepto Seguridad Social obligatoria	Ambos sexos	Porcentaje	2010	0,8
65 Seguros, reaseguros y fondos de pensiones, excepto Seguridad Social obligatoria	Ambos sexos	Porcentaje	2009	0,7
65 Seguros, reaseguros y fondos de pensiones, excepto Seguridad Social obligatoria	Ambos sexos	Porcentaje	2008	0,7
65 Seguros, reaseguros y fondos de pensiones, excepto Seguridad Social obligatoria	Hombres	Valor absoluto	2025	49,1
65 Seguros, reaseguros y fondos de pensiones, excepto Seguridad Social obligatoria	Hombres	Valor absoluto	2024	47,5
65 Seguros, reaseguros y fondos de pensiones, excepto Seguridad Social obligatoria	Hombres	Valor absoluto	2023	74,9
65 Seguros, reaseguros y fondos de pensiones, excepto Seguridad Social obligatoria	Hombres	Valor absoluto	2022	66,6
65 Seguros, reaseguros y fondos de pensiones, excepto Seguridad Social obligatoria	Hombres	Valor absoluto	2021	69,8
65 Seguros, reaseguros y fondos de pensiones, excepto Seguridad Social obligatoria	Hombres	Valor absoluto	2020	67,8
65 Seguros, reaseguros y fondos de pensiones, excepto Seguridad Social obligatoria	Hombres	Valor absoluto	2019	57,8
65 Seguros, reaseguros y fondos de pensiones, excepto Seguridad Social obligatoria	Hombres	Valor absoluto	2018	57,4
65 Seguros, reaseguros y fondos de pensiones, excepto Seguridad Social obligatoria	Hombres	Valor absoluto	2017	70,3
65 Seguros, reaseguros y fondos de pensiones, excepto Seguridad Social obligatoria	Hombres	Valor absoluto	2016	62
65 Seguros, reaseguros y fondos de pensiones, excepto Seguridad Social obligatoria	Hombres	Valor absoluto	2015	80
65 Seguros, reaseguros y fondos de pensiones, excepto Seguridad Social obligatoria	Hombres	Valor absoluto	2014	70,7
65 Seguros, reaseguros y fondos de pensiones, excepto Seguridad Social obligatoria	Hombres	Valor absoluto	2013	63,8
65 Seguros, reaseguros y fondos de pensiones, excepto Seguridad Social obligatoria	Hombres	Valor absoluto	2012	62,3
65 Seguros, reaseguros y fondos de pensiones, excepto Seguridad Social obligatoria	Hombres	Valor absoluto	2011	66,2
65 Seguros, reaseguros y fondos de pensiones, excepto Seguridad Social obligatoria	Hombres	Valor absoluto	2010	72,5
65 Seguros, reaseguros y fondos de pensiones, excepto Seguridad Social obligatoria	Hombres	Valor absoluto	2009	68,5
65 Seguros, reaseguros y fondos de pensiones, excepto Seguridad Social obligatoria	Hombres	Valor absoluto	2008	63,5
65 Seguros, reaseguros y fondos de pensiones, excepto Seguridad Social obligatoria	Hombres	Porcentaje	2025	0,4
65 Seguros, reaseguros y fondos de pensiones, excepto Seguridad Social obligatoria	Hombres	Porcentaje	2024	0,4
65 Seguros, reaseguros y fondos de pensiones, excepto Seguridad Social obligatoria	Hombres	Porcentaje	2023	0,7
65 Seguros, reaseguros y fondos de pensiones, excepto Seguridad Social obligatoria	Hombres	Porcentaje	2022	0,6
65 Seguros, reaseguros y fondos de pensiones, excepto Seguridad Social obligatoria	Hombres	Porcentaje	2021	0,7
65 Seguros, reaseguros y fondos de pensiones, excepto Seguridad Social obligatoria	Hombres	Porcentaje	2020	0,7
65 Seguros, reaseguros y fondos de pensiones, excepto Seguridad Social obligatoria	Hombres	Porcentaje	2019	0,5
65 Seguros, reaseguros y fondos de pensiones, excepto Seguridad Social obligatoria	Hombres	Porcentaje	2018	0,5
65 Seguros, reaseguros y fondos de pensiones, excepto Seguridad Social obligatoria	Hombres	Porcentaje	2017	0,7
65 Seguros, reaseguros y fondos de pensiones, excepto Seguridad Social obligatoria	Hombres	Porcentaje	2016	0,6
65 Seguros, reaseguros y fondos de pensiones, excepto Seguridad Social obligatoria	Hombres	Porcentaje	2015	0,8
65 Seguros, reaseguros y fondos de pensiones, excepto Seguridad Social obligatoria	Hombres	Porcentaje	2014	0,7
65 Seguros, reaseguros y fondos de pensiones, excepto Seguridad Social obligatoria	Hombres	Porcentaje	2013	0,7
65 Seguros, reaseguros y fondos de pensiones, excepto Seguridad Social obligatoria	Hombres	Porcentaje	2012	0,6
65 Seguros, reaseguros y fondos de pensiones, excepto Seguridad Social obligatoria	Hombres	Porcentaje	2011	0,7
65 Seguros, reaseguros y fondos de pensiones, excepto Seguridad Social obligatoria	Hombres	Porcentaje	2010	0,7
65 Seguros, reaseguros y fondos de pensiones, excepto Seguridad Social obligatoria	Hombres	Porcentaje	2009	0,6
65 Seguros, reaseguros y fondos de pensiones, excepto Seguridad Social obligatoria	Hombres	Porcentaje	2008	0,5
65 Seguros, reaseguros y fondos de pensiones, excepto Seguridad Social obligatoria	Mujeres	Valor absoluto	2025	79,5
65 Seguros, reaseguros y fondos de pensiones, excepto Seguridad Social obligatoria	Mujeres	Valor absoluto	2024	78,8
65 Seguros, reaseguros y fondos de pensiones, excepto Seguridad Social obligatoria	Mujeres	Valor absoluto	2023	83
65 Seguros, reaseguros y fondos de pensiones, excepto Seguridad Social obligatoria	Mujeres	Valor absoluto	2022	89,7
65 Seguros, reaseguros y fondos de pensiones, excepto Seguridad Social obligatoria	Mujeres	Valor absoluto	2021	92,5
65 Seguros, reaseguros y fondos de pensiones, excepto Seguridad Social obligatoria	Mujeres	Valor absoluto	2020	76
65 Seguros, reaseguros y fondos de pensiones, excepto Seguridad Social obligatoria	Mujeres	Valor absoluto	2019	71,1
65 Seguros, reaseguros y fondos de pensiones, excepto Seguridad Social obligatoria	Mujeres	Valor absoluto	2018	71,2
65 Seguros, reaseguros y fondos de pensiones, excepto Seguridad Social obligatoria	Mujeres	Valor absoluto	2017	72,2
65 Seguros, reaseguros y fondos de pensiones, excepto Seguridad Social obligatoria	Mujeres	Valor absoluto	2016	80,7
65 Seguros, reaseguros y fondos de pensiones, excepto Seguridad Social obligatoria	Mujeres	Valor absoluto	2015	74,6
65 Seguros, reaseguros y fondos de pensiones, excepto Seguridad Social obligatoria	Mujeres	Valor absoluto	2014	75,1
65 Seguros, reaseguros y fondos de pensiones, excepto Seguridad Social obligatoria	Mujeres	Valor absoluto	2013	70,3
65 Seguros, reaseguros y fondos de pensiones, excepto Seguridad Social obligatoria	Mujeres	Valor absoluto	2012	60,8
65 Seguros, reaseguros y fondos de pensiones, excepto Seguridad Social obligatoria	Mujeres	Valor absoluto	2011	67,8
65 Seguros, reaseguros y fondos de pensiones, excepto Seguridad Social obligatoria	Mujeres	Valor absoluto	2010	69,1
65 Seguros, reaseguros y fondos de pensiones, excepto Seguridad Social obligatoria	Mujeres	Valor absoluto	2009	70,4
65 Seguros, reaseguros y fondos de pensiones, excepto Seguridad Social obligatoria	Mujeres	Valor absoluto	2008	71,7
65 Seguros, reaseguros y fondos de pensiones, excepto Seguridad Social obligatoria	Mujeres	Porcentaje	2025	0,8
65 Seguros, reaseguros y fondos de pensiones, excepto Seguridad Social obligatoria	Mujeres	Porcentaje	2024	0,8
65 Seguros, reaseguros y fondos de pensiones, excepto Seguridad Social obligatoria	Mujeres	Porcentaje	2023	0,8
65 Seguros, reaseguros y fondos de pensiones, excepto Seguridad Social obligatoria	Mujeres	Porcentaje	2022	1
65 Seguros, reaseguros y fondos de pensiones, excepto Seguridad Social obligatoria	Mujeres	Porcentaje	2021	1
65 Seguros, reaseguros y fondos de pensiones, excepto Seguridad Social obligatoria	Mujeres	Porcentaje	2020	0,9
65 Seguros, reaseguros y fondos de pensiones, excepto Seguridad Social obligatoria	Mujeres	Porcentaje	2019	0,8
65 Seguros, reaseguros y fondos de pensiones, excepto Seguridad Social obligatoria	Mujeres	Porcentaje	2018	0,8
65 Seguros, reaseguros y fondos de pensiones, excepto Seguridad Social obligatoria	Mujeres	Porcentaje	2017	0,8
65 Seguros, reaseguros y fondos de pensiones, excepto Seguridad Social obligatoria	Mujeres	Porcentaje	2016	1
65 Seguros, reaseguros y fondos de pensiones, excepto Seguridad Social obligatoria	Mujeres	Porcentaje	2015	0,9
65 Seguros, reaseguros y fondos de pensiones, excepto Seguridad Social obligatoria	Mujeres	Porcentaje	2014	1
65 Seguros, reaseguros y fondos de pensiones, excepto Seguridad Social obligatoria	Mujeres	Porcentaje	2013	0,9
65 Seguros, reaseguros y fondos de pensiones, excepto Seguridad Social obligatoria	Mujeres	Porcentaje	2012	0,8
65 Seguros, reaseguros y fondos de pensiones, excepto Seguridad Social obligatoria	Mujeres	Porcentaje	2011	0,8
65 Seguros, reaseguros y fondos de pensiones, excepto Seguridad Social obligatoria	Mujeres	Porcentaje	2010	0,8
65 Seguros, reaseguros y fondos de pensiones, excepto Seguridad Social obligatoria	Mujeres	Porcentaje	2009	0,8
65 Seguros, reaseguros y fondos de pensiones, excepto Seguridad Social obligatoria	Mujeres	Porcentaje	2008	0,8
66 Actividades auxiliares a los servicios financieros y a los seguros	Ambos sexos	Valor absoluto	2025	84,2
66 Actividades auxiliares a los servicios financieros y a los seguros	Ambos sexos	Valor absoluto	2024	73,3
66 Actividades auxiliares a los servicios financieros y a los seguros	Ambos sexos	Valor absoluto	2023	72,4
66 Actividades auxiliares a los servicios financieros y a los seguros	Ambos sexos	Valor absoluto	2022	66,1
66 Actividades auxiliares a los servicios financieros y a los seguros	Ambos sexos	Valor absoluto	2021	57,8
66 Actividades auxiliares a los servicios financieros y a los seguros	Ambos sexos	Valor absoluto	2020	54,4
66 Actividades auxiliares a los servicios financieros y a los seguros	Ambos sexos	Valor absoluto	2019	55,3
66 Actividades auxiliares a los servicios financieros y a los seguros	Ambos sexos	Valor absoluto	2018	56,9
66 Actividades auxiliares a los servicios financieros y a los seguros	Ambos sexos	Valor absoluto	2017	49,9
66 Actividades auxiliares a los servicios financieros y a los seguros	Ambos sexos	Valor absoluto	2016	50,6
66 Actividades auxiliares a los servicios financieros y a los seguros	Ambos sexos	Valor absoluto	2015	53,2
66 Actividades auxiliares a los servicios financieros y a los seguros	Ambos sexos	Valor absoluto	2014	47,2
66 Actividades auxiliares a los servicios financieros y a los seguros	Ambos sexos	Valor absoluto	2013	47,2
66 Actividades auxiliares a los servicios financieros y a los seguros	Ambos sexos	Valor absoluto	2012	39,1
66 Actividades auxiliares a los servicios financieros y a los seguros	Ambos sexos	Valor absoluto	2011	43
66 Actividades auxiliares a los servicios financieros y a los seguros	Ambos sexos	Valor absoluto	2010	44,5
66 Actividades auxiliares a los servicios financieros y a los seguros	Ambos sexos	Valor absoluto	2009	40,6
66 Actividades auxiliares a los servicios financieros y a los seguros	Ambos sexos	Valor absoluto	2008	56,4
66 Actividades auxiliares a los servicios financieros y a los seguros	Ambos sexos	Porcentaje	2025	0,4
66 Actividades auxiliares a los servicios financieros y a los seguros	Ambos sexos	Porcentaje	2024	0,3
66 Actividades auxiliares a los servicios financieros y a los seguros	Ambos sexos	Porcentaje	2023	0,3
66 Actividades auxiliares a los servicios financieros y a los seguros	Ambos sexos	Porcentaje	2022	0,3
66 Actividades auxiliares a los servicios financieros y a los seguros	Ambos sexos	Porcentaje	2021	0,3
66 Actividades auxiliares a los servicios financieros y a los seguros	Ambos sexos	Porcentaje	2020	0,3
66 Actividades auxiliares a los servicios financieros y a los seguros	Ambos sexos	Porcentaje	2019	0,3
66 Actividades auxiliares a los servicios financieros y a los seguros	Ambos sexos	Porcentaje	2018	0,3
66 Actividades auxiliares a los servicios financieros y a los seguros	Ambos sexos	Porcentaje	2017	0,3
66 Actividades auxiliares a los servicios financieros y a los seguros	Ambos sexos	Porcentaje	2016	0,3
66 Actividades auxiliares a los servicios financieros y a los seguros	Ambos sexos	Porcentaje	2015	0,3
66 Actividades auxiliares a los servicios financieros y a los seguros	Ambos sexos	Porcentaje	2014	0,3
66 Actividades auxiliares a los servicios financieros y a los seguros	Ambos sexos	Porcentaje	2013	0,3
66 Actividades auxiliares a los servicios financieros y a los seguros	Ambos sexos	Porcentaje	2012	0,2
66 Actividades auxiliares a los servicios financieros y a los seguros	Ambos sexos	Porcentaje	2011	0,2
66 Actividades auxiliares a los servicios financieros y a los seguros	Ambos sexos	Porcentaje	2010	0,2
66 Actividades auxiliares a los servicios financieros y a los seguros	Ambos sexos	Porcentaje	2009	0,2
66 Actividades auxiliares a los servicios financieros y a los seguros	Ambos sexos	Porcentaje	2008	0,3
66 Actividades auxiliares a los servicios financieros y a los seguros	Hombres	Valor absoluto	2025	41,2
66 Actividades auxiliares a los servicios financieros y a los seguros	Hombres	Valor absoluto	2024	35,4
66 Actividades auxiliares a los servicios financieros y a los seguros	Hombres	Valor absoluto	2023	38,9
66 Actividades auxiliares a los servicios financieros y a los seguros	Hombres	Valor absoluto	2022	34,1
66 Actividades auxiliares a los servicios financieros y a los seguros	Hombres	Valor absoluto	2021	28,1
66 Actividades auxiliares a los servicios financieros y a los seguros	Hombres	Valor absoluto	2020	28,4
66 Actividades auxiliares a los servicios financieros y a los seguros	Hombres	Valor absoluto	2019	27,4
66 Actividades auxiliares a los servicios financieros y a los seguros	Hombres	Valor absoluto	2018	26,4
66 Actividades auxiliares a los servicios financieros y a los seguros	Hombres	Valor absoluto	2017	26
66 Actividades auxiliares a los servicios financieros y a los seguros	Hombres	Valor absoluto	2016	25
66 Actividades auxiliares a los servicios financieros y a los seguros	Hombres	Valor absoluto	2015	26
66 Actividades auxiliares a los servicios financieros y a los seguros	Hombres	Valor absoluto	2014	22
66 Actividades auxiliares a los servicios financieros y a los seguros	Hombres	Valor absoluto	2013	24
66 Actividades auxiliares a los servicios financieros y a los seguros	Hombres	Valor absoluto	2012	20,4
66 Actividades auxiliares a los servicios financieros y a los seguros	Hombres	Valor absoluto	2011	20,6
66 Actividades auxiliares a los servicios financieros y a los seguros	Hombres	Valor absoluto	2010	23,2
66 Actividades auxiliares a los servicios financieros y a los seguros	Hombres	Valor absoluto	2009	18,1
66 Actividades auxiliares a los servicios financieros y a los seguros	Hombres	Valor absoluto	2008	29,4
66 Actividades auxiliares a los servicios financieros y a los seguros	Hombres	Porcentaje	2025	0,3
66 Actividades auxiliares a los servicios financieros y a los seguros	Hombres	Porcentaje	2024	0,3
66 Actividades auxiliares a los servicios financieros y a los seguros	Hombres	Porcentaje	2023	0,3
66 Actividades auxiliares a los servicios financieros y a los seguros	Hombres	Porcentaje	2022	0,3
66 Actividades auxiliares a los servicios financieros y a los seguros	Hombres	Porcentaje	2021	0,3
66 Actividades auxiliares a los servicios financieros y a los seguros	Hombres	Porcentaje	2020	0,3
66 Actividades auxiliares a los servicios financieros y a los seguros	Hombres	Porcentaje	2019	0,3
66 Actividades auxiliares a los servicios financieros y a los seguros	Hombres	Porcentaje	2018	0,3
66 Actividades auxiliares a los servicios financieros y a los seguros	Hombres	Porcentaje	2017	0,3
66 Actividades auxiliares a los servicios financieros y a los seguros	Hombres	Porcentaje	2016	0,3
66 Actividades auxiliares a los servicios financieros y a los seguros	Hombres	Porcentaje	2015	0,3
66 Actividades auxiliares a los servicios financieros y a los seguros	Hombres	Porcentaje	2014	0,2
66 Actividades auxiliares a los servicios financieros y a los seguros	Hombres	Porcentaje	2013	0,3
66 Actividades auxiliares a los servicios financieros y a los seguros	Hombres	Porcentaje	2012	0,2
66 Actividades auxiliares a los servicios financieros y a los seguros	Hombres	Porcentaje	2011	0,2
66 Actividades auxiliares a los servicios financieros y a los seguros	Hombres	Porcentaje	2010	0,2
66 Actividades auxiliares a los servicios financieros y a los seguros	Hombres	Porcentaje	2009	0,2
66 Actividades auxiliares a los servicios financieros y a los seguros	Hombres	Porcentaje	2008	0,2
66 Actividades auxiliares a los servicios financieros y a los seguros	Mujeres	Valor absoluto	2025	43,1
66 Actividades auxiliares a los servicios financieros y a los seguros	Mujeres	Valor absoluto	2024	37,9
66 Actividades auxiliares a los servicios financieros y a los seguros	Mujeres	Valor absoluto	2023	33,5
66 Actividades auxiliares a los servicios financieros y a los seguros	Mujeres	Valor absoluto	2022	32
66 Actividades auxiliares a los servicios financieros y a los seguros	Mujeres	Valor absoluto	2021	29,6
66 Actividades auxiliares a los servicios financieros y a los seguros	Mujeres	Valor absoluto	2020	26,1
66 Actividades auxiliares a los servicios financieros y a los seguros	Mujeres	Valor absoluto	2019	27,9
66 Actividades auxiliares a los servicios financieros y a los seguros	Mujeres	Valor absoluto	2018	30,5
66 Actividades auxiliares a los servicios financieros y a los seguros	Mujeres	Valor absoluto	2017	23,9
66 Actividades auxiliares a los servicios financieros y a los seguros	Mujeres	Valor absoluto	2016	25,6
66 Actividades auxiliares a los servicios financieros y a los seguros	Mujeres	Valor absoluto	2015	27,2
66 Actividades auxiliares a los servicios financieros y a los seguros	Mujeres	Valor absoluto	2014	25,2
66 Actividades auxiliares a los servicios financieros y a los seguros	Mujeres	Valor absoluto	2013	23,3
66 Actividades auxiliares a los servicios financieros y a los seguros	Mujeres	Valor absoluto	2012	18,7
66 Actividades auxiliares a los servicios financieros y a los seguros	Mujeres	Valor absoluto	2011	22,4
66 Actividades auxiliares a los servicios financieros y a los seguros	Mujeres	Valor absoluto	2010	21,2
66 Actividades auxiliares a los servicios financieros y a los seguros	Mujeres	Valor absoluto	2009	22,5
66 Actividades auxiliares a los servicios financieros y a los seguros	Mujeres	Valor absoluto	2008	27
66 Actividades auxiliares a los servicios financieros y a los seguros	Mujeres	Porcentaje	2025	0,4
66 Actividades auxiliares a los servicios financieros y a los seguros	Mujeres	Porcentaje	2024	0,4
66 Actividades auxiliares a los servicios financieros y a los seguros	Mujeres	Porcentaje	2023	0,3
66 Actividades auxiliares a los servicios financieros y a los seguros	Mujeres	Porcentaje	2022	0,3
66 Actividades auxiliares a los servicios financieros y a los seguros	Mujeres	Porcentaje	2021	0,3
66 Actividades auxiliares a los servicios financieros y a los seguros	Mujeres	Porcentaje	2020	0,3
66 Actividades auxiliares a los servicios financieros y a los seguros	Mujeres	Porcentaje	2019	0,3
66 Actividades auxiliares a los servicios financieros y a los seguros	Mujeres	Porcentaje	2018	0,3
66 Actividades auxiliares a los servicios financieros y a los seguros	Mujeres	Porcentaje	2017	0,3
66 Actividades auxiliares a los servicios financieros y a los seguros	Mujeres	Porcentaje	2016	0,3
66 Actividades auxiliares a los servicios financieros y a los seguros	Mujeres	Porcentaje	2015	0,3
66 Actividades auxiliares a los servicios financieros y a los seguros	Mujeres	Porcentaje	2014	0,3
66 Actividades auxiliares a los servicios financieros y a los seguros	Mujeres	Porcentaje	2013	0,3
66 Actividades auxiliares a los servicios financieros y a los seguros	Mujeres	Porcentaje	2012	0,2
66 Actividades auxiliares a los servicios financieros y a los seguros	Mujeres	Porcentaje	2011	0,3
66 Actividades auxiliares a los servicios financieros y a los seguros	Mujeres	Porcentaje	2010	0,3
66 Actividades auxiliares a los servicios financieros y a los seguros	Mujeres	Porcentaje	2009	0,3
66 Actividades auxiliares a los servicios financieros y a los seguros	Mujeres	Porcentaje	2008	0,3
L Actividades inmobiliarias	Ambos sexos	Valor absoluto	2025	179,8
L Actividades inmobiliarias	Ambos sexos	Valor absoluto	2024	164,4
L Actividades inmobiliarias	Ambos sexos	Valor absoluto	2023	172,8
L Actividades inmobiliarias	Ambos sexos	Valor absoluto	2022	160,9
L Actividades inmobiliarias	Ambos sexos	Valor absoluto	2021	152,2
L Actividades inmobiliarias	Ambos sexos	Valor absoluto	2020	151,9
L Actividades inmobiliarias	Ambos sexos	Valor absoluto	2019	154,3
L Actividades inmobiliarias	Ambos sexos	Valor absoluto	2018	149,6
L Actividades inmobiliarias	Ambos sexos	Valor absoluto	2017	129,6
L Actividades inmobiliarias	Ambos sexos	Valor absoluto	2016	114,1
L Actividades inmobiliarias	Ambos sexos	Valor absoluto	2015	104,1
L Actividades inmobiliarias	Ambos sexos	Valor absoluto	2014	99,5
L Actividades inmobiliarias	Ambos sexos	Valor absoluto	2013	92,1
L Actividades inmobiliarias	Ambos sexos	Valor absoluto	2012	97,2
L Actividades inmobiliarias	Ambos sexos	Valor absoluto	2011	96,3
L Actividades inmobiliarias	Ambos sexos	Valor absoluto	2010	84,3
L Actividades inmobiliarias	Ambos sexos	Valor absoluto	2009	91,9
L Actividades inmobiliarias	Ambos sexos	Valor absoluto	2008	119,2
L Actividades inmobiliarias	Ambos sexos	Porcentaje	2025	0,8
L Actividades inmobiliarias	Ambos sexos	Porcentaje	2024	0,8
L Actividades inmobiliarias	Ambos sexos	Porcentaje	2023	0,8
L Actividades inmobiliarias	Ambos sexos	Porcentaje	2022	0,8
L Actividades inmobiliarias	Ambos sexos	Porcentaje	2021	0,8
L Actividades inmobiliarias	Ambos sexos	Porcentaje	2020	0,8
L Actividades inmobiliarias	Ambos sexos	Porcentaje	2019	0,8
L Actividades inmobiliarias	Ambos sexos	Porcentaje	2018	0,8
L Actividades inmobiliarias	Ambos sexos	Porcentaje	2017	0,7
L Actividades inmobiliarias	Ambos sexos	Porcentaje	2016	0,6
L Actividades inmobiliarias	Ambos sexos	Porcentaje	2015	0,6
L Actividades inmobiliarias	Ambos sexos	Porcentaje	2014	0,6
L Actividades inmobiliarias	Ambos sexos	Porcentaje	2013	0,5
L Actividades inmobiliarias	Ambos sexos	Porcentaje	2012	0,6
L Actividades inmobiliarias	Ambos sexos	Porcentaje	2011	0,5
L Actividades inmobiliarias	Ambos sexos	Porcentaje	2010	0,5
L Actividades inmobiliarias	Ambos sexos	Porcentaje	2009	0,5
L Actividades inmobiliarias	Ambos sexos	Porcentaje	2008	0,6
L Actividades inmobiliarias	Hombres	Valor absoluto	2025	90,3
L Actividades inmobiliarias	Hombres	Valor absoluto	2024	84,4
L Actividades inmobiliarias	Hombres	Valor absoluto	2023	83,1
L Actividades inmobiliarias	Hombres	Valor absoluto	2022	74,2
L Actividades inmobiliarias	Hombres	Valor absoluto	2021	76,2
L Actividades inmobiliarias	Hombres	Valor absoluto	2020	66,6
L Actividades inmobiliarias	Hombres	Valor absoluto	2019	71,3
L Actividades inmobiliarias	Hombres	Valor absoluto	2018	68,1
L Actividades inmobiliarias	Hombres	Valor absoluto	2017	57,4
L Actividades inmobiliarias	Hombres	Valor absoluto	2016	48,6
L Actividades inmobiliarias	Hombres	Valor absoluto	2015	43,5
L Actividades inmobiliarias	Hombres	Valor absoluto	2014	43,6
L Actividades inmobiliarias	Hombres	Valor absoluto	2013	38,3
L Actividades inmobiliarias	Hombres	Valor absoluto	2012	47,7
L Actividades inmobiliarias	Hombres	Valor absoluto	2011	45,2
L Actividades inmobiliarias	Hombres	Valor absoluto	2010	44,1
L Actividades inmobiliarias	Hombres	Valor absoluto	2009	42,9
L Actividades inmobiliarias	Hombres	Valor absoluto	2008	58,5
L Actividades inmobiliarias	Hombres	Porcentaje	2025	0,8
L Actividades inmobiliarias	Hombres	Porcentaje	2024	0,7
L Actividades inmobiliarias	Hombres	Porcentaje	2023	0,7
L Actividades inmobiliarias	Hombres	Porcentaje	2022	0,7
L Actividades inmobiliarias	Hombres	Porcentaje	2021	0,7
L Actividades inmobiliarias	Hombres	Porcentaje	2020	0,6
L Actividades inmobiliarias	Hombres	Porcentaje	2019	0,7
L Actividades inmobiliarias	Hombres	Porcentaje	2018	0,6
L Actividades inmobiliarias	Hombres	Porcentaje	2017	0,6
L Actividades inmobiliarias	Hombres	Porcentaje	2016	0,5
L Actividades inmobiliarias	Hombres	Porcentaje	2015	0,4
L Actividades inmobiliarias	Hombres	Porcentaje	2014	0,5
L Actividades inmobiliarias	Hombres	Porcentaje	2013	0,4
L Actividades inmobiliarias	Hombres	Porcentaje	2012	0,5
L Actividades inmobiliarias	Hombres	Porcentaje	2011	0,4
L Actividades inmobiliarias	Hombres	Porcentaje	2010	0,4
L Actividades inmobiliarias	Hombres	Porcentaje	2009	0,4
L Actividades inmobiliarias	Hombres	Porcentaje	2008	0,5
L Actividades inmobiliarias	Mujeres	Valor absoluto	2025	89,6
L Actividades inmobiliarias	Mujeres	Valor absoluto	2024	80,1
L Actividades inmobiliarias	Mujeres	Valor absoluto	2023	89,6
L Actividades inmobiliarias	Mujeres	Valor absoluto	2022	86,7
L Actividades inmobiliarias	Mujeres	Valor absoluto	2021	76
L Actividades inmobiliarias	Mujeres	Valor absoluto	2020	85,3
L Actividades inmobiliarias	Mujeres	Valor absoluto	2019	83
L Actividades inmobiliarias	Mujeres	Valor absoluto	2018	81,5
L Actividades inmobiliarias	Mujeres	Valor absoluto	2017	72,2
L Actividades inmobiliarias	Mujeres	Valor absoluto	2016	65,6
L Actividades inmobiliarias	Mujeres	Valor absoluto	2015	60,6
L Actividades inmobiliarias	Mujeres	Valor absoluto	2014	55,9
L Actividades inmobiliarias	Mujeres	Valor absoluto	2013	53,8
L Actividades inmobiliarias	Mujeres	Valor absoluto	2012	49,6
L Actividades inmobiliarias	Mujeres	Valor absoluto	2011	51,1
L Actividades inmobiliarias	Mujeres	Valor absoluto	2010	40,2
L Actividades inmobiliarias	Mujeres	Valor absoluto	2009	49
L Actividades inmobiliarias	Mujeres	Valor absoluto	2008	60,7
L Actividades inmobiliarias	Mujeres	Porcentaje	2025	0,9
L Actividades inmobiliarias	Mujeres	Porcentaje	2024	0,8
L Actividades inmobiliarias	Mujeres	Porcentaje	2023	0,9
L Actividades inmobiliarias	Mujeres	Porcentaje	2022	0,9
L Actividades inmobiliarias	Mujeres	Porcentaje	2021	0,8
L Actividades inmobiliarias	Mujeres	Porcentaje	2020	1
L Actividades inmobiliarias	Mujeres	Porcentaje	2019	0,9
L Actividades inmobiliarias	Mujeres	Porcentaje	2018	0,9
L Actividades inmobiliarias	Mujeres	Porcentaje	2017	0,8
L Actividades inmobiliarias	Mujeres	Porcentaje	2016	0,8
L Actividades inmobiliarias	Mujeres	Porcentaje	2015	0,7
L Actividades inmobiliarias	Mujeres	Porcentaje	2014	0,7
L Actividades inmobiliarias	Mujeres	Porcentaje	2013	0,7
L Actividades inmobiliarias	Mujeres	Porcentaje	2012	0,6
L Actividades inmobiliarias	Mujeres	Porcentaje	2011	0,6
L Actividades inmobiliarias	Mujeres	Porcentaje	2010	0,5
L Actividades inmobiliarias	Mujeres	Porcentaje	2009	0,6
L Actividades inmobiliarias	Mujeres	Porcentaje	2008	0,7
68 Actividades inmobiliarias	Ambos sexos	Valor absoluto	2025	179,8
68 Actividades inmobiliarias	Ambos sexos	Valor absoluto	2024	164,4
68 Actividades inmobiliarias	Ambos sexos	Valor absoluto	2023	172,8
68 Actividades inmobiliarias	Ambos sexos	Valor absoluto	2022	160,9
68 Actividades inmobiliarias	Ambos sexos	Valor absoluto	2021	152,2
68 Actividades inmobiliarias	Ambos sexos	Valor absoluto	2020	151,9
68 Actividades inmobiliarias	Ambos sexos	Valor absoluto	2019	154,3
68 Actividades inmobiliarias	Ambos sexos	Valor absoluto	2018	149,6
68 Actividades inmobiliarias	Ambos sexos	Valor absoluto	2017	129,6
68 Actividades inmobiliarias	Ambos sexos	Valor absoluto	2016	114,1
68 Actividades inmobiliarias	Ambos sexos	Valor absoluto	2015	104,1
68 Actividades inmobiliarias	Ambos sexos	Valor absoluto	2014	99,5
68 Actividades inmobiliarias	Ambos sexos	Valor absoluto	2013	92,1
68 Actividades inmobiliarias	Ambos sexos	Valor absoluto	2012	97,2
68 Actividades inmobiliarias	Ambos sexos	Valor absoluto	2011	96,3
68 Actividades inmobiliarias	Ambos sexos	Valor absoluto	2010	84,3
68 Actividades inmobiliarias	Ambos sexos	Valor absoluto	2009	91,9
68 Actividades inmobiliarias	Ambos sexos	Valor absoluto	2008	119,2
68 Actividades inmobiliarias	Ambos sexos	Porcentaje	2025	0,8
68 Actividades inmobiliarias	Ambos sexos	Porcentaje	2024	0,8
68 Actividades inmobiliarias	Ambos sexos	Porcentaje	2023	0,8
68 Actividades inmobiliarias	Ambos sexos	Porcentaje	2022	0,8
68 Actividades inmobiliarias	Ambos sexos	Porcentaje	2021	0,8
68 Actividades inmobiliarias	Ambos sexos	Porcentaje	2020	0,8
68 Actividades inmobiliarias	Ambos sexos	Porcentaje	2019	0,8
68 Actividades inmobiliarias	Ambos sexos	Porcentaje	2018	0,8
68 Actividades inmobiliarias	Ambos sexos	Porcentaje	2017	0,7
68 Actividades inmobiliarias	Ambos sexos	Porcentaje	2016	0,6
68 Actividades inmobiliarias	Ambos sexos	Porcentaje	2015	0,6
68 Actividades inmobiliarias	Ambos sexos	Porcentaje	2014	0,6
68 Actividades inmobiliarias	Ambos sexos	Porcentaje	2013	0,5
68 Actividades inmobiliarias	Ambos sexos	Porcentaje	2012	0,6
68 Actividades inmobiliarias	Ambos sexos	Porcentaje	2011	0,5
68 Actividades inmobiliarias	Ambos sexos	Porcentaje	2010	0,5
68 Actividades inmobiliarias	Ambos sexos	Porcentaje	2009	0,5
68 Actividades inmobiliarias	Ambos sexos	Porcentaje	2008	0,6
68 Actividades inmobiliarias	Hombres	Valor absoluto	2025	90,3
68 Actividades inmobiliarias	Hombres	Valor absoluto	2024	84,4
68 Actividades inmobiliarias	Hombres	Valor absoluto	2023	83,1
68 Actividades inmobiliarias	Hombres	Valor absoluto	2022	74,2
68 Actividades inmobiliarias	Hombres	Valor absoluto	2021	76,2
68 Actividades inmobiliarias	Hombres	Valor absoluto	2020	66,6
68 Actividades inmobiliarias	Hombres	Valor absoluto	2019	71,3
68 Actividades inmobiliarias	Hombres	Valor absoluto	2018	68,1
68 Actividades inmobiliarias	Hombres	Valor absoluto	2017	57,4
68 Actividades inmobiliarias	Hombres	Valor absoluto	2016	48,6
68 Actividades inmobiliarias	Hombres	Valor absoluto	2015	43,5
68 Actividades inmobiliarias	Hombres	Valor absoluto	2014	43,6
68 Actividades inmobiliarias	Hombres	Valor absoluto	2013	38,3
68 Actividades inmobiliarias	Hombres	Valor absoluto	2012	47,7
68 Actividades inmobiliarias	Hombres	Valor absoluto	2011	45,2
68 Actividades inmobiliarias	Hombres	Valor absoluto	2010	44,1
68 Actividades inmobiliarias	Hombres	Valor absoluto	2009	42,9
68 Actividades inmobiliarias	Hombres	Valor absoluto	2008	58,5
68 Actividades inmobiliarias	Hombres	Porcentaje	2025	0,8
68 Actividades inmobiliarias	Hombres	Porcentaje	2024	0,7
68 Actividades inmobiliarias	Hombres	Porcentaje	2023	0,7
68 Actividades inmobiliarias	Hombres	Porcentaje	2022	0,7
68 Actividades inmobiliarias	Hombres	Porcentaje	2021	0,7
68 Actividades inmobiliarias	Hombres	Porcentaje	2020	0,6
68 Actividades inmobiliarias	Hombres	Porcentaje	2019	0,7
68 Actividades inmobiliarias	Hombres	Porcentaje	2018	0,6
68 Actividades inmobiliarias	Hombres	Porcentaje	2017	0,6
68 Actividades inmobiliarias	Hombres	Porcentaje	2016	0,5
68 Actividades inmobiliarias	Hombres	Porcentaje	2015	0,4
68 Actividades inmobiliarias	Hombres	Porcentaje	2014	0,5
68 Actividades inmobiliarias	Hombres	Porcentaje	2013	0,4
68 Actividades inmobiliarias	Hombres	Porcentaje	2012	0,5
68 Actividades inmobiliarias	Hombres	Porcentaje	2011	0,4
68 Actividades inmobiliarias	Hombres	Porcentaje	2010	0,4
68 Actividades inmobiliarias	Hombres	Porcentaje	2009	0,4
68 Actividades inmobiliarias	Hombres	Porcentaje	2008	0,5
68 Actividades inmobiliarias	Mujeres	Valor absoluto	2025	89,6
68 Actividades inmobiliarias	Mujeres	Valor absoluto	2024	80,1
68 Actividades inmobiliarias	Mujeres	Valor absoluto	2023	89,6
68 Actividades inmobiliarias	Mujeres	Valor absoluto	2022	86,7
68 Actividades inmobiliarias	Mujeres	Valor absoluto	2021	76
68 Actividades inmobiliarias	Mujeres	Valor absoluto	2020	85,3
68 Actividades inmobiliarias	Mujeres	Valor absoluto	2019	83
68 Actividades inmobiliarias	Mujeres	Valor absoluto	2018	81,5
68 Actividades inmobiliarias	Mujeres	Valor absoluto	2017	72,2
68 Actividades inmobiliarias	Mujeres	Valor absoluto	2016	65,6
68 Actividades inmobiliarias	Mujeres	Valor absoluto	2015	60,6
68 Actividades inmobiliarias	Mujeres	Valor absoluto	2014	55,9
68 Actividades inmobiliarias	Mujeres	Valor absoluto	2013	53,8
68 Actividades inmobiliarias	Mujeres	Valor absoluto	2012	49,6
68 Actividades inmobiliarias	Mujeres	Valor absoluto	2011	51,1
68 Actividades inmobiliarias	Mujeres	Valor absoluto	2010	40,2
68 Actividades inmobiliarias	Mujeres	Valor absoluto	2009	49
68 Actividades inmobiliarias	Mujeres	Valor absoluto	2008	60,7
68 Actividades inmobiliarias	Mujeres	Porcentaje	2025	0,9
68 Actividades inmobiliarias	Mujeres	Porcentaje	2024	0,8
68 Actividades inmobiliarias	Mujeres	Porcentaje	2023	0,9
68 Actividades inmobiliarias	Mujeres	Porcentaje	2022	0,9
68 Actividades inmobiliarias	Mujeres	Porcentaje	2021	0,8
68 Actividades inmobiliarias	Mujeres	Porcentaje	2020	1
68 Actividades inmobiliarias	Mujeres	Porcentaje	2019	0,9
68 Actividades inmobiliarias	Mujeres	Porcentaje	2018	0,9
68 Actividades inmobiliarias	Mujeres	Porcentaje	2017	0,8
68 Actividades inmobiliarias	Mujeres	Porcentaje	2016	0,8
68 Actividades inmobiliarias	Mujeres	Porcentaje	2015	0,7
68 Actividades inmobiliarias	Mujeres	Porcentaje	2014	0,7
68 Actividades inmobiliarias	Mujeres	Porcentaje	2013	0,7
68 Actividades inmobiliarias	Mujeres	Porcentaje	2012	0,6
68 Actividades inmobiliarias	Mujeres	Porcentaje	2011	0,6
68 Actividades inmobiliarias	Mujeres	Porcentaje	2010	0,5
68 Actividades inmobiliarias	Mujeres	Porcentaje	2009	0,6
68 Actividades inmobiliarias	Mujeres	Porcentaje	2008	0,7
M Actividades profesionales, científicas y técnicas	Ambos sexos	Valor absoluto	2025	1.288,7
M Actividades profesionales, científicas y técnicas	Ambos sexos	Valor absoluto	2024	1.241,1
M Actividades profesionales, científicas y técnicas	Ambos sexos	Valor absoluto	2023	1.218
M Actividades profesionales, científicas y técnicas	Ambos sexos	Valor absoluto	2022	1.118,8
M Actividades profesionales, científicas y técnicas	Ambos sexos	Valor absoluto	2021	1.088
M Actividades profesionales, científicas y técnicas	Ambos sexos	Valor absoluto	2020	1.034,8
M Actividades profesionales, científicas y técnicas	Ambos sexos	Valor absoluto	2019	1.022,4
M Actividades profesionales, científicas y técnicas	Ambos sexos	Valor absoluto	2018	982
M Actividades profesionales, científicas y técnicas	Ambos sexos	Valor absoluto	2017	977,1
M Actividades profesionales, científicas y técnicas	Ambos sexos	Valor absoluto	2016	924,4
M Actividades profesionales, científicas y técnicas	Ambos sexos	Valor absoluto	2015	890,6
M Actividades profesionales, científicas y técnicas	Ambos sexos	Valor absoluto	2014	851,4
M Actividades profesionales, científicas y técnicas	Ambos sexos	Valor absoluto	2013	836,6
M Actividades profesionales, científicas y técnicas	Ambos sexos	Valor absoluto	2012	858,4
M Actividades profesionales, científicas y técnicas	Ambos sexos	Valor absoluto	2011	853
M Actividades profesionales, científicas y técnicas	Ambos sexos	Valor absoluto	2010	874,7
M Actividades profesionales, científicas y técnicas	Ambos sexos	Valor absoluto	2009	881,7
M Actividades profesionales, científicas y técnicas	Ambos sexos	Valor absoluto	2008	905,1
M Actividades profesionales, científicas y técnicas	Ambos sexos	Porcentaje	2025	5,8
M Actividades profesionales, científicas y técnicas	Ambos sexos	Porcentaje	2024	5,7
M Actividades profesionales, científicas y técnicas	Ambos sexos	Porcentaje	2023	5,8
M Actividades profesionales, científicas y técnicas	Ambos sexos	Porcentaje	2022	5,4
M Actividades profesionales, científicas y técnicas	Ambos sexos	Porcentaje	2021	5,5
M Actividades profesionales, científicas y técnicas	Ambos sexos	Porcentaje	2020	5,4
M Actividades profesionales, científicas y técnicas	Ambos sexos	Porcentaje	2019	5,2
M Actividades profesionales, científicas y técnicas	Ambos sexos	Porcentaje	2018	5,1
M Actividades profesionales, científicas y técnicas	Ambos sexos	Porcentaje	2017	5,2
M Actividades profesionales, científicas y técnicas	Ambos sexos	Porcentaje	2016	5
M Actividades profesionales, científicas y técnicas	Ambos sexos	Porcentaje	2015	5
M Actividades profesionales, científicas y técnicas	Ambos sexos	Porcentaje	2014	4,9
M Actividades profesionales, científicas y técnicas	Ambos sexos	Porcentaje	2013	4,9
M Actividades profesionales, científicas y técnicas	Ambos sexos	Porcentaje	2012	4,9
M Actividades profesionales, científicas y técnicas	Ambos sexos	Porcentaje	2011	4,6
M Actividades profesionales, científicas y técnicas	Ambos sexos	Porcentaje	2010	4,7
M Actividades profesionales, científicas y técnicas	Ambos sexos	Porcentaje	2009	4,6
M Actividades profesionales, científicas y técnicas	Ambos sexos	Porcentaje	2008	4,4
M Actividades profesionales, científicas y técnicas	Hombres	Valor absoluto	2025	631,8
M Actividades profesionales, científicas y técnicas	Hombres	Valor absoluto	2024	639,8
M Actividades profesionales, científicas y técnicas	Hombres	Valor absoluto	2023	625,8
M Actividades profesionales, científicas y técnicas	Hombres	Valor absoluto	2022	581,2
M Actividades profesionales, científicas y técnicas	Hombres	Valor absoluto	2021	547,1
M Actividades profesionales, científicas y técnicas	Hombres	Valor absoluto	2020	512,9
M Actividades profesionales, científicas y técnicas	Hombres	Valor absoluto	2019	511,3
M Actividades profesionales, científicas y técnicas	Hombres	Valor absoluto	2018	500,8
M Actividades profesionales, científicas y técnicas	Hombres	Valor absoluto	2017	504,2
M Actividades profesionales, científicas y técnicas	Hombres	Valor absoluto	2016	469,2
M Actividades profesionales, científicas y técnicas	Hombres	Valor absoluto	2015	463
M Actividades profesionales, científicas y técnicas	Hombres	Valor absoluto	2014	443,9
M Actividades profesionales, científicas y técnicas	Hombres	Valor absoluto	2013	441
M Actividades profesionales, científicas y técnicas	Hombres	Valor absoluto	2012	450,5
M Actividades profesionales, científicas y técnicas	Hombres	Valor absoluto	2011	436,6
M Actividades profesionales, científicas y técnicas	Hombres	Valor absoluto	2010	444,4
M Actividades profesionales, científicas y técnicas	Hombres	Valor absoluto	2009	445,4
M Actividades profesionales, científicas y técnicas	Hombres	Valor absoluto	2008	474,6
M Actividades profesionales, científicas y técnicas	Hombres	Porcentaje	2025	5,3
M Actividades profesionales, científicas y técnicas	Hombres	Porcentaje	2024	5,5
M Actividades profesionales, científicas y técnicas	Hombres	Porcentaje	2023	5,5
M Actividades profesionales, científicas y técnicas	Hombres	Porcentaje	2022	5,2
M Actividades profesionales, científicas y técnicas	Hombres	Porcentaje	2021	5,1
M Actividades profesionales, científicas y técnicas	Hombres	Porcentaje	2020	4,9
M Actividades profesionales, científicas y técnicas	Hombres	Porcentaje	2019	4,8
M Actividades profesionales, científicas y técnicas	Hombres	Porcentaje	2018	4,8
M Actividades profesionales, científicas y técnicas	Hombres	Porcentaje	2017	4,9
M Actividades profesionales, científicas y técnicas	Hombres	Porcentaje	2016	4,7
M Actividades profesionales, científicas y técnicas	Hombres	Porcentaje	2015	4,7
M Actividades profesionales, científicas y técnicas	Hombres	Porcentaje	2014	4,7
M Actividades profesionales, científicas y técnicas	Hombres	Porcentaje	2013	4,7
M Actividades profesionales, científicas y técnicas	Hombres	Porcentaje	2012	4,7
M Actividades profesionales, científicas y técnicas	Hombres	Porcentaje	2011	4,3
M Actividades profesionales, científicas y técnicas	Hombres	Porcentaje	2010	4,3
M Actividades profesionales, científicas y técnicas	Hombres	Porcentaje	2009	4,1
M Actividades profesionales, científicas y técnicas	Hombres	Porcentaje	2008	4
M Actividades profesionales, científicas y técnicas	Mujeres	Valor absoluto	2025	656,9
M Actividades profesionales, científicas y técnicas	Mujeres	Valor absoluto	2024	601,3
M Actividades profesionales, científicas y técnicas	Mujeres	Valor absoluto	2023	592,2
M Actividades profesionales, científicas y técnicas	Mujeres	Valor absoluto	2022	537,6
M Actividades profesionales, científicas y técnicas	Mujeres	Valor absoluto	2021	541
M Actividades profesionales, científicas y técnicas	Mujeres	Valor absoluto	2020	521,8
M Actividades profesionales, científicas y técnicas	Mujeres	Valor absoluto	2019	511,2
M Actividades profesionales, científicas y técnicas	Mujeres	Valor absoluto	2018	481,2
M Actividades profesionales, científicas y técnicas	Mujeres	Valor absoluto	2017	472,9
M Actividades profesionales, científicas y técnicas	Mujeres	Valor absoluto	2016	455,2
M Actividades profesionales, científicas y técnicas	Mujeres	Valor absoluto	2015	427,6
M Actividades profesionales, científicas y técnicas	Mujeres	Valor absoluto	2014	407,6
M Actividades profesionales, científicas y técnicas	Mujeres	Valor absoluto	2013	395,6
M Actividades profesionales, científicas y técnicas	Mujeres	Valor absoluto	2012	408
M Actividades profesionales, científicas y técnicas	Mujeres	Valor absoluto	2011	416,3
M Actividades profesionales, científicas y técnicas	Mujeres	Valor absoluto	2010	430,3
M Actividades profesionales, científicas y técnicas	Mujeres	Valor absoluto	2009	436,4
M Actividades profesionales, científicas y técnicas	Mujeres	Valor absoluto	2008	430,5
M Actividades profesionales, científicas y técnicas	Mujeres	Porcentaje	2025	6,3
M Actividades profesionales, científicas y técnicas	Mujeres	Porcentaje	2024	6
M Actividades profesionales, científicas y técnicas	Mujeres	Porcentaje	2023	6
M Actividades profesionales, científicas y técnicas	Mujeres	Porcentaje	2022	5,7
M Actividades profesionales, científicas y técnicas	Mujeres	Porcentaje	2021	5,9
M Actividades profesionales, científicas y técnicas	Mujeres	Porcentaje	2020	5,9
M Actividades profesionales, científicas y técnicas	Mujeres	Porcentaje	2019	5,7
M Actividades profesionales, científicas y técnicas	Mujeres	Porcentaje	2018	5,5
M Actividades profesionales, científicas y técnicas	Mujeres	Porcentaje	2017	5,5
M Actividades profesionales, científicas y técnicas	Mujeres	Porcentaje	2016	5,5
M Actividades profesionales, científicas y técnicas	Mujeres	Porcentaje	2015	5,3
M Actividades profesionales, científicas y técnicas	Mujeres	Porcentaje	2014	5,2
M Actividades profesionales, científicas y técnicas	Mujeres	Porcentaje	2013	5,1
M Actividades profesionales, científicas y técnicas	Mujeres	Porcentaje	2012	5,1
M Actividades profesionales, científicas y técnicas	Mujeres	Porcentaje	2011	5
M Actividades profesionales, científicas y técnicas	Mujeres	Porcentaje	2010	5,2
M Actividades profesionales, científicas y técnicas	Mujeres	Porcentaje	2009	5,2
M Actividades profesionales, científicas y técnicas	Mujeres	Porcentaje	2008	5
69 Actividades jurídicas y de contabilidad	Ambos sexos	Valor absoluto	2025	380,6
69 Actividades jurídicas y de contabilidad	Ambos sexos	Valor absoluto	2024	375,5
69 Actividades jurídicas y de contabilidad	Ambos sexos	Valor absoluto	2023	370,2
69 Actividades jurídicas y de contabilidad	Ambos sexos	Valor absoluto	2022	361,3
69 Actividades jurídicas y de contabilidad	Ambos sexos	Valor absoluto	2021	370,1
69 Actividades jurídicas y de contabilidad	Ambos sexos	Valor absoluto	2020	367,4
69 Actividades jurídicas y de contabilidad	Ambos sexos	Valor absoluto	2019	359,6
69 Actividades jurídicas y de contabilidad	Ambos sexos	Valor absoluto	2018	337,5
69 Actividades jurídicas y de contabilidad	Ambos sexos	Valor absoluto	2017	340,6
69 Actividades jurídicas y de contabilidad	Ambos sexos	Valor absoluto	2016	329,8
69 Actividades jurídicas y de contabilidad	Ambos sexos	Valor absoluto	2015	323
69 Actividades jurídicas y de contabilidad	Ambos sexos	Valor absoluto	2014	305,1
69 Actividades jurídicas y de contabilidad	Ambos sexos	Valor absoluto	2013	314,3
69 Actividades jurídicas y de contabilidad	Ambos sexos	Valor absoluto	2012	314,8
69 Actividades jurídicas y de contabilidad	Ambos sexos	Valor absoluto	2011	298,4
69 Actividades jurídicas y de contabilidad	Ambos sexos	Valor absoluto	2010	309,7
69 Actividades jurídicas y de contabilidad	Ambos sexos	Valor absoluto	2009	329,7
69 Actividades jurídicas y de contabilidad	Ambos sexos	Valor absoluto	2008	328,3
69 Actividades jurídicas y de contabilidad	Ambos sexos	Porcentaje	2025	1,7
69 Actividades jurídicas y de contabilidad	Ambos sexos	Porcentaje	2024	1,7
69 Actividades jurídicas y de contabilidad	Ambos sexos	Porcentaje	2023	1,7
69 Actividades jurídicas y de contabilidad	Ambos sexos	Porcentaje	2022	1,8
69 Actividades jurídicas y de contabilidad	Ambos sexos	Porcentaje	2021	1,9
69 Actividades jurídicas y de contabilidad	Ambos sexos	Porcentaje	2020	1,9
69 Actividades jurídicas y de contabilidad	Ambos sexos	Porcentaje	2019	1,8
69 Actividades jurídicas y de contabilidad	Ambos sexos	Porcentaje	2018	1,7
69 Actividades jurídicas y de contabilidad	Ambos sexos	Porcentaje	2017	1,8
69 Actividades jurídicas y de contabilidad	Ambos sexos	Porcentaje	2016	1,8
69 Actividades jurídicas y de contabilidad	Ambos sexos	Porcentaje	2015	1,8
69 Actividades jurídicas y de contabilidad	Ambos sexos	Porcentaje	2014	1,8
69 Actividades jurídicas y de contabilidad	Ambos sexos	Porcentaje	2013	1,8
69 Actividades jurídicas y de contabilidad	Ambos sexos	Porcentaje	2012	1,8
69 Actividades jurídicas y de contabilidad	Ambos sexos	Porcentaje	2011	1,6
69 Actividades jurídicas y de contabilidad	Ambos sexos	Porcentaje	2010	1,7
69 Actividades jurídicas y de contabilidad	Ambos sexos	Porcentaje	2009	1,7
69 Actividades jurídicas y de contabilidad	Ambos sexos	Porcentaje	2008	1,6
69 Actividades jurídicas y de contabilidad	Hombres	Valor absoluto	2025	150,2
69 Actividades jurídicas y de contabilidad	Hombres	Valor absoluto	2024	155,6
69 Actividades jurídicas y de contabilidad	Hombres	Valor absoluto	2023	151,1
69 Actividades jurídicas y de contabilidad	Hombres	Valor absoluto	2022	158,2
69 Actividades jurídicas y de contabilidad	Hombres	Valor absoluto	2021	161,1
69 Actividades jurídicas y de contabilidad	Hombres	Valor absoluto	2020	150,5
69 Actividades jurídicas y de contabilidad	Hombres	Valor absoluto	2019	152,1
69 Actividades jurídicas y de contabilidad	Hombres	Valor absoluto	2018	147,7
69 Actividades jurídicas y de contabilidad	Hombres	Valor absoluto	2017	142,9
69 Actividades jurídicas y de contabilidad	Hombres	Valor absoluto	2016	140,9
69 Actividades jurídicas y de contabilidad	Hombres	Valor absoluto	2015	140,8
69 Actividades jurídicas y de contabilidad	Hombres	Valor absoluto	2014	127,8
69 Actividades jurídicas y de contabilidad	Hombres	Valor absoluto	2013	145,8
69 Actividades jurídicas y de contabilidad	Hombres	Valor absoluto	2012	142,2
69 Actividades jurídicas y de contabilidad	Hombres	Valor absoluto	2011	130,1
69 Actividades jurídicas y de contabilidad	Hombres	Valor absoluto	2010	130,2
69 Actividades jurídicas y de contabilidad	Hombres	Valor absoluto	2009	140,8
69 Actividades jurídicas y de contabilidad	Hombres	Valor absoluto	2008	140,4
69 Actividades jurídicas y de contabilidad	Hombres	Porcentaje	2025	1,3
69 Actividades jurídicas y de contabilidad	Hombres	Porcentaje	2024	1,3
69 Actividades jurídicas y de contabilidad	Hombres	Porcentaje	2023	1,3
69 Actividades jurídicas y de contabilidad	Hombres	Porcentaje	2022	1,4
69 Actividades jurídicas y de contabilidad	Hombres	Porcentaje	2021	1,5
69 Actividades jurídicas y de contabilidad	Hombres	Porcentaje	2020	1,4
69 Actividades jurídicas y de contabilidad	Hombres	Porcentaje	2019	1,4
69 Actividades jurídicas y de contabilidad	Hombres	Porcentaje	2018	1,4
69 Actividades jurídicas y de contabilidad	Hombres	Porcentaje	2017	1,4
69 Actividades jurídicas y de contabilidad	Hombres	Porcentaje	2016	1,4
69 Actividades jurídicas y de contabilidad	Hombres	Porcentaje	2015	1,4
69 Actividades jurídicas y de contabilidad	Hombres	Porcentaje	2014	1,4
69 Actividades jurídicas y de contabilidad	Hombres	Porcentaje	2013	1,6
69 Actividades jurídicas y de contabilidad	Hombres	Porcentaje	2012	1,5
69 Actividades jurídicas y de contabilidad	Hombres	Porcentaje	2011	1,3
69 Actividades jurídicas y de contabilidad	Hombres	Porcentaje	2010	1,2
69 Actividades jurídicas y de contabilidad	Hombres	Porcentaje	2009	1,3
69 Actividades jurídicas y de contabilidad	Hombres	Porcentaje	2008	1,2
69 Actividades jurídicas y de contabilidad	Mujeres	Valor absoluto	2025	230,4
69 Actividades jurídicas y de contabilidad	Mujeres	Valor absoluto	2024	219,9
69 Actividades jurídicas y de contabilidad	Mujeres	Valor absoluto	2023	219,1
69 Actividades jurídicas y de contabilidad	Mujeres	Valor absoluto	2022	203,1
69 Actividades jurídicas y de contabilidad	Mujeres	Valor absoluto	2021	208,9
69 Actividades jurídicas y de contabilidad	Mujeres	Valor absoluto	2020	216,9
69 Actividades jurídicas y de contabilidad	Mujeres	Valor absoluto	2019	207,5
69 Actividades jurídicas y de contabilidad	Mujeres	Valor absoluto	2018	189,9
69 Actividades jurídicas y de contabilidad	Mujeres	Valor absoluto	2017	197,6
69 Actividades jurídicas y de contabilidad	Mujeres	Valor absoluto	2016	188,9
69 Actividades jurídicas y de contabilidad	Mujeres	Valor absoluto	2015	182,2
69 Actividades jurídicas y de contabilidad	Mujeres	Valor absoluto	2014	177,3
69 Actividades jurídicas y de contabilidad	Mujeres	Valor absoluto	2013	168,5
69 Actividades jurídicas y de contabilidad	Mujeres	Valor absoluto	2012	172,6
69 Actividades jurídicas y de contabilidad	Mujeres	Valor absoluto	2011	168,4
69 Actividades jurídicas y de contabilidad	Mujeres	Valor absoluto	2010	179,5
69 Actividades jurídicas y de contabilidad	Mujeres	Valor absoluto	2009	188,9
69 Actividades jurídicas y de contabilidad	Mujeres	Valor absoluto	2008	187,9
69 Actividades jurídicas y de contabilidad	Mujeres	Porcentaje	2025	2,2
69 Actividades jurídicas y de contabilidad	Mujeres	Porcentaje	2024	2,2
69 Actividades jurídicas y de contabilidad	Mujeres	Porcentaje	2023	2,2
69 Actividades jurídicas y de contabilidad	Mujeres	Porcentaje	2022	2,2
69 Actividades jurídicas y de contabilidad	Mujeres	Porcentaje	2021	2,3
69 Actividades jurídicas y de contabilidad	Mujeres	Porcentaje	2020	2,5
69 Actividades jurídicas y de contabilidad	Mujeres	Porcentaje	2019	2,3
69 Actividades jurídicas y de contabilidad	Mujeres	Porcentaje	2018	2,2
69 Actividades jurídicas y de contabilidad	Mujeres	Porcentaje	2017	2,3
69 Actividades jurídicas y de contabilidad	Mujeres	Porcentaje	2016	2,3
69 Actividades jurídicas y de contabilidad	Mujeres	Porcentaje	2015	2,2
69 Actividades jurídicas y de contabilidad	Mujeres	Porcentaje	2014	2,2
69 Actividades jurídicas y de contabilidad	Mujeres	Porcentaje	2013	2,2
69 Actividades jurídicas y de contabilidad	Mujeres	Porcentaje	2012	2,2
69 Actividades jurídicas y de contabilidad	Mujeres	Porcentaje	2011	2
69 Actividades jurídicas y de contabilidad	Mujeres	Porcentaje	2010	2,2
69 Actividades jurídicas y de contabilidad	Mujeres	Porcentaje	2009	2,3
69 Actividades jurídicas y de contabilidad	Mujeres	Porcentaje	2008	2,2
70 Actividades de las sedes centrales; actividades de consultoría de gestión empresarial	Ambos sexos	Valor absoluto	2025	188,5
70 Actividades de las sedes centrales; actividades de consultoría de gestión empresarial	Ambos sexos	Valor absoluto	2024	168,6
70 Actividades de las sedes centrales; actividades de consultoría de gestión empresarial	Ambos sexos	Valor absoluto	2023	165,6
70 Actividades de las sedes centrales; actividades de consultoría de gestión empresarial	Ambos sexos	Valor absoluto	2022	154,5
70 Actividades de las sedes centrales; actividades de consultoría de gestión empresarial	Ambos sexos	Valor absoluto	2021	139,7
70 Actividades de las sedes centrales; actividades de consultoría de gestión empresarial	Ambos sexos	Valor absoluto	2020	123,1
70 Actividades de las sedes centrales; actividades de consultoría de gestión empresarial	Ambos sexos	Valor absoluto	2019	123,6
70 Actividades de las sedes centrales; actividades de consultoría de gestión empresarial	Ambos sexos	Valor absoluto	2018	129,8
70 Actividades de las sedes centrales; actividades de consultoría de gestión empresarial	Ambos sexos	Valor absoluto	2017	124,6
70 Actividades de las sedes centrales; actividades de consultoría de gestión empresarial	Ambos sexos	Valor absoluto	2016	117,7
70 Actividades de las sedes centrales; actividades de consultoría de gestión empresarial	Ambos sexos	Valor absoluto	2015	103
70 Actividades de las sedes centrales; actividades de consultoría de gestión empresarial	Ambos sexos	Valor absoluto	2014	97,3
70 Actividades de las sedes centrales; actividades de consultoría de gestión empresarial	Ambos sexos	Valor absoluto	2013	84,5
70 Actividades de las sedes centrales; actividades de consultoría de gestión empresarial	Ambos sexos	Valor absoluto	2012	81,2
70 Actividades de las sedes centrales; actividades de consultoría de gestión empresarial	Ambos sexos	Valor absoluto	2011	93,2
70 Actividades de las sedes centrales; actividades de consultoría de gestión empresarial	Ambos sexos	Valor absoluto	2010	91,9
70 Actividades de las sedes centrales; actividades de consultoría de gestión empresarial	Ambos sexos	Valor absoluto	2009	84,8
70 Actividades de las sedes centrales; actividades de consultoría de gestión empresarial	Ambos sexos	Valor absoluto	2008	67
70 Actividades de las sedes centrales; actividades de consultoría de gestión empresarial	Ambos sexos	Porcentaje	2025	0,8
70 Actividades de las sedes centrales; actividades de consultoría de gestión empresarial	Ambos sexos	Porcentaje	2024	0,8
70 Actividades de las sedes centrales; actividades de consultoría de gestión empresarial	Ambos sexos	Porcentaje	2023	0,8
70 Actividades de las sedes centrales; actividades de consultoría de gestión empresarial	Ambos sexos	Porcentaje	2022	0,8
70 Actividades de las sedes centrales; actividades de consultoría de gestión empresarial	Ambos sexos	Porcentaje	2021	0,7
70 Actividades de las sedes centrales; actividades de consultoría de gestión empresarial	Ambos sexos	Porcentaje	2020	0,6
70 Actividades de las sedes centrales; actividades de consultoría de gestión empresarial	Ambos sexos	Porcentaje	2019	0,6
70 Actividades de las sedes centrales; actividades de consultoría de gestión empresarial	Ambos sexos	Porcentaje	2018	0,7
70 Actividades de las sedes centrales; actividades de consultoría de gestión empresarial	Ambos sexos	Porcentaje	2017	0,7
70 Actividades de las sedes centrales; actividades de consultoría de gestión empresarial	Ambos sexos	Porcentaje	2016	0,6
70 Actividades de las sedes centrales; actividades de consultoría de gestión empresarial	Ambos sexos	Porcentaje	2015	0,6
70 Actividades de las sedes centrales; actividades de consultoría de gestión empresarial	Ambos sexos	Porcentaje	2014	0,6
70 Actividades de las sedes centrales; actividades de consultoría de gestión empresarial	Ambos sexos	Porcentaje	2013	0,5
70 Actividades de las sedes centrales; actividades de consultoría de gestión empresarial	Ambos sexos	Porcentaje	2012	0,5
70 Actividades de las sedes centrales; actividades de consultoría de gestión empresarial	Ambos sexos	Porcentaje	2011	0,5
70 Actividades de las sedes centrales; actividades de consultoría de gestión empresarial	Ambos sexos	Porcentaje	2010	0,5
70 Actividades de las sedes centrales; actividades de consultoría de gestión empresarial	Ambos sexos	Porcentaje	2009	0,4
70 Actividades de las sedes centrales; actividades de consultoría de gestión empresarial	Ambos sexos	Porcentaje	2008	0,3
70 Actividades de las sedes centrales; actividades de consultoría de gestión empresarial	Hombres	Valor absoluto	2025	87,3
70 Actividades de las sedes centrales; actividades de consultoría de gestión empresarial	Hombres	Valor absoluto	2024	84,2
70 Actividades de las sedes centrales; actividades de consultoría de gestión empresarial	Hombres	Valor absoluto	2023	90,7
70 Actividades de las sedes centrales; actividades de consultoría de gestión empresarial	Hombres	Valor absoluto	2022	79,9
70 Actividades de las sedes centrales; actividades de consultoría de gestión empresarial	Hombres	Valor absoluto	2021	63,5
70 Actividades de las sedes centrales; actividades de consultoría de gestión empresarial	Hombres	Valor absoluto	2020	55,4
70 Actividades de las sedes centrales; actividades de consultoría de gestión empresarial	Hombres	Valor absoluto	2019	59,9
70 Actividades de las sedes centrales; actividades de consultoría de gestión empresarial	Hombres	Valor absoluto	2018	63,9
70 Actividades de las sedes centrales; actividades de consultoría de gestión empresarial	Hombres	Valor absoluto	2017	61,1
70 Actividades de las sedes centrales; actividades de consultoría de gestión empresarial	Hombres	Valor absoluto	2016	55,1
70 Actividades de las sedes centrales; actividades de consultoría de gestión empresarial	Hombres	Valor absoluto	2015	51,9
70 Actividades de las sedes centrales; actividades de consultoría de gestión empresarial	Hombres	Valor absoluto	2014	52,1
70 Actividades de las sedes centrales; actividades de consultoría de gestión empresarial	Hombres	Valor absoluto	2013	39,4
70 Actividades de las sedes centrales; actividades de consultoría de gestión empresarial	Hombres	Valor absoluto	2012	34,6
70 Actividades de las sedes centrales; actividades de consultoría de gestión empresarial	Hombres	Valor absoluto	2011	41,7
70 Actividades de las sedes centrales; actividades de consultoría de gestión empresarial	Hombres	Valor absoluto	2010	45,9
70 Actividades de las sedes centrales; actividades de consultoría de gestión empresarial	Hombres	Valor absoluto	2009	39,7
70 Actividades de las sedes centrales; actividades de consultoría de gestión empresarial	Hombres	Valor absoluto	2008	33,3
70 Actividades de las sedes centrales; actividades de consultoría de gestión empresarial	Hombres	Porcentaje	2025	0,7
70 Actividades de las sedes centrales; actividades de consultoría de gestión empresarial	Hombres	Porcentaje	2024	0,7
70 Actividades de las sedes centrales; actividades de consultoría de gestión empresarial	Hombres	Porcentaje	2023	0,8
70 Actividades de las sedes centrales; actividades de consultoría de gestión empresarial	Hombres	Porcentaje	2022	0,7
70 Actividades de las sedes centrales; actividades de consultoría de gestión empresarial	Hombres	Porcentaje	2021	0,6
70 Actividades de las sedes centrales; actividades de consultoría de gestión empresarial	Hombres	Porcentaje	2020	0,5
70 Actividades de las sedes centrales; actividades de consultoría de gestión empresarial	Hombres	Porcentaje	2019	0,6
70 Actividades de las sedes centrales; actividades de consultoría de gestión empresarial	Hombres	Porcentaje	2018	0,6
70 Actividades de las sedes centrales; actividades de consultoría de gestión empresarial	Hombres	Porcentaje	2017	0,6
70 Actividades de las sedes centrales; actividades de consultoría de gestión empresarial	Hombres	Porcentaje	2016	0,6
70 Actividades de las sedes centrales; actividades de consultoría de gestión empresarial	Hombres	Porcentaje	2015	0,5
70 Actividades de las sedes centrales; actividades de consultoría de gestión empresarial	Hombres	Porcentaje	2014	0,6
70 Actividades de las sedes centrales; actividades de consultoría de gestión empresarial	Hombres	Porcentaje	2013	0,4
70 Actividades de las sedes centrales; actividades de consultoría de gestión empresarial	Hombres	Porcentaje	2012	0,4
70 Actividades de las sedes centrales; actividades de consultoría de gestión empresarial	Hombres	Porcentaje	2011	0,4
70 Actividades de las sedes centrales; actividades de consultoría de gestión empresarial	Hombres	Porcentaje	2010	0,4
70 Actividades de las sedes centrales; actividades de consultoría de gestión empresarial	Hombres	Porcentaje	2009	0,4
70 Actividades de las sedes centrales; actividades de consultoría de gestión empresarial	Hombres	Porcentaje	2008	0,3
70 Actividades de las sedes centrales; actividades de consultoría de gestión empresarial	Mujeres	Valor absoluto	2025	101,3
70 Actividades de las sedes centrales; actividades de consultoría de gestión empresarial	Mujeres	Valor absoluto	2024	84,5
70 Actividades de las sedes centrales; actividades de consultoría de gestión empresarial	Mujeres	Valor absoluto	2023	74,9
70 Actividades de las sedes centrales; actividades de consultoría de gestión empresarial	Mujeres	Valor absoluto	2022	74,7
70 Actividades de las sedes centrales; actividades de consultoría de gestión empresarial	Mujeres	Valor absoluto	2021	76,2
70 Actividades de las sedes centrales; actividades de consultoría de gestión empresarial	Mujeres	Valor absoluto	2020	67,7
70 Actividades de las sedes centrales; actividades de consultoría de gestión empresarial	Mujeres	Valor absoluto	2019	63,7
70 Actividades de las sedes centrales; actividades de consultoría de gestión empresarial	Mujeres	Valor absoluto	2018	65,9
70 Actividades de las sedes centrales; actividades de consultoría de gestión empresarial	Mujeres	Valor absoluto	2017	63,5
70 Actividades de las sedes centrales; actividades de consultoría de gestión empresarial	Mujeres	Valor absoluto	2016	62,6
70 Actividades de las sedes centrales; actividades de consultoría de gestión empresarial	Mujeres	Valor absoluto	2015	51,1
70 Actividades de las sedes centrales; actividades de consultoría de gestión empresarial	Mujeres	Valor absoluto	2014	45,2
70 Actividades de las sedes centrales; actividades de consultoría de gestión empresarial	Mujeres	Valor absoluto	2013	45,1
70 Actividades de las sedes centrales; actividades de consultoría de gestión empresarial	Mujeres	Valor absoluto	2012	46,6
70 Actividades de las sedes centrales; actividades de consultoría de gestión empresarial	Mujeres	Valor absoluto	2011	51,6
70 Actividades de las sedes centrales; actividades de consultoría de gestión empresarial	Mujeres	Valor absoluto	2010	46,1
70 Actividades de las sedes centrales; actividades de consultoría de gestión empresarial	Mujeres	Valor absoluto	2009	45,2
70 Actividades de las sedes centrales; actividades de consultoría de gestión empresarial	Mujeres	Valor absoluto	2008	33,7
70 Actividades de las sedes centrales; actividades de consultoría de gestión empresarial	Mujeres	Porcentaje	2025	1
70 Actividades de las sedes centrales; actividades de consultoría de gestión empresarial	Mujeres	Porcentaje	2024	0,8
70 Actividades de las sedes centrales; actividades de consultoría de gestión empresarial	Mujeres	Porcentaje	2023	0,8
70 Actividades de las sedes centrales; actividades de consultoría de gestión empresarial	Mujeres	Porcentaje	2022	0,8
70 Actividades de las sedes centrales; actividades de consultoría de gestión empresarial	Mujeres	Porcentaje	2021	0,8
70 Actividades de las sedes centrales; actividades de consultoría de gestión empresarial	Mujeres	Porcentaje	2020	0,8
70 Actividades de las sedes centrales; actividades de consultoría de gestión empresarial	Mujeres	Porcentaje	2019	0,7
70 Actividades de las sedes centrales; actividades de consultoría de gestión empresarial	Mujeres	Porcentaje	2018	0,7
70 Actividades de las sedes centrales; actividades de consultoría de gestión empresarial	Mujeres	Porcentaje	2017	0,7
70 Actividades de las sedes centrales; actividades de consultoría de gestión empresarial	Mujeres	Porcentaje	2016	0,8
70 Actividades de las sedes centrales; actividades de consultoría de gestión empresarial	Mujeres	Porcentaje	2015	0,6
70 Actividades de las sedes centrales; actividades de consultoría de gestión empresarial	Mujeres	Porcentaje	2014	0,6
70 Actividades de las sedes centrales; actividades de consultoría de gestión empresarial	Mujeres	Porcentaje	2013	0,6
70 Actividades de las sedes centrales; actividades de consultoría de gestión empresarial	Mujeres	Porcentaje	2012	0,6
70 Actividades de las sedes centrales; actividades de consultoría de gestión empresarial	Mujeres	Porcentaje	2011	0,6
70 Actividades de las sedes centrales; actividades de consultoría de gestión empresarial	Mujeres	Porcentaje	2010	0,6
70 Actividades de las sedes centrales; actividades de consultoría de gestión empresarial	Mujeres	Porcentaje	2009	0,5
70 Actividades de las sedes centrales; actividades de consultoría de gestión empresarial	Mujeres	Porcentaje	2008	0,4
71 Servicios técnicos de arquitectura e ingeniería; ensayos y análisis técnicos	Ambos sexos	Valor absoluto	2025	309,7
71 Servicios técnicos de arquitectura e ingeniería; ensayos y análisis técnicos	Ambos sexos	Valor absoluto	2024	321,1
71 Servicios técnicos de arquitectura e ingeniería; ensayos y análisis técnicos	Ambos sexos	Valor absoluto	2023	304,2
71 Servicios técnicos de arquitectura e ingeniería; ensayos y análisis técnicos	Ambos sexos	Valor absoluto	2022	265,2
71 Servicios técnicos de arquitectura e ingeniería; ensayos y análisis técnicos	Ambos sexos	Valor absoluto	2021	254,1
71 Servicios técnicos de arquitectura e ingeniería; ensayos y análisis técnicos	Ambos sexos	Valor absoluto	2020	236,1
71 Servicios técnicos de arquitectura e ingeniería; ensayos y análisis técnicos	Ambos sexos	Valor absoluto	2019	237,9
71 Servicios técnicos de arquitectura e ingeniería; ensayos y análisis técnicos	Ambos sexos	Valor absoluto	2018	223,3
71 Servicios técnicos de arquitectura e ingeniería; ensayos y análisis técnicos	Ambos sexos	Valor absoluto	2017	214,6
71 Servicios técnicos de arquitectura e ingeniería; ensayos y análisis técnicos	Ambos sexos	Valor absoluto	2016	212,1
71 Servicios técnicos de arquitectura e ingeniería; ensayos y análisis técnicos	Ambos sexos	Valor absoluto	2015	199
71 Servicios técnicos de arquitectura e ingeniería; ensayos y análisis técnicos	Ambos sexos	Valor absoluto	2014	189,3
71 Servicios técnicos de arquitectura e ingeniería; ensayos y análisis técnicos	Ambos sexos	Valor absoluto	2013	186,6
71 Servicios técnicos de arquitectura e ingeniería; ensayos y análisis técnicos	Ambos sexos	Valor absoluto	2012	205,6
71 Servicios técnicos de arquitectura e ingeniería; ensayos y análisis técnicos	Ambos sexos	Valor absoluto	2011	200,6
71 Servicios técnicos de arquitectura e ingeniería; ensayos y análisis técnicos	Ambos sexos	Valor absoluto	2010	214,7
71 Servicios técnicos de arquitectura e ingeniería; ensayos y análisis técnicos	Ambos sexos	Valor absoluto	2009	217,8
71 Servicios técnicos de arquitectura e ingeniería; ensayos y análisis técnicos	Ambos sexos	Valor absoluto	2008	229,3
71 Servicios técnicos de arquitectura e ingeniería; ensayos y análisis técnicos	Ambos sexos	Porcentaje	2025	1,4
71 Servicios técnicos de arquitectura e ingeniería; ensayos y análisis técnicos	Ambos sexos	Porcentaje	2024	1,5
71 Servicios técnicos de arquitectura e ingeniería; ensayos y análisis técnicos	Ambos sexos	Porcentaje	2023	1,4
71 Servicios técnicos de arquitectura e ingeniería; ensayos y análisis técnicos	Ambos sexos	Porcentaje	2022	1,3
71 Servicios técnicos de arquitectura e ingeniería; ensayos y análisis técnicos	Ambos sexos	Porcentaje	2021	1,3
71 Servicios técnicos de arquitectura e ingeniería; ensayos y análisis técnicos	Ambos sexos	Porcentaje	2020	1,2
71 Servicios técnicos de arquitectura e ingeniería; ensayos y análisis técnicos	Ambos sexos	Porcentaje	2019	1,2
71 Servicios técnicos de arquitectura e ingeniería; ensayos y análisis técnicos	Ambos sexos	Porcentaje	2018	1,2
71 Servicios técnicos de arquitectura e ingeniería; ensayos y análisis técnicos	Ambos sexos	Porcentaje	2017	1,1
71 Servicios técnicos de arquitectura e ingeniería; ensayos y análisis técnicos	Ambos sexos	Porcentaje	2016	1,2
71 Servicios técnicos de arquitectura e ingeniería; ensayos y análisis técnicos	Ambos sexos	Porcentaje	2015	1,1
71 Servicios técnicos de arquitectura e ingeniería; ensayos y análisis técnicos	Ambos sexos	Porcentaje	2014	1,1
71 Servicios técnicos de arquitectura e ingeniería; ensayos y análisis técnicos	Ambos sexos	Porcentaje	2013	1,1
71 Servicios técnicos de arquitectura e ingeniería; ensayos y análisis técnicos	Ambos sexos	Porcentaje	2012	1,2
71 Servicios técnicos de arquitectura e ingeniería; ensayos y análisis técnicos	Ambos sexos	Porcentaje	2011	1,1
71 Servicios técnicos de arquitectura e ingeniería; ensayos y análisis técnicos	Ambos sexos	Porcentaje	2010	1,1
71 Servicios técnicos de arquitectura e ingeniería; ensayos y análisis técnicos	Ambos sexos	Porcentaje	2009	1,1
71 Servicios técnicos de arquitectura e ingeniería; ensayos y análisis técnicos	Ambos sexos	Porcentaje	2008	1,1
71 Servicios técnicos de arquitectura e ingeniería; ensayos y análisis técnicos	Hombres	Valor absoluto	2025	205,2
71 Servicios técnicos de arquitectura e ingeniería; ensayos y análisis técnicos	Hombres	Valor absoluto	2024	213,2
71 Servicios técnicos de arquitectura e ingeniería; ensayos y análisis técnicos	Hombres	Valor absoluto	2023	203,4
71 Servicios técnicos de arquitectura e ingeniería; ensayos y análisis técnicos	Hombres	Valor absoluto	2022	186,1
71 Servicios técnicos de arquitectura e ingeniería; ensayos y análisis técnicos	Hombres	Valor absoluto	2021	170,6
71 Servicios técnicos de arquitectura e ingeniería; ensayos y análisis técnicos	Hombres	Valor absoluto	2020	159,6
71 Servicios técnicos de arquitectura e ingeniería; ensayos y análisis técnicos	Hombres	Valor absoluto	2019	155,8
71 Servicios técnicos de arquitectura e ingeniería; ensayos y análisis técnicos	Hombres	Valor absoluto	2018	147,4
71 Servicios técnicos de arquitectura e ingeniería; ensayos y análisis técnicos	Hombres	Valor absoluto	2017	150
71 Servicios técnicos de arquitectura e ingeniería; ensayos y análisis técnicos	Hombres	Valor absoluto	2016	147,3
71 Servicios técnicos de arquitectura e ingeniería; ensayos y análisis técnicos	Hombres	Valor absoluto	2015	135,7
71 Servicios técnicos de arquitectura e ingeniería; ensayos y análisis técnicos	Hombres	Valor absoluto	2014	133,8
71 Servicios técnicos de arquitectura e ingeniería; ensayos y análisis técnicos	Hombres	Valor absoluto	2013	132,8
71 Servicios técnicos de arquitectura e ingeniería; ensayos y análisis técnicos	Hombres	Valor absoluto	2012	144,6
71 Servicios técnicos de arquitectura e ingeniería; ensayos y análisis técnicos	Hombres	Valor absoluto	2011	133
71 Servicios técnicos de arquitectura e ingeniería; ensayos y análisis técnicos	Hombres	Valor absoluto	2010	145,7
71 Servicios técnicos de arquitectura e ingeniería; ensayos y análisis técnicos	Hombres	Valor absoluto	2009	149,3
71 Servicios técnicos de arquitectura e ingeniería; ensayos y análisis técnicos	Hombres	Valor absoluto	2008	152,5
71 Servicios técnicos de arquitectura e ingeniería; ensayos y análisis técnicos	Hombres	Porcentaje	2025	1,7
71 Servicios técnicos de arquitectura e ingeniería; ensayos y análisis técnicos	Hombres	Porcentaje	2024	1,8
71 Servicios técnicos de arquitectura e ingeniería; ensayos y análisis técnicos	Hombres	Porcentaje	2023	1,8
71 Servicios técnicos de arquitectura e ingeniería; ensayos y análisis técnicos	Hombres	Porcentaje	2022	1,7
71 Servicios técnicos de arquitectura e ingeniería; ensayos y análisis técnicos	Hombres	Porcentaje	2021	1,6
71 Servicios técnicos de arquitectura e ingeniería; ensayos y análisis técnicos	Hombres	Porcentaje	2020	1,5
71 Servicios técnicos de arquitectura e ingeniería; ensayos y análisis técnicos	Hombres	Porcentaje	2019	1,5
71 Servicios técnicos de arquitectura e ingeniería; ensayos y análisis técnicos	Hombres	Porcentaje	2018	1,4
71 Servicios técnicos de arquitectura e ingeniería; ensayos y análisis técnicos	Hombres	Porcentaje	2017	1,5
71 Servicios técnicos de arquitectura e ingeniería; ensayos y análisis técnicos	Hombres	Porcentaje	2016	1,5
71 Servicios técnicos de arquitectura e ingeniería; ensayos y análisis técnicos	Hombres	Porcentaje	2015	1,4
71 Servicios técnicos de arquitectura e ingeniería; ensayos y análisis técnicos	Hombres	Porcentaje	2014	1,4
71 Servicios técnicos de arquitectura e ingeniería; ensayos y análisis técnicos	Hombres	Porcentaje	2013	1,4
71 Servicios técnicos de arquitectura e ingeniería; ensayos y análisis técnicos	Hombres	Porcentaje	2012	1,5
71 Servicios técnicos de arquitectura e ingeniería; ensayos y análisis técnicos	Hombres	Porcentaje	2011	1,3
71 Servicios técnicos de arquitectura e ingeniería; ensayos y análisis técnicos	Hombres	Porcentaje	2010	1,4
71 Servicios técnicos de arquitectura e ingeniería; ensayos y análisis técnicos	Hombres	Porcentaje	2009	1,4
71 Servicios técnicos de arquitectura e ingeniería; ensayos y análisis técnicos	Hombres	Porcentaje	2008	1,3
71 Servicios técnicos de arquitectura e ingeniería; ensayos y análisis técnicos	Mujeres	Valor absoluto	2025	104,5
71 Servicios técnicos de arquitectura e ingeniería; ensayos y análisis técnicos	Mujeres	Valor absoluto	2024	107,9
71 Servicios técnicos de arquitectura e ingeniería; ensayos y análisis técnicos	Mujeres	Valor absoluto	2023	100,8
71 Servicios técnicos de arquitectura e ingeniería; ensayos y análisis técnicos	Mujeres	Valor absoluto	2022	79,1
71 Servicios técnicos de arquitectura e ingeniería; ensayos y análisis técnicos	Mujeres	Valor absoluto	2021	83,5
71 Servicios técnicos de arquitectura e ingeniería; ensayos y análisis técnicos	Mujeres	Valor absoluto	2020	76,5
71 Servicios técnicos de arquitectura e ingeniería; ensayos y análisis técnicos	Mujeres	Valor absoluto	2019	82
71 Servicios técnicos de arquitectura e ingeniería; ensayos y análisis técnicos	Mujeres	Valor absoluto	2018	75,9
71 Servicios técnicos de arquitectura e ingeniería; ensayos y análisis técnicos	Mujeres	Valor absoluto	2017	64,5
71 Servicios técnicos de arquitectura e ingeniería; ensayos y análisis técnicos	Mujeres	Valor absoluto	2016	64,8
71 Servicios técnicos de arquitectura e ingeniería; ensayos y análisis técnicos	Mujeres	Valor absoluto	2015	63,3
71 Servicios técnicos de arquitectura e ingeniería; ensayos y análisis técnicos	Mujeres	Valor absoluto	2014	55,5
71 Servicios técnicos de arquitectura e ingeniería; ensayos y análisis técnicos	Mujeres	Valor absoluto	2013	53,8
71 Servicios técnicos de arquitectura e ingeniería; ensayos y análisis técnicos	Mujeres	Valor absoluto	2012	60,9
71 Servicios técnicos de arquitectura e ingeniería; ensayos y análisis técnicos	Mujeres	Valor absoluto	2011	67,6
71 Servicios técnicos de arquitectura e ingeniería; ensayos y análisis técnicos	Mujeres	Valor absoluto	2010	68,9
71 Servicios técnicos de arquitectura e ingeniería; ensayos y análisis técnicos	Mujeres	Valor absoluto	2009	68,5
71 Servicios técnicos de arquitectura e ingeniería; ensayos y análisis técnicos	Mujeres	Valor absoluto	2008	76,7
71 Servicios técnicos de arquitectura e ingeniería; ensayos y análisis técnicos	Mujeres	Porcentaje	2025	1
71 Servicios técnicos de arquitectura e ingeniería; ensayos y análisis técnicos	Mujeres	Porcentaje	2024	1,1
71 Servicios técnicos de arquitectura e ingeniería; ensayos y análisis técnicos	Mujeres	Porcentaje	2023	1
71 Servicios técnicos de arquitectura e ingeniería; ensayos y análisis técnicos	Mujeres	Porcentaje	2022	0,8
71 Servicios técnicos de arquitectura e ingeniería; ensayos y análisis técnicos	Mujeres	Porcentaje	2021	0,9
71 Servicios técnicos de arquitectura e ingeniería; ensayos y análisis técnicos	Mujeres	Porcentaje	2020	0,9
71 Servicios técnicos de arquitectura e ingeniería; ensayos y análisis técnicos	Mujeres	Porcentaje	2019	0,9
71 Servicios técnicos de arquitectura e ingeniería; ensayos y análisis técnicos	Mujeres	Porcentaje	2018	0,9
71 Servicios técnicos de arquitectura e ingeniería; ensayos y análisis técnicos	Mujeres	Porcentaje	2017	0,8
71 Servicios técnicos de arquitectura e ingeniería; ensayos y análisis técnicos	Mujeres	Porcentaje	2016	0,8
71 Servicios técnicos de arquitectura e ingeniería; ensayos y análisis técnicos	Mujeres	Porcentaje	2015	0,8
71 Servicios técnicos de arquitectura e ingeniería; ensayos y análisis técnicos	Mujeres	Porcentaje	2014	0,7
71 Servicios técnicos de arquitectura e ingeniería; ensayos y análisis técnicos	Mujeres	Porcentaje	2013	0,7
71 Servicios técnicos de arquitectura e ingeniería; ensayos y análisis técnicos	Mujeres	Porcentaje	2012	0,8
71 Servicios técnicos de arquitectura e ingeniería; ensayos y análisis técnicos	Mujeres	Porcentaje	2011	0,8
71 Servicios técnicos de arquitectura e ingeniería; ensayos y análisis técnicos	Mujeres	Porcentaje	2010	0,8
71 Servicios técnicos de arquitectura e ingeniería; ensayos y análisis técnicos	Mujeres	Porcentaje	2009	0,8
71 Servicios técnicos de arquitectura e ingeniería; ensayos y análisis técnicos	Mujeres	Porcentaje	2008	0,9
72 Investigación y desarrollo	Ambos sexos	Valor absoluto	2025	83,8
72 Investigación y desarrollo	Ambos sexos	Valor absoluto	2024	87,1
72 Investigación y desarrollo	Ambos sexos	Valor absoluto	2023	83,9
72 Investigación y desarrollo	Ambos sexos	Valor absoluto	2022	77,1
72 Investigación y desarrollo	Ambos sexos	Valor absoluto	2021	66,7
72 Investigación y desarrollo	Ambos sexos	Valor absoluto	2020	62,7
72 Investigación y desarrollo	Ambos sexos	Valor absoluto	2019	55
72 Investigación y desarrollo	Ambos sexos	Valor absoluto	2018	54,4
72 Investigación y desarrollo	Ambos sexos	Valor absoluto	2017	60,6
72 Investigación y desarrollo	Ambos sexos	Valor absoluto	2016	58,8
72 Investigación y desarrollo	Ambos sexos	Valor absoluto	2015	62,8
72 Investigación y desarrollo	Ambos sexos	Valor absoluto	2014	63,5
72 Investigación y desarrollo	Ambos sexos	Valor absoluto	2013	58,3
72 Investigación y desarrollo	Ambos sexos	Valor absoluto	2012	61,9
72 Investigación y desarrollo	Ambos sexos	Valor absoluto	2011	64,6
72 Investigación y desarrollo	Ambos sexos	Valor absoluto	2010	51,5
72 Investigación y desarrollo	Ambos sexos	Valor absoluto	2009	49,9
72 Investigación y desarrollo	Ambos sexos	Valor absoluto	2008	59,6
72 Investigación y desarrollo	Ambos sexos	Porcentaje	2025	0,4
72 Investigación y desarrollo	Ambos sexos	Porcentaje	2024	0,4
72 Investigación y desarrollo	Ambos sexos	Porcentaje	2023	0,4
72 Investigación y desarrollo	Ambos sexos	Porcentaje	2022	0,4
72 Investigación y desarrollo	Ambos sexos	Porcentaje	2021	0,3
72 Investigación y desarrollo	Ambos sexos	Porcentaje	2020	0,3
72 Investigación y desarrollo	Ambos sexos	Porcentaje	2019	0,3
72 Investigación y desarrollo	Ambos sexos	Porcentaje	2018	0,3
72 Investigación y desarrollo	Ambos sexos	Porcentaje	2017	0,3
72 Investigación y desarrollo	Ambos sexos	Porcentaje	2016	0,3
72 Investigación y desarrollo	Ambos sexos	Porcentaje	2015	0,4
72 Investigación y desarrollo	Ambos sexos	Porcentaje	2014	0,4
72 Investigación y desarrollo	Ambos sexos	Porcentaje	2013	0,3
72 Investigación y desarrollo	Ambos sexos	Porcentaje	2012	0,4
72 Investigación y desarrollo	Ambos sexos	Porcentaje	2011	0,4
72 Investigación y desarrollo	Ambos sexos	Porcentaje	2010	0,3
72 Investigación y desarrollo	Ambos sexos	Porcentaje	2009	0,3
72 Investigación y desarrollo	Ambos sexos	Porcentaje	2008	0,3
72 Investigación y desarrollo	Hombres	Valor absoluto	2025	38
72 Investigación y desarrollo	Hombres	Valor absoluto	2024	42,7
72 Investigación y desarrollo	Hombres	Valor absoluto	2023	47,4
72 Investigación y desarrollo	Hombres	Valor absoluto	2022	42,6
72 Investigación y desarrollo	Hombres	Valor absoluto	2021	34
72 Investigación y desarrollo	Hombres	Valor absoluto	2020	30,2
72 Investigación y desarrollo	Hombres	Valor absoluto	2019	28,4
72 Investigación y desarrollo	Hombres	Valor absoluto	2018	28,2
72 Investigación y desarrollo	Hombres	Valor absoluto	2017	27,9
72 Investigación y desarrollo	Hombres	Valor absoluto	2016	26,3
72 Investigación y desarrollo	Hombres	Valor absoluto	2015	33
72 Investigación y desarrollo	Hombres	Valor absoluto	2014	31,9
72 Investigación y desarrollo	Hombres	Valor absoluto	2013	27,7
72 Investigación y desarrollo	Hombres	Valor absoluto	2012	31,4
72 Investigación y desarrollo	Hombres	Valor absoluto	2011	35,5
72 Investigación y desarrollo	Hombres	Valor absoluto	2010	25,7
72 Investigación y desarrollo	Hombres	Valor absoluto	2009	27,2
72 Investigación y desarrollo	Hombres	Valor absoluto	2008	35,6
72 Investigación y desarrollo	Hombres	Porcentaje	2025	0,3
72 Investigación y desarrollo	Hombres	Porcentaje	2024	0,4
72 Investigación y desarrollo	Hombres	Porcentaje	2023	0,4
72 Investigación y desarrollo	Hombres	Porcentaje	2022	0,4
72 Investigación y desarrollo	Hombres	Porcentaje	2021	0,3
72 Investigación y desarrollo	Hombres	Porcentaje	2020	0,3
72 Investigación y desarrollo	Hombres	Porcentaje	2019	0,3
72 Investigación y desarrollo	Hombres	Porcentaje	2018	0,3
72 Investigación y desarrollo	Hombres	Porcentaje	2017	0,3
72 Investigación y desarrollo	Hombres	Porcentaje	2016	0,3
72 Investigación y desarrollo	Hombres	Porcentaje	2015	0,3
72 Investigación y desarrollo	Hombres	Porcentaje	2014	0,3
72 Investigación y desarrollo	Hombres	Porcentaje	2013	0,3
72 Investigación y desarrollo	Hombres	Porcentaje	2012	0,3
72 Investigación y desarrollo	Hombres	Porcentaje	2011	0,3
72 Investigación y desarrollo	Hombres	Porcentaje	2010	0,2
72 Investigación y desarrollo	Hombres	Porcentaje	2009	0,3
72 Investigación y desarrollo	Hombres	Porcentaje	2008	0,3
72 Investigación y desarrollo	Mujeres	Valor absoluto	2025	45,8
72 Investigación y desarrollo	Mujeres	Valor absoluto	2024	44,4
72 Investigación y desarrollo	Mujeres	Valor absoluto	2023	36,5
72 Investigación y desarrollo	Mujeres	Valor absoluto	2022	34,5
72 Investigación y desarrollo	Mujeres	Valor absoluto	2021	32,7
72 Investigación y desarrollo	Mujeres	Valor absoluto	2020	32,6
72 Investigación y desarrollo	Mujeres	Valor absoluto	2019	26,7
72 Investigación y desarrollo	Mujeres	Valor absoluto	2018	26,2
72 Investigación y desarrollo	Mujeres	Valor absoluto	2017	32,7
72 Investigación y desarrollo	Mujeres	Valor absoluto	2016	32,4
72 Investigación y desarrollo	Mujeres	Valor absoluto	2015	29,8
72 Investigación y desarrollo	Mujeres	Valor absoluto	2014	31,6
72 Investigación y desarrollo	Mujeres	Valor absoluto	2013	30,6
72 Investigación y desarrollo	Mujeres	Valor absoluto	2012	30,5
72 Investigación y desarrollo	Mujeres	Valor absoluto	2011	29,1
72 Investigación y desarrollo	Mujeres	Valor absoluto	2010	25,8
72 Investigación y desarrollo	Mujeres	Valor absoluto	2009	22,7
72 Investigación y desarrollo	Mujeres	Valor absoluto	2008	24
72 Investigación y desarrollo	Mujeres	Porcentaje	2025	0,4
72 Investigación y desarrollo	Mujeres	Porcentaje	2024	0,4
72 Investigación y desarrollo	Mujeres	Porcentaje	2023	0,4
72 Investigación y desarrollo	Mujeres	Porcentaje	2022	0,4
72 Investigación y desarrollo	Mujeres	Porcentaje	2021	0,4
72 Investigación y desarrollo	Mujeres	Porcentaje	2020	0,4
72 Investigación y desarrollo	Mujeres	Porcentaje	2019	0,3
72 Investigación y desarrollo	Mujeres	Porcentaje	2018	0,3
72 Investigación y desarrollo	Mujeres	Porcentaje	2017	0,4
72 Investigación y desarrollo	Mujeres	Porcentaje	2016	0,4
72 Investigación y desarrollo	Mujeres	Porcentaje	2015	0,4
72 Investigación y desarrollo	Mujeres	Porcentaje	2014	0,4
72 Investigación y desarrollo	Mujeres	Porcentaje	2013	0,4
72 Investigación y desarrollo	Mujeres	Porcentaje	2012	0,4
72 Investigación y desarrollo	Mujeres	Porcentaje	2011	0,4
72 Investigación y desarrollo	Mujeres	Porcentaje	2010	0,3
72 Investigación y desarrollo	Mujeres	Porcentaje	2009	0,3
72 Investigación y desarrollo	Mujeres	Porcentaje	2008	0,3
73 Publicidad y estudios de mercado	Ambos sexos	Valor absoluto	2025	136,8
73 Publicidad y estudios de mercado	Ambos sexos	Valor absoluto	2024	121,7
73 Publicidad y estudios de mercado	Ambos sexos	Valor absoluto	2023	117,9
73 Publicidad y estudios de mercado	Ambos sexos	Valor absoluto	2022	112,1
73 Publicidad y estudios de mercado	Ambos sexos	Valor absoluto	2021	99,4
73 Publicidad y estudios de mercado	Ambos sexos	Valor absoluto	2020	98,6
73 Publicidad y estudios de mercado	Ambos sexos	Valor absoluto	2019	100,4
73 Publicidad y estudios de mercado	Ambos sexos	Valor absoluto	2018	99
73 Publicidad y estudios de mercado	Ambos sexos	Valor absoluto	2017	99,9
73 Publicidad y estudios de mercado	Ambos sexos	Valor absoluto	2016	90
73 Publicidad y estudios de mercado	Ambos sexos	Valor absoluto	2015	79,7
73 Publicidad y estudios de mercado	Ambos sexos	Valor absoluto	2014	85,7
73 Publicidad y estudios de mercado	Ambos sexos	Valor absoluto	2013	85,5
73 Publicidad y estudios de mercado	Ambos sexos	Valor absoluto	2012	88,1
73 Publicidad y estudios de mercado	Ambos sexos	Valor absoluto	2011	85,9
73 Publicidad y estudios de mercado	Ambos sexos	Valor absoluto	2010	87,6
73 Publicidad y estudios de mercado	Ambos sexos	Valor absoluto	2009	83,8
73 Publicidad y estudios de mercado	Ambos sexos	Valor absoluto	2008	94,4
73 Publicidad y estudios de mercado	Ambos sexos	Porcentaje	2025	0,6
73 Publicidad y estudios de mercado	Ambos sexos	Porcentaje	2024	0,6
73 Publicidad y estudios de mercado	Ambos sexos	Porcentaje	2023	0,6
73 Publicidad y estudios de mercado	Ambos sexos	Porcentaje	2022	0,5
73 Publicidad y estudios de mercado	Ambos sexos	Porcentaje	2021	0,5
73 Publicidad y estudios de mercado	Ambos sexos	Porcentaje	2020	0,5
73 Publicidad y estudios de mercado	Ambos sexos	Porcentaje	2019	0,5
73 Publicidad y estudios de mercado	Ambos sexos	Porcentaje	2018	0,5
73 Publicidad y estudios de mercado	Ambos sexos	Porcentaje	2017	0,5
73 Publicidad y estudios de mercado	Ambos sexos	Porcentaje	2016	0,5
73 Publicidad y estudios de mercado	Ambos sexos	Porcentaje	2015	0,4
73 Publicidad y estudios de mercado	Ambos sexos	Porcentaje	2014	0,5
73 Publicidad y estudios de mercado	Ambos sexos	Porcentaje	2013	0,5
73 Publicidad y estudios de mercado	Ambos sexos	Porcentaje	2012	0,5
73 Publicidad y estudios de mercado	Ambos sexos	Porcentaje	2011	0,5
73 Publicidad y estudios de mercado	Ambos sexos	Porcentaje	2010	0,5
73 Publicidad y estudios de mercado	Ambos sexos	Porcentaje	2009	0,4
73 Publicidad y estudios de mercado	Ambos sexos	Porcentaje	2008	0,5
73 Publicidad y estudios de mercado	Hombres	Valor absoluto	2025	67,8
73 Publicidad y estudios de mercado	Hombres	Valor absoluto	2024	62,3
73 Publicidad y estudios de mercado	Hombres	Valor absoluto	2023	56,4
73 Publicidad y estudios de mercado	Hombres	Valor absoluto	2022	49,5
73 Publicidad y estudios de mercado	Hombres	Valor absoluto	2021	45,6
73 Publicidad y estudios de mercado	Hombres	Valor absoluto	2020	48
73 Publicidad y estudios de mercado	Hombres	Valor absoluto	2019	47,4
73 Publicidad y estudios de mercado	Hombres	Valor absoluto	2018	47,7
73 Publicidad y estudios de mercado	Hombres	Valor absoluto	2017	52,5
73 Publicidad y estudios de mercado	Hombres	Valor absoluto	2016	42,9
73 Publicidad y estudios de mercado	Hombres	Valor absoluto	2015	39,1
73 Publicidad y estudios de mercado	Hombres	Valor absoluto	2014	38,7
73 Publicidad y estudios de mercado	Hombres	Valor absoluto	2013	41,8
73 Publicidad y estudios de mercado	Hombres	Valor absoluto	2012	48
73 Publicidad y estudios de mercado	Hombres	Valor absoluto	2011	40,3
73 Publicidad y estudios de mercado	Hombres	Valor absoluto	2010	36,1
73 Publicidad y estudios de mercado	Hombres	Valor absoluto	2009	34,7
73 Publicidad y estudios de mercado	Hombres	Valor absoluto	2008	43,9
73 Publicidad y estudios de mercado	Hombres	Porcentaje	2025	0,6
73 Publicidad y estudios de mercado	Hombres	Porcentaje	2024	0,5
73 Publicidad y estudios de mercado	Hombres	Porcentaje	2023	0,5
73 Publicidad y estudios de mercado	Hombres	Porcentaje	2022	0,4
73 Publicidad y estudios de mercado	Hombres	Porcentaje	2021	0,4
73 Publicidad y estudios de mercado	Hombres	Porcentaje	2020	0,5
73 Publicidad y estudios de mercado	Hombres	Porcentaje	2019	0,4
73 Publicidad y estudios de mercado	Hombres	Porcentaje	2018	0,5
73 Publicidad y estudios de mercado	Hombres	Porcentaje	2017	0,5
73 Publicidad y estudios de mercado	Hombres	Porcentaje	2016	0,4
73 Publicidad y estudios de mercado	Hombres	Porcentaje	2015	0,4
73 Publicidad y estudios de mercado	Hombres	Porcentaje	2014	0,4
73 Publicidad y estudios de mercado	Hombres	Porcentaje	2013	0,4
73 Publicidad y estudios de mercado	Hombres	Porcentaje	2012	0,5
73 Publicidad y estudios de mercado	Hombres	Porcentaje	2011	0,4
73 Publicidad y estudios de mercado	Hombres	Porcentaje	2010	0,3
73 Publicidad y estudios de mercado	Hombres	Porcentaje	2009	0,3
73 Publicidad y estudios de mercado	Hombres	Porcentaje	2008	0,4
73 Publicidad y estudios de mercado	Mujeres	Valor absoluto	2025	69
73 Publicidad y estudios de mercado	Mujeres	Valor absoluto	2024	59,4
73 Publicidad y estudios de mercado	Mujeres	Valor absoluto	2023	61,5
73 Publicidad y estudios de mercado	Mujeres	Valor absoluto	2022	62,6
73 Publicidad y estudios de mercado	Mujeres	Valor absoluto	2021	53,9
73 Publicidad y estudios de mercado	Mujeres	Valor absoluto	2020	50,6
73 Publicidad y estudios de mercado	Mujeres	Valor absoluto	2019	52,9
73 Publicidad y estudios de mercado	Mujeres	Valor absoluto	2018	51,4
73 Publicidad y estudios de mercado	Mujeres	Valor absoluto	2017	47,4
73 Publicidad y estudios de mercado	Mujeres	Valor absoluto	2016	47,1
73 Publicidad y estudios de mercado	Mujeres	Valor absoluto	2015	40,6
73 Publicidad y estudios de mercado	Mujeres	Valor absoluto	2014	47
73 Publicidad y estudios de mercado	Mujeres	Valor absoluto	2013	43,7
73 Publicidad y estudios de mercado	Mujeres	Valor absoluto	2012	40,2
73 Publicidad y estudios de mercado	Mujeres	Valor absoluto	2011	45,6
73 Publicidad y estudios de mercado	Mujeres	Valor absoluto	2010	51,6
73 Publicidad y estudios de mercado	Mujeres	Valor absoluto	2009	49,1
73 Publicidad y estudios de mercado	Mujeres	Valor absoluto	2008	50,4
73 Publicidad y estudios de mercado	Mujeres	Porcentaje	2025	0,7
73 Publicidad y estudios de mercado	Mujeres	Porcentaje	2024	0,6
73 Publicidad y estudios de mercado	Mujeres	Porcentaje	2023	0,6
73 Publicidad y estudios de mercado	Mujeres	Porcentaje	2022	0,7
73 Publicidad y estudios de mercado	Mujeres	Porcentaje	2021	0,6
73 Publicidad y estudios de mercado	Mujeres	Porcentaje	2020	0,6
73 Publicidad y estudios de mercado	Mujeres	Porcentaje	2019	0,6
73 Publicidad y estudios de mercado	Mujeres	Porcentaje	2018	0,6
73 Publicidad y estudios de mercado	Mujeres	Porcentaje	2017	0,6
73 Publicidad y estudios de mercado	Mujeres	Porcentaje	2016	0,6
73 Publicidad y estudios de mercado	Mujeres	Porcentaje	2015	0,5
73 Publicidad y estudios de mercado	Mujeres	Porcentaje	2014	0,6
73 Publicidad y estudios de mercado	Mujeres	Porcentaje	2013	0,6
73 Publicidad y estudios de mercado	Mujeres	Porcentaje	2012	0,5
73 Publicidad y estudios de mercado	Mujeres	Porcentaje	2011	0,6
73 Publicidad y estudios de mercado	Mujeres	Porcentaje	2010	0,6
73 Publicidad y estudios de mercado	Mujeres	Porcentaje	2009	0,6
73 Publicidad y estudios de mercado	Mujeres	Porcentaje	2008	0,6
74 Otras actividades profesionales, científicas y técnicas	Ambos sexos	Valor absoluto	2025	152,6
74 Otras actividades profesionales, científicas y técnicas	Ambos sexos	Valor absoluto	2024	132,6
74 Otras actividades profesionales, científicas y técnicas	Ambos sexos	Valor absoluto	2023	139,7
74 Otras actividades profesionales, científicas y técnicas	Ambos sexos	Valor absoluto	2022	119,7
74 Otras actividades profesionales, científicas y técnicas	Ambos sexos	Valor absoluto	2021	128,4
74 Otras actividades profesionales, científicas y técnicas	Ambos sexos	Valor absoluto	2020	118,2
74 Otras actividades profesionales, científicas y técnicas	Ambos sexos	Valor absoluto	2019	119,4
74 Otras actividades profesionales, científicas y técnicas	Ambos sexos	Valor absoluto	2018	113,7
74 Otras actividades profesionales, científicas y técnicas	Ambos sexos	Valor absoluto	2017	118,4
74 Otras actividades profesionales, científicas y técnicas	Ambos sexos	Valor absoluto	2016	93,3
74 Otras actividades profesionales, científicas y técnicas	Ambos sexos	Valor absoluto	2015	101,8
74 Otras actividades profesionales, científicas y técnicas	Ambos sexos	Valor absoluto	2014	95,4
74 Otras actividades profesionales, científicas y técnicas	Ambos sexos	Valor absoluto	2013	87,1
74 Otras actividades profesionales, científicas y técnicas	Ambos sexos	Valor absoluto	2012	84,9
74 Otras actividades profesionales, científicas y técnicas	Ambos sexos	Valor absoluto	2011	92,9
74 Otras actividades profesionales, científicas y técnicas	Ambos sexos	Valor absoluto	2010	99,4
74 Otras actividades profesionales, científicas y técnicas	Ambos sexos	Valor absoluto	2009	101,2
74 Otras actividades profesionales, científicas y técnicas	Ambos sexos	Valor absoluto	2008	110,5
74 Otras actividades profesionales, científicas y técnicas	Ambos sexos	Porcentaje	2025	0,7
74 Otras actividades profesionales, científicas y técnicas	Ambos sexos	Porcentaje	2024	0,6
74 Otras actividades profesionales, científicas y técnicas	Ambos sexos	Porcentaje	2023	0,7
74 Otras actividades profesionales, científicas y técnicas	Ambos sexos	Porcentaje	2022	0,6
74 Otras actividades profesionales, científicas y técnicas	Ambos sexos	Porcentaje	2021	0,6
74 Otras actividades profesionales, científicas y técnicas	Ambos sexos	Porcentaje	2020	0,6
74 Otras actividades profesionales, científicas y técnicas	Ambos sexos	Porcentaje	2019	0,6
74 Otras actividades profesionales, científicas y técnicas	Ambos sexos	Porcentaje	2018	0,6
74 Otras actividades profesionales, científicas y técnicas	Ambos sexos	Porcentaje	2017	0,6
74 Otras actividades profesionales, científicas y técnicas	Ambos sexos	Porcentaje	2016	0,5
74 Otras actividades profesionales, científicas y técnicas	Ambos sexos	Porcentaje	2015	0,6
74 Otras actividades profesionales, científicas y técnicas	Ambos sexos	Porcentaje	2014	0,6
74 Otras actividades profesionales, científicas y técnicas	Ambos sexos	Porcentaje	2013	0,5
74 Otras actividades profesionales, científicas y técnicas	Ambos sexos	Porcentaje	2012	0,5
74 Otras actividades profesionales, científicas y técnicas	Ambos sexos	Porcentaje	2011	0,5
74 Otras actividades profesionales, científicas y técnicas	Ambos sexos	Porcentaje	2010	0,5
74 Otras actividades profesionales, científicas y técnicas	Ambos sexos	Porcentaje	2009	0,5
74 Otras actividades profesionales, científicas y técnicas	Ambos sexos	Porcentaje	2008	0,5
74 Otras actividades profesionales, científicas y técnicas	Hombres	Valor absoluto	2025	70,5
74 Otras actividades profesionales, científicas y técnicas	Hombres	Valor absoluto	2024	70,8
74 Otras actividades profesionales, científicas y técnicas	Hombres	Valor absoluto	2023	68,3
74 Otras actividades profesionales, científicas y técnicas	Hombres	Valor absoluto	2022	57,2
74 Otras actividades profesionales, científicas y técnicas	Hombres	Valor absoluto	2021	63,9
74 Otras actividades profesionales, científicas y técnicas	Hombres	Valor absoluto	2020	57,1
74 Otras actividades profesionales, científicas y técnicas	Hombres	Valor absoluto	2019	59,9
74 Otras actividades profesionales, científicas y técnicas	Hombres	Valor absoluto	2018	58,6
74 Otras actividades profesionales, científicas y técnicas	Hombres	Valor absoluto	2017	61,3
74 Otras actividades profesionales, científicas y técnicas	Hombres	Valor absoluto	2016	46,7
74 Otras actividades profesionales, científicas y técnicas	Hombres	Valor absoluto	2015	53,6
74 Otras actividades profesionales, científicas y técnicas	Hombres	Valor absoluto	2014	53,7
74 Otras actividades profesionales, científicas y técnicas	Hombres	Valor absoluto	2013	45,3
74 Otras actividades profesionales, científicas y técnicas	Hombres	Valor absoluto	2012	41,1
74 Otras actividades profesionales, científicas y técnicas	Hombres	Valor absoluto	2011	49,2
74 Otras actividades profesionales, científicas y técnicas	Hombres	Valor absoluto	2010	53,2
74 Otras actividades profesionales, científicas y técnicas	Hombres	Valor absoluto	2009	48
74 Otras actividades profesionales, científicas y técnicas	Hombres	Valor absoluto	2008	63
74 Otras actividades profesionales, científicas y técnicas	Hombres	Porcentaje	2025	0,6
74 Otras actividades profesionales, científicas y técnicas	Hombres	Porcentaje	2024	0,6
74 Otras actividades profesionales, científicas y técnicas	Hombres	Porcentaje	2023	0,6
74 Otras actividades profesionales, científicas y técnicas	Hombres	Porcentaje	2022	0,5
74 Otras actividades profesionales, científicas y técnicas	Hombres	Porcentaje	2021	0,6
74 Otras actividades profesionales, científicas y técnicas	Hombres	Porcentaje	2020	0,5
74 Otras actividades profesionales, científicas y técnicas	Hombres	Porcentaje	2019	0,6
74 Otras actividades profesionales, científicas y técnicas	Hombres	Porcentaje	2018	0,6
74 Otras actividades profesionales, científicas y técnicas	Hombres	Porcentaje	2017	0,6
74 Otras actividades profesionales, científicas y técnicas	Hombres	Porcentaje	2016	0,5
74 Otras actividades profesionales, científicas y técnicas	Hombres	Porcentaje	2015	0,5
74 Otras actividades profesionales, científicas y técnicas	Hombres	Porcentaje	2014	0,6
74 Otras actividades profesionales, científicas y técnicas	Hombres	Porcentaje	2013	0,5
74 Otras actividades profesionales, científicas y técnicas	Hombres	Porcentaje	2012	0,4
74 Otras actividades profesionales, científicas y técnicas	Hombres	Porcentaje	2011	0,5
74 Otras actividades profesionales, científicas y técnicas	Hombres	Porcentaje	2010	0,5
74 Otras actividades profesionales, científicas y técnicas	Hombres	Porcentaje	2009	0,4
74 Otras actividades profesionales, científicas y técnicas	Hombres	Porcentaje	2008	0,5
74 Otras actividades profesionales, científicas y técnicas	Mujeres	Valor absoluto	2025	82
74 Otras actividades profesionales, científicas y técnicas	Mujeres	Valor absoluto	2024	61,7
74 Otras actividades profesionales, científicas y técnicas	Mujeres	Valor absoluto	2023	71,4
74 Otras actividades profesionales, científicas y técnicas	Mujeres	Valor absoluto	2022	62,4
74 Otras actividades profesionales, científicas y técnicas	Mujeres	Valor absoluto	2021	64,5
74 Otras actividades profesionales, científicas y técnicas	Mujeres	Valor absoluto	2020	61
74 Otras actividades profesionales, científicas y técnicas	Mujeres	Valor absoluto	2019	59,6
74 Otras actividades profesionales, científicas y técnicas	Mujeres	Valor absoluto	2018	55,2
74 Otras actividades profesionales, científicas y técnicas	Mujeres	Valor absoluto	2017	57
74 Otras actividades profesionales, científicas y técnicas	Mujeres	Valor absoluto	2016	46,6
74 Otras actividades profesionales, científicas y técnicas	Mujeres	Valor absoluto	2015	48,3
74 Otras actividades profesionales, científicas y técnicas	Mujeres	Valor absoluto	2014	41,7
74 Otras actividades profesionales, científicas y técnicas	Mujeres	Valor absoluto	2013	41,8
74 Otras actividades profesionales, científicas y técnicas	Mujeres	Valor absoluto	2012	43,8
74 Otras actividades profesionales, científicas y técnicas	Mujeres	Valor absoluto	2011	43,7
74 Otras actividades profesionales, científicas y técnicas	Mujeres	Valor absoluto	2010	46,2
74 Otras actividades profesionales, científicas y técnicas	Mujeres	Valor absoluto	2009	53,3
74 Otras actividades profesionales, científicas y técnicas	Mujeres	Valor absoluto	2008	47,5
74 Otras actividades profesionales, científicas y técnicas	Mujeres	Porcentaje	2025	0,8
74 Otras actividades profesionales, científicas y técnicas	Mujeres	Porcentaje	2024	0,6
74 Otras actividades profesionales, científicas y técnicas	Mujeres	Porcentaje	2023	0,7
74 Otras actividades profesionales, científicas y técnicas	Mujeres	Porcentaje	2022	0,7
74 Otras actividades profesionales, científicas y técnicas	Mujeres	Porcentaje	2021	0,7
74 Otras actividades profesionales, científicas y técnicas	Mujeres	Porcentaje	2020	0,7
74 Otras actividades profesionales, científicas y técnicas	Mujeres	Porcentaje	2019	0,7
74 Otras actividades profesionales, científicas y técnicas	Mujeres	Porcentaje	2018	0,6
74 Otras actividades profesionales, científicas y técnicas	Mujeres	Porcentaje	2017	0,7
74 Otras actividades profesionales, científicas y técnicas	Mujeres	Porcentaje	2016	0,6
74 Otras actividades profesionales, científicas y técnicas	Mujeres	Porcentaje	2015	0,6
74 Otras actividades profesionales, científicas y técnicas	Mujeres	Porcentaje	2014	0,5
74 Otras actividades profesionales, científicas y técnicas	Mujeres	Porcentaje	2013	0,5
74 Otras actividades profesionales, científicas y técnicas	Mujeres	Porcentaje	2012	0,5
74 Otras actividades profesionales, científicas y técnicas	Mujeres	Porcentaje	2011	0,5
74 Otras actividades profesionales, científicas y técnicas	Mujeres	Porcentaje	2010	0,6
74 Otras actividades profesionales, científicas y técnicas	Mujeres	Porcentaje	2009	0,6
74 Otras actividades profesionales, científicas y técnicas	Mujeres	Porcentaje	2008	0,5
75 Actividades veterinarias	Ambos sexos	Valor absoluto	2025	36,6
75 Actividades veterinarias	Ambos sexos	Valor absoluto	2024	34,6
75 Actividades veterinarias	Ambos sexos	Valor absoluto	2023	36,6
75 Actividades veterinarias	Ambos sexos	Valor absoluto	2022	28,9
75 Actividades veterinarias	Ambos sexos	Valor absoluto	2021	29,7
75 Actividades veterinarias	Ambos sexos	Valor absoluto	2020	28,5
75 Actividades veterinarias	Ambos sexos	Valor absoluto	2019	26,5
75 Actividades veterinarias	Ambos sexos	Valor absoluto	2018	24,2
75 Actividades veterinarias	Ambos sexos	Valor absoluto	2017	18,5
75 Actividades veterinarias	Ambos sexos	Valor absoluto	2016	22,7
75 Actividades veterinarias	Ambos sexos	Valor absoluto	2015	21,2
75 Actividades veterinarias	Ambos sexos	Valor absoluto	2014	15
75 Actividades veterinarias	Ambos sexos	Valor absoluto	2013	20,3
75 Actividades veterinarias	Ambos sexos	Valor absoluto	2012	22
75 Actividades veterinarias	Ambos sexos	Valor absoluto	2011	17,4
75 Actividades veterinarias	Ambos sexos	Valor absoluto	2010	19,8
75 Actividades veterinarias	Ambos sexos	Valor absoluto	2009	14,5
75 Actividades veterinarias	Ambos sexos	Valor absoluto	2008	16
75 Actividades veterinarias	Ambos sexos	Porcentaje	2025	0,2
75 Actividades veterinarias	Ambos sexos	Porcentaje	2024	0,2
75 Actividades veterinarias	Ambos sexos	Porcentaje	2023	0,2
75 Actividades veterinarias	Ambos sexos	Porcentaje	2022	0,1
75 Actividades veterinarias	Ambos sexos	Porcentaje	2021	0,1
75 Actividades veterinarias	Ambos sexos	Porcentaje	2020	0,1
75 Actividades veterinarias	Ambos sexos	Porcentaje	2019	0,1
75 Actividades veterinarias	Ambos sexos	Porcentaje	2018	0,1
75 Actividades veterinarias	Ambos sexos	Porcentaje	2017	0,1
75 Actividades veterinarias	Ambos sexos	Porcentaje	2016	0,1
75 Actividades veterinarias	Ambos sexos	Porcentaje	2015	0,1
75 Actividades veterinarias	Ambos sexos	Porcentaje	2014	0,1
75 Actividades veterinarias	Ambos sexos	Porcentaje	2013	0,1
75 Actividades veterinarias	Ambos sexos	Porcentaje	2012	0,1
75 Actividades veterinarias	Ambos sexos	Porcentaje	2011	0,1
75 Actividades veterinarias	Ambos sexos	Porcentaje	2010	0,1
75 Actividades veterinarias	Ambos sexos	Porcentaje	2009	0,1
75 Actividades veterinarias	Ambos sexos	Porcentaje	2008	0,1
75 Actividades veterinarias	Hombres	Valor absoluto	2025	12,8
75 Actividades veterinarias	Hombres	Valor absoluto	2024	11
75 Actividades veterinarias	Hombres	Valor absoluto	2023	8,5
75 Actividades veterinarias	Hombres	Valor absoluto	2022	7,7
75 Actividades veterinarias	Hombres	Valor absoluto	2021	8,4
75 Actividades veterinarias	Hombres	Valor absoluto	2020	12,1
75 Actividades veterinarias	Hombres	Valor absoluto	2019	7,8
75 Actividades veterinarias	Hombres	Valor absoluto	2018	7,4
75 Actividades veterinarias	Hombres	Valor absoluto	2017	8,3
75 Actividades veterinarias	Hombres	Valor absoluto	2016	9,9
75 Actividades veterinarias	Hombres	Valor absoluto	2015	9
75 Actividades veterinarias	Hombres	Valor absoluto	2014	5,8
75 Actividades veterinarias	Hombres	Valor absoluto	2013	8,3
75 Actividades veterinarias	Hombres	Valor absoluto	2012	8,7
75 Actividades veterinarias	Hombres	Valor absoluto	2011	7
75 Actividades veterinarias	Hombres	Valor absoluto	2010	7,6
75 Actividades veterinarias	Hombres	Valor absoluto	2009	5,8
75 Actividades veterinarias	Hombres	Valor absoluto	2008	5,9
75 Actividades veterinarias	Hombres	Porcentaje	2025	0,1
75 Actividades veterinarias	Hombres	Porcentaje	2024	0,1
75 Actividades veterinarias	Hombres	Porcentaje	2023	0,1
75 Actividades veterinarias	Hombres	Porcentaje	2022	0,1
75 Actividades veterinarias	Hombres	Porcentaje	2021	0,1
75 Actividades veterinarias	Hombres	Porcentaje	2020	0,1
75 Actividades veterinarias	Hombres	Porcentaje	2019	0,1
75 Actividades veterinarias	Hombres	Porcentaje	2018	0,1
75 Actividades veterinarias	Hombres	Porcentaje	2017	0,1
75 Actividades veterinarias	Hombres	Porcentaje	2016	0,1
75 Actividades veterinarias	Hombres	Porcentaje	2015	0,1
75 Actividades veterinarias	Hombres	Porcentaje	2014	0,1
75 Actividades veterinarias	Hombres	Porcentaje	2013	0,1
75 Actividades veterinarias	Hombres	Porcentaje	2012	0,1
75 Actividades veterinarias	Hombres	Porcentaje	2011	0,1
75 Actividades veterinarias	Hombres	Porcentaje	2010	0,1
75 Actividades veterinarias	Hombres	Porcentaje	2009	0,1
75 Actividades veterinarias	Hombres	Porcentaje	2008	0
75 Actividades veterinarias	Mujeres	Valor absoluto	2025	23,8
75 Actividades veterinarias	Mujeres	Valor absoluto	2024	23,6
75 Actividades veterinarias	Mujeres	Valor absoluto	2023	28
75 Actividades veterinarias	Mujeres	Valor absoluto	2022	21,2
75 Actividades veterinarias	Mujeres	Valor absoluto	2021	21,2
75 Actividades veterinarias	Mujeres	Valor absoluto	2020	16,5
75 Actividades veterinarias	Mujeres	Valor absoluto	2019	18,7
75 Actividades veterinarias	Mujeres	Valor absoluto	2018	16,8
75 Actividades veterinarias	Mujeres	Valor absoluto	2017	10,2
75 Actividades veterinarias	Mujeres	Valor absoluto	2016	12,8
75 Actividades veterinarias	Mujeres	Valor absoluto	2015	12,3
75 Actividades veterinarias	Mujeres	Valor absoluto	2014	9,2
75 Actividades veterinarias	Mujeres	Valor absoluto	2013	12
75 Actividades veterinarias	Mujeres	Valor absoluto	2012	13,3
75 Actividades veterinarias	Mujeres	Valor absoluto	2011	10,4
75 Actividades veterinarias	Mujeres	Valor absoluto	2010	12,2
75 Actividades veterinarias	Mujeres	Valor absoluto	2009	8,7
75 Actividades veterinarias	Mujeres	Valor absoluto	2008	10,1
75 Actividades veterinarias	Mujeres	Porcentaje	2025	0,2
75 Actividades veterinarias	Mujeres	Porcentaje	2024	0,2
75 Actividades veterinarias	Mujeres	Porcentaje	2023	0,3
75 Actividades veterinarias	Mujeres	Porcentaje	2022	0,2
75 Actividades veterinarias	Mujeres	Porcentaje	2021	0,2
75 Actividades veterinarias	Mujeres	Porcentaje	2020	0,2
75 Actividades veterinarias	Mujeres	Porcentaje	2019	0,2
75 Actividades veterinarias	Mujeres	Porcentaje	2018	0,2
75 Actividades veterinarias	Mujeres	Porcentaje	2017	0,1
75 Actividades veterinarias	Mujeres	Porcentaje	2016	0,2
75 Actividades veterinarias	Mujeres	Porcentaje	2015	0,2
75 Actividades veterinarias	Mujeres	Porcentaje	2014	0,1
75 Actividades veterinarias	Mujeres	Porcentaje	2013	0,2
75 Actividades veterinarias	Mujeres	Porcentaje	2012	0,2
75 Actividades veterinarias	Mujeres	Porcentaje	2011	0,1
75 Actividades veterinarias	Mujeres	Porcentaje	2010	0,1
75 Actividades veterinarias	Mujeres	Porcentaje	2009	0,1
75 Actividades veterinarias	Mujeres	Porcentaje	2008	0,1
N Actividades administrativas y servicios auxiliares	Ambos sexos	Valor absoluto	2025	1.195,9
N Actividades administrativas y servicios auxiliares	Ambos sexos	Valor absoluto	2024	1.122,8
N Actividades administrativas y servicios auxiliares	Ambos sexos	Valor absoluto	2023	1.072,5
N Actividades administrativas y servicios auxiliares	Ambos sexos	Valor absoluto	2022	1.062,9
N Actividades administrativas y servicios auxiliares	Ambos sexos	Valor absoluto	2021	1.062
N Actividades administrativas y servicios auxiliares	Ambos sexos	Valor absoluto	2020	1.002,7
N Actividades administrativas y servicios auxiliares	Ambos sexos	Valor absoluto	2019	1.030,5
N Actividades administrativas y servicios auxiliares	Ambos sexos	Valor absoluto	2018	982,9
N Actividades administrativas y servicios auxiliares	Ambos sexos	Valor absoluto	2017	935,2
N Actividades administrativas y servicios auxiliares	Ambos sexos	Valor absoluto	2016	940
N Actividades administrativas y servicios auxiliares	Ambos sexos	Valor absoluto	2015	927,9
N Actividades administrativas y servicios auxiliares	Ambos sexos	Valor absoluto	2014	899,3
N Actividades administrativas y servicios auxiliares	Ambos sexos	Valor absoluto	2013	882,8
N Actividades administrativas y servicios auxiliares	Ambos sexos	Valor absoluto	2012	894,3
N Actividades administrativas y servicios auxiliares	Ambos sexos	Valor absoluto	2011	914,7
N Actividades administrativas y servicios auxiliares	Ambos sexos	Valor absoluto	2010	910,5
N Actividades administrativas y servicios auxiliares	Ambos sexos	Valor absoluto	2009	911,6
N Actividades administrativas y servicios auxiliares	Ambos sexos	Valor absoluto	2008	934,3
N Actividades administrativas y servicios auxiliares	Ambos sexos	Porcentaje	2025	5,4
N Actividades administrativas y servicios auxiliares	Ambos sexos	Porcentaje	2024	5,2
N Actividades administrativas y servicios auxiliares	Ambos sexos	Porcentaje	2023	5,1
N Actividades administrativas y servicios auxiliares	Ambos sexos	Porcentaje	2022	5,2
N Actividades administrativas y servicios auxiliares	Ambos sexos	Porcentaje	2021	5,4
N Actividades administrativas y servicios auxiliares	Ambos sexos	Porcentaje	2020	5,2
N Actividades administrativas y servicios auxiliares	Ambos sexos	Porcentaje	2019	5,2
N Actividades administrativas y servicios auxiliares	Ambos sexos	Porcentaje	2018	5,1
N Actividades administrativas y servicios auxiliares	Ambos sexos	Porcentaje	2017	5
N Actividades administrativas y servicios auxiliares	Ambos sexos	Porcentaje	2016	5,1
N Actividades administrativas y servicios auxiliares	Ambos sexos	Porcentaje	2015	5,2
N Actividades administrativas y servicios auxiliares	Ambos sexos	Porcentaje	2014	5,2
N Actividades administrativas y servicios auxiliares	Ambos sexos	Porcentaje	2013	5,2
N Actividades administrativas y servicios auxiliares	Ambos sexos	Porcentaje	2012	5,1
N Actividades administrativas y servicios auxiliares	Ambos sexos	Porcentaje	2011	5
N Actividades administrativas y servicios auxiliares	Ambos sexos	Porcentaje	2010	4,9
N Actividades administrativas y servicios auxiliares	Ambos sexos	Porcentaje	2009	4,8
N Actividades administrativas y servicios auxiliares	Ambos sexos	Porcentaje	2008	4,6
N Actividades administrativas y servicios auxiliares	Hombres	Valor absoluto	2025	539,5
N Actividades administrativas y servicios auxiliares	Hombres	Valor absoluto	2024	507,5
N Actividades administrativas y servicios auxiliares	Hombres	Valor absoluto	2023	482,7
N Actividades administrativas y servicios auxiliares	Hombres	Valor absoluto	2022	483,6
N Actividades administrativas y servicios auxiliares	Hombres	Valor absoluto	2021	485,5
N Actividades administrativas y servicios auxiliares	Hombres	Valor absoluto	2020	460,3
N Actividades administrativas y servicios auxiliares	Hombres	Valor absoluto	2019	474
N Actividades administrativas y servicios auxiliares	Hombres	Valor absoluto	2018	439,2
N Actividades administrativas y servicios auxiliares	Hombres	Valor absoluto	2017	428,2
N Actividades administrativas y servicios auxiliares	Hombres	Valor absoluto	2016	438,2
N Actividades administrativas y servicios auxiliares	Hombres	Valor absoluto	2015	423,4
N Actividades administrativas y servicios auxiliares	Hombres	Valor absoluto	2014	399,9
N Actividades administrativas y servicios auxiliares	Hombres	Valor absoluto	2013	385,9
N Actividades administrativas y servicios auxiliares	Hombres	Valor absoluto	2012	385,6
N Actividades administrativas y servicios auxiliares	Hombres	Valor absoluto	2011	399,4
N Actividades administrativas y servicios auxiliares	Hombres	Valor absoluto	2010	402
N Actividades administrativas y servicios auxiliares	Hombres	Valor absoluto	2009	395,9
N Actividades administrativas y servicios auxiliares	Hombres	Valor absoluto	2008	384
N Actividades administrativas y servicios auxiliares	Hombres	Porcentaje	2025	4,5
N Actividades administrativas y servicios auxiliares	Hombres	Porcentaje	2024	4,4
N Actividades administrativas y servicios auxiliares	Hombres	Porcentaje	2023	4,2
N Actividades administrativas y servicios auxiliares	Hombres	Porcentaje	2022	4,4
N Actividades administrativas y servicios auxiliares	Hombres	Porcentaje	2021	4,5
N Actividades administrativas y servicios auxiliares	Hombres	Porcentaje	2020	4,4
N Actividades administrativas y servicios auxiliares	Hombres	Porcentaje	2019	4,4
N Actividades administrativas y servicios auxiliares	Hombres	Porcentaje	2018	4,2
N Actividades administrativas y servicios auxiliares	Hombres	Porcentaje	2017	4,2
N Actividades administrativas y servicios auxiliares	Hombres	Porcentaje	2016	4,4
N Actividades administrativas y servicios auxiliares	Hombres	Porcentaje	2015	4,3
N Actividades administrativas y servicios auxiliares	Hombres	Porcentaje	2014	4,2
N Actividades administrativas y servicios auxiliares	Hombres	Porcentaje	2013	4,1
N Actividades administrativas y servicios auxiliares	Hombres	Porcentaje	2012	4
N Actividades administrativas y servicios auxiliares	Hombres	Porcentaje	2011	3,9
N Actividades administrativas y servicios auxiliares	Hombres	Porcentaje	2010	3,9
N Actividades administrativas y servicios auxiliares	Hombres	Porcentaje	2009	3,7
N Actividades administrativas y servicios auxiliares	Hombres	Porcentaje	2008	3,3
N Actividades administrativas y servicios auxiliares	Mujeres	Valor absoluto	2025	656,4
N Actividades administrativas y servicios auxiliares	Mujeres	Valor absoluto	2024	615,3
N Actividades administrativas y servicios auxiliares	Mujeres	Valor absoluto	2023	589,8
N Actividades administrativas y servicios auxiliares	Mujeres	Valor absoluto	2022	579,3
N Actividades administrativas y servicios auxiliares	Mujeres	Valor absoluto	2021	576,6
N Actividades administrativas y servicios auxiliares	Mujeres	Valor absoluto	2020	542,5
N Actividades administrativas y servicios auxiliares	Mujeres	Valor absoluto	2019	556,5
N Actividades administrativas y servicios auxiliares	Mujeres	Valor absoluto	2018	543,7
N Actividades administrativas y servicios auxiliares	Mujeres	Valor absoluto	2017	507
N Actividades administrativas y servicios auxiliares	Mujeres	Valor absoluto	2016	501,7
N Actividades administrativas y servicios auxiliares	Mujeres	Valor absoluto	2015	504,5
N Actividades administrativas y servicios auxiliares	Mujeres	Valor absoluto	2014	499,5
N Actividades administrativas y servicios auxiliares	Mujeres	Valor absoluto	2013	496,9
N Actividades administrativas y servicios auxiliares	Mujeres	Valor absoluto	2012	508,7
N Actividades administrativas y servicios auxiliares	Mujeres	Valor absoluto	2011	515,3
N Actividades administrativas y servicios auxiliares	Mujeres	Valor absoluto	2010	508,4
N Actividades administrativas y servicios auxiliares	Mujeres	Valor absoluto	2009	515,7
N Actividades administrativas y servicios auxiliares	Mujeres	Valor absoluto	2008	550,3
N Actividades administrativas y servicios auxiliares	Mujeres	Porcentaje	2025	6,3
N Actividades administrativas y servicios auxiliares	Mujeres	Porcentaje	2024	6,1
N Actividades administrativas y servicios auxiliares	Mujeres	Porcentaje	2023	6
N Actividades administrativas y servicios auxiliares	Mujeres	Porcentaje	2022	6,1
N Actividades administrativas y servicios auxiliares	Mujeres	Porcentaje	2021	6,3
N Actividades administrativas y servicios auxiliares	Mujeres	Porcentaje	2020	6,2
N Actividades administrativas y servicios auxiliares	Mujeres	Porcentaje	2019	6,2
N Actividades administrativas y servicios auxiliares	Mujeres	Porcentaje	2018	6,2
N Actividades administrativas y servicios auxiliares	Mujeres	Porcentaje	2017	5,9
N Actividades administrativas y servicios auxiliares	Mujeres	Porcentaje	2016	6
N Actividades administrativas y servicios auxiliares	Mujeres	Porcentaje	2015	6,2
N Actividades administrativas y servicios auxiliares	Mujeres	Porcentaje	2014	6,3
N Actividades administrativas y servicios auxiliares	Mujeres	Porcentaje	2013	6,4
N Actividades administrativas y servicios auxiliares	Mujeres	Porcentaje	2012	6,3
N Actividades administrativas y servicios auxiliares	Mujeres	Porcentaje	2011	6,2
N Actividades administrativas y servicios auxiliares	Mujeres	Porcentaje	2010	6,1
N Actividades administrativas y servicios auxiliares	Mujeres	Porcentaje	2009	6,2
N Actividades administrativas y servicios auxiliares	Mujeres	Porcentaje	2008	6,4
77 Actividades de alquiler	Ambos sexos	Valor absoluto	2025	50,7
77 Actividades de alquiler	Ambos sexos	Valor absoluto	2024	48,1
77 Actividades de alquiler	Ambos sexos	Valor absoluto	2023	46,6
77 Actividades de alquiler	Ambos sexos	Valor absoluto	2022	44
77 Actividades de alquiler	Ambos sexos	Valor absoluto	2021	44,6
77 Actividades de alquiler	Ambos sexos	Valor absoluto	2020	47,7
77 Actividades de alquiler	Ambos sexos	Valor absoluto	2019	51,4
77 Actividades de alquiler	Ambos sexos	Valor absoluto	2018	39,7
77 Actividades de alquiler	Ambos sexos	Valor absoluto	2017	40,9
77 Actividades de alquiler	Ambos sexos	Valor absoluto	2016	44,1
77 Actividades de alquiler	Ambos sexos	Valor absoluto	2015	38,3
77 Actividades de alquiler	Ambos sexos	Valor absoluto	2014	30,9
77 Actividades de alquiler	Ambos sexos	Valor absoluto	2013	38,3
77 Actividades de alquiler	Ambos sexos	Valor absoluto	2012	32,2
77 Actividades de alquiler	Ambos sexos	Valor absoluto	2011	35,9
77 Actividades de alquiler	Ambos sexos	Valor absoluto	2010	45,6
77 Actividades de alquiler	Ambos sexos	Valor absoluto	2009	42,6
77 Actividades de alquiler	Ambos sexos	Valor absoluto	2008	49,3
77 Actividades de alquiler	Ambos sexos	Porcentaje	2025	0,2
77 Actividades de alquiler	Ambos sexos	Porcentaje	2024	0,2
77 Actividades de alquiler	Ambos sexos	Porcentaje	2023	0,2
77 Actividades de alquiler	Ambos sexos	Porcentaje	2022	0,2
77 Actividades de alquiler	Ambos sexos	Porcentaje	2021	0,2
77 Actividades de alquiler	Ambos sexos	Porcentaje	2020	0,2
77 Actividades de alquiler	Ambos sexos	Porcentaje	2019	0,3
77 Actividades de alquiler	Ambos sexos	Porcentaje	2018	0,2
77 Actividades de alquiler	Ambos sexos	Porcentaje	2017	0,2
77 Actividades de alquiler	Ambos sexos	Porcentaje	2016	0,2
77 Actividades de alquiler	Ambos sexos	Porcentaje	2015	0,2
77 Actividades de alquiler	Ambos sexos	Porcentaje	2014	0,2
77 Actividades de alquiler	Ambos sexos	Porcentaje	2013	0,2
77 Actividades de alquiler	Ambos sexos	Porcentaje	2012	0,2
77 Actividades de alquiler	Ambos sexos	Porcentaje	2011	0,2
77 Actividades de alquiler	Ambos sexos	Porcentaje	2010	0,2
77 Actividades de alquiler	Ambos sexos	Porcentaje	2009	0,2
77 Actividades de alquiler	Ambos sexos	Porcentaje	2008	0,2
77 Actividades de alquiler	Hombres	Valor absoluto	2025	35,7
77 Actividades de alquiler	Hombres	Valor absoluto	2024	34,3
77 Actividades de alquiler	Hombres	Valor absoluto	2023	33,5
77 Actividades de alquiler	Hombres	Valor absoluto	2022	31,4
77 Actividades de alquiler	Hombres	Valor absoluto	2021	28,5
77 Actividades de alquiler	Hombres	Valor absoluto	2020	33,2
77 Actividades de alquiler	Hombres	Valor absoluto	2019	36,2
77 Actividades de alquiler	Hombres	Valor absoluto	2018	26,4
77 Actividades de alquiler	Hombres	Valor absoluto	2017	30,8
77 Actividades de alquiler	Hombres	Valor absoluto	2016	32,7
77 Actividades de alquiler	Hombres	Valor absoluto	2015	26,8
77 Actividades de alquiler	Hombres	Valor absoluto	2014	21,2
77 Actividades de alquiler	Hombres	Valor absoluto	2013	26,3
77 Actividades de alquiler	Hombres	Valor absoluto	2012	20,6
77 Actividades de alquiler	Hombres	Valor absoluto	2011	27
77 Actividades de alquiler	Hombres	Valor absoluto	2010	33,8
77 Actividades de alquiler	Hombres	Valor absoluto	2009	27,4
77 Actividades de alquiler	Hombres	Valor absoluto	2008	32,7
77 Actividades de alquiler	Hombres	Porcentaje	2025	0,3
77 Actividades de alquiler	Hombres	Porcentaje	2024	0,3
77 Actividades de alquiler	Hombres	Porcentaje	2023	0,3
77 Actividades de alquiler	Hombres	Porcentaje	2022	0,3
77 Actividades de alquiler	Hombres	Porcentaje	2021	0,3
77 Actividades de alquiler	Hombres	Porcentaje	2020	0,3
77 Actividades de alquiler	Hombres	Porcentaje	2019	0,3
77 Actividades de alquiler	Hombres	Porcentaje	2018	0,3
77 Actividades de alquiler	Hombres	Porcentaje	2017	0,3
77 Actividades de alquiler	Hombres	Porcentaje	2016	0,3
77 Actividades de alquiler	Hombres	Porcentaje	2015	0,3
77 Actividades de alquiler	Hombres	Porcentaje	2014	0,2
77 Actividades de alquiler	Hombres	Porcentaje	2013	0,3
77 Actividades de alquiler	Hombres	Porcentaje	2012	0,2
77 Actividades de alquiler	Hombres	Porcentaje	2011	0,3
77 Actividades de alquiler	Hombres	Porcentaje	2010	0,3
77 Actividades de alquiler	Hombres	Porcentaje	2009	0,3
77 Actividades de alquiler	Hombres	Porcentaje	2008	0,3
77 Actividades de alquiler	Mujeres	Valor absoluto	2025	15
77 Actividades de alquiler	Mujeres	Valor absoluto	2024	13,8
77 Actividades de alquiler	Mujeres	Valor absoluto	2023	13,1
77 Actividades de alquiler	Mujeres	Valor absoluto	2022	12,5
77 Actividades de alquiler	Mujeres	Valor absoluto	2021	16,1
77 Actividades de alquiler	Mujeres	Valor absoluto	2020	14,5
77 Actividades de alquiler	Mujeres	Valor absoluto	2019	15,2
77 Actividades de alquiler	Mujeres	Valor absoluto	2018	13,3
77 Actividades de alquiler	Mujeres	Valor absoluto	2017	10,1
77 Actividades de alquiler	Mujeres	Valor absoluto	2016	11,4
77 Actividades de alquiler	Mujeres	Valor absoluto	2015	11,5
77 Actividades de alquiler	Mujeres	Valor absoluto	2014	9,7
77 Actividades de alquiler	Mujeres	Valor absoluto	2013	12
77 Actividades de alquiler	Mujeres	Valor absoluto	2012	11,6
77 Actividades de alquiler	Mujeres	Valor absoluto	2011	8,9
77 Actividades de alquiler	Mujeres	Valor absoluto	2010	11,9
77 Actividades de alquiler	Mujeres	Valor absoluto	2009	15,3
77 Actividades de alquiler	Mujeres	Valor absoluto	2008	16,6
77 Actividades de alquiler	Mujeres	Porcentaje	2025	0,1
77 Actividades de alquiler	Mujeres	Porcentaje	2024	0,1
77 Actividades de alquiler	Mujeres	Porcentaje	2023	0,1
77 Actividades de alquiler	Mujeres	Porcentaje	2022	0,1
77 Actividades de alquiler	Mujeres	Porcentaje	2021	0,2
77 Actividades de alquiler	Mujeres	Porcentaje	2020	0,2
77 Actividades de alquiler	Mujeres	Porcentaje	2019	0,2
77 Actividades de alquiler	Mujeres	Porcentaje	2018	0,2
77 Actividades de alquiler	Mujeres	Porcentaje	2017	0,1
77 Actividades de alquiler	Mujeres	Porcentaje	2016	0,1
77 Actividades de alquiler	Mujeres	Porcentaje	2015	0,1
77 Actividades de alquiler	Mujeres	Porcentaje	2014	0,1
77 Actividades de alquiler	Mujeres	Porcentaje	2013	0,2
77 Actividades de alquiler	Mujeres	Porcentaje	2012	0,1
77 Actividades de alquiler	Mujeres	Porcentaje	2011	0,1
77 Actividades de alquiler	Mujeres	Porcentaje	2010	0,1
77 Actividades de alquiler	Mujeres	Porcentaje	2009	0,2
77 Actividades de alquiler	Mujeres	Porcentaje	2008	0,2
78 Actividades relacionadas con el empleo	Ambos sexos	Valor absoluto	2025	52,3
78 Actividades relacionadas con el empleo	Ambos sexos	Valor absoluto	2024	39,7
78 Actividades relacionadas con el empleo	Ambos sexos	Valor absoluto	2023	37,8
78 Actividades relacionadas con el empleo	Ambos sexos	Valor absoluto	2022	34,4
78 Actividades relacionadas con el empleo	Ambos sexos	Valor absoluto	2021	25,6
78 Actividades relacionadas con el empleo	Ambos sexos	Valor absoluto	2020	24,9
78 Actividades relacionadas con el empleo	Ambos sexos	Valor absoluto	2019	34,3
78 Actividades relacionadas con el empleo	Ambos sexos	Valor absoluto	2018	34,7
78 Actividades relacionadas con el empleo	Ambos sexos	Valor absoluto	2017	35,9
78 Actividades relacionadas con el empleo	Ambos sexos	Valor absoluto	2016	28,4
78 Actividades relacionadas con el empleo	Ambos sexos	Valor absoluto	2015	24,5
78 Actividades relacionadas con el empleo	Ambos sexos	Valor absoluto	2014	25,8
78 Actividades relacionadas con el empleo	Ambos sexos	Valor absoluto	2013	19,6
78 Actividades relacionadas con el empleo	Ambos sexos	Valor absoluto	2012	35,4
78 Actividades relacionadas con el empleo	Ambos sexos	Valor absoluto	2011	32,8
78 Actividades relacionadas con el empleo	Ambos sexos	Valor absoluto	2010	30,1
78 Actividades relacionadas con el empleo	Ambos sexos	Valor absoluto	2009	26,7
78 Actividades relacionadas con el empleo	Ambos sexos	Valor absoluto	2008	30,7
78 Actividades relacionadas con el empleo	Ambos sexos	Porcentaje	2025	0,2
78 Actividades relacionadas con el empleo	Ambos sexos	Porcentaje	2024	0,2
78 Actividades relacionadas con el empleo	Ambos sexos	Porcentaje	2023	0,2
78 Actividades relacionadas con el empleo	Ambos sexos	Porcentaje	2022	0,2
78 Actividades relacionadas con el empleo	Ambos sexos	Porcentaje	2021	0,1
78 Actividades relacionadas con el empleo	Ambos sexos	Porcentaje	2020	0,1
78 Actividades relacionadas con el empleo	Ambos sexos	Porcentaje	2019	0,2
78 Actividades relacionadas con el empleo	Ambos sexos	Porcentaje	2018	0,2
78 Actividades relacionadas con el empleo	Ambos sexos	Porcentaje	2017	0,2
78 Actividades relacionadas con el empleo	Ambos sexos	Porcentaje	2016	0,2
78 Actividades relacionadas con el empleo	Ambos sexos	Porcentaje	2015	0,1
78 Actividades relacionadas con el empleo	Ambos sexos	Porcentaje	2014	0,1
78 Actividades relacionadas con el empleo	Ambos sexos	Porcentaje	2013	0,1
78 Actividades relacionadas con el empleo	Ambos sexos	Porcentaje	2012	0,2
78 Actividades relacionadas con el empleo	Ambos sexos	Porcentaje	2011	0,2
78 Actividades relacionadas con el empleo	Ambos sexos	Porcentaje	2010	0,2
78 Actividades relacionadas con el empleo	Ambos sexos	Porcentaje	2009	0,1
78 Actividades relacionadas con el empleo	Ambos sexos	Porcentaje	2008	0,1
78 Actividades relacionadas con el empleo	Hombres	Valor absoluto	2025	15,9
78 Actividades relacionadas con el empleo	Hombres	Valor absoluto	2024	12,1
78 Actividades relacionadas con el empleo	Hombres	Valor absoluto	2023	10,6
78 Actividades relacionadas con el empleo	Hombres	Valor absoluto	2022	7,3
78 Actividades relacionadas con el empleo	Hombres	Valor absoluto	2021	7,6
78 Actividades relacionadas con el empleo	Hombres	Valor absoluto	2020	9,4
78 Actividades relacionadas con el empleo	Hombres	Valor absoluto	2019	12,3
78 Actividades relacionadas con el empleo	Hombres	Valor absoluto	2018	14,2
78 Actividades relacionadas con el empleo	Hombres	Valor absoluto	2017	11,6
78 Actividades relacionadas con el empleo	Hombres	Valor absoluto	2016	9,3
78 Actividades relacionadas con el empleo	Hombres	Valor absoluto	2015	9,8
78 Actividades relacionadas con el empleo	Hombres	Valor absoluto	2014	11,1
78 Actividades relacionadas con el empleo	Hombres	Valor absoluto	2013	5
78 Actividades relacionadas con el empleo	Hombres	Valor absoluto	2012	12,8
78 Actividades relacionadas con el empleo	Hombres	Valor absoluto	2011	10,1
78 Actividades relacionadas con el empleo	Hombres	Valor absoluto	2010	10
78 Actividades relacionadas con el empleo	Hombres	Valor absoluto	2009	7,4
78 Actividades relacionadas con el empleo	Hombres	Valor absoluto	2008	7,1
78 Actividades relacionadas con el empleo	Hombres	Porcentaje	2025	0,1
78 Actividades relacionadas con el empleo	Hombres	Porcentaje	2024	0,1
78 Actividades relacionadas con el empleo	Hombres	Porcentaje	2023	0,1
78 Actividades relacionadas con el empleo	Hombres	Porcentaje	2022	0,1
78 Actividades relacionadas con el empleo	Hombres	Porcentaje	2021	0,1
78 Actividades relacionadas con el empleo	Hombres	Porcentaje	2020	0,1
78 Actividades relacionadas con el empleo	Hombres	Porcentaje	2019	0,1
78 Actividades relacionadas con el empleo	Hombres	Porcentaje	2018	0,1
78 Actividades relacionadas con el empleo	Hombres	Porcentaje	2017	0,1
78 Actividades relacionadas con el empleo	Hombres	Porcentaje	2016	0,1
78 Actividades relacionadas con el empleo	Hombres	Porcentaje	2015	0,1
78 Actividades relacionadas con el empleo	Hombres	Porcentaje	2014	0,1
78 Actividades relacionadas con el empleo	Hombres	Porcentaje	2013	0,1
78 Actividades relacionadas con el empleo	Hombres	Porcentaje	2012	0,1
78 Actividades relacionadas con el empleo	Hombres	Porcentaje	2011	0,1
78 Actividades relacionadas con el empleo	Hombres	Porcentaje	2010	0,1
78 Actividades relacionadas con el empleo	Hombres	Porcentaje	2009	0,1
78 Actividades relacionadas con el empleo	Hombres	Porcentaje	2008	0,1
78 Actividades relacionadas con el empleo	Mujeres	Valor absoluto	2025	36,3
78 Actividades relacionadas con el empleo	Mujeres	Valor absoluto	2024	27,6
78 Actividades relacionadas con el empleo	Mujeres	Valor absoluto	2023	27,2
78 Actividades relacionadas con el empleo	Mujeres	Valor absoluto	2022	27,1
78 Actividades relacionadas con el empleo	Mujeres	Valor absoluto	2021	17,9
78 Actividades relacionadas con el empleo	Mujeres	Valor absoluto	2020	15,5
78 Actividades relacionadas con el empleo	Mujeres	Valor absoluto	2019	22
78 Actividades relacionadas con el empleo	Mujeres	Valor absoluto	2018	20,6
78 Actividades relacionadas con el empleo	Mujeres	Valor absoluto	2017	24,3
78 Actividades relacionadas con el empleo	Mujeres	Valor absoluto	2016	19,1
78 Actividades relacionadas con el empleo	Mujeres	Valor absoluto	2015	14,7
78 Actividades relacionadas con el empleo	Mujeres	Valor absoluto	2014	14,6
78 Actividades relacionadas con el empleo	Mujeres	Valor absoluto	2013	14,6
78 Actividades relacionadas con el empleo	Mujeres	Valor absoluto	2012	22,6
78 Actividades relacionadas con el empleo	Mujeres	Valor absoluto	2011	22,7
78 Actividades relacionadas con el empleo	Mujeres	Valor absoluto	2010	20,1
78 Actividades relacionadas con el empleo	Mujeres	Valor absoluto	2009	19,3
78 Actividades relacionadas con el empleo	Mujeres	Valor absoluto	2008	23,6
78 Actividades relacionadas con el empleo	Mujeres	Porcentaje	2025	0,4
78 Actividades relacionadas con el empleo	Mujeres	Porcentaje	2024	0,3
78 Actividades relacionadas con el empleo	Mujeres	Porcentaje	2023	0,3
78 Actividades relacionadas con el empleo	Mujeres	Porcentaje	2022	0,3
78 Actividades relacionadas con el empleo	Mujeres	Porcentaje	2021	0,2
78 Actividades relacionadas con el empleo	Mujeres	Porcentaje	2020	0,2
78 Actividades relacionadas con el empleo	Mujeres	Porcentaje	2019	0,2
78 Actividades relacionadas con el empleo	Mujeres	Porcentaje	2018	0,2
78 Actividades relacionadas con el empleo	Mujeres	Porcentaje	2017	0,3
78 Actividades relacionadas con el empleo	Mujeres	Porcentaje	2016	0,2
78 Actividades relacionadas con el empleo	Mujeres	Porcentaje	2015	0,2
78 Actividades relacionadas con el empleo	Mujeres	Porcentaje	2014	0,2
78 Actividades relacionadas con el empleo	Mujeres	Porcentaje	2013	0,2
78 Actividades relacionadas con el empleo	Mujeres	Porcentaje	2012	0,3
78 Actividades relacionadas con el empleo	Mujeres	Porcentaje	2011	0,3
78 Actividades relacionadas con el empleo	Mujeres	Porcentaje	2010	0,2
78 Actividades relacionadas con el empleo	Mujeres	Porcentaje	2009	0,2
78 Actividades relacionadas con el empleo	Mujeres	Porcentaje	2008	0,3
79 Actividades de agencias de viajes, operadores turísticos, servicios de reservas y actividades relacionadas con los mismos	Ambos sexos	Valor absoluto	2025	73,1
79 Actividades de agencias de viajes, operadores turísticos, servicios de reservas y actividades relacionadas con los mismos	Ambos sexos	Valor absoluto	2024	67,1
79 Actividades de agencias de viajes, operadores turísticos, servicios de reservas y actividades relacionadas con los mismos	Ambos sexos	Valor absoluto	2023	66,8
79 Actividades de agencias de viajes, operadores turísticos, servicios de reservas y actividades relacionadas con los mismos	Ambos sexos	Valor absoluto	2022	68,6
79 Actividades de agencias de viajes, operadores turísticos, servicios de reservas y actividades relacionadas con los mismos	Ambos sexos	Valor absoluto	2021	65,2
79 Actividades de agencias de viajes, operadores turísticos, servicios de reservas y actividades relacionadas con los mismos	Ambos sexos	Valor absoluto	2020	63,1
79 Actividades de agencias de viajes, operadores turísticos, servicios de reservas y actividades relacionadas con los mismos	Ambos sexos	Valor absoluto	2019	70,1
79 Actividades de agencias de viajes, operadores turísticos, servicios de reservas y actividades relacionadas con los mismos	Ambos sexos	Valor absoluto	2018	78,7
79 Actividades de agencias de viajes, operadores turísticos, servicios de reservas y actividades relacionadas con los mismos	Ambos sexos	Valor absoluto	2017	65,5
79 Actividades de agencias de viajes, operadores turísticos, servicios de reservas y actividades relacionadas con los mismos	Ambos sexos	Valor absoluto	2016	65,1
79 Actividades de agencias de viajes, operadores turísticos, servicios de reservas y actividades relacionadas con los mismos	Ambos sexos	Valor absoluto	2015	74,7
79 Actividades de agencias de viajes, operadores turísticos, servicios de reservas y actividades relacionadas con los mismos	Ambos sexos	Valor absoluto	2014	62,1
79 Actividades de agencias de viajes, operadores turísticos, servicios de reservas y actividades relacionadas con los mismos	Ambos sexos	Valor absoluto	2013	55,7
79 Actividades de agencias de viajes, operadores turísticos, servicios de reservas y actividades relacionadas con los mismos	Ambos sexos	Valor absoluto	2012	54,4
79 Actividades de agencias de viajes, operadores turísticos, servicios de reservas y actividades relacionadas con los mismos	Ambos sexos	Valor absoluto	2011	53,7
79 Actividades de agencias de viajes, operadores turísticos, servicios de reservas y actividades relacionadas con los mismos	Ambos sexos	Valor absoluto	2010	55,7
79 Actividades de agencias de viajes, operadores turísticos, servicios de reservas y actividades relacionadas con los mismos	Ambos sexos	Valor absoluto	2009	57,1
79 Actividades de agencias de viajes, operadores turísticos, servicios de reservas y actividades relacionadas con los mismos	Ambos sexos	Valor absoluto	2008	64,8
79 Actividades de agencias de viajes, operadores turísticos, servicios de reservas y actividades relacionadas con los mismos	Ambos sexos	Porcentaje	2025	0,3
79 Actividades de agencias de viajes, operadores turísticos, servicios de reservas y actividades relacionadas con los mismos	Ambos sexos	Porcentaje	2024	0,3
79 Actividades de agencias de viajes, operadores turísticos, servicios de reservas y actividades relacionadas con los mismos	Ambos sexos	Porcentaje	2023	0,3
79 Actividades de agencias de viajes, operadores turísticos, servicios de reservas y actividades relacionadas con los mismos	Ambos sexos	Porcentaje	2022	0,3
79 Actividades de agencias de viajes, operadores turísticos, servicios de reservas y actividades relacionadas con los mismos	Ambos sexos	Porcentaje	2021	0,3
79 Actividades de agencias de viajes, operadores turísticos, servicios de reservas y actividades relacionadas con los mismos	Ambos sexos	Porcentaje	2020	0,3
79 Actividades de agencias de viajes, operadores turísticos, servicios de reservas y actividades relacionadas con los mismos	Ambos sexos	Porcentaje	2019	0,4
79 Actividades de agencias de viajes, operadores turísticos, servicios de reservas y actividades relacionadas con los mismos	Ambos sexos	Porcentaje	2018	0,4
79 Actividades de agencias de viajes, operadores turísticos, servicios de reservas y actividades relacionadas con los mismos	Ambos sexos	Porcentaje	2017	0,3
79 Actividades de agencias de viajes, operadores turísticos, servicios de reservas y actividades relacionadas con los mismos	Ambos sexos	Porcentaje	2016	0,4
79 Actividades de agencias de viajes, operadores turísticos, servicios de reservas y actividades relacionadas con los mismos	Ambos sexos	Porcentaje	2015	0,4
79 Actividades de agencias de viajes, operadores turísticos, servicios de reservas y actividades relacionadas con los mismos	Ambos sexos	Porcentaje	2014	0,4
79 Actividades de agencias de viajes, operadores turísticos, servicios de reservas y actividades relacionadas con los mismos	Ambos sexos	Porcentaje	2013	0,3
79 Actividades de agencias de viajes, operadores turísticos, servicios de reservas y actividades relacionadas con los mismos	Ambos sexos	Porcentaje	2012	0,3
79 Actividades de agencias de viajes, operadores turísticos, servicios de reservas y actividades relacionadas con los mismos	Ambos sexos	Porcentaje	2011	0,3
79 Actividades de agencias de viajes, operadores turísticos, servicios de reservas y actividades relacionadas con los mismos	Ambos sexos	Porcentaje	2010	0,3
79 Actividades de agencias de viajes, operadores turísticos, servicios de reservas y actividades relacionadas con los mismos	Ambos sexos	Porcentaje	2009	0,3
79 Actividades de agencias de viajes, operadores turísticos, servicios de reservas y actividades relacionadas con los mismos	Ambos sexos	Porcentaje	2008	0,3
79 Actividades de agencias de viajes, operadores turísticos, servicios de reservas y actividades relacionadas con los mismos	Hombres	Valor absoluto	2025	25,8
79 Actividades de agencias de viajes, operadores turísticos, servicios de reservas y actividades relacionadas con los mismos	Hombres	Valor absoluto	2024	24,5
79 Actividades de agencias de viajes, operadores turísticos, servicios de reservas y actividades relacionadas con los mismos	Hombres	Valor absoluto	2023	25,1
79 Actividades de agencias de viajes, operadores turísticos, servicios de reservas y actividades relacionadas con los mismos	Hombres	Valor absoluto	2022	25,3
79 Actividades de agencias de viajes, operadores turísticos, servicios de reservas y actividades relacionadas con los mismos	Hombres	Valor absoluto	2021	18,1
79 Actividades de agencias de viajes, operadores turísticos, servicios de reservas y actividades relacionadas con los mismos	Hombres	Valor absoluto	2020	20,6
79 Actividades de agencias de viajes, operadores turísticos, servicios de reservas y actividades relacionadas con los mismos	Hombres	Valor absoluto	2019	29,2
79 Actividades de agencias de viajes, operadores turísticos, servicios de reservas y actividades relacionadas con los mismos	Hombres	Valor absoluto	2018	29,5
79 Actividades de agencias de viajes, operadores turísticos, servicios de reservas y actividades relacionadas con los mismos	Hombres	Valor absoluto	2017	23,1
79 Actividades de agencias de viajes, operadores turísticos, servicios de reservas y actividades relacionadas con los mismos	Hombres	Valor absoluto	2016	23,1
79 Actividades de agencias de viajes, operadores turísticos, servicios de reservas y actividades relacionadas con los mismos	Hombres	Valor absoluto	2015	29,8
79 Actividades de agencias de viajes, operadores turísticos, servicios de reservas y actividades relacionadas con los mismos	Hombres	Valor absoluto	2014	26,7
79 Actividades de agencias de viajes, operadores turísticos, servicios de reservas y actividades relacionadas con los mismos	Hombres	Valor absoluto	2013	16,4
79 Actividades de agencias de viajes, operadores turísticos, servicios de reservas y actividades relacionadas con los mismos	Hombres	Valor absoluto	2012	11,6
79 Actividades de agencias de viajes, operadores turísticos, servicios de reservas y actividades relacionadas con los mismos	Hombres	Valor absoluto	2011	10,1
79 Actividades de agencias de viajes, operadores turísticos, servicios de reservas y actividades relacionadas con los mismos	Hombres	Valor absoluto	2010	17,4
79 Actividades de agencias de viajes, operadores turísticos, servicios de reservas y actividades relacionadas con los mismos	Hombres	Valor absoluto	2009	18,6
79 Actividades de agencias de viajes, operadores turísticos, servicios de reservas y actividades relacionadas con los mismos	Hombres	Valor absoluto	2008	17,6
79 Actividades de agencias de viajes, operadores turísticos, servicios de reservas y actividades relacionadas con los mismos	Hombres	Porcentaje	2025	0,2
79 Actividades de agencias de viajes, operadores turísticos, servicios de reservas y actividades relacionadas con los mismos	Hombres	Porcentaje	2024	0,2
79 Actividades de agencias de viajes, operadores turísticos, servicios de reservas y actividades relacionadas con los mismos	Hombres	Porcentaje	2023	0,2
79 Actividades de agencias de viajes, operadores turísticos, servicios de reservas y actividades relacionadas con los mismos	Hombres	Porcentaje	2022	0,2
79 Actividades de agencias de viajes, operadores turísticos, servicios de reservas y actividades relacionadas con los mismos	Hombres	Porcentaje	2021	0,2
79 Actividades de agencias de viajes, operadores turísticos, servicios de reservas y actividades relacionadas con los mismos	Hombres	Porcentaje	2020	0,2
79 Actividades de agencias de viajes, operadores turísticos, servicios de reservas y actividades relacionadas con los mismos	Hombres	Porcentaje	2019	0,3
79 Actividades de agencias de viajes, operadores turísticos, servicios de reservas y actividades relacionadas con los mismos	Hombres	Porcentaje	2018	0,3
79 Actividades de agencias de viajes, operadores turísticos, servicios de reservas y actividades relacionadas con los mismos	Hombres	Porcentaje	2017	0,2
79 Actividades de agencias de viajes, operadores turísticos, servicios de reservas y actividades relacionadas con los mismos	Hombres	Porcentaje	2016	0,2
79 Actividades de agencias de viajes, operadores turísticos, servicios de reservas y actividades relacionadas con los mismos	Hombres	Porcentaje	2015	0,3
79 Actividades de agencias de viajes, operadores turísticos, servicios de reservas y actividades relacionadas con los mismos	Hombres	Porcentaje	2014	0,3
79 Actividades de agencias de viajes, operadores turísticos, servicios de reservas y actividades relacionadas con los mismos	Hombres	Porcentaje	2013	0,2
79 Actividades de agencias de viajes, operadores turísticos, servicios de reservas y actividades relacionadas con los mismos	Hombres	Porcentaje	2012	0,1
79 Actividades de agencias de viajes, operadores turísticos, servicios de reservas y actividades relacionadas con los mismos	Hombres	Porcentaje	2011	0,1
79 Actividades de agencias de viajes, operadores turísticos, servicios de reservas y actividades relacionadas con los mismos	Hombres	Porcentaje	2010	0,2
79 Actividades de agencias de viajes, operadores turísticos, servicios de reservas y actividades relacionadas con los mismos	Hombres	Porcentaje	2009	0,2
79 Actividades de agencias de viajes, operadores turísticos, servicios de reservas y actividades relacionadas con los mismos	Hombres	Porcentaje	2008	0,1
79 Actividades de agencias de viajes, operadores turísticos, servicios de reservas y actividades relacionadas con los mismos	Mujeres	Valor absoluto	2025	47,2
79 Actividades de agencias de viajes, operadores turísticos, servicios de reservas y actividades relacionadas con los mismos	Mujeres	Valor absoluto	2024	42,6
79 Actividades de agencias de viajes, operadores turísticos, servicios de reservas y actividades relacionadas con los mismos	Mujeres	Valor absoluto	2023	41,7
79 Actividades de agencias de viajes, operadores turísticos, servicios de reservas y actividades relacionadas con los mismos	Mujeres	Valor absoluto	2022	43,4
79 Actividades de agencias de viajes, operadores turísticos, servicios de reservas y actividades relacionadas con los mismos	Mujeres	Valor absoluto	2021	47,1
79 Actividades de agencias de viajes, operadores turísticos, servicios de reservas y actividades relacionadas con los mismos	Mujeres	Valor absoluto	2020	42,5
79 Actividades de agencias de viajes, operadores turísticos, servicios de reservas y actividades relacionadas con los mismos	Mujeres	Valor absoluto	2019	40,9
79 Actividades de agencias de viajes, operadores turísticos, servicios de reservas y actividades relacionadas con los mismos	Mujeres	Valor absoluto	2018	49,2
79 Actividades de agencias de viajes, operadores turísticos, servicios de reservas y actividades relacionadas con los mismos	Mujeres	Valor absoluto	2017	42,4
79 Actividades de agencias de viajes, operadores turísticos, servicios de reservas y actividades relacionadas con los mismos	Mujeres	Valor absoluto	2016	42
79 Actividades de agencias de viajes, operadores turísticos, servicios de reservas y actividades relacionadas con los mismos	Mujeres	Valor absoluto	2015	44,9
79 Actividades de agencias de viajes, operadores turísticos, servicios de reservas y actividades relacionadas con los mismos	Mujeres	Valor absoluto	2014	35,5
79 Actividades de agencias de viajes, operadores turísticos, servicios de reservas y actividades relacionadas con los mismos	Mujeres	Valor absoluto	2013	39,3
79 Actividades de agencias de viajes, operadores turísticos, servicios de reservas y actividades relacionadas con los mismos	Mujeres	Valor absoluto	2012	42,8
79 Actividades de agencias de viajes, operadores turísticos, servicios de reservas y actividades relacionadas con los mismos	Mujeres	Valor absoluto	2011	43,6
79 Actividades de agencias de viajes, operadores turísticos, servicios de reservas y actividades relacionadas con los mismos	Mujeres	Valor absoluto	2010	38,3
79 Actividades de agencias de viajes, operadores turísticos, servicios de reservas y actividades relacionadas con los mismos	Mujeres	Valor absoluto	2009	38,5
79 Actividades de agencias de viajes, operadores turísticos, servicios de reservas y actividades relacionadas con los mismos	Mujeres	Valor absoluto	2008	47,2
79 Actividades de agencias de viajes, operadores turísticos, servicios de reservas y actividades relacionadas con los mismos	Mujeres	Porcentaje	2025	0,5
79 Actividades de agencias de viajes, operadores turísticos, servicios de reservas y actividades relacionadas con los mismos	Mujeres	Porcentaje	2024	0,4
79 Actividades de agencias de viajes, operadores turísticos, servicios de reservas y actividades relacionadas con los mismos	Mujeres	Porcentaje	2023	0,4
79 Actividades de agencias de viajes, operadores turísticos, servicios de reservas y actividades relacionadas con los mismos	Mujeres	Porcentaje	2022	0,5
79 Actividades de agencias de viajes, operadores turísticos, servicios de reservas y actividades relacionadas con los mismos	Mujeres	Porcentaje	2021	0,5
79 Actividades de agencias de viajes, operadores turísticos, servicios de reservas y actividades relacionadas con los mismos	Mujeres	Porcentaje	2020	0,5
79 Actividades de agencias de viajes, operadores turísticos, servicios de reservas y actividades relacionadas con los mismos	Mujeres	Porcentaje	2019	0,5
79 Actividades de agencias de viajes, operadores turísticos, servicios de reservas y actividades relacionadas con los mismos	Mujeres	Porcentaje	2018	0,6
79 Actividades de agencias de viajes, operadores turísticos, servicios de reservas y actividades relacionadas con los mismos	Mujeres	Porcentaje	2017	0,5
79 Actividades de agencias de viajes, operadores turísticos, servicios de reservas y actividades relacionadas con los mismos	Mujeres	Porcentaje	2016	0,5
79 Actividades de agencias de viajes, operadores turísticos, servicios de reservas y actividades relacionadas con los mismos	Mujeres	Porcentaje	2015	0,6
79 Actividades de agencias de viajes, operadores turísticos, servicios de reservas y actividades relacionadas con los mismos	Mujeres	Porcentaje	2014	0,4
79 Actividades de agencias de viajes, operadores turísticos, servicios de reservas y actividades relacionadas con los mismos	Mujeres	Porcentaje	2013	0,5
79 Actividades de agencias de viajes, operadores turísticos, servicios de reservas y actividades relacionadas con los mismos	Mujeres	Porcentaje	2012	0,5
79 Actividades de agencias de viajes, operadores turísticos, servicios de reservas y actividades relacionadas con los mismos	Mujeres	Porcentaje	2011	0,5
79 Actividades de agencias de viajes, operadores turísticos, servicios de reservas y actividades relacionadas con los mismos	Mujeres	Porcentaje	2010	0,5
79 Actividades de agencias de viajes, operadores turísticos, servicios de reservas y actividades relacionadas con los mismos	Mujeres	Porcentaje	2009	0,5
79 Actividades de agencias de viajes, operadores turísticos, servicios de reservas y actividades relacionadas con los mismos	Mujeres	Porcentaje	2008	0,5
80 Actividades de seguridad e investigación	Ambos sexos	Valor absoluto	2025	170,1
80 Actividades de seguridad e investigación	Ambos sexos	Valor absoluto	2024	156,7
80 Actividades de seguridad e investigación	Ambos sexos	Valor absoluto	2023	158,6
80 Actividades de seguridad e investigación	Ambos sexos	Valor absoluto	2022	168,5
80 Actividades de seguridad e investigación	Ambos sexos	Valor absoluto	2021	175,3
80 Actividades de seguridad e investigación	Ambos sexos	Valor absoluto	2020	161,2
80 Actividades de seguridad e investigación	Ambos sexos	Valor absoluto	2019	163
80 Actividades de seguridad e investigación	Ambos sexos	Valor absoluto	2018	147,5
80 Actividades de seguridad e investigación	Ambos sexos	Valor absoluto	2017	143,7
80 Actividades de seguridad e investigación	Ambos sexos	Valor absoluto	2016	142,9
80 Actividades de seguridad e investigación	Ambos sexos	Valor absoluto	2015	146,1
80 Actividades de seguridad e investigación	Ambos sexos	Valor absoluto	2014	145
80 Actividades de seguridad e investigación	Ambos sexos	Valor absoluto	2013	143,6
80 Actividades de seguridad e investigación	Ambos sexos	Valor absoluto	2012	155,9
80 Actividades de seguridad e investigación	Ambos sexos	Valor absoluto	2011	163,2
80 Actividades de seguridad e investigación	Ambos sexos	Valor absoluto	2010	159,2
80 Actividades de seguridad e investigación	Ambos sexos	Valor absoluto	2009	159,2
80 Actividades de seguridad e investigación	Ambos sexos	Valor absoluto	2008	150
80 Actividades de seguridad e investigación	Ambos sexos	Porcentaje	2025	0,8
80 Actividades de seguridad e investigación	Ambos sexos	Porcentaje	2024	0,7
80 Actividades de seguridad e investigación	Ambos sexos	Porcentaje	2023	0,7
80 Actividades de seguridad e investigación	Ambos sexos	Porcentaje	2022	0,8
80 Actividades de seguridad e investigación	Ambos sexos	Porcentaje	2021	0,9
80 Actividades de seguridad e investigación	Ambos sexos	Porcentaje	2020	0,8
80 Actividades de seguridad e investigación	Ambos sexos	Porcentaje	2019	0,8
80 Actividades de seguridad e investigación	Ambos sexos	Porcentaje	2018	0,8
80 Actividades de seguridad e investigación	Ambos sexos	Porcentaje	2017	0,8
80 Actividades de seguridad e investigación	Ambos sexos	Porcentaje	2016	0,8
80 Actividades de seguridad e investigación	Ambos sexos	Porcentaje	2015	0,8
80 Actividades de seguridad e investigación	Ambos sexos	Porcentaje	2014	0,8
80 Actividades de seguridad e investigación	Ambos sexos	Porcentaje	2013	0,8
80 Actividades de seguridad e investigación	Ambos sexos	Porcentaje	2012	0,9
80 Actividades de seguridad e investigación	Ambos sexos	Porcentaje	2011	0,9
80 Actividades de seguridad e investigación	Ambos sexos	Porcentaje	2010	0,9
80 Actividades de seguridad e investigación	Ambos sexos	Porcentaje	2009	0,8
80 Actividades de seguridad e investigación	Ambos sexos	Porcentaje	2008	0,7
80 Actividades de seguridad e investigación	Hombres	Valor absoluto	2025	136
80 Actividades de seguridad e investigación	Hombres	Valor absoluto	2024	128,1
80 Actividades de seguridad e investigación	Hombres	Valor absoluto	2023	125,6
80 Actividades de seguridad e investigación	Hombres	Valor absoluto	2022	124,9
80 Actividades de seguridad e investigación	Hombres	Valor absoluto	2021	134,7
80 Actividades de seguridad e investigación	Hombres	Valor absoluto	2020	129,5
80 Actividades de seguridad e investigación	Hombres	Valor absoluto	2019	133,9
80 Actividades de seguridad e investigación	Hombres	Valor absoluto	2018	114,4
80 Actividades de seguridad e investigación	Hombres	Valor absoluto	2017	117,2
80 Actividades de seguridad e investigación	Hombres	Valor absoluto	2016	117,6
80 Actividades de seguridad e investigación	Hombres	Valor absoluto	2015	121,9
80 Actividades de seguridad e investigación	Hombres	Valor absoluto	2014	118,6
80 Actividades de seguridad e investigación	Hombres	Valor absoluto	2013	119,4
80 Actividades de seguridad e investigación	Hombres	Valor absoluto	2012	124,4
80 Actividades de seguridad e investigación	Hombres	Valor absoluto	2011	131,4
80 Actividades de seguridad e investigación	Hombres	Valor absoluto	2010	129,6
80 Actividades de seguridad e investigación	Hombres	Valor absoluto	2009	130
80 Actividades de seguridad e investigación	Hombres	Valor absoluto	2008	118,8
80 Actividades de seguridad e investigación	Hombres	Porcentaje	2025	1,1
80 Actividades de seguridad e investigación	Hombres	Porcentaje	2024	1,1
80 Actividades de seguridad e investigación	Hombres	Porcentaje	2023	1,1
80 Actividades de seguridad e investigación	Hombres	Porcentaje	2022	1,1
80 Actividades de seguridad e investigación	Hombres	Porcentaje	2021	1,3
80 Actividades de seguridad e investigación	Hombres	Porcentaje	2020	1,2
80 Actividades de seguridad e investigación	Hombres	Porcentaje	2019	1,2
80 Actividades de seguridad e investigación	Hombres	Porcentaje	2018	1,1
80 Actividades de seguridad e investigación	Hombres	Porcentaje	2017	1,1
80 Actividades de seguridad e investigación	Hombres	Porcentaje	2016	1,2
80 Actividades de seguridad e investigación	Hombres	Porcentaje	2015	1,2
80 Actividades de seguridad e investigación	Hombres	Porcentaje	2014	1,3
80 Actividades de seguridad e investigación	Hombres	Porcentaje	2013	1,3
80 Actividades de seguridad e investigación	Hombres	Porcentaje	2012	1,3
80 Actividades de seguridad e investigación	Hombres	Porcentaje	2011	1,3
80 Actividades de seguridad e investigación	Hombres	Porcentaje	2010	1,2
80 Actividades de seguridad e investigación	Hombres	Porcentaje	2009	1,2
80 Actividades de seguridad e investigación	Hombres	Porcentaje	2008	1
80 Actividades de seguridad e investigación	Mujeres	Valor absoluto	2025	34,1
80 Actividades de seguridad e investigación	Mujeres	Valor absoluto	2024	28,6
80 Actividades de seguridad e investigación	Mujeres	Valor absoluto	2023	32,9
80 Actividades de seguridad e investigación	Mujeres	Valor absoluto	2022	43,5
80 Actividades de seguridad e investigación	Mujeres	Valor absoluto	2021	40,6
80 Actividades de seguridad e investigación	Mujeres	Valor absoluto	2020	31,7
80 Actividades de seguridad e investigación	Mujeres	Valor absoluto	2019	29,1
80 Actividades de seguridad e investigación	Mujeres	Valor absoluto	2018	33,1
80 Actividades de seguridad e investigación	Mujeres	Valor absoluto	2017	26,6
80 Actividades de seguridad e investigación	Mujeres	Valor absoluto	2016	25,3
80 Actividades de seguridad e investigación	Mujeres	Valor absoluto	2015	24,2
80 Actividades de seguridad e investigación	Mujeres	Valor absoluto	2014	26,4
80 Actividades de seguridad e investigación	Mujeres	Valor absoluto	2013	24,2
80 Actividades de seguridad e investigación	Mujeres	Valor absoluto	2012	31,5
80 Actividades de seguridad e investigación	Mujeres	Valor absoluto	2011	31,7
80 Actividades de seguridad e investigación	Mujeres	Valor absoluto	2010	29,6
80 Actividades de seguridad e investigación	Mujeres	Valor absoluto	2009	29,2
80 Actividades de seguridad e investigación	Mujeres	Valor absoluto	2008	31,2
80 Actividades de seguridad e investigación	Mujeres	Porcentaje	2025	0,3
80 Actividades de seguridad e investigación	Mujeres	Porcentaje	2024	0,3
80 Actividades de seguridad e investigación	Mujeres	Porcentaje	2023	0,3
80 Actividades de seguridad e investigación	Mujeres	Porcentaje	2022	0,5
80 Actividades de seguridad e investigación	Mujeres	Porcentaje	2021	0,4
80 Actividades de seguridad e investigación	Mujeres	Porcentaje	2020	0,4
80 Actividades de seguridad e investigación	Mujeres	Porcentaje	2019	0,3
80 Actividades de seguridad e investigación	Mujeres	Porcentaje	2018	0,4
80 Actividades de seguridad e investigación	Mujeres	Porcentaje	2017	0,3
80 Actividades de seguridad e investigación	Mujeres	Porcentaje	2016	0,3
80 Actividades de seguridad e investigación	Mujeres	Porcentaje	2015	0,3
80 Actividades de seguridad e investigación	Mujeres	Porcentaje	2014	0,3
80 Actividades de seguridad e investigación	Mujeres	Porcentaje	2013	0,3
80 Actividades de seguridad e investigación	Mujeres	Porcentaje	2012	0,4
80 Actividades de seguridad e investigación	Mujeres	Porcentaje	2011	0,4
80 Actividades de seguridad e investigación	Mujeres	Porcentaje	2010	0,4
80 Actividades de seguridad e investigación	Mujeres	Porcentaje	2009	0,3
80 Actividades de seguridad e investigación	Mujeres	Porcentaje	2008	0,4
81 Servicios a edificios y actividades de jardinería	Ambos sexos	Valor absoluto	2025	679
81 Servicios a edificios y actividades de jardinería	Ambos sexos	Valor absoluto	2024	659,1
81 Servicios a edificios y actividades de jardinería	Ambos sexos	Valor absoluto	2023	626,9
81 Servicios a edificios y actividades de jardinería	Ambos sexos	Valor absoluto	2022	613,1
81 Servicios a edificios y actividades de jardinería	Ambos sexos	Valor absoluto	2021	619,2
81 Servicios a edificios y actividades de jardinería	Ambos sexos	Valor absoluto	2020	591,7
81 Servicios a edificios y actividades de jardinería	Ambos sexos	Valor absoluto	2019	581,3
81 Servicios a edificios y actividades de jardinería	Ambos sexos	Valor absoluto	2018	555,1
81 Servicios a edificios y actividades de jardinería	Ambos sexos	Valor absoluto	2017	561,7
81 Servicios a edificios y actividades de jardinería	Ambos sexos	Valor absoluto	2016	568,5
81 Servicios a edificios y actividades de jardinería	Ambos sexos	Valor absoluto	2015	549,4
81 Servicios a edificios y actividades de jardinería	Ambos sexos	Valor absoluto	2014	545,6
81 Servicios a edificios y actividades de jardinería	Ambos sexos	Valor absoluto	2013	542,8
81 Servicios a edificios y actividades de jardinería	Ambos sexos	Valor absoluto	2012	541,9
81 Servicios a edificios y actividades de jardinería	Ambos sexos	Valor absoluto	2011	554,8
81 Servicios a edificios y actividades de jardinería	Ambos sexos	Valor absoluto	2010	545,6
81 Servicios a edificios y actividades de jardinería	Ambos sexos	Valor absoluto	2009	552,4
81 Servicios a edificios y actividades de jardinería	Ambos sexos	Valor absoluto	2008	565,8
81 Servicios a edificios y actividades de jardinería	Ambos sexos	Porcentaje	2025	3,1
81 Servicios a edificios y actividades de jardinería	Ambos sexos	Porcentaje	2024	3
81 Servicios a edificios y actividades de jardinería	Ambos sexos	Porcentaje	2023	3
81 Servicios a edificios y actividades de jardinería	Ambos sexos	Porcentaje	2022	3
81 Servicios a edificios y actividades de jardinería	Ambos sexos	Porcentaje	2021	3,1
81 Servicios a edificios y actividades de jardinería	Ambos sexos	Porcentaje	2020	3,1
81 Servicios a edificios y actividades de jardinería	Ambos sexos	Porcentaje	2019	2,9
81 Servicios a edificios y actividades de jardinería	Ambos sexos	Porcentaje	2018	2,9
81 Servicios a edificios y actividades de jardinería	Ambos sexos	Porcentaje	2017	3
81 Servicios a edificios y actividades de jardinería	Ambos sexos	Porcentaje	2016	3,1
81 Servicios a edificios y actividades de jardinería	Ambos sexos	Porcentaje	2015	3,1
81 Servicios a edificios y actividades de jardinería	Ambos sexos	Porcentaje	2014	3,1
81 Servicios a edificios y actividades de jardinería	Ambos sexos	Porcentaje	2013	3,2
81 Servicios a edificios y actividades de jardinería	Ambos sexos	Porcentaje	2012	3,1
81 Servicios a edificios y actividades de jardinería	Ambos sexos	Porcentaje	2011	3
81 Servicios a edificios y actividades de jardinería	Ambos sexos	Porcentaje	2010	2,9
81 Servicios a edificios y actividades de jardinería	Ambos sexos	Porcentaje	2009	2,9
81 Servicios a edificios y actividades de jardinería	Ambos sexos	Porcentaje	2008	2,8
81 Servicios a edificios y actividades de jardinería	Hombres	Valor absoluto	2025	259,9
81 Servicios a edificios y actividades de jardinería	Hombres	Valor absoluto	2024	251,8
81 Servicios a edificios y actividades de jardinería	Hombres	Valor absoluto	2023	242,8
81 Servicios a edificios y actividades de jardinería	Hombres	Valor absoluto	2022	243,1
81 Servicios a edificios y actividades de jardinería	Hombres	Valor absoluto	2021	244,6
81 Servicios a edificios y actividades de jardinería	Hombres	Valor absoluto	2020	226
81 Servicios a edificios y actividades de jardinería	Hombres	Valor absoluto	2019	216,2
81 Servicios a edificios y actividades de jardinería	Hombres	Valor absoluto	2018	212,3
81 Servicios a edificios y actividades de jardinería	Hombres	Valor absoluto	2017	218,4
81 Servicios a edificios y actividades de jardinería	Hombres	Valor absoluto	2016	221,1
81 Servicios a edificios y actividades de jardinería	Hombres	Valor absoluto	2015	202,6
81 Servicios a edificios y actividades de jardinería	Hombres	Valor absoluto	2014	192,2
81 Servicios a edificios y actividades de jardinería	Hombres	Valor absoluto	2013	189,8
81 Servicios a edificios y actividades de jardinería	Hombres	Valor absoluto	2012	187,3
81 Servicios a edificios y actividades de jardinería	Hombres	Valor absoluto	2011	193,6
81 Servicios a edificios y actividades de jardinería	Hombres	Valor absoluto	2010	188,1
81 Servicios a edificios y actividades de jardinería	Hombres	Valor absoluto	2009	188,7
81 Servicios a edificios y actividades de jardinería	Hombres	Valor absoluto	2008	180
81 Servicios a edificios y actividades de jardinería	Hombres	Porcentaje	2025	2,2
81 Servicios a edificios y actividades de jardinería	Hombres	Porcentaje	2024	2,2
81 Servicios a edificios y actividades de jardinería	Hombres	Porcentaje	2023	2,1
81 Servicios a edificios y actividades de jardinería	Hombres	Porcentaje	2022	2,2
81 Servicios a edificios y actividades de jardinería	Hombres	Porcentaje	2021	2,3
81 Servicios a edificios y actividades de jardinería	Hombres	Porcentaje	2020	2,2
81 Servicios a edificios y actividades de jardinería	Hombres	Porcentaje	2019	2
81 Servicios a edificios y actividades de jardinería	Hombres	Porcentaje	2018	2
81 Servicios a edificios y actividades de jardinería	Hombres	Porcentaje	2017	2,1
81 Servicios a edificios y actividades de jardinería	Hombres	Porcentaje	2016	2,2
81 Servicios a edificios y actividades de jardinería	Hombres	Porcentaje	2015	2,1
81 Servicios a edificios y actividades de jardinería	Hombres	Porcentaje	2014	2
81 Servicios a edificios y actividades de jardinería	Hombres	Porcentaje	2013	2
81 Servicios a edificios y actividades de jardinería	Hombres	Porcentaje	2012	1,9
81 Servicios a edificios y actividades de jardinería	Hombres	Porcentaje	2011	1,9
81 Servicios a edificios y actividades de jardinería	Hombres	Porcentaje	2010	1,8
81 Servicios a edificios y actividades de jardinería	Hombres	Porcentaje	2009	1,8
81 Servicios a edificios y actividades de jardinería	Hombres	Porcentaje	2008	1,5
81 Servicios a edificios y actividades de jardinería	Mujeres	Valor absoluto	2025	419,1
81 Servicios a edificios y actividades de jardinería	Mujeres	Valor absoluto	2024	407,3
81 Servicios a edificios y actividades de jardinería	Mujeres	Valor absoluto	2023	384,1
81 Servicios a edificios y actividades de jardinería	Mujeres	Valor absoluto	2022	370,1
81 Servicios a edificios y actividades de jardinería	Mujeres	Valor absoluto	2021	374,6
81 Servicios a edificios y actividades de jardinería	Mujeres	Valor absoluto	2020	365,7
81 Servicios a edificios y actividades de jardinería	Mujeres	Valor absoluto	2019	365
81 Servicios a edificios y actividades de jardinería	Mujeres	Valor absoluto	2018	342,8
81 Servicios a edificios y actividades de jardinería	Mujeres	Valor absoluto	2017	343,3
81 Servicios a edificios y actividades de jardinería	Mujeres	Valor absoluto	2016	347,4
81 Servicios a edificios y actividades de jardinería	Mujeres	Valor absoluto	2015	346,8
81 Servicios a edificios y actividades de jardinería	Mujeres	Valor absoluto	2014	353,3
81 Servicios a edificios y actividades de jardinería	Mujeres	Valor absoluto	2013	353
81 Servicios a edificios y actividades de jardinería	Mujeres	Valor absoluto	2012	354,7
81 Servicios a edificios y actividades de jardinería	Mujeres	Valor absoluto	2011	361,2
81 Servicios a edificios y actividades de jardinería	Mujeres	Valor absoluto	2010	357,5
81 Servicios a edificios y actividades de jardinería	Mujeres	Valor absoluto	2009	363,7
81 Servicios a edificios y actividades de jardinería	Mujeres	Valor absoluto	2008	385,8
81 Servicios a edificios y actividades de jardinería	Mujeres	Porcentaje	2025	4
81 Servicios a edificios y actividades de jardinería	Mujeres	Porcentaje	2024	4,1
81 Servicios a edificios y actividades de jardinería	Mujeres	Porcentaje	2023	3,9
81 Servicios a edificios y actividades de jardinería	Mujeres	Porcentaje	2022	3,9
81 Servicios a edificios y actividades de jardinería	Mujeres	Porcentaje	2021	4,1
81 Servicios a edificios y actividades de jardinería	Mujeres	Porcentaje	2020	4,2
81 Servicios a edificios y actividades de jardinería	Mujeres	Porcentaje	2019	4
81 Servicios a edificios y actividades de jardinería	Mujeres	Porcentaje	2018	3,9
81 Servicios a edificios y actividades de jardinería	Mujeres	Porcentaje	2017	4
81 Servicios a edificios y actividades de jardinería	Mujeres	Porcentaje	2016	4,2
81 Servicios a edificios y actividades de jardinería	Mujeres	Porcentaje	2015	4,3
81 Servicios a edificios y actividades de jardinería	Mujeres	Porcentaje	2014	4,5
81 Servicios a edificios y actividades de jardinería	Mujeres	Porcentaje	2013	4,5
81 Servicios a edificios y actividades de jardinería	Mujeres	Porcentaje	2012	4,4
81 Servicios a edificios y actividades de jardinería	Mujeres	Porcentaje	2011	4,4
81 Servicios a edificios y actividades de jardinería	Mujeres	Porcentaje	2010	4,3
81 Servicios a edificios y actividades de jardinería	Mujeres	Porcentaje	2009	4,3
81 Servicios a edificios y actividades de jardinería	Mujeres	Porcentaje	2008	4,5
82 Actividades administrativas de oficina y otras actividades auxiliares a las empresas	Ambos sexos	Valor absoluto	2025	170,9
82 Actividades administrativas de oficina y otras actividades auxiliares a las empresas	Ambos sexos	Valor absoluto	2024	152,1
82 Actividades administrativas de oficina y otras actividades auxiliares a las empresas	Ambos sexos	Valor absoluto	2023	135,9
82 Actividades administrativas de oficina y otras actividades auxiliares a las empresas	Ambos sexos	Valor absoluto	2022	134,3
82 Actividades administrativas de oficina y otras actividades auxiliares a las empresas	Ambos sexos	Valor absoluto	2021	132,2
82 Actividades administrativas de oficina y otras actividades auxiliares a las empresas	Ambos sexos	Valor absoluto	2020	114,1
82 Actividades administrativas de oficina y otras actividades auxiliares a las empresas	Ambos sexos	Valor absoluto	2019	130,4
82 Actividades administrativas de oficina y otras actividades auxiliares a las empresas	Ambos sexos	Valor absoluto	2018	127,2
82 Actividades administrativas de oficina y otras actividades auxiliares a las empresas	Ambos sexos	Valor absoluto	2017	87,4
82 Actividades administrativas de oficina y otras actividades auxiliares a las empresas	Ambos sexos	Valor absoluto	2016	91
82 Actividades administrativas de oficina y otras actividades auxiliares a las empresas	Ambos sexos	Valor absoluto	2015	94,8
82 Actividades administrativas de oficina y otras actividades auxiliares a las empresas	Ambos sexos	Valor absoluto	2014	90
82 Actividades administrativas de oficina y otras actividades auxiliares a las empresas	Ambos sexos	Valor absoluto	2013	82,8
82 Actividades administrativas de oficina y otras actividades auxiliares a las empresas	Ambos sexos	Valor absoluto	2012	74,6
82 Actividades administrativas de oficina y otras actividades auxiliares a las empresas	Ambos sexos	Valor absoluto	2011	74,3
82 Actividades administrativas de oficina y otras actividades auxiliares a las empresas	Ambos sexos	Valor absoluto	2010	74,3
82 Actividades administrativas de oficina y otras actividades auxiliares a las empresas	Ambos sexos	Valor absoluto	2009	73,6
82 Actividades administrativas de oficina y otras actividades auxiliares a las empresas	Ambos sexos	Valor absoluto	2008	73,8
82 Actividades administrativas de oficina y otras actividades auxiliares a las empresas	Ambos sexos	Porcentaje	2025	0,8
82 Actividades administrativas de oficina y otras actividades auxiliares a las empresas	Ambos sexos	Porcentaje	2024	0,7
82 Actividades administrativas de oficina y otras actividades auxiliares a las empresas	Ambos sexos	Porcentaje	2023	0,6
82 Actividades administrativas de oficina y otras actividades auxiliares a las empresas	Ambos sexos	Porcentaje	2022	0,7
82 Actividades administrativas de oficina y otras actividades auxiliares a las empresas	Ambos sexos	Porcentaje	2021	0,7
82 Actividades administrativas de oficina y otras actividades auxiliares a las empresas	Ambos sexos	Porcentaje	2020	0,6
82 Actividades administrativas de oficina y otras actividades auxiliares a las empresas	Ambos sexos	Porcentaje	2019	0,7
82 Actividades administrativas de oficina y otras actividades auxiliares a las empresas	Ambos sexos	Porcentaje	2018	0,7
82 Actividades administrativas de oficina y otras actividades auxiliares a las empresas	Ambos sexos	Porcentaje	2017	0,5
82 Actividades administrativas de oficina y otras actividades auxiliares a las empresas	Ambos sexos	Porcentaje	2016	0,5
82 Actividades administrativas de oficina y otras actividades auxiliares a las empresas	Ambos sexos	Porcentaje	2015	0,5
82 Actividades administrativas de oficina y otras actividades auxiliares a las empresas	Ambos sexos	Porcentaje	2014	0,5
82 Actividades administrativas de oficina y otras actividades auxiliares a las empresas	Ambos sexos	Porcentaje	2013	0,5
82 Actividades administrativas de oficina y otras actividades auxiliares a las empresas	Ambos sexos	Porcentaje	2012	0,4
82 Actividades administrativas de oficina y otras actividades auxiliares a las empresas	Ambos sexos	Porcentaje	2011	0,4
82 Actividades administrativas de oficina y otras actividades auxiliares a las empresas	Ambos sexos	Porcentaje	2010	0,4
82 Actividades administrativas de oficina y otras actividades auxiliares a las empresas	Ambos sexos	Porcentaje	2009	0,4
82 Actividades administrativas de oficina y otras actividades auxiliares a las empresas	Ambos sexos	Porcentaje	2008	0,4
82 Actividades administrativas de oficina y otras actividades auxiliares a las empresas	Hombres	Valor absoluto	2025	66,1
82 Actividades administrativas de oficina y otras actividades auxiliares a las empresas	Hombres	Valor absoluto	2024	56,7
82 Actividades administrativas de oficina y otras actividades auxiliares a las empresas	Hombres	Valor absoluto	2023	45,1
82 Actividades administrativas de oficina y otras actividades auxiliares a las empresas	Hombres	Valor absoluto	2022	51,6
82 Actividades administrativas de oficina y otras actividades auxiliares a las empresas	Hombres	Valor absoluto	2021	51,8
82 Actividades administrativas de oficina y otras actividades auxiliares a las empresas	Hombres	Valor absoluto	2020	41,5
82 Actividades administrativas de oficina y otras actividades auxiliares a las empresas	Hombres	Valor absoluto	2019	46,2
82 Actividades administrativas de oficina y otras actividades auxiliares a las empresas	Hombres	Valor absoluto	2018	42,4
82 Actividades administrativas de oficina y otras actividades auxiliares a las empresas	Hombres	Valor absoluto	2017	27
82 Actividades administrativas de oficina y otras actividades auxiliares a las empresas	Hombres	Valor absoluto	2016	34,4
82 Actividades administrativas de oficina y otras actividades auxiliares a las empresas	Hombres	Valor absoluto	2015	32,5
82 Actividades administrativas de oficina y otras actividades auxiliares a las empresas	Hombres	Valor absoluto	2014	30,1
82 Actividades administrativas de oficina y otras actividades auxiliares a las empresas	Hombres	Valor absoluto	2013	28,9
82 Actividades administrativas de oficina y otras actividades auxiliares a las empresas	Hombres	Valor absoluto	2012	29
82 Actividades administrativas de oficina y otras actividades auxiliares a las empresas	Hombres	Valor absoluto	2011	27,2
82 Actividades administrativas de oficina y otras actividades auxiliares a las empresas	Hombres	Valor absoluto	2010	23,2
82 Actividades administrativas de oficina y otras actividades auxiliares a las empresas	Hombres	Valor absoluto	2009	23,9
82 Actividades administrativas de oficina y otras actividades auxiliares a las empresas	Hombres	Valor absoluto	2008	27,8
82 Actividades administrativas de oficina y otras actividades auxiliares a las empresas	Hombres	Porcentaje	2025	0,6
82 Actividades administrativas de oficina y otras actividades auxiliares a las empresas	Hombres	Porcentaje	2024	0,5
82 Actividades administrativas de oficina y otras actividades auxiliares a las empresas	Hombres	Porcentaje	2023	0,4
82 Actividades administrativas de oficina y otras actividades auxiliares a las empresas	Hombres	Porcentaje	2022	0,5
82 Actividades administrativas de oficina y otras actividades auxiliares a las empresas	Hombres	Porcentaje	2021	0,5
82 Actividades administrativas de oficina y otras actividades auxiliares a las empresas	Hombres	Porcentaje	2020	0,4
82 Actividades administrativas de oficina y otras actividades auxiliares a las empresas	Hombres	Porcentaje	2019	0,4
82 Actividades administrativas de oficina y otras actividades auxiliares a las empresas	Hombres	Porcentaje	2018	0,4
82 Actividades administrativas de oficina y otras actividades auxiliares a las empresas	Hombres	Porcentaje	2017	0,3
82 Actividades administrativas de oficina y otras actividades auxiliares a las empresas	Hombres	Porcentaje	2016	0,3
82 Actividades administrativas de oficina y otras actividades auxiliares a las empresas	Hombres	Porcentaje	2015	0,3
82 Actividades administrativas de oficina y otras actividades auxiliares a las empresas	Hombres	Porcentaje	2014	0,3
82 Actividades administrativas de oficina y otras actividades auxiliares a las empresas	Hombres	Porcentaje	2013	0,3
82 Actividades administrativas de oficina y otras actividades auxiliares a las empresas	Hombres	Porcentaje	2012	0,3
82 Actividades administrativas de oficina y otras actividades auxiliares a las empresas	Hombres	Porcentaje	2011	0,3
82 Actividades administrativas de oficina y otras actividades auxiliares a las empresas	Hombres	Porcentaje	2010	0,2
82 Actividades administrativas de oficina y otras actividades auxiliares a las empresas	Hombres	Porcentaje	2009	0,2
82 Actividades administrativas de oficina y otras actividades auxiliares a las empresas	Hombres	Porcentaje	2008	0,2
82 Actividades administrativas de oficina y otras actividades auxiliares a las empresas	Mujeres	Valor absoluto	2025	104,8
82 Actividades administrativas de oficina y otras actividades auxiliares a las empresas	Mujeres	Valor absoluto	2024	95,4
82 Actividades administrativas de oficina y otras actividades auxiliares a las empresas	Mujeres	Valor absoluto	2023	90,8
82 Actividades administrativas de oficina y otras actividades auxiliares a las empresas	Mujeres	Valor absoluto	2022	82,7
82 Actividades administrativas de oficina y otras actividades auxiliares a las empresas	Mujeres	Valor absoluto	2021	80,3
82 Actividades administrativas de oficina y otras actividades auxiliares a las empresas	Mujeres	Valor absoluto	2020	72,5
82 Actividades administrativas de oficina y otras actividades auxiliares a las empresas	Mujeres	Valor absoluto	2019	84,2
82 Actividades administrativas de oficina y otras actividades auxiliares a las empresas	Mujeres	Valor absoluto	2018	84,8
82 Actividades administrativas de oficina y otras actividades auxiliares a las empresas	Mujeres	Valor absoluto	2017	60,4
82 Actividades administrativas de oficina y otras actividades auxiliares a las empresas	Mujeres	Valor absoluto	2016	56,5
82 Actividades administrativas de oficina y otras actividades auxiliares a las empresas	Mujeres	Valor absoluto	2015	62,3
82 Actividades administrativas de oficina y otras actividades auxiliares a las empresas	Mujeres	Valor absoluto	2014	59,9
82 Actividades administrativas de oficina y otras actividades auxiliares a las empresas	Mujeres	Valor absoluto	2013	53,9
82 Actividades administrativas de oficina y otras actividades auxiliares a las empresas	Mujeres	Valor absoluto	2012	45,6
82 Actividades administrativas de oficina y otras actividades auxiliares a las empresas	Mujeres	Valor absoluto	2011	47,1
82 Actividades administrativas de oficina y otras actividades auxiliares a las empresas	Mujeres	Valor absoluto	2010	51,1
82 Actividades administrativas de oficina y otras actividades auxiliares a las empresas	Mujeres	Valor absoluto	2009	49,7
82 Actividades administrativas de oficina y otras actividades auxiliares a las empresas	Mujeres	Valor absoluto	2008	46
82 Actividades administrativas de oficina y otras actividades auxiliares a las empresas	Mujeres	Porcentaje	2025	1
82 Actividades administrativas de oficina y otras actividades auxiliares a las empresas	Mujeres	Porcentaje	2024	0,9
82 Actividades administrativas de oficina y otras actividades auxiliares a las empresas	Mujeres	Porcentaje	2023	0,9
82 Actividades administrativas de oficina y otras actividades auxiliares a las empresas	Mujeres	Porcentaje	2022	0,9
82 Actividades administrativas de oficina y otras actividades auxiliares a las empresas	Mujeres	Porcentaje	2021	0,9
82 Actividades administrativas de oficina y otras actividades auxiliares a las empresas	Mujeres	Porcentaje	2020	0,8
82 Actividades administrativas de oficina y otras actividades auxiliares a las empresas	Mujeres	Porcentaje	2019	0,9
82 Actividades administrativas de oficina y otras actividades auxiliares a las empresas	Mujeres	Porcentaje	2018	1
82 Actividades administrativas de oficina y otras actividades auxiliares a las empresas	Mujeres	Porcentaje	2017	0,7
82 Actividades administrativas de oficina y otras actividades auxiliares a las empresas	Mujeres	Porcentaje	2016	0,7
82 Actividades administrativas de oficina y otras actividades auxiliares a las empresas	Mujeres	Porcentaje	2015	0,8
82 Actividades administrativas de oficina y otras actividades auxiliares a las empresas	Mujeres	Porcentaje	2014	0,8
82 Actividades administrativas de oficina y otras actividades auxiliares a las empresas	Mujeres	Porcentaje	2013	0,7
82 Actividades administrativas de oficina y otras actividades auxiliares a las empresas	Mujeres	Porcentaje	2012	0,6
82 Actividades administrativas de oficina y otras actividades auxiliares a las empresas	Mujeres	Porcentaje	2011	0,6
82 Actividades administrativas de oficina y otras actividades auxiliares a las empresas	Mujeres	Porcentaje	2010	0,6
82 Actividades administrativas de oficina y otras actividades auxiliares a las empresas	Mujeres	Porcentaje	2009	0,6
82 Actividades administrativas de oficina y otras actividades auxiliares a las empresas	Mujeres	Porcentaje	2008	0,5
O Administración Pública y defensa; Seguridad Social obligatoria	Ambos sexos	Valor absoluto	2025	1.427,2
O Administración Pública y defensa; Seguridad Social obligatoria	Ambos sexos	Valor absoluto	2024	1.421,3
O Administración Pública y defensa; Seguridad Social obligatoria	Ambos sexos	Valor absoluto	2023	1.439,9
O Administración Pública y defensa; Seguridad Social obligatoria	Ambos sexos	Valor absoluto	2022	1.412,6
O Administración Pública y defensa; Seguridad Social obligatoria	Ambos sexos	Valor absoluto	2021	1.363,9
O Administración Pública y defensa; Seguridad Social obligatoria	Ambos sexos	Valor absoluto	2020	1.356
O Administración Pública y defensa; Seguridad Social obligatoria	Ambos sexos	Valor absoluto	2019	1.346,1
O Administración Pública y defensa; Seguridad Social obligatoria	Ambos sexos	Valor absoluto	2018	1.344,7
O Administración Pública y defensa; Seguridad Social obligatoria	Ambos sexos	Valor absoluto	2017	1.291,4
O Administración Pública y defensa; Seguridad Social obligatoria	Ambos sexos	Valor absoluto	2016	1.266,4
O Administración Pública y defensa; Seguridad Social obligatoria	Ambos sexos	Valor absoluto	2015	1.325,2
O Administración Pública y defensa; Seguridad Social obligatoria	Ambos sexos	Valor absoluto	2014	1.308,8
O Administración Pública y defensa; Seguridad Social obligatoria	Ambos sexos	Valor absoluto	2013	1.277,4
O Administración Pública y defensa; Seguridad Social obligatoria	Ambos sexos	Valor absoluto	2012	1.351
O Administración Pública y defensa; Seguridad Social obligatoria	Ambos sexos	Valor absoluto	2011	1.452,8
O Administración Pública y defensa; Seguridad Social obligatoria	Ambos sexos	Valor absoluto	2010	1.438,8
O Administración Pública y defensa; Seguridad Social obligatoria	Ambos sexos	Valor absoluto	2009	1.387,8
O Administración Pública y defensa; Seguridad Social obligatoria	Ambos sexos	Valor absoluto	2008	1.299,8
O Administración Pública y defensa; Seguridad Social obligatoria	Ambos sexos	Porcentaje	2025	6,4
O Administración Pública y defensa; Seguridad Social obligatoria	Ambos sexos	Porcentaje	2024	6,6
O Administración Pública y defensa; Seguridad Social obligatoria	Ambos sexos	Porcentaje	2023	6,8
O Administración Pública y defensa; Seguridad Social obligatoria	Ambos sexos	Porcentaje	2022	6,9
O Administración Pública y defensa; Seguridad Social obligatoria	Ambos sexos	Porcentaje	2021	6,9
O Administración Pública y defensa; Seguridad Social obligatoria	Ambos sexos	Porcentaje	2020	7,1
O Administración Pública y defensa; Seguridad Social obligatoria	Ambos sexos	Porcentaje	2019	6,8
O Administración Pública y defensa; Seguridad Social obligatoria	Ambos sexos	Porcentaje	2018	7
O Administración Pública y defensa; Seguridad Social obligatoria	Ambos sexos	Porcentaje	2017	6,9
O Administración Pública y defensa; Seguridad Social obligatoria	Ambos sexos	Porcentaje	2016	6,9
O Administración Pública y defensa; Seguridad Social obligatoria	Ambos sexos	Porcentaje	2015	7,4
O Administración Pública y defensa; Seguridad Social obligatoria	Ambos sexos	Porcentaje	2014	7,5
O Administración Pública y defensa; Seguridad Social obligatoria	Ambos sexos	Porcentaje	2013	7,5
O Administración Pública y defensa; Seguridad Social obligatoria	Ambos sexos	Porcentaje	2012	7,7
O Administración Pública y defensa; Seguridad Social obligatoria	Ambos sexos	Porcentaje	2011	7,9
O Administración Pública y defensa; Seguridad Social obligatoria	Ambos sexos	Porcentaje	2010	7,7
O Administración Pública y defensa; Seguridad Social obligatoria	Ambos sexos	Porcentaje	2009	7,3
O Administración Pública y defensa; Seguridad Social obligatoria	Ambos sexos	Porcentaje	2008	6,3
O Administración Pública y defensa; Seguridad Social obligatoria	Hombres	Valor absoluto	2025	789
O Administración Pública y defensa; Seguridad Social obligatoria	Hombres	Valor absoluto	2024	791,2
O Administración Pública y defensa; Seguridad Social obligatoria	Hombres	Valor absoluto	2023	794,1
O Administración Pública y defensa; Seguridad Social obligatoria	Hombres	Valor absoluto	2022	792,1
O Administración Pública y defensa; Seguridad Social obligatoria	Hombres	Valor absoluto	2021	761,4
O Administración Pública y defensa; Seguridad Social obligatoria	Hombres	Valor absoluto	2020	774,6
O Administración Pública y defensa; Seguridad Social obligatoria	Hombres	Valor absoluto	2019	759,5
O Administración Pública y defensa; Seguridad Social obligatoria	Hombres	Valor absoluto	2018	782,9
O Administración Pública y defensa; Seguridad Social obligatoria	Hombres	Valor absoluto	2017	755,7
O Administración Pública y defensa; Seguridad Social obligatoria	Hombres	Valor absoluto	2016	744,1
O Administración Pública y defensa; Seguridad Social obligatoria	Hombres	Valor absoluto	2015	780,1
O Administración Pública y defensa; Seguridad Social obligatoria	Hombres	Valor absoluto	2014	775,8
O Administración Pública y defensa; Seguridad Social obligatoria	Hombres	Valor absoluto	2013	753,4
O Administración Pública y defensa; Seguridad Social obligatoria	Hombres	Valor absoluto	2012	763,8
O Administración Pública y defensa; Seguridad Social obligatoria	Hombres	Valor absoluto	2011	839
O Administración Pública y defensa; Seguridad Social obligatoria	Hombres	Valor absoluto	2010	837
O Administración Pública y defensa; Seguridad Social obligatoria	Hombres	Valor absoluto	2009	819,3
O Administración Pública y defensa; Seguridad Social obligatoria	Hombres	Valor absoluto	2008	767,6
O Administración Pública y defensa; Seguridad Social obligatoria	Hombres	Porcentaje	2025	6,6
O Administración Pública y defensa; Seguridad Social obligatoria	Hombres	Porcentaje	2024	6,8
O Administración Pública y defensa; Seguridad Social obligatoria	Hombres	Porcentaje	2023	7
O Administración Pública y defensa; Seguridad Social obligatoria	Hombres	Porcentaje	2022	7,1
O Administración Pública y defensa; Seguridad Social obligatoria	Hombres	Porcentaje	2021	7,1
O Administración Pública y defensa; Seguridad Social obligatoria	Hombres	Porcentaje	2020	7,4
O Administración Pública y defensa; Seguridad Social obligatoria	Hombres	Porcentaje	2019	7,1
O Administración Pública y defensa; Seguridad Social obligatoria	Hombres	Porcentaje	2018	7,4
O Administración Pública y defensa; Seguridad Social obligatoria	Hombres	Porcentaje	2017	7,4
O Administración Pública y defensa; Seguridad Social obligatoria	Hombres	Porcentaje	2016	7,4
O Administración Pública y defensa; Seguridad Social obligatoria	Hombres	Porcentaje	2015	8
O Administración Pública y defensa; Seguridad Social obligatoria	Hombres	Porcentaje	2014	8,2
O Administración Pública y defensa; Seguridad Social obligatoria	Hombres	Porcentaje	2013	8,1
O Administración Pública y defensa; Seguridad Social obligatoria	Hombres	Porcentaje	2012	7,9
O Administración Pública y defensa; Seguridad Social obligatoria	Hombres	Porcentaje	2011	8,3
O Administración Pública y defensa; Seguridad Social obligatoria	Hombres	Porcentaje	2010	8
O Administración Pública y defensa; Seguridad Social obligatoria	Hombres	Porcentaje	2009	7,6
O Administración Pública y defensa; Seguridad Social obligatoria	Hombres	Porcentaje	2008	6,5
O Administración Pública y defensa; Seguridad Social obligatoria	Mujeres	Valor absoluto	2025	638,2
O Administración Pública y defensa; Seguridad Social obligatoria	Mujeres	Valor absoluto	2024	630,1
O Administración Pública y defensa; Seguridad Social obligatoria	Mujeres	Valor absoluto	2023	645,8
O Administración Pública y defensa; Seguridad Social obligatoria	Mujeres	Valor absoluto	2022	620,5
O Administración Pública y defensa; Seguridad Social obligatoria	Mujeres	Valor absoluto	2021	602,5
O Administración Pública y defensa; Seguridad Social obligatoria	Mujeres	Valor absoluto	2020	581,3
O Administración Pública y defensa; Seguridad Social obligatoria	Mujeres	Valor absoluto	2019	586,6
O Administración Pública y defensa; Seguridad Social obligatoria	Mujeres	Valor absoluto	2018	561,7
O Administración Pública y defensa; Seguridad Social obligatoria	Mujeres	Valor absoluto	2017	535,8
O Administración Pública y defensa; Seguridad Social obligatoria	Mujeres	Valor absoluto	2016	522,3
O Administración Pública y defensa; Seguridad Social obligatoria	Mujeres	Valor absoluto	2015	545
O Administración Pública y defensa; Seguridad Social obligatoria	Mujeres	Valor absoluto	2014	533
O Administración Pública y defensa; Seguridad Social obligatoria	Mujeres	Valor absoluto	2013	524
O Administración Pública y defensa; Seguridad Social obligatoria	Mujeres	Valor absoluto	2012	587,2
O Administración Pública y defensa; Seguridad Social obligatoria	Mujeres	Valor absoluto	2011	613,7
O Administración Pública y defensa; Seguridad Social obligatoria	Mujeres	Valor absoluto	2010	601,8
O Administración Pública y defensa; Seguridad Social obligatoria	Mujeres	Valor absoluto	2009	568,5
O Administración Pública y defensa; Seguridad Social obligatoria	Mujeres	Valor absoluto	2008	532,2
O Administración Pública y defensa; Seguridad Social obligatoria	Mujeres	Porcentaje	2025	6,2
O Administración Pública y defensa; Seguridad Social obligatoria	Mujeres	Porcentaje	2024	6,3
O Administración Pública y defensa; Seguridad Social obligatoria	Mujeres	Porcentaje	2023	6,6
O Administración Pública y defensa; Seguridad Social obligatoria	Mujeres	Porcentaje	2022	6,6
O Administración Pública y defensa; Seguridad Social obligatoria	Mujeres	Porcentaje	2021	6,6
O Administración Pública y defensa; Seguridad Social obligatoria	Mujeres	Porcentaje	2020	6,6
O Administración Pública y defensa; Seguridad Social obligatoria	Mujeres	Porcentaje	2019	6,5
O Administración Pública y defensa; Seguridad Social obligatoria	Mujeres	Porcentaje	2018	6,4
O Administración Pública y defensa; Seguridad Social obligatoria	Mujeres	Porcentaje	2017	6,3
O Administración Pública y defensa; Seguridad Social obligatoria	Mujeres	Porcentaje	2016	6,3
O Administración Pública y defensa; Seguridad Social obligatoria	Mujeres	Porcentaje	2015	6,7
O Administración Pública y defensa; Seguridad Social obligatoria	Mujeres	Porcentaje	2014	6,7
O Administración Pública y defensa; Seguridad Social obligatoria	Mujeres	Porcentaje	2013	6,7
O Administración Pública y defensa; Seguridad Social obligatoria	Mujeres	Porcentaje	2012	7,3
O Administración Pública y defensa; Seguridad Social obligatoria	Mujeres	Porcentaje	2011	7,4
O Administración Pública y defensa; Seguridad Social obligatoria	Mujeres	Porcentaje	2010	7,3
O Administración Pública y defensa; Seguridad Social obligatoria	Mujeres	Porcentaje	2009	6,8
O Administración Pública y defensa; Seguridad Social obligatoria	Mujeres	Porcentaje	2008	6,1
84 Administración Pública y defensa; Seguridad Social obligatoria	Ambos sexos	Valor absoluto	2025	1.427,2
84 Administración Pública y defensa; Seguridad Social obligatoria	Ambos sexos	Valor absoluto	2024	1.421,3
84 Administración Pública y defensa; Seguridad Social obligatoria	Ambos sexos	Valor absoluto	2023	1.439,9
84 Administración Pública y defensa; Seguridad Social obligatoria	Ambos sexos	Valor absoluto	2022	1.412,6
84 Administración Pública y defensa; Seguridad Social obligatoria	Ambos sexos	Valor absoluto	2021	1.363,9
84 Administración Pública y defensa; Seguridad Social obligatoria	Ambos sexos	Valor absoluto	2020	1.356
84 Administración Pública y defensa; Seguridad Social obligatoria	Ambos sexos	Valor absoluto	2019	1.346,1
84 Administración Pública y defensa; Seguridad Social obligatoria	Ambos sexos	Valor absoluto	2018	1.344,7
84 Administración Pública y defensa; Seguridad Social obligatoria	Ambos sexos	Valor absoluto	2017	1.291,4
84 Administración Pública y defensa; Seguridad Social obligatoria	Ambos sexos	Valor absoluto	2016	1.266,4
84 Administración Pública y defensa; Seguridad Social obligatoria	Ambos sexos	Valor absoluto	2015	1.325,2
84 Administración Pública y defensa; Seguridad Social obligatoria	Ambos sexos	Valor absoluto	2014	1.308,8
84 Administración Pública y defensa; Seguridad Social obligatoria	Ambos sexos	Valor absoluto	2013	1.277,4
84 Administración Pública y defensa; Seguridad Social obligatoria	Ambos sexos	Valor absoluto	2012	1.351
84 Administración Pública y defensa; Seguridad Social obligatoria	Ambos sexos	Valor absoluto	2011	1.452,8
84 Administración Pública y defensa; Seguridad Social obligatoria	Ambos sexos	Valor absoluto	2010	1.438,8
84 Administración Pública y defensa; Seguridad Social obligatoria	Ambos sexos	Valor absoluto	2009	1.387,8
84 Administración Pública y defensa; Seguridad Social obligatoria	Ambos sexos	Valor absoluto	2008	1.299,8
84 Administración Pública y defensa; Seguridad Social obligatoria	Ambos sexos	Porcentaje	2025	6,4
84 Administración Pública y defensa; Seguridad Social obligatoria	Ambos sexos	Porcentaje	2024	6,6
84 Administración Pública y defensa; Seguridad Social obligatoria	Ambos sexos	Porcentaje	2023	6,8
84 Administración Pública y defensa; Seguridad Social obligatoria	Ambos sexos	Porcentaje	2022	6,9
84 Administración Pública y defensa; Seguridad Social obligatoria	Ambos sexos	Porcentaje	2021	6,9
84 Administración Pública y defensa; Seguridad Social obligatoria	Ambos sexos	Porcentaje	2020	7,1
84 Administración Pública y defensa; Seguridad Social obligatoria	Ambos sexos	Porcentaje	2019	6,8
84 Administración Pública y defensa; Seguridad Social obligatoria	Ambos sexos	Porcentaje	2018	7
84 Administración Pública y defensa; Seguridad Social obligatoria	Ambos sexos	Porcentaje	2017	6,9
84 Administración Pública y defensa; Seguridad Social obligatoria	Ambos sexos	Porcentaje	2016	6,9
84 Administración Pública y defensa; Seguridad Social obligatoria	Ambos sexos	Porcentaje	2015	7,4
84 Administración Pública y defensa; Seguridad Social obligatoria	Ambos sexos	Porcentaje	2014	7,5
84 Administración Pública y defensa; Seguridad Social obligatoria	Ambos sexos	Porcentaje	2013	7,5
84 Administración Pública y defensa; Seguridad Social obligatoria	Ambos sexos	Porcentaje	2012	7,7
84 Administración Pública y defensa; Seguridad Social obligatoria	Ambos sexos	Porcentaje	2011	7,9
84 Administración Pública y defensa; Seguridad Social obligatoria	Ambos sexos	Porcentaje	2010	7,7
84 Administración Pública y defensa; Seguridad Social obligatoria	Ambos sexos	Porcentaje	2009	7,3
84 Administración Pública y defensa; Seguridad Social obligatoria	Ambos sexos	Porcentaje	2008	6,3
84 Administración Pública y defensa; Seguridad Social obligatoria	Hombres	Valor absoluto	2025	789
84 Administración Pública y defensa; Seguridad Social obligatoria	Hombres	Valor absoluto	2024	791,2
84 Administración Pública y defensa; Seguridad Social obligatoria	Hombres	Valor absoluto	2023	794,1
84 Administración Pública y defensa; Seguridad Social obligatoria	Hombres	Valor absoluto	2022	792,1
84 Administración Pública y defensa; Seguridad Social obligatoria	Hombres	Valor absoluto	2021	761,4
84 Administración Pública y defensa; Seguridad Social obligatoria	Hombres	Valor absoluto	2020	774,6
84 Administración Pública y defensa; Seguridad Social obligatoria	Hombres	Valor absoluto	2019	759,5
84 Administración Pública y defensa; Seguridad Social obligatoria	Hombres	Valor absoluto	2018	782,9
84 Administración Pública y defensa; Seguridad Social obligatoria	Hombres	Valor absoluto	2017	755,7
84 Administración Pública y defensa; Seguridad Social obligatoria	Hombres	Valor absoluto	2016	744,1
84 Administración Pública y defensa; Seguridad Social obligatoria	Hombres	Valor absoluto	2015	780,1
84 Administración Pública y defensa; Seguridad Social obligatoria	Hombres	Valor absoluto	2014	775,8
84 Administración Pública y defensa; Seguridad Social obligatoria	Hombres	Valor absoluto	2013	753,4
84 Administración Pública y defensa; Seguridad Social obligatoria	Hombres	Valor absoluto	2012	763,8
84 Administración Pública y defensa; Seguridad Social obligatoria	Hombres	Valor absoluto	2011	839
84 Administración Pública y defensa; Seguridad Social obligatoria	Hombres	Valor absoluto	2010	837
84 Administración Pública y defensa; Seguridad Social obligatoria	Hombres	Valor absoluto	2009	819,3
84 Administración Pública y defensa; Seguridad Social obligatoria	Hombres	Valor absoluto	2008	767,6
84 Administración Pública y defensa; Seguridad Social obligatoria	Hombres	Porcentaje	2025	6,6
84 Administración Pública y defensa; Seguridad Social obligatoria	Hombres	Porcentaje	2024	6,8
84 Administración Pública y defensa; Seguridad Social obligatoria	Hombres	Porcentaje	2023	7
84 Administración Pública y defensa; Seguridad Social obligatoria	Hombres	Porcentaje	2022	7,1
84 Administración Pública y defensa; Seguridad Social obligatoria	Hombres	Porcentaje	2021	7,1
84 Administración Pública y defensa; Seguridad Social obligatoria	Hombres	Porcentaje	2020	7,4
84 Administración Pública y defensa; Seguridad Social obligatoria	Hombres	Porcentaje	2019	7,1
84 Administración Pública y defensa; Seguridad Social obligatoria	Hombres	Porcentaje	2018	7,4
84 Administración Pública y defensa; Seguridad Social obligatoria	Hombres	Porcentaje	2017	7,4
84 Administración Pública y defensa; Seguridad Social obligatoria	Hombres	Porcentaje	2016	7,4
84 Administración Pública y defensa; Seguridad Social obligatoria	Hombres	Porcentaje	2015	8
84 Administración Pública y defensa; Seguridad Social obligatoria	Hombres	Porcentaje	2014	8,2
84 Administración Pública y defensa; Seguridad Social obligatoria	Hombres	Porcentaje	2013	8,1
84 Administración Pública y defensa; Seguridad Social obligatoria	Hombres	Porcentaje	2012	7,9
84 Administración Pública y defensa; Seguridad Social obligatoria	Hombres	Porcentaje	2011	8,3
84 Administración Pública y defensa; Seguridad Social obligatoria	Hombres	Porcentaje	2010	8
84 Administración Pública y defensa; Seguridad Social obligatoria	Hombres	Porcentaje	2009	7,6
84 Administración Pública y defensa; Seguridad Social obligatoria	Hombres	Porcentaje	2008	6,5
84 Administración Pública y defensa; Seguridad Social obligatoria	Mujeres	Valor absoluto	2025	638,2
84 Administración Pública y defensa; Seguridad Social obligatoria	Mujeres	Valor absoluto	2024	630,1
84 Administración Pública y defensa; Seguridad Social obligatoria	Mujeres	Valor absoluto	2023	645,8
84 Administración Pública y defensa; Seguridad Social obligatoria	Mujeres	Valor absoluto	2022	620,5
84 Administración Pública y defensa; Seguridad Social obligatoria	Mujeres	Valor absoluto	2021	602,5
84 Administración Pública y defensa; Seguridad Social obligatoria	Mujeres	Valor absoluto	2020	581,3
84 Administración Pública y defensa; Seguridad Social obligatoria	Mujeres	Valor absoluto	2019	586,6
84 Administración Pública y defensa; Seguridad Social obligatoria	Mujeres	Valor absoluto	2018	561,7
84 Administración Pública y defensa; Seguridad Social obligatoria	Mujeres	Valor absoluto	2017	535,8
84 Administración Pública y defensa; Seguridad Social obligatoria	Mujeres	Valor absoluto	2016	522,3
84 Administración Pública y defensa; Seguridad Social obligatoria	Mujeres	Valor absoluto	2015	545
84 Administración Pública y defensa; Seguridad Social obligatoria	Mujeres	Valor absoluto	2014	533
84 Administración Pública y defensa; Seguridad Social obligatoria	Mujeres	Valor absoluto	2013	524
84 Administración Pública y defensa; Seguridad Social obligatoria	Mujeres	Valor absoluto	2012	587,2
84 Administración Pública y defensa; Seguridad Social obligatoria	Mujeres	Valor absoluto	2011	613,7
84 Administración Pública y defensa; Seguridad Social obligatoria	Mujeres	Valor absoluto	2010	601,8
84 Administración Pública y defensa; Seguridad Social obligatoria	Mujeres	Valor absoluto	2009	568,5
84 Administración Pública y defensa; Seguridad Social obligatoria	Mujeres	Valor absoluto	2008	532,2
84 Administración Pública y defensa; Seguridad Social obligatoria	Mujeres	Porcentaje	2025	6,2
84 Administración Pública y defensa; Seguridad Social obligatoria	Mujeres	Porcentaje	2024	6,3
84 Administración Pública y defensa; Seguridad Social obligatoria	Mujeres	Porcentaje	2023	6,6
84 Administración Pública y defensa; Seguridad Social obligatoria	Mujeres	Porcentaje	2022	6,6
84 Administración Pública y defensa; Seguridad Social obligatoria	Mujeres	Porcentaje	2021	6,6
84 Administración Pública y defensa; Seguridad Social obligatoria	Mujeres	Porcentaje	2020	6,6
84 Administración Pública y defensa; Seguridad Social obligatoria	Mujeres	Porcentaje	2019	6,5
84 Administración Pública y defensa; Seguridad Social obligatoria	Mujeres	Porcentaje	2018	6,4
84 Administración Pública y defensa; Seguridad Social obligatoria	Mujeres	Porcentaje	2017	6,3
84 Administración Pública y defensa; Seguridad Social obligatoria	Mujeres	Porcentaje	2016	6,3
84 Administración Pública y defensa; Seguridad Social obligatoria	Mujeres	Porcentaje	2015	6,7
84 Administración Pública y defensa; Seguridad Social obligatoria	Mujeres	Porcentaje	2014	6,7
84 Administración Pública y defensa; Seguridad Social obligatoria	Mujeres	Porcentaje	2013	6,7
84 Administración Pública y defensa; Seguridad Social obligatoria	Mujeres	Porcentaje	2012	7,3
84 Administración Pública y defensa; Seguridad Social obligatoria	Mujeres	Porcentaje	2011	7,4
84 Administración Pública y defensa; Seguridad Social obligatoria	Mujeres	Porcentaje	2010	7,3
84 Administración Pública y defensa; Seguridad Social obligatoria	Mujeres	Porcentaje	2009	6,8
84 Administración Pública y defensa; Seguridad Social obligatoria	Mujeres	Porcentaje	2008	6,1
P Educación	Ambos sexos	Valor absoluto	2025	1.571,5
P Educación	Ambos sexos	Valor absoluto	2024	1.533,9
P Educación	Ambos sexos	Valor absoluto	2023	1.490,4
P Educación	Ambos sexos	Valor absoluto	2022	1.494,6
P Educación	Ambos sexos	Valor absoluto	2021	1.433,2
P Educación	Ambos sexos	Valor absoluto	2020	1.322,9
P Educación	Ambos sexos	Valor absoluto	2019	1.373,6
P Educación	Ambos sexos	Valor absoluto	2018	1.322,3
P Educación	Ambos sexos	Valor absoluto	2017	1.259,4
P Educación	Ambos sexos	Valor absoluto	2016	1.267,8
P Educación	Ambos sexos	Valor absoluto	2015	1.182,3
P Educación	Ambos sexos	Valor absoluto	2014	1.151,8
P Educación	Ambos sexos	Valor absoluto	2013	1.163,6
P Educación	Ambos sexos	Valor absoluto	2012	1.208,1
P Educación	Ambos sexos	Valor absoluto	2011	1.206,1
P Educación	Ambos sexos	Valor absoluto	2010	1.211,3
P Educación	Ambos sexos	Valor absoluto	2009	1.180,1
P Educación	Ambos sexos	Valor absoluto	2008	1.164,3
P Educación	Ambos sexos	Porcentaje	2025	7,1
P Educación	Ambos sexos	Porcentaje	2024	7,1
P Educación	Ambos sexos	Porcentaje	2023	7
P Educación	Ambos sexos	Porcentaje	2022	7,3
P Educación	Ambos sexos	Porcentaje	2021	7,2
P Educación	Ambos sexos	Porcentaje	2020	6,9
P Educación	Ambos sexos	Porcentaje	2019	6,9
P Educación	Ambos sexos	Porcentaje	2018	6,8
P Educación	Ambos sexos	Porcentaje	2017	6,7
P Educación	Ambos sexos	Porcentaje	2016	6,9
P Educación	Ambos sexos	Porcentaje	2015	6,6
P Educación	Ambos sexos	Porcentaje	2014	6,6
P Educación	Ambos sexos	Porcentaje	2013	6,8
P Educación	Ambos sexos	Porcentaje	2012	6,9
P Educación	Ambos sexos	Porcentaje	2011	6,5
P Educación	Ambos sexos	Porcentaje	2010	6,5
P Educación	Ambos sexos	Porcentaje	2009	6,2
P Educación	Ambos sexos	Porcentaje	2008	5,7
P Educación	Hombres	Valor absoluto	2025	483,7
P Educación	Hombres	Valor absoluto	2024	489,2
P Educación	Hombres	Valor absoluto	2023	484,3
P Educación	Hombres	Valor absoluto	2022	487,9
P Educación	Hombres	Valor absoluto	2021	461,9
P Educación	Hombres	Valor absoluto	2020	451,1
P Educación	Hombres	Valor absoluto	2019	454,5
P Educación	Hombres	Valor absoluto	2018	432,9
P Educación	Hombres	Valor absoluto	2017	415,5
P Educación	Hombres	Valor absoluto	2016	421,1
P Educación	Hombres	Valor absoluto	2015	396,7
P Educación	Hombres	Valor absoluto	2014	385,6
P Educación	Hombres	Valor absoluto	2013	380,1
P Educación	Hombres	Valor absoluto	2012	394,3
P Educación	Hombres	Valor absoluto	2011	411,9
P Educación	Hombres	Valor absoluto	2010	416,5
P Educación	Hombres	Valor absoluto	2009	410,3
P Educación	Hombres	Valor absoluto	2008	414,3
P Educación	Hombres	Porcentaje	2025	4,1
P Educación	Hombres	Porcentaje	2024	4,2
P Educación	Hombres	Porcentaje	2023	4,3
P Educación	Hombres	Porcentaje	2022	4,4
P Educación	Hombres	Porcentaje	2021	4,3
P Educación	Hombres	Porcentaje	2020	4,3
P Educación	Hombres	Porcentaje	2019	4,2
P Educación	Hombres	Porcentaje	2018	4,1
P Educación	Hombres	Porcentaje	2017	4
P Educación	Hombres	Porcentaje	2016	4,2
P Educación	Hombres	Porcentaje	2015	4,1
P Educación	Hombres	Porcentaje	2014	4,1
P Educación	Hombres	Porcentaje	2013	4,1
P Educación	Hombres	Porcentaje	2012	4,1
P Educación	Hombres	Porcentaje	2011	4,1
P Educación	Hombres	Porcentaje	2010	4
P Educación	Hombres	Porcentaje	2009	3,8
P Educación	Hombres	Porcentaje	2008	3,5
P Educación	Mujeres	Valor absoluto	2025	1.087,9
P Educación	Mujeres	Valor absoluto	2024	1.044,6
P Educación	Mujeres	Valor absoluto	2023	1.006
P Educación	Mujeres	Valor absoluto	2022	1.006,6
P Educación	Mujeres	Valor absoluto	2021	971,3
P Educación	Mujeres	Valor absoluto	2020	871,8
P Educación	Mujeres	Valor absoluto	2019	919,1
P Educación	Mujeres	Valor absoluto	2018	889,3
P Educación	Mujeres	Valor absoluto	2017	843,9
P Educación	Mujeres	Valor absoluto	2016	846,6
P Educación	Mujeres	Valor absoluto	2015	785,6
P Educación	Mujeres	Valor absoluto	2014	766,2
P Educación	Mujeres	Valor absoluto	2013	783,4
P Educación	Mujeres	Valor absoluto	2012	813,8
P Educación	Mujeres	Valor absoluto	2011	794,3
P Educación	Mujeres	Valor absoluto	2010	794,9
P Educación	Mujeres	Valor absoluto	2009	769,7
P Educación	Mujeres	Valor absoluto	2008	750
P Educación	Mujeres	Porcentaje	2025	10,5
P Educación	Mujeres	Porcentaje	2024	10,4
P Educación	Mujeres	Porcentaje	2023	10,3
P Educación	Mujeres	Porcentaje	2022	10,7
P Educación	Mujeres	Porcentaje	2021	10,7
P Educación	Mujeres	Porcentaje	2020	9,9
P Educación	Mujeres	Porcentaje	2019	10,2
P Educación	Mujeres	Porcentaje	2018	10,1
P Educación	Mujeres	Porcentaje	2017	9,9
P Educación	Mujeres	Porcentaje	2016	10,2
P Educación	Mujeres	Porcentaje	2015	9,7
P Educación	Mujeres	Porcentaje	2014	9,7
P Educación	Mujeres	Porcentaje	2013	10
P Educación	Mujeres	Porcentaje	2012	10,1
P Educación	Mujeres	Porcentaje	2011	9,6
P Educación	Mujeres	Porcentaje	2010	9,6
P Educación	Mujeres	Porcentaje	2009	9,2
P Educación	Mujeres	Porcentaje	2008	8,7
85 Educación	Ambos sexos	Valor absoluto	2025	1.571,5
85 Educación	Ambos sexos	Valor absoluto	2024	1.533,9
85 Educación	Ambos sexos	Valor absoluto	2023	1.490,4
85 Educación	Ambos sexos	Valor absoluto	2022	1.494,6
85 Educación	Ambos sexos	Valor absoluto	2021	1.433,2
85 Educación	Ambos sexos	Valor absoluto	2020	1.322,9
85 Educación	Ambos sexos	Valor absoluto	2019	1.373,6
85 Educación	Ambos sexos	Valor absoluto	2018	1.322,3
85 Educación	Ambos sexos	Valor absoluto	2017	1.259,4
85 Educación	Ambos sexos	Valor absoluto	2016	1.267,8
85 Educación	Ambos sexos	Valor absoluto	2015	1.182,3
85 Educación	Ambos sexos	Valor absoluto	2014	1.151,8
85 Educación	Ambos sexos	Valor absoluto	2013	1.163,6
85 Educación	Ambos sexos	Valor absoluto	2012	1.208,1
85 Educación	Ambos sexos	Valor absoluto	2011	1.206,1
85 Educación	Ambos sexos	Valor absoluto	2010	1.211,3
85 Educación	Ambos sexos	Valor absoluto	2009	1.180,1
85 Educación	Ambos sexos	Valor absoluto	2008	1.164,3
85 Educación	Ambos sexos	Porcentaje	2025	7,1
85 Educación	Ambos sexos	Porcentaje	2024	7,1
85 Educación	Ambos sexos	Porcentaje	2023	7
85 Educación	Ambos sexos	Porcentaje	2022	7,3
85 Educación	Ambos sexos	Porcentaje	2021	7,2
85 Educación	Ambos sexos	Porcentaje	2020	6,9
85 Educación	Ambos sexos	Porcentaje	2019	6,9
85 Educación	Ambos sexos	Porcentaje	2018	6,8
85 Educación	Ambos sexos	Porcentaje	2017	6,7
85 Educación	Ambos sexos	Porcentaje	2016	6,9
85 Educación	Ambos sexos	Porcentaje	2015	6,6
85 Educación	Ambos sexos	Porcentaje	2014	6,6
85 Educación	Ambos sexos	Porcentaje	2013	6,8
85 Educación	Ambos sexos	Porcentaje	2012	6,9
85 Educación	Ambos sexos	Porcentaje	2011	6,5
85 Educación	Ambos sexos	Porcentaje	2010	6,5
85 Educación	Ambos sexos	Porcentaje	2009	6,2
85 Educación	Ambos sexos	Porcentaje	2008	5,7
85 Educación	Hombres	Valor absoluto	2025	483,7
85 Educación	Hombres	Valor absoluto	2024	489,2
85 Educación	Hombres	Valor absoluto	2023	484,3
85 Educación	Hombres	Valor absoluto	2022	487,9
85 Educación	Hombres	Valor absoluto	2021	461,9
85 Educación	Hombres	Valor absoluto	2020	451,1
85 Educación	Hombres	Valor absoluto	2019	454,5
85 Educación	Hombres	Valor absoluto	2018	432,9
85 Educación	Hombres	Valor absoluto	2017	415,5
85 Educación	Hombres	Valor absoluto	2016	421,1
85 Educación	Hombres	Valor absoluto	2015	396,7
85 Educación	Hombres	Valor absoluto	2014	385,6
85 Educación	Hombres	Valor absoluto	2013	380,1
85 Educación	Hombres	Valor absoluto	2012	394,3
85 Educación	Hombres	Valor absoluto	2011	411,9
85 Educación	Hombres	Valor absoluto	2010	416,5
85 Educación	Hombres	Valor absoluto	2009	410,3
85 Educación	Hombres	Valor absoluto	2008	414,3
85 Educación	Hombres	Porcentaje	2025	4,1
85 Educación	Hombres	Porcentaje	2024	4,2
85 Educación	Hombres	Porcentaje	2023	4,3
85 Educación	Hombres	Porcentaje	2022	4,4
85 Educación	Hombres	Porcentaje	2021	4,3
85 Educación	Hombres	Porcentaje	2020	4,3
85 Educación	Hombres	Porcentaje	2019	4,2
85 Educación	Hombres	Porcentaje	2018	4,1
85 Educación	Hombres	Porcentaje	2017	4
85 Educación	Hombres	Porcentaje	2016	4,2
85 Educación	Hombres	Porcentaje	2015	4,1
85 Educación	Hombres	Porcentaje	2014	4,1
85 Educación	Hombres	Porcentaje	2013	4,1
85 Educación	Hombres	Porcentaje	2012	4,1
85 Educación	Hombres	Porcentaje	2011	4,1
85 Educación	Hombres	Porcentaje	2010	4
85 Educación	Hombres	Porcentaje	2009	3,8
85 Educación	Hombres	Porcentaje	2008	3,5
85 Educación	Mujeres	Valor absoluto	2025	1.087,9
85 Educación	Mujeres	Valor absoluto	2024	1.044,6
85 Educación	Mujeres	Valor absoluto	2023	1.006
85 Educación	Mujeres	Valor absoluto	2022	1.006,6
85 Educación	Mujeres	Valor absoluto	2021	971,3
85 Educación	Mujeres	Valor absoluto	2020	871,8
85 Educación	Mujeres	Valor absoluto	2019	919,1
85 Educación	Mujeres	Valor absoluto	2018	889,3
85 Educación	Mujeres	Valor absoluto	2017	843,9
85 Educación	Mujeres	Valor absoluto	2016	846,6
85 Educación	Mujeres	Valor absoluto	2015	785,6
85 Educación	Mujeres	Valor absoluto	2014	766,2
85 Educación	Mujeres	Valor absoluto	2013	783,4
85 Educación	Mujeres	Valor absoluto	2012	813,8
85 Educación	Mujeres	Valor absoluto	2011	794,3
85 Educación	Mujeres	Valor absoluto	2010	794,9
85 Educación	Mujeres	Valor absoluto	2009	769,7
85 Educación	Mujeres	Valor absoluto	2008	750
85 Educación	Mujeres	Porcentaje	2025	10,5
85 Educación	Mujeres	Porcentaje	2024	10,4
85 Educación	Mujeres	Porcentaje	2023	10,3
85 Educación	Mujeres	Porcentaje	2022	10,7
85 Educación	Mujeres	Porcentaje	2021	10,7
85 Educación	Mujeres	Porcentaje	2020	9,9
85 Educación	Mujeres	Porcentaje	2019	10,2
85 Educación	Mujeres	Porcentaje	2018	10,1
85 Educación	Mujeres	Porcentaje	2017	9,9
85 Educación	Mujeres	Porcentaje	2016	10,2
85 Educación	Mujeres	Porcentaje	2015	9,7
85 Educación	Mujeres	Porcentaje	2014	9,7
85 Educación	Mujeres	Porcentaje	2013	10
85 Educación	Mujeres	Porcentaje	2012	10,1
85 Educación	Mujeres	Porcentaje	2011	9,6
85 Educación	Mujeres	Porcentaje	2010	9,6
85 Educación	Mujeres	Porcentaje	2009	9,2
85 Educación	Mujeres	Porcentaje	2008	8,7
Q Actividades sanitarias y de servicios sociales	Ambos sexos	Valor absoluto	2025	2.093,5
Q Actividades sanitarias y de servicios sociales	Ambos sexos	Valor absoluto	2024	2.061,1
Q Actividades sanitarias y de servicios sociales	Ambos sexos	Valor absoluto	2023	1.974,8
Q Actividades sanitarias y de servicios sociales	Ambos sexos	Valor absoluto	2022	1.884,8
Q Actividades sanitarias y de servicios sociales	Ambos sexos	Valor absoluto	2021	1.860,4
Q Actividades sanitarias y de servicios sociales	Ambos sexos	Valor absoluto	2020	1.769,3
Q Actividades sanitarias y de servicios sociales	Ambos sexos	Valor absoluto	2019	1.681,2
Q Actividades sanitarias y de servicios sociales	Ambos sexos	Valor absoluto	2018	1.614,8
Q Actividades sanitarias y de servicios sociales	Ambos sexos	Valor absoluto	2017	1.564,9
Q Actividades sanitarias y de servicios sociales	Ambos sexos	Valor absoluto	2016	1.510,7
Q Actividades sanitarias y de servicios sociales	Ambos sexos	Valor absoluto	2015	1.442,1
Q Actividades sanitarias y de servicios sociales	Ambos sexos	Valor absoluto	2014	1.416,5
Q Actividades sanitarias y de servicios sociales	Ambos sexos	Valor absoluto	2013	1.365,6
Q Actividades sanitarias y de servicios sociales	Ambos sexos	Valor absoluto	2012	1.416,2
Q Actividades sanitarias y de servicios sociales	Ambos sexos	Valor absoluto	2011	1.462,5
Q Actividades sanitarias y de servicios sociales	Ambos sexos	Valor absoluto	2010	1.397,2
Q Actividades sanitarias y de servicios sociales	Ambos sexos	Valor absoluto	2009	1.352,6
Q Actividades sanitarias y de servicios sociales	Ambos sexos	Valor absoluto	2008	1.287
Q Actividades sanitarias y de servicios sociales	Ambos sexos	Porcentaje	2025	9,4
Q Actividades sanitarias y de servicios sociales	Ambos sexos	Porcentaje	2024	9,5
Q Actividades sanitarias y de servicios sociales	Ambos sexos	Porcentaje	2023	9,3
Q Actividades sanitarias y de servicios sociales	Ambos sexos	Porcentaje	2022	9,2
Q Actividades sanitarias y de servicios sociales	Ambos sexos	Porcentaje	2021	9,4
Q Actividades sanitarias y de servicios sociales	Ambos sexos	Porcentaje	2020	9,2
Q Actividades sanitarias y de servicios sociales	Ambos sexos	Porcentaje	2019	8,5
Q Actividades sanitarias y de servicios sociales	Ambos sexos	Porcentaje	2018	8,4
Q Actividades sanitarias y de servicios sociales	Ambos sexos	Porcentaje	2017	8,3
Q Actividades sanitarias y de servicios sociales	Ambos sexos	Porcentaje	2016	8,2
Q Actividades sanitarias y de servicios sociales	Ambos sexos	Porcentaje	2015	8,1
Q Actividades sanitarias y de servicios sociales	Ambos sexos	Porcentaje	2014	8,2
Q Actividades sanitarias y de servicios sociales	Ambos sexos	Porcentaje	2013	8
Q Actividades sanitarias y de servicios sociales	Ambos sexos	Porcentaje	2012	8
Q Actividades sanitarias y de servicios sociales	Ambos sexos	Porcentaje	2011	7,9
Q Actividades sanitarias y de servicios sociales	Ambos sexos	Porcentaje	2010	7,5
Q Actividades sanitarias y de servicios sociales	Ambos sexos	Porcentaje	2009	7,1
Q Actividades sanitarias y de servicios sociales	Ambos sexos	Porcentaje	2008	6,3
Q Actividades sanitarias y de servicios sociales	Hombres	Valor absoluto	2025	463,8
Q Actividades sanitarias y de servicios sociales	Hombres	Valor absoluto	2024	489,1
Q Actividades sanitarias y de servicios sociales	Hombres	Valor absoluto	2023	468,2
Q Actividades sanitarias y de servicios sociales	Hombres	Valor absoluto	2022	407,3
Q Actividades sanitarias y de servicios sociales	Hombres	Valor absoluto	2021	425,2
Q Actividades sanitarias y de servicios sociales	Hombres	Valor absoluto	2020	418,9
Q Actividades sanitarias y de servicios sociales	Hombres	Valor absoluto	2019	396,9
Q Actividades sanitarias y de servicios sociales	Hombres	Valor absoluto	2018	373,8
Q Actividades sanitarias y de servicios sociales	Hombres	Valor absoluto	2017	345,9
Q Actividades sanitarias y de servicios sociales	Hombres	Valor absoluto	2016	344,8
Q Actividades sanitarias y de servicios sociales	Hombres	Valor absoluto	2015	327,1
Q Actividades sanitarias y de servicios sociales	Hombres	Valor absoluto	2014	326,9
Q Actividades sanitarias y de servicios sociales	Hombres	Valor absoluto	2013	306,4
Q Actividades sanitarias y de servicios sociales	Hombres	Valor absoluto	2012	331,6
Q Actividades sanitarias y de servicios sociales	Hombres	Valor absoluto	2011	333,9
Q Actividades sanitarias y de servicios sociales	Hombres	Valor absoluto	2010	320
Q Actividades sanitarias y de servicios sociales	Hombres	Valor absoluto	2009	316,3
Q Actividades sanitarias y de servicios sociales	Hombres	Valor absoluto	2008	292,4
Q Actividades sanitarias y de servicios sociales	Hombres	Porcentaje	2025	3,9
Q Actividades sanitarias y de servicios sociales	Hombres	Porcentaje	2024	4,2
Q Actividades sanitarias y de servicios sociales	Hombres	Porcentaje	2023	4,1
Q Actividades sanitarias y de servicios sociales	Hombres	Porcentaje	2022	3,7
Q Actividades sanitarias y de servicios sociales	Hombres	Porcentaje	2021	4
Q Actividades sanitarias y de servicios sociales	Hombres	Porcentaje	2020	4
Q Actividades sanitarias y de servicios sociales	Hombres	Porcentaje	2019	3,7
Q Actividades sanitarias y de servicios sociales	Hombres	Porcentaje	2018	3,5
Q Actividades sanitarias y de servicios sociales	Hombres	Porcentaje	2017	3,4
Q Actividades sanitarias y de servicios sociales	Hombres	Porcentaje	2016	3,4
Q Actividades sanitarias y de servicios sociales	Hombres	Porcentaje	2015	3,4
Q Actividades sanitarias y de servicios sociales	Hombres	Porcentaje	2014	3,5
Q Actividades sanitarias y de servicios sociales	Hombres	Porcentaje	2013	3,3
Q Actividades sanitarias y de servicios sociales	Hombres	Porcentaje	2012	3,5
Q Actividades sanitarias y de servicios sociales	Hombres	Porcentaje	2011	3,3
Q Actividades sanitarias y de servicios sociales	Hombres	Porcentaje	2010	3,1
Q Actividades sanitarias y de servicios sociales	Hombres	Porcentaje	2009	2,9
Q Actividades sanitarias y de servicios sociales	Hombres	Porcentaje	2008	2,5
Q Actividades sanitarias y de servicios sociales	Mujeres	Valor absoluto	2025	1.629,7
Q Actividades sanitarias y de servicios sociales	Mujeres	Valor absoluto	2024	1.571,9
Q Actividades sanitarias y de servicios sociales	Mujeres	Valor absoluto	2023	1.506,6
Q Actividades sanitarias y de servicios sociales	Mujeres	Valor absoluto	2022	1.477,5
Q Actividades sanitarias y de servicios sociales	Mujeres	Valor absoluto	2021	1.435,2
Q Actividades sanitarias y de servicios sociales	Mujeres	Valor absoluto	2020	1.350,4
Q Actividades sanitarias y de servicios sociales	Mujeres	Valor absoluto	2019	1.284,3
Q Actividades sanitarias y de servicios sociales	Mujeres	Valor absoluto	2018	1.241
Q Actividades sanitarias y de servicios sociales	Mujeres	Valor absoluto	2017	1.219
Q Actividades sanitarias y de servicios sociales	Mujeres	Valor absoluto	2016	1.165,9
Q Actividades sanitarias y de servicios sociales	Mujeres	Valor absoluto	2015	1.114,9
Q Actividades sanitarias y de servicios sociales	Mujeres	Valor absoluto	2014	1.089,6
Q Actividades sanitarias y de servicios sociales	Mujeres	Valor absoluto	2013	1.059,2
Q Actividades sanitarias y de servicios sociales	Mujeres	Valor absoluto	2012	1.084,6
Q Actividades sanitarias y de servicios sociales	Mujeres	Valor absoluto	2011	1.128,6
Q Actividades sanitarias y de servicios sociales	Mujeres	Valor absoluto	2010	1.077,2
Q Actividades sanitarias y de servicios sociales	Mujeres	Valor absoluto	2009	1.036,3
Q Actividades sanitarias y de servicios sociales	Mujeres	Valor absoluto	2008	994,6
Q Actividades sanitarias y de servicios sociales	Mujeres	Porcentaje	2025	15,7
Q Actividades sanitarias y de servicios sociales	Mujeres	Porcentaje	2024	15,6
Q Actividades sanitarias y de servicios sociales	Mujeres	Porcentaje	2023	15,4
Q Actividades sanitarias y de servicios sociales	Mujeres	Porcentaje	2022	15,7
Q Actividades sanitarias y de servicios sociales	Mujeres	Porcentaje	2021	15,8
Q Actividades sanitarias y de servicios sociales	Mujeres	Porcentaje	2020	15,4
Q Actividades sanitarias y de servicios sociales	Mujeres	Porcentaje	2019	14,2
Q Actividades sanitarias y de servicios sociales	Mujeres	Porcentaje	2018	14,1
Q Actividades sanitarias y de servicios sociales	Mujeres	Porcentaje	2017	14,2
Q Actividades sanitarias y de servicios sociales	Mujeres	Porcentaje	2016	14
Q Actividades sanitarias y de servicios sociales	Mujeres	Porcentaje	2015	13,8
Q Actividades sanitarias y de servicios sociales	Mujeres	Porcentaje	2014	13,8
Q Actividades sanitarias y de servicios sociales	Mujeres	Porcentaje	2013	13,5
Q Actividades sanitarias y de servicios sociales	Mujeres	Porcentaje	2012	13,5
Q Actividades sanitarias y de servicios sociales	Mujeres	Porcentaje	2011	13,6
Q Actividades sanitarias y de servicios sociales	Mujeres	Porcentaje	2010	13
Q Actividades sanitarias y de servicios sociales	Mujeres	Porcentaje	2009	12,4
Q Actividades sanitarias y de servicios sociales	Mujeres	Porcentaje	2008	11,5
86 Actividades sanitarias	Ambos sexos	Valor absoluto	2025	1.366,6
86 Actividades sanitarias	Ambos sexos	Valor absoluto	2024	1.353
86 Actividades sanitarias	Ambos sexos	Valor absoluto	2023	1.324,4
86 Actividades sanitarias	Ambos sexos	Valor absoluto	2022	1.260,6
86 Actividades sanitarias	Ambos sexos	Valor absoluto	2021	1.249,3
86 Actividades sanitarias	Ambos sexos	Valor absoluto	2020	1.192,5
86 Actividades sanitarias	Ambos sexos	Valor absoluto	2019	1.116,8
86 Actividades sanitarias	Ambos sexos	Valor absoluto	2018	1.093
86 Actividades sanitarias	Ambos sexos	Valor absoluto	2017	1.062,6
86 Actividades sanitarias	Ambos sexos	Valor absoluto	2016	1.025
86 Actividades sanitarias	Ambos sexos	Valor absoluto	2015	977
86 Actividades sanitarias	Ambos sexos	Valor absoluto	2014	958,3
86 Actividades sanitarias	Ambos sexos	Valor absoluto	2013	925,4
86 Actividades sanitarias	Ambos sexos	Valor absoluto	2012	946,4
86 Actividades sanitarias	Ambos sexos	Valor absoluto	2011	971,2
86 Actividades sanitarias	Ambos sexos	Valor absoluto	2010	927,7
86 Actividades sanitarias	Ambos sexos	Valor absoluto	2009	940,3
86 Actividades sanitarias	Ambos sexos	Valor absoluto	2008	910,5
86 Actividades sanitarias	Ambos sexos	Porcentaje	2025	6,1
86 Actividades sanitarias	Ambos sexos	Porcentaje	2024	6,2
86 Actividades sanitarias	Ambos sexos	Porcentaje	2023	6,3
86 Actividades sanitarias	Ambos sexos	Porcentaje	2022	6,1
86 Actividades sanitarias	Ambos sexos	Porcentaje	2021	6,3
86 Actividades sanitarias	Ambos sexos	Porcentaje	2020	6,2
86 Actividades sanitarias	Ambos sexos	Porcentaje	2019	5,6
86 Actividades sanitarias	Ambos sexos	Porcentaje	2018	5,7
86 Actividades sanitarias	Ambos sexos	Porcentaje	2017	5,6
86 Actividades sanitarias	Ambos sexos	Porcentaje	2016	5,6
86 Actividades sanitarias	Ambos sexos	Porcentaje	2015	5,5
86 Actividades sanitarias	Ambos sexos	Porcentaje	2014	5,5
86 Actividades sanitarias	Ambos sexos	Porcentaje	2013	5,4
86 Actividades sanitarias	Ambos sexos	Porcentaje	2012	5,4
86 Actividades sanitarias	Ambos sexos	Porcentaje	2011	5,3
86 Actividades sanitarias	Ambos sexos	Porcentaje	2010	5
86 Actividades sanitarias	Ambos sexos	Porcentaje	2009	4,9
86 Actividades sanitarias	Ambos sexos	Porcentaje	2008	4,4
86 Actividades sanitarias	Hombres	Valor absoluto	2025	359,8
86 Actividades sanitarias	Hombres	Valor absoluto	2024	377,3
86 Actividades sanitarias	Hombres	Valor absoluto	2023	358,7
86 Actividades sanitarias	Hombres	Valor absoluto	2022	315,9
86 Actividades sanitarias	Hombres	Valor absoluto	2021	326,8
86 Actividades sanitarias	Hombres	Valor absoluto	2020	327,9
86 Actividades sanitarias	Hombres	Valor absoluto	2019	307,7
86 Actividades sanitarias	Hombres	Valor absoluto	2018	288,7
86 Actividades sanitarias	Hombres	Valor absoluto	2017	277,1
86 Actividades sanitarias	Hombres	Valor absoluto	2016	283,5
86 Actividades sanitarias	Hombres	Valor absoluto	2015	260,1
86 Actividades sanitarias	Hombres	Valor absoluto	2014	259,6
86 Actividades sanitarias	Hombres	Valor absoluto	2013	249
86 Actividades sanitarias	Hombres	Valor absoluto	2012	269
86 Actividades sanitarias	Hombres	Valor absoluto	2011	269,5
86 Actividades sanitarias	Hombres	Valor absoluto	2010	253,2
86 Actividades sanitarias	Hombres	Valor absoluto	2009	251
86 Actividades sanitarias	Hombres	Valor absoluto	2008	240,1
86 Actividades sanitarias	Hombres	Porcentaje	2025	3
86 Actividades sanitarias	Hombres	Porcentaje	2024	3,3
86 Actividades sanitarias	Hombres	Porcentaje	2023	3,2
86 Actividades sanitarias	Hombres	Porcentaje	2022	2,8
86 Actividades sanitarias	Hombres	Porcentaje	2021	3
86 Actividades sanitarias	Hombres	Porcentaje	2020	3,1
86 Actividades sanitarias	Hombres	Porcentaje	2019	2,9
86 Actividades sanitarias	Hombres	Porcentaje	2018	2,7
86 Actividades sanitarias	Hombres	Porcentaje	2017	2,7
86 Actividades sanitarias	Hombres	Porcentaje	2016	2,8
86 Actividades sanitarias	Hombres	Porcentaje	2015	2,7
86 Actividades sanitarias	Hombres	Porcentaje	2014	2,7
86 Actividades sanitarias	Hombres	Porcentaje	2013	2,7
86 Actividades sanitarias	Hombres	Porcentaje	2012	2,8
86 Actividades sanitarias	Hombres	Porcentaje	2011	2,7
86 Actividades sanitarias	Hombres	Porcentaje	2010	2,4
86 Actividades sanitarias	Hombres	Porcentaje	2009	2,3
86 Actividades sanitarias	Hombres	Porcentaje	2008	2
86 Actividades sanitarias	Mujeres	Valor absoluto	2025	1.006,8
86 Actividades sanitarias	Mujeres	Valor absoluto	2024	975,6
86 Actividades sanitarias	Mujeres	Valor absoluto	2023	965,7
86 Actividades sanitarias	Mujeres	Valor absoluto	2022	944,7
86 Actividades sanitarias	Mujeres	Valor absoluto	2021	922,5
86 Actividades sanitarias	Mujeres	Valor absoluto	2020	864,5
86 Actividades sanitarias	Mujeres	Valor absoluto	2019	809,1
86 Actividades sanitarias	Mujeres	Valor absoluto	2018	804,3
86 Actividades sanitarias	Mujeres	Valor absoluto	2017	785,4
86 Actividades sanitarias	Mujeres	Valor absoluto	2016	741,6
86 Actividades sanitarias	Mujeres	Valor absoluto	2015	716,9
86 Actividades sanitarias	Mujeres	Valor absoluto	2014	698,7
86 Actividades sanitarias	Mujeres	Valor absoluto	2013	676,4
86 Actividades sanitarias	Mujeres	Valor absoluto	2012	677,4
86 Actividades sanitarias	Mujeres	Valor absoluto	2011	701,7
86 Actividades sanitarias	Mujeres	Valor absoluto	2010	674,5
86 Actividades sanitarias	Mujeres	Valor absoluto	2009	689,2
86 Actividades sanitarias	Mujeres	Valor absoluto	2008	670,4
86 Actividades sanitarias	Mujeres	Porcentaje	2025	9,7
86 Actividades sanitarias	Mujeres	Porcentaje	2024	9,7
86 Actividades sanitarias	Mujeres	Porcentaje	2023	9,8
86 Actividades sanitarias	Mujeres	Porcentaje	2022	10
86 Actividades sanitarias	Mujeres	Porcentaje	2021	10,1
86 Actividades sanitarias	Mujeres	Porcentaje	2020	9,9
86 Actividades sanitarias	Mujeres	Porcentaje	2019	9
86 Actividades sanitarias	Mujeres	Porcentaje	2018	9,1
86 Actividades sanitarias	Mujeres	Porcentaje	2017	9,2
86 Actividades sanitarias	Mujeres	Porcentaje	2016	8,9
86 Actividades sanitarias	Mujeres	Porcentaje	2015	8,8
86 Actividades sanitarias	Mujeres	Porcentaje	2014	8,8
86 Actividades sanitarias	Mujeres	Porcentaje	2013	8,6
86 Actividades sanitarias	Mujeres	Porcentaje	2012	8,4
86 Actividades sanitarias	Mujeres	Porcentaje	2011	8,5
86 Actividades sanitarias	Mujeres	Porcentaje	2010	8,1
86 Actividades sanitarias	Mujeres	Porcentaje	2009	8,2
86 Actividades sanitarias	Mujeres	Porcentaje	2008	7,7
87 Asistencia en establecimientos residenciales	Ambos sexos	Valor absoluto	2025	381,8
87 Asistencia en establecimientos residenciales	Ambos sexos	Valor absoluto	2024	395,1
87 Asistencia en establecimientos residenciales	Ambos sexos	Valor absoluto	2023	364,9
87 Asistencia en establecimientos residenciales	Ambos sexos	Valor absoluto	2022	351,8
87 Asistencia en establecimientos residenciales	Ambos sexos	Valor absoluto	2021	347,6
87 Asistencia en establecimientos residenciales	Ambos sexos	Valor absoluto	2020	326,7
87 Asistencia en establecimientos residenciales	Ambos sexos	Valor absoluto	2019	325,8
87 Asistencia en establecimientos residenciales	Ambos sexos	Valor absoluto	2018	304
87 Asistencia en establecimientos residenciales	Ambos sexos	Valor absoluto	2017	293,2
87 Asistencia en establecimientos residenciales	Ambos sexos	Valor absoluto	2016	280,2
87 Asistencia en establecimientos residenciales	Ambos sexos	Valor absoluto	2015	270,3
87 Asistencia en establecimientos residenciales	Ambos sexos	Valor absoluto	2014	264,2
87 Asistencia en establecimientos residenciales	Ambos sexos	Valor absoluto	2013	233,2
87 Asistencia en establecimientos residenciales	Ambos sexos	Valor absoluto	2012	249
87 Asistencia en establecimientos residenciales	Ambos sexos	Valor absoluto	2011	269,5
87 Asistencia en establecimientos residenciales	Ambos sexos	Valor absoluto	2010	255
87 Asistencia en establecimientos residenciales	Ambos sexos	Valor absoluto	2009	236,8
87 Asistencia en establecimientos residenciales	Ambos sexos	Valor absoluto	2008	220,4
87 Asistencia en establecimientos residenciales	Ambos sexos	Porcentaje	2025	1,7
87 Asistencia en establecimientos residenciales	Ambos sexos	Porcentaje	2024	1,8
87 Asistencia en establecimientos residenciales	Ambos sexos	Porcentaje	2023	1,7
87 Asistencia en establecimientos residenciales	Ambos sexos	Porcentaje	2022	1,7
87 Asistencia en establecimientos residenciales	Ambos sexos	Porcentaje	2021	1,8
87 Asistencia en establecimientos residenciales	Ambos sexos	Porcentaje	2020	1,7
87 Asistencia en establecimientos residenciales	Ambos sexos	Porcentaje	2019	1,6
87 Asistencia en establecimientos residenciales	Ambos sexos	Porcentaje	2018	1,6
87 Asistencia en establecimientos residenciales	Ambos sexos	Porcentaje	2017	1,6
87 Asistencia en establecimientos residenciales	Ambos sexos	Porcentaje	2016	1,5
87 Asistencia en establecimientos residenciales	Ambos sexos	Porcentaje	2015	1,5
87 Asistencia en establecimientos residenciales	Ambos sexos	Porcentaje	2014	1,5
87 Asistencia en establecimientos residenciales	Ambos sexos	Porcentaje	2013	1,4
87 Asistencia en establecimientos residenciales	Ambos sexos	Porcentaje	2012	1,4
87 Asistencia en establecimientos residenciales	Ambos sexos	Porcentaje	2011	1,5
87 Asistencia en establecimientos residenciales	Ambos sexos	Porcentaje	2010	1,4
87 Asistencia en establecimientos residenciales	Ambos sexos	Porcentaje	2009	1,2
87 Asistencia en establecimientos residenciales	Ambos sexos	Porcentaje	2008	1,1
87 Asistencia en establecimientos residenciales	Hombres	Valor absoluto	2025	56,7
87 Asistencia en establecimientos residenciales	Hombres	Valor absoluto	2024	68,4
87 Asistencia en establecimientos residenciales	Hombres	Valor absoluto	2023	63,1
87 Asistencia en establecimientos residenciales	Hombres	Valor absoluto	2022	56,5
87 Asistencia en establecimientos residenciales	Hombres	Valor absoluto	2021	59,6
87 Asistencia en establecimientos residenciales	Hombres	Valor absoluto	2020	52,2
87 Asistencia en establecimientos residenciales	Hombres	Valor absoluto	2019	53,3
87 Asistencia en establecimientos residenciales	Hombres	Valor absoluto	2018	51,7
87 Asistencia en establecimientos residenciales	Hombres	Valor absoluto	2017	41,5
87 Asistencia en establecimientos residenciales	Hombres	Valor absoluto	2016	35,8
87 Asistencia en establecimientos residenciales	Hombres	Valor absoluto	2015	40,5
87 Asistencia en establecimientos residenciales	Hombres	Valor absoluto	2014	41,1
87 Asistencia en establecimientos residenciales	Hombres	Valor absoluto	2013	30,9
87 Asistencia en establecimientos residenciales	Hombres	Valor absoluto	2012	36,1
87 Asistencia en establecimientos residenciales	Hombres	Valor absoluto	2011	38,1
87 Asistencia en establecimientos residenciales	Hombres	Valor absoluto	2010	35,8
87 Asistencia en establecimientos residenciales	Hombres	Valor absoluto	2009	39,1
87 Asistencia en establecimientos residenciales	Hombres	Valor absoluto	2008	30,1
87 Asistencia en establecimientos residenciales	Hombres	Porcentaje	2025	0,5
87 Asistencia en establecimientos residenciales	Hombres	Porcentaje	2024	0,6
87 Asistencia en establecimientos residenciales	Hombres	Porcentaje	2023	0,6
87 Asistencia en establecimientos residenciales	Hombres	Porcentaje	2022	0,5
87 Asistencia en establecimientos residenciales	Hombres	Porcentaje	2021	0,6
87 Asistencia en establecimientos residenciales	Hombres	Porcentaje	2020	0,5
87 Asistencia en establecimientos residenciales	Hombres	Porcentaje	2019	0,5
87 Asistencia en establecimientos residenciales	Hombres	Porcentaje	2018	0,5
87 Asistencia en establecimientos residenciales	Hombres	Porcentaje	2017	0,4
87 Asistencia en establecimientos residenciales	Hombres	Porcentaje	2016	0,4
87 Asistencia en establecimientos residenciales	Hombres	Porcentaje	2015	0,4
87 Asistencia en establecimientos residenciales	Hombres	Porcentaje	2014	0,4
87 Asistencia en establecimientos residenciales	Hombres	Porcentaje	2013	0,3
87 Asistencia en establecimientos residenciales	Hombres	Porcentaje	2012	0,4
87 Asistencia en establecimientos residenciales	Hombres	Porcentaje	2011	0,4
87 Asistencia en establecimientos residenciales	Hombres	Porcentaje	2010	0,3
87 Asistencia en establecimientos residenciales	Hombres	Porcentaje	2009	0,4
87 Asistencia en establecimientos residenciales	Hombres	Porcentaje	2008	0,3
87 Asistencia en establecimientos residenciales	Mujeres	Valor absoluto	2025	325,2
87 Asistencia en establecimientos residenciales	Mujeres	Valor absoluto	2024	326,7
87 Asistencia en establecimientos residenciales	Mujeres	Valor absoluto	2023	301,7
87 Asistencia en establecimientos residenciales	Mujeres	Valor absoluto	2022	295,3
87 Asistencia en establecimientos residenciales	Mujeres	Valor absoluto	2021	288
87 Asistencia en establecimientos residenciales	Mujeres	Valor absoluto	2020	274,5
87 Asistencia en establecimientos residenciales	Mujeres	Valor absoluto	2019	272,5
87 Asistencia en establecimientos residenciales	Mujeres	Valor absoluto	2018	252,3
87 Asistencia en establecimientos residenciales	Mujeres	Valor absoluto	2017	251,8
87 Asistencia en establecimientos residenciales	Mujeres	Valor absoluto	2016	244,4
87 Asistencia en establecimientos residenciales	Mujeres	Valor absoluto	2015	229,9
87 Asistencia en establecimientos residenciales	Mujeres	Valor absoluto	2014	223,1
87 Asistencia en establecimientos residenciales	Mujeres	Valor absoluto	2013	202,2
87 Asistencia en establecimientos residenciales	Mujeres	Valor absoluto	2012	212,9
87 Asistencia en establecimientos residenciales	Mujeres	Valor absoluto	2011	231,4
87 Asistencia en establecimientos residenciales	Mujeres	Valor absoluto	2010	219,2
87 Asistencia en establecimientos residenciales	Mujeres	Valor absoluto	2009	197,7
87 Asistencia en establecimientos residenciales	Mujeres	Valor absoluto	2008	190,3
87 Asistencia en establecimientos residenciales	Mujeres	Porcentaje	2025	3,1
87 Asistencia en establecimientos residenciales	Mujeres	Porcentaje	2024	3,3
87 Asistencia en establecimientos residenciales	Mujeres	Porcentaje	2023	3,1
87 Asistencia en establecimientos residenciales	Mujeres	Porcentaje	2022	3,1
87 Asistencia en establecimientos residenciales	Mujeres	Porcentaje	2021	3,2
87 Asistencia en establecimientos residenciales	Mujeres	Porcentaje	2020	3,1
87 Asistencia en establecimientos residenciales	Mujeres	Porcentaje	2019	3
87 Asistencia en establecimientos residenciales	Mujeres	Porcentaje	2018	2,9
87 Asistencia en establecimientos residenciales	Mujeres	Porcentaje	2017	2,9
87 Asistencia en establecimientos residenciales	Mujeres	Porcentaje	2016	2,9
87 Asistencia en establecimientos residenciales	Mujeres	Porcentaje	2015	2,8
87 Asistencia en establecimientos residenciales	Mujeres	Porcentaje	2014	2,8
87 Asistencia en establecimientos residenciales	Mujeres	Porcentaje	2013	2,6
87 Asistencia en establecimientos residenciales	Mujeres	Porcentaje	2012	2,7
87 Asistencia en establecimientos residenciales	Mujeres	Porcentaje	2011	2,8
87 Asistencia en establecimientos residenciales	Mujeres	Porcentaje	2010	2,6
87 Asistencia en establecimientos residenciales	Mujeres	Porcentaje	2009	2,4
87 Asistencia en establecimientos residenciales	Mujeres	Porcentaje	2008	2,2
88 Actividades de servicios sociales sin alojamiento	Ambos sexos	Valor absoluto	2025	345,1
88 Actividades de servicios sociales sin alojamiento	Ambos sexos	Valor absoluto	2024	313
88 Actividades de servicios sociales sin alojamiento	Ambos sexos	Valor absoluto	2023	285,5
88 Actividades de servicios sociales sin alojamiento	Ambos sexos	Valor absoluto	2022	272,3
88 Actividades de servicios sociales sin alojamiento	Ambos sexos	Valor absoluto	2021	263,5
88 Actividades de servicios sociales sin alojamiento	Ambos sexos	Valor absoluto	2020	250,1
88 Actividades de servicios sociales sin alojamiento	Ambos sexos	Valor absoluto	2019	238,7
88 Actividades de servicios sociales sin alojamiento	Ambos sexos	Valor absoluto	2018	217,9
88 Actividades de servicios sociales sin alojamiento	Ambos sexos	Valor absoluto	2017	209,1
88 Actividades de servicios sociales sin alojamiento	Ambos sexos	Valor absoluto	2016	205,4
88 Actividades de servicios sociales sin alojamiento	Ambos sexos	Valor absoluto	2015	194,8
88 Actividades de servicios sociales sin alojamiento	Ambos sexos	Valor absoluto	2014	194
88 Actividades de servicios sociales sin alojamiento	Ambos sexos	Valor absoluto	2013	207
88 Actividades de servicios sociales sin alojamiento	Ambos sexos	Valor absoluto	2012	220,9
88 Actividades de servicios sociales sin alojamiento	Ambos sexos	Valor absoluto	2011	221,8
88 Actividades de servicios sociales sin alojamiento	Ambos sexos	Valor absoluto	2010	214,5
88 Actividades de servicios sociales sin alojamiento	Ambos sexos	Valor absoluto	2009	175,5
88 Actividades de servicios sociales sin alojamiento	Ambos sexos	Valor absoluto	2008	156,1
88 Actividades de servicios sociales sin alojamiento	Ambos sexos	Porcentaje	2025	1,6
88 Actividades de servicios sociales sin alojamiento	Ambos sexos	Porcentaje	2024	1,4
88 Actividades de servicios sociales sin alojamiento	Ambos sexos	Porcentaje	2023	1,3
88 Actividades de servicios sociales sin alojamiento	Ambos sexos	Porcentaje	2022	1,3
88 Actividades de servicios sociales sin alojamiento	Ambos sexos	Porcentaje	2021	1,3
88 Actividades de servicios sociales sin alojamiento	Ambos sexos	Porcentaje	2020	1,3
88 Actividades de servicios sociales sin alojamiento	Ambos sexos	Porcentaje	2019	1,2
88 Actividades de servicios sociales sin alojamiento	Ambos sexos	Porcentaje	2018	1,1
88 Actividades de servicios sociales sin alojamiento	Ambos sexos	Porcentaje	2017	1,1
88 Actividades de servicios sociales sin alojamiento	Ambos sexos	Porcentaje	2016	1,1
88 Actividades de servicios sociales sin alojamiento	Ambos sexos	Porcentaje	2015	1,1
88 Actividades de servicios sociales sin alojamiento	Ambos sexos	Porcentaje	2014	1,1
88 Actividades de servicios sociales sin alojamiento	Ambos sexos	Porcentaje	2013	1,2
88 Actividades de servicios sociales sin alojamiento	Ambos sexos	Porcentaje	2012	1,3
88 Actividades de servicios sociales sin alojamiento	Ambos sexos	Porcentaje	2011	1,2
88 Actividades de servicios sociales sin alojamiento	Ambos sexos	Porcentaje	2010	1,1
88 Actividades de servicios sociales sin alojamiento	Ambos sexos	Porcentaje	2009	0,9
88 Actividades de servicios sociales sin alojamiento	Ambos sexos	Porcentaje	2008	0,8
88 Actividades de servicios sociales sin alojamiento	Hombres	Valor absoluto	2025	47,3
88 Actividades de servicios sociales sin alojamiento	Hombres	Valor absoluto	2024	43,4
88 Actividades de servicios sociales sin alojamiento	Hombres	Valor absoluto	2023	46,3
88 Actividades de servicios sociales sin alojamiento	Hombres	Valor absoluto	2022	34,9
88 Actividades de servicios sociales sin alojamiento	Hombres	Valor absoluto	2021	38,8
88 Actividades de servicios sociales sin alojamiento	Hombres	Valor absoluto	2020	38,7
88 Actividades de servicios sociales sin alojamiento	Hombres	Valor absoluto	2019	35,9
88 Actividades de servicios sociales sin alojamiento	Hombres	Valor absoluto	2018	33,4
88 Actividades de servicios sociales sin alojamiento	Hombres	Valor absoluto	2017	27,3
88 Actividades de servicios sociales sin alojamiento	Hombres	Valor absoluto	2016	25,5
88 Actividades de servicios sociales sin alojamiento	Hombres	Valor absoluto	2015	26,6
88 Actividades de servicios sociales sin alojamiento	Hombres	Valor absoluto	2014	26,1
88 Actividades de servicios sociales sin alojamiento	Hombres	Valor absoluto	2013	26,5
88 Actividades de servicios sociales sin alojamiento	Hombres	Valor absoluto	2012	26,6
88 Actividades de servicios sociales sin alojamiento	Hombres	Valor absoluto	2011	26,3
88 Actividades de servicios sociales sin alojamiento	Hombres	Valor absoluto	2010	31
88 Actividades de servicios sociales sin alojamiento	Hombres	Valor absoluto	2009	26,2
88 Actividades de servicios sociales sin alojamiento	Hombres	Valor absoluto	2008	22,2
88 Actividades de servicios sociales sin alojamiento	Hombres	Porcentaje	2025	0,4
88 Actividades de servicios sociales sin alojamiento	Hombres	Porcentaje	2024	0,4
88 Actividades de servicios sociales sin alojamiento	Hombres	Porcentaje	2023	0,4
88 Actividades de servicios sociales sin alojamiento	Hombres	Porcentaje	2022	0,3
88 Actividades de servicios sociales sin alojamiento	Hombres	Porcentaje	2021	0,4
88 Actividades de servicios sociales sin alojamiento	Hombres	Porcentaje	2020	0,4
88 Actividades de servicios sociales sin alojamiento	Hombres	Porcentaje	2019	0,3
88 Actividades de servicios sociales sin alojamiento	Hombres	Porcentaje	2018	0,3
88 Actividades de servicios sociales sin alojamiento	Hombres	Porcentaje	2017	0,3
88 Actividades de servicios sociales sin alojamiento	Hombres	Porcentaje	2016	0,3
88 Actividades de servicios sociales sin alojamiento	Hombres	Porcentaje	2015	0,3
88 Actividades de servicios sociales sin alojamiento	Hombres	Porcentaje	2014	0,3
88 Actividades de servicios sociales sin alojamiento	Hombres	Porcentaje	2013	0,3
88 Actividades de servicios sociales sin alojamiento	Hombres	Porcentaje	2012	0,3
88 Actividades de servicios sociales sin alojamiento	Hombres	Porcentaje	2011	0,3
88 Actividades de servicios sociales sin alojamiento	Hombres	Porcentaje	2010	0,3
88 Actividades de servicios sociales sin alojamiento	Hombres	Porcentaje	2009	0,2
88 Actividades de servicios sociales sin alojamiento	Hombres	Porcentaje	2008	0,2
88 Actividades de servicios sociales sin alojamiento	Mujeres	Valor absoluto	2025	297,8
88 Actividades de servicios sociales sin alojamiento	Mujeres	Valor absoluto	2024	269,6
88 Actividades de servicios sociales sin alojamiento	Mujeres	Valor absoluto	2023	239,2
88 Actividades de servicios sociales sin alojamiento	Mujeres	Valor absoluto	2022	237,5
88 Actividades de servicios sociales sin alojamiento	Mujeres	Valor absoluto	2021	224,7
88 Actividades de servicios sociales sin alojamiento	Mujeres	Valor absoluto	2020	211,5
88 Actividades de servicios sociales sin alojamiento	Mujeres	Valor absoluto	2019	202,8
88 Actividades de servicios sociales sin alojamiento	Mujeres	Valor absoluto	2018	184,5
88 Actividades de servicios sociales sin alojamiento	Mujeres	Valor absoluto	2017	181,8
88 Actividades de servicios sociales sin alojamiento	Mujeres	Valor absoluto	2016	179,9
88 Actividades de servicios sociales sin alojamiento	Mujeres	Valor absoluto	2015	168,2
88 Actividades de servicios sociales sin alojamiento	Mujeres	Valor absoluto	2014	167,8
88 Actividades de servicios sociales sin alojamiento	Mujeres	Valor absoluto	2013	180,5
88 Actividades de servicios sociales sin alojamiento	Mujeres	Valor absoluto	2012	194,3
88 Actividades de servicios sociales sin alojamiento	Mujeres	Valor absoluto	2011	195,5
88 Actividades de servicios sociales sin alojamiento	Mujeres	Valor absoluto	2010	183,4
88 Actividades de servicios sociales sin alojamiento	Mujeres	Valor absoluto	2009	149,3
88 Actividades de servicios sociales sin alojamiento	Mujeres	Valor absoluto	2008	133,9
88 Actividades de servicios sociales sin alojamiento	Mujeres	Porcentaje	2025	2,9
88 Actividades de servicios sociales sin alojamiento	Mujeres	Porcentaje	2024	2,7
88 Actividades de servicios sociales sin alojamiento	Mujeres	Porcentaje	2023	2,4
88 Actividades de servicios sociales sin alojamiento	Mujeres	Porcentaje	2022	2,5
88 Actividades de servicios sociales sin alojamiento	Mujeres	Porcentaje	2021	2,5
88 Actividades de servicios sociales sin alojamiento	Mujeres	Porcentaje	2020	2,4
88 Actividades de servicios sociales sin alojamiento	Mujeres	Porcentaje	2019	2,2
88 Actividades de servicios sociales sin alojamiento	Mujeres	Porcentaje	2018	2,1
88 Actividades de servicios sociales sin alojamiento	Mujeres	Porcentaje	2017	2,1
88 Actividades de servicios sociales sin alojamiento	Mujeres	Porcentaje	2016	2,2
88 Actividades de servicios sociales sin alojamiento	Mujeres	Porcentaje	2015	2,1
88 Actividades de servicios sociales sin alojamiento	Mujeres	Porcentaje	2014	2,1
88 Actividades de servicios sociales sin alojamiento	Mujeres	Porcentaje	2013	2,3
88 Actividades de servicios sociales sin alojamiento	Mujeres	Porcentaje	2012	2,4
88 Actividades de servicios sociales sin alojamiento	Mujeres	Porcentaje	2011	2,4
88 Actividades de servicios sociales sin alojamiento	Mujeres	Porcentaje	2010	2,2
88 Actividades de servicios sociales sin alojamiento	Mujeres	Porcentaje	2009	1,8
88 Actividades de servicios sociales sin alojamiento	Mujeres	Porcentaje	2008	1,5
R Actividades artísticas, recreativas y de entretenimiento	Ambos sexos	Valor absoluto	2025	451,7
R Actividades artísticas, recreativas y de entretenimiento	Ambos sexos	Valor absoluto	2024	438,1
R Actividades artísticas, recreativas y de entretenimiento	Ambos sexos	Valor absoluto	2023	426,4
R Actividades artísticas, recreativas y de entretenimiento	Ambos sexos	Valor absoluto	2022	427,6
R Actividades artísticas, recreativas y de entretenimiento	Ambos sexos	Valor absoluto	2021	379,4
R Actividades artísticas, recreativas y de entretenimiento	Ambos sexos	Valor absoluto	2020	374,5
R Actividades artísticas, recreativas y de entretenimiento	Ambos sexos	Valor absoluto	2019	405,2
R Actividades artísticas, recreativas y de entretenimiento	Ambos sexos	Valor absoluto	2018	386,8
R Actividades artísticas, recreativas y de entretenimiento	Ambos sexos	Valor absoluto	2017	385,6
R Actividades artísticas, recreativas y de entretenimiento	Ambos sexos	Valor absoluto	2016	376,8
R Actividades artísticas, recreativas y de entretenimiento	Ambos sexos	Valor absoluto	2015	365,2
R Actividades artísticas, recreativas y de entretenimiento	Ambos sexos	Valor absoluto	2014	350,3
R Actividades artísticas, recreativas y de entretenimiento	Ambos sexos	Valor absoluto	2013	315,7
R Actividades artísticas, recreativas y de entretenimiento	Ambos sexos	Valor absoluto	2012	316,1
R Actividades artísticas, recreativas y de entretenimiento	Ambos sexos	Valor absoluto	2011	325,2
R Actividades artísticas, recreativas y de entretenimiento	Ambos sexos	Valor absoluto	2010	341,2
R Actividades artísticas, recreativas y de entretenimiento	Ambos sexos	Valor absoluto	2009	312,3
R Actividades artísticas, recreativas y de entretenimiento	Ambos sexos	Valor absoluto	2008	321
R Actividades artísticas, recreativas y de entretenimiento	Ambos sexos	Porcentaje	2025	2
R Actividades artísticas, recreativas y de entretenimiento	Ambos sexos	Porcentaje	2024	2
R Actividades artísticas, recreativas y de entretenimiento	Ambos sexos	Porcentaje	2023	2
R Actividades artísticas, recreativas y de entretenimiento	Ambos sexos	Porcentaje	2022	2,1
R Actividades artísticas, recreativas y de entretenimiento	Ambos sexos	Porcentaje	2021	1,9
R Actividades artísticas, recreativas y de entretenimiento	Ambos sexos	Porcentaje	2020	2
R Actividades artísticas, recreativas y de entretenimiento	Ambos sexos	Porcentaje	2019	2
R Actividades artísticas, recreativas y de entretenimiento	Ambos sexos	Porcentaje	2018	2
R Actividades artísticas, recreativas y de entretenimiento	Ambos sexos	Porcentaje	2017	2
R Actividades artísticas, recreativas y de entretenimiento	Ambos sexos	Porcentaje	2016	2,1
R Actividades artísticas, recreativas y de entretenimiento	Ambos sexos	Porcentaje	2015	2
R Actividades artísticas, recreativas y de entretenimiento	Ambos sexos	Porcentaje	2014	2
R Actividades artísticas, recreativas y de entretenimiento	Ambos sexos	Porcentaje	2013	1,8
R Actividades artísticas, recreativas y de entretenimiento	Ambos sexos	Porcentaje	2012	1,8
R Actividades artísticas, recreativas y de entretenimiento	Ambos sexos	Porcentaje	2011	1,8
R Actividades artísticas, recreativas y de entretenimiento	Ambos sexos	Porcentaje	2010	1,8
R Actividades artísticas, recreativas y de entretenimiento	Ambos sexos	Porcentaje	2009	1,6
R Actividades artísticas, recreativas y de entretenimiento	Ambos sexos	Porcentaje	2008	1,6
R Actividades artísticas, recreativas y de entretenimiento	Hombres	Valor absoluto	2025	264,3
R Actividades artísticas, recreativas y de entretenimiento	Hombres	Valor absoluto	2024	257,3
R Actividades artísticas, recreativas y de entretenimiento	Hombres	Valor absoluto	2023	253,6
R Actividades artísticas, recreativas y de entretenimiento	Hombres	Valor absoluto	2022	258,6
R Actividades artísticas, recreativas y de entretenimiento	Hombres	Valor absoluto	2021	222,5
R Actividades artísticas, recreativas y de entretenimiento	Hombres	Valor absoluto	2020	216,8
R Actividades artísticas, recreativas y de entretenimiento	Hombres	Valor absoluto	2019	243
R Actividades artísticas, recreativas y de entretenimiento	Hombres	Valor absoluto	2018	222,9
R Actividades artísticas, recreativas y de entretenimiento	Hombres	Valor absoluto	2017	226,9
R Actividades artísticas, recreativas y de entretenimiento	Hombres	Valor absoluto	2016	228,3
R Actividades artísticas, recreativas y de entretenimiento	Hombres	Valor absoluto	2015	211,4
R Actividades artísticas, recreativas y de entretenimiento	Hombres	Valor absoluto	2014	199,6
R Actividades artísticas, recreativas y de entretenimiento	Hombres	Valor absoluto	2013	178,4
R Actividades artísticas, recreativas y de entretenimiento	Hombres	Valor absoluto	2012	182,9
R Actividades artísticas, recreativas y de entretenimiento	Hombres	Valor absoluto	2011	198,7
R Actividades artísticas, recreativas y de entretenimiento	Hombres	Valor absoluto	2010	193,9
R Actividades artísticas, recreativas y de entretenimiento	Hombres	Valor absoluto	2009	177,3
R Actividades artísticas, recreativas y de entretenimiento	Hombres	Valor absoluto	2008	178,1
R Actividades artísticas, recreativas y de entretenimiento	Hombres	Porcentaje	2025	2,2
R Actividades artísticas, recreativas y de entretenimiento	Hombres	Porcentaje	2024	2,2
R Actividades artísticas, recreativas y de entretenimiento	Hombres	Porcentaje	2023	2,2
R Actividades artísticas, recreativas y de entretenimiento	Hombres	Porcentaje	2022	2,3
R Actividades artísticas, recreativas y de entretenimiento	Hombres	Porcentaje	2021	2,1
R Actividades artísticas, recreativas y de entretenimiento	Hombres	Porcentaje	2020	2,1
R Actividades artísticas, recreativas y de entretenimiento	Hombres	Porcentaje	2019	2,3
R Actividades artísticas, recreativas y de entretenimiento	Hombres	Porcentaje	2018	2,1
R Actividades artísticas, recreativas y de entretenimiento	Hombres	Porcentaje	2017	2,2
R Actividades artísticas, recreativas y de entretenimiento	Hombres	Porcentaje	2016	2,3
R Actividades artísticas, recreativas y de entretenimiento	Hombres	Porcentaje	2015	2,2
R Actividades artísticas, recreativas y de entretenimiento	Hombres	Porcentaje	2014	2,1
R Actividades artísticas, recreativas y de entretenimiento	Hombres	Porcentaje	2013	1,9
R Actividades artísticas, recreativas y de entretenimiento	Hombres	Porcentaje	2012	1,9
R Actividades artísticas, recreativas y de entretenimiento	Hombres	Porcentaje	2011	2
R Actividades artísticas, recreativas y de entretenimiento	Hombres	Porcentaje	2010	1,9
R Actividades artísticas, recreativas y de entretenimiento	Hombres	Porcentaje	2009	1,7
R Actividades artísticas, recreativas y de entretenimiento	Hombres	Porcentaje	2008	1,5
R Actividades artísticas, recreativas y de entretenimiento	Mujeres	Valor absoluto	2025	187,4
R Actividades artísticas, recreativas y de entretenimiento	Mujeres	Valor absoluto	2024	180,9
R Actividades artísticas, recreativas y de entretenimiento	Mujeres	Valor absoluto	2023	172,8
R Actividades artísticas, recreativas y de entretenimiento	Mujeres	Valor absoluto	2022	169
R Actividades artísticas, recreativas y de entretenimiento	Mujeres	Valor absoluto	2021	156,8
R Actividades artísticas, recreativas y de entretenimiento	Mujeres	Valor absoluto	2020	157,8
R Actividades artísticas, recreativas y de entretenimiento	Mujeres	Valor absoluto	2019	162,2
R Actividades artísticas, recreativas y de entretenimiento	Mujeres	Valor absoluto	2018	164
R Actividades artísticas, recreativas y de entretenimiento	Mujeres	Valor absoluto	2017	158,7
R Actividades artísticas, recreativas y de entretenimiento	Mujeres	Valor absoluto	2016	148,5
R Actividades artísticas, recreativas y de entretenimiento	Mujeres	Valor absoluto	2015	153,8
R Actividades artísticas, recreativas y de entretenimiento	Mujeres	Valor absoluto	2014	150,7
R Actividades artísticas, recreativas y de entretenimiento	Mujeres	Valor absoluto	2013	137,2
R Actividades artísticas, recreativas y de entretenimiento	Mujeres	Valor absoluto	2012	133,2
R Actividades artísticas, recreativas y de entretenimiento	Mujeres	Valor absoluto	2011	126,5
R Actividades artísticas, recreativas y de entretenimiento	Mujeres	Valor absoluto	2010	147,3
R Actividades artísticas, recreativas y de entretenimiento	Mujeres	Valor absoluto	2009	135,1
R Actividades artísticas, recreativas y de entretenimiento	Mujeres	Valor absoluto	2008	142,9
R Actividades artísticas, recreativas y de entretenimiento	Mujeres	Porcentaje	2025	1,8
R Actividades artísticas, recreativas y de entretenimiento	Mujeres	Porcentaje	2024	1,8
R Actividades artísticas, recreativas y de entretenimiento	Mujeres	Porcentaje	2023	1,8
R Actividades artísticas, recreativas y de entretenimiento	Mujeres	Porcentaje	2022	1,8
R Actividades artísticas, recreativas y de entretenimiento	Mujeres	Porcentaje	2021	1,7
R Actividades artísticas, recreativas y de entretenimiento	Mujeres	Porcentaje	2020	1,8
R Actividades artísticas, recreativas y de entretenimiento	Mujeres	Porcentaje	2019	1,8
R Actividades artísticas, recreativas y de entretenimiento	Mujeres	Porcentaje	2018	1,9
R Actividades artísticas, recreativas y de entretenimiento	Mujeres	Porcentaje	2017	1,9
R Actividades artísticas, recreativas y de entretenimiento	Mujeres	Porcentaje	2016	1,8
R Actividades artísticas, recreativas y de entretenimiento	Mujeres	Porcentaje	2015	1,9
R Actividades artísticas, recreativas y de entretenimiento	Mujeres	Porcentaje	2014	1,9
R Actividades artísticas, recreativas y de entretenimiento	Mujeres	Porcentaje	2013	1,8
R Actividades artísticas, recreativas y de entretenimiento	Mujeres	Porcentaje	2012	1,7
R Actividades artísticas, recreativas y de entretenimiento	Mujeres	Porcentaje	2011	1,5
R Actividades artísticas, recreativas y de entretenimiento	Mujeres	Porcentaje	2010	1,8
R Actividades artísticas, recreativas y de entretenimiento	Mujeres	Porcentaje	2009	1,6
R Actividades artísticas, recreativas y de entretenimiento	Mujeres	Porcentaje	2008	1,6
90 Actividades de creación, artísticas y espectáculos	Ambos sexos	Valor absoluto	2025	86,7
90 Actividades de creación, artísticas y espectáculos	Ambos sexos	Valor absoluto	2024	78,2
90 Actividades de creación, artísticas y espectáculos	Ambos sexos	Valor absoluto	2023	72,6
90 Actividades de creación, artísticas y espectáculos	Ambos sexos	Valor absoluto	2022	77,4
90 Actividades de creación, artísticas y espectáculos	Ambos sexos	Valor absoluto	2021	63,3
90 Actividades de creación, artísticas y espectáculos	Ambos sexos	Valor absoluto	2020	65,5
90 Actividades de creación, artísticas y espectáculos	Ambos sexos	Valor absoluto	2019	75,6
90 Actividades de creación, artísticas y espectáculos	Ambos sexos	Valor absoluto	2018	68,5
90 Actividades de creación, artísticas y espectáculos	Ambos sexos	Valor absoluto	2017	72,8
90 Actividades de creación, artísticas y espectáculos	Ambos sexos	Valor absoluto	2016	62,4
90 Actividades de creación, artísticas y espectáculos	Ambos sexos	Valor absoluto	2015	58,4
90 Actividades de creación, artísticas y espectáculos	Ambos sexos	Valor absoluto	2014	58,4
90 Actividades de creación, artísticas y espectáculos	Ambos sexos	Valor absoluto	2013	55,7
90 Actividades de creación, artísticas y espectáculos	Ambos sexos	Valor absoluto	2012	58,6
90 Actividades de creación, artísticas y espectáculos	Ambos sexos	Valor absoluto	2011	53,1
90 Actividades de creación, artísticas y espectáculos	Ambos sexos	Valor absoluto	2010	57,3
90 Actividades de creación, artísticas y espectáculos	Ambos sexos	Valor absoluto	2009	60,6
90 Actividades de creación, artísticas y espectáculos	Ambos sexos	Valor absoluto	2008	60
90 Actividades de creación, artísticas y espectáculos	Ambos sexos	Porcentaje	2025	0,4
90 Actividades de creación, artísticas y espectáculos	Ambos sexos	Porcentaje	2024	0,4
90 Actividades de creación, artísticas y espectáculos	Ambos sexos	Porcentaje	2023	0,3
90 Actividades de creación, artísticas y espectáculos	Ambos sexos	Porcentaje	2022	0,4
90 Actividades de creación, artísticas y espectáculos	Ambos sexos	Porcentaje	2021	0,3
90 Actividades de creación, artísticas y espectáculos	Ambos sexos	Porcentaje	2020	0,3
90 Actividades de creación, artísticas y espectáculos	Ambos sexos	Porcentaje	2019	0,4
90 Actividades de creación, artísticas y espectáculos	Ambos sexos	Porcentaje	2018	0,4
90 Actividades de creación, artísticas y espectáculos	Ambos sexos	Porcentaje	2017	0,4
90 Actividades de creación, artísticas y espectáculos	Ambos sexos	Porcentaje	2016	0,3
90 Actividades de creación, artísticas y espectáculos	Ambos sexos	Porcentaje	2015	0,3
90 Actividades de creación, artísticas y espectáculos	Ambos sexos	Porcentaje	2014	0,3
90 Actividades de creación, artísticas y espectáculos	Ambos sexos	Porcentaje	2013	0,3
90 Actividades de creación, artísticas y espectáculos	Ambos sexos	Porcentaje	2012	0,3
90 Actividades de creación, artísticas y espectáculos	Ambos sexos	Porcentaje	2011	0,3
90 Actividades de creación, artísticas y espectáculos	Ambos sexos	Porcentaje	2010	0,3
90 Actividades de creación, artísticas y espectáculos	Ambos sexos	Porcentaje	2009	0,3
90 Actividades de creación, artísticas y espectáculos	Ambos sexos	Porcentaje	2008	0,3
90 Actividades de creación, artísticas y espectáculos	Hombres	Valor absoluto	2025	50,3
90 Actividades de creación, artísticas y espectáculos	Hombres	Valor absoluto	2024	47,3
90 Actividades de creación, artísticas y espectáculos	Hombres	Valor absoluto	2023	51,3
90 Actividades de creación, artísticas y espectáculos	Hombres	Valor absoluto	2022	52,3
90 Actividades de creación, artísticas y espectáculos	Hombres	Valor absoluto	2021	44
90 Actividades de creación, artísticas y espectáculos	Hombres	Valor absoluto	2020	41,4
90 Actividades de creación, artísticas y espectáculos	Hombres	Valor absoluto	2019	50,3
90 Actividades de creación, artísticas y espectáculos	Hombres	Valor absoluto	2018	46,3
90 Actividades de creación, artísticas y espectáculos	Hombres	Valor absoluto	2017	49,6
90 Actividades de creación, artísticas y espectáculos	Hombres	Valor absoluto	2016	43,3
90 Actividades de creación, artísticas y espectáculos	Hombres	Valor absoluto	2015	36,4
90 Actividades de creación, artísticas y espectáculos	Hombres	Valor absoluto	2014	37,7
90 Actividades de creación, artísticas y espectáculos	Hombres	Valor absoluto	2013	36,2
90 Actividades de creación, artísticas y espectáculos	Hombres	Valor absoluto	2012	41,9
90 Actividades de creación, artísticas y espectáculos	Hombres	Valor absoluto	2011	38,3
90 Actividades de creación, artísticas y espectáculos	Hombres	Valor absoluto	2010	35,7
90 Actividades de creación, artísticas y espectáculos	Hombres	Valor absoluto	2009	42,1
90 Actividades de creación, artísticas y espectáculos	Hombres	Valor absoluto	2008	39
90 Actividades de creación, artísticas y espectáculos	Hombres	Porcentaje	2025	0,4
90 Actividades de creación, artísticas y espectáculos	Hombres	Porcentaje	2024	0,4
90 Actividades de creación, artísticas y espectáculos	Hombres	Porcentaje	2023	0,5
90 Actividades de creación, artísticas y espectáculos	Hombres	Porcentaje	2022	0,5
90 Actividades de creación, artísticas y espectáculos	Hombres	Porcentaje	2021	0,4
90 Actividades de creación, artísticas y espectáculos	Hombres	Porcentaje	2020	0,4
90 Actividades de creación, artísticas y espectáculos	Hombres	Porcentaje	2019	0,5
90 Actividades de creación, artísticas y espectáculos	Hombres	Porcentaje	2018	0,4
90 Actividades de creación, artísticas y espectáculos	Hombres	Porcentaje	2017	0,5
90 Actividades de creación, artísticas y espectáculos	Hombres	Porcentaje	2016	0,4
90 Actividades de creación, artísticas y espectáculos	Hombres	Porcentaje	2015	0,4
90 Actividades de creación, artísticas y espectáculos	Hombres	Porcentaje	2014	0,4
90 Actividades de creación, artísticas y espectáculos	Hombres	Porcentaje	2013	0,4
90 Actividades de creación, artísticas y espectáculos	Hombres	Porcentaje	2012	0,4
90 Actividades de creación, artísticas y espectáculos	Hombres	Porcentaje	2011	0,4
90 Actividades de creación, artísticas y espectáculos	Hombres	Porcentaje	2010	0,3
90 Actividades de creación, artísticas y espectáculos	Hombres	Porcentaje	2009	0,4
90 Actividades de creación, artísticas y espectáculos	Hombres	Porcentaje	2008	0,3
90 Actividades de creación, artísticas y espectáculos	Mujeres	Valor absoluto	2025	36,4
90 Actividades de creación, artísticas y espectáculos	Mujeres	Valor absoluto	2024	30,9
90 Actividades de creación, artísticas y espectáculos	Mujeres	Valor absoluto	2023	21,3
90 Actividades de creación, artísticas y espectáculos	Mujeres	Valor absoluto	2022	25,1
90 Actividades de creación, artísticas y espectáculos	Mujeres	Valor absoluto	2021	19,3
90 Actividades de creación, artísticas y espectáculos	Mujeres	Valor absoluto	2020	24,1
90 Actividades de creación, artísticas y espectáculos	Mujeres	Valor absoluto	2019	25,3
90 Actividades de creación, artísticas y espectáculos	Mujeres	Valor absoluto	2018	22,2
90 Actividades de creación, artísticas y espectáculos	Mujeres	Valor absoluto	2017	23,2
90 Actividades de creación, artísticas y espectáculos	Mujeres	Valor absoluto	2016	19,1
90 Actividades de creación, artísticas y espectáculos	Mujeres	Valor absoluto	2015	22
90 Actividades de creación, artísticas y espectáculos	Mujeres	Valor absoluto	2014	20,7
90 Actividades de creación, artísticas y espectáculos	Mujeres	Valor absoluto	2013	19,5
90 Actividades de creación, artísticas y espectáculos	Mujeres	Valor absoluto	2012	16,7
90 Actividades de creación, artísticas y espectáculos	Mujeres	Valor absoluto	2011	14,7
90 Actividades de creación, artísticas y espectáculos	Mujeres	Valor absoluto	2010	21,6
90 Actividades de creación, artísticas y espectáculos	Mujeres	Valor absoluto	2009	18,5
90 Actividades de creación, artísticas y espectáculos	Mujeres	Valor absoluto	2008	21
90 Actividades de creación, artísticas y espectáculos	Mujeres	Porcentaje	2025	0,4
90 Actividades de creación, artísticas y espectáculos	Mujeres	Porcentaje	2024	0,3
90 Actividades de creación, artísticas y espectáculos	Mujeres	Porcentaje	2023	0,2
90 Actividades de creación, artísticas y espectáculos	Mujeres	Porcentaje	2022	0,3
90 Actividades de creación, artísticas y espectáculos	Mujeres	Porcentaje	2021	0,2
90 Actividades de creación, artísticas y espectáculos	Mujeres	Porcentaje	2020	0,3
90 Actividades de creación, artísticas y espectáculos	Mujeres	Porcentaje	2019	0,3
90 Actividades de creación, artísticas y espectáculos	Mujeres	Porcentaje	2018	0,3
90 Actividades de creación, artísticas y espectáculos	Mujeres	Porcentaje	2017	0,3
90 Actividades de creación, artísticas y espectáculos	Mujeres	Porcentaje	2016	0,2
90 Actividades de creación, artísticas y espectáculos	Mujeres	Porcentaje	2015	0,3
90 Actividades de creación, artísticas y espectáculos	Mujeres	Porcentaje	2014	0,3
90 Actividades de creación, artísticas y espectáculos	Mujeres	Porcentaje	2013	0,2
90 Actividades de creación, artísticas y espectáculos	Mujeres	Porcentaje	2012	0,2
90 Actividades de creación, artísticas y espectáculos	Mujeres	Porcentaje	2011	0,2
90 Actividades de creación, artísticas y espectáculos	Mujeres	Porcentaje	2010	0,3
90 Actividades de creación, artísticas y espectáculos	Mujeres	Porcentaje	2009	0,2
90 Actividades de creación, artísticas y espectáculos	Mujeres	Porcentaje	2008	0,2
91 Actividades de bibliotecas, archivos, museos y otras actividades culturales	Ambos sexos	Valor absoluto	2025	48,3
91 Actividades de bibliotecas, archivos, museos y otras actividades culturales	Ambos sexos	Valor absoluto	2024	42,8
91 Actividades de bibliotecas, archivos, museos y otras actividades culturales	Ambos sexos	Valor absoluto	2023	37,4
91 Actividades de bibliotecas, archivos, museos y otras actividades culturales	Ambos sexos	Valor absoluto	2022	37,7
91 Actividades de bibliotecas, archivos, museos y otras actividades culturales	Ambos sexos	Valor absoluto	2021	37,6
91 Actividades de bibliotecas, archivos, museos y otras actividades culturales	Ambos sexos	Valor absoluto	2020	39,6
91 Actividades de bibliotecas, archivos, museos y otras actividades culturales	Ambos sexos	Valor absoluto	2019	40,3
91 Actividades de bibliotecas, archivos, museos y otras actividades culturales	Ambos sexos	Valor absoluto	2018	44,2
91 Actividades de bibliotecas, archivos, museos y otras actividades culturales	Ambos sexos	Valor absoluto	2017	37,5
91 Actividades de bibliotecas, archivos, museos y otras actividades culturales	Ambos sexos	Valor absoluto	2016	34,8
91 Actividades de bibliotecas, archivos, museos y otras actividades culturales	Ambos sexos	Valor absoluto	2015	41
91 Actividades de bibliotecas, archivos, museos y otras actividades culturales	Ambos sexos	Valor absoluto	2014	38,2
91 Actividades de bibliotecas, archivos, museos y otras actividades culturales	Ambos sexos	Valor absoluto	2013	33,7
91 Actividades de bibliotecas, archivos, museos y otras actividades culturales	Ambos sexos	Valor absoluto	2012	34,5
91 Actividades de bibliotecas, archivos, museos y otras actividades culturales	Ambos sexos	Valor absoluto	2011	39
91 Actividades de bibliotecas, archivos, museos y otras actividades culturales	Ambos sexos	Valor absoluto	2010	42,3
91 Actividades de bibliotecas, archivos, museos y otras actividades culturales	Ambos sexos	Valor absoluto	2009	34,3
91 Actividades de bibliotecas, archivos, museos y otras actividades culturales	Ambos sexos	Valor absoluto	2008	39,1
91 Actividades de bibliotecas, archivos, museos y otras actividades culturales	Ambos sexos	Porcentaje	2025	0,2
91 Actividades de bibliotecas, archivos, museos y otras actividades culturales	Ambos sexos	Porcentaje	2024	0,2
91 Actividades de bibliotecas, archivos, museos y otras actividades culturales	Ambos sexos	Porcentaje	2023	0,2
91 Actividades de bibliotecas, archivos, museos y otras actividades culturales	Ambos sexos	Porcentaje	2022	0,2
91 Actividades de bibliotecas, archivos, museos y otras actividades culturales	Ambos sexos	Porcentaje	2021	0,2
91 Actividades de bibliotecas, archivos, museos y otras actividades culturales	Ambos sexos	Porcentaje	2020	0,2
91 Actividades de bibliotecas, archivos, museos y otras actividades culturales	Ambos sexos	Porcentaje	2019	0,2
91 Actividades de bibliotecas, archivos, museos y otras actividades culturales	Ambos sexos	Porcentaje	2018	0,2
91 Actividades de bibliotecas, archivos, museos y otras actividades culturales	Ambos sexos	Porcentaje	2017	0,2
91 Actividades de bibliotecas, archivos, museos y otras actividades culturales	Ambos sexos	Porcentaje	2016	0,2
91 Actividades de bibliotecas, archivos, museos y otras actividades culturales	Ambos sexos	Porcentaje	2015	0,2
91 Actividades de bibliotecas, archivos, museos y otras actividades culturales	Ambos sexos	Porcentaje	2014	0,2
91 Actividades de bibliotecas, archivos, museos y otras actividades culturales	Ambos sexos	Porcentaje	2013	0,2
91 Actividades de bibliotecas, archivos, museos y otras actividades culturales	Ambos sexos	Porcentaje	2012	0,2
91 Actividades de bibliotecas, archivos, museos y otras actividades culturales	Ambos sexos	Porcentaje	2011	0,2
91 Actividades de bibliotecas, archivos, museos y otras actividades culturales	Ambos sexos	Porcentaje	2010	0,2
91 Actividades de bibliotecas, archivos, museos y otras actividades culturales	Ambos sexos	Porcentaje	2009	0,2
91 Actividades de bibliotecas, archivos, museos y otras actividades culturales	Ambos sexos	Porcentaje	2008	0,2
91 Actividades de bibliotecas, archivos, museos y otras actividades culturales	Hombres	Valor absoluto	2025	18,8
91 Actividades de bibliotecas, archivos, museos y otras actividades culturales	Hombres	Valor absoluto	2024	15,9
91 Actividades de bibliotecas, archivos, museos y otras actividades culturales	Hombres	Valor absoluto	2023	10,3
91 Actividades de bibliotecas, archivos, museos y otras actividades culturales	Hombres	Valor absoluto	2022	12,5
91 Actividades de bibliotecas, archivos, museos y otras actividades culturales	Hombres	Valor absoluto	2021	10,6
91 Actividades de bibliotecas, archivos, museos y otras actividades culturales	Hombres	Valor absoluto	2020	14,8
91 Actividades de bibliotecas, archivos, museos y otras actividades culturales	Hombres	Valor absoluto	2019	16,4
91 Actividades de bibliotecas, archivos, museos y otras actividades culturales	Hombres	Valor absoluto	2018	14,8
91 Actividades de bibliotecas, archivos, museos y otras actividades culturales	Hombres	Valor absoluto	2017	13,2
91 Actividades de bibliotecas, archivos, museos y otras actividades culturales	Hombres	Valor absoluto	2016	13,8
91 Actividades de bibliotecas, archivos, museos y otras actividades culturales	Hombres	Valor absoluto	2015	17,5
91 Actividades de bibliotecas, archivos, museos y otras actividades culturales	Hombres	Valor absoluto	2014	13,8
91 Actividades de bibliotecas, archivos, museos y otras actividades culturales	Hombres	Valor absoluto	2013	9,3
91 Actividades de bibliotecas, archivos, museos y otras actividades culturales	Hombres	Valor absoluto	2012	8,4
91 Actividades de bibliotecas, archivos, museos y otras actividades culturales	Hombres	Valor absoluto	2011	11,2
91 Actividades de bibliotecas, archivos, museos y otras actividades culturales	Hombres	Valor absoluto	2010	15
91 Actividades de bibliotecas, archivos, museos y otras actividades culturales	Hombres	Valor absoluto	2009	13,5
91 Actividades de bibliotecas, archivos, museos y otras actividades culturales	Hombres	Valor absoluto	2008	15,7
91 Actividades de bibliotecas, archivos, museos y otras actividades culturales	Hombres	Porcentaje	2025	0,2
91 Actividades de bibliotecas, archivos, museos y otras actividades culturales	Hombres	Porcentaje	2024	0,1
91 Actividades de bibliotecas, archivos, museos y otras actividades culturales	Hombres	Porcentaje	2023	0,1
91 Actividades de bibliotecas, archivos, museos y otras actividades culturales	Hombres	Porcentaje	2022	0,1
91 Actividades de bibliotecas, archivos, museos y otras actividades culturales	Hombres	Porcentaje	2021	0,1
91 Actividades de bibliotecas, archivos, museos y otras actividades culturales	Hombres	Porcentaje	2020	0,1
91 Actividades de bibliotecas, archivos, museos y otras actividades culturales	Hombres	Porcentaje	2019	0,2
91 Actividades de bibliotecas, archivos, museos y otras actividades culturales	Hombres	Porcentaje	2018	0,1
91 Actividades de bibliotecas, archivos, museos y otras actividades culturales	Hombres	Porcentaje	2017	0,1
91 Actividades de bibliotecas, archivos, museos y otras actividades culturales	Hombres	Porcentaje	2016	0,1
91 Actividades de bibliotecas, archivos, museos y otras actividades culturales	Hombres	Porcentaje	2015	0,2
91 Actividades de bibliotecas, archivos, museos y otras actividades culturales	Hombres	Porcentaje	2014	0,1
91 Actividades de bibliotecas, archivos, museos y otras actividades culturales	Hombres	Porcentaje	2013	0,1
91 Actividades de bibliotecas, archivos, museos y otras actividades culturales	Hombres	Porcentaje	2012	0,1
91 Actividades de bibliotecas, archivos, museos y otras actividades culturales	Hombres	Porcentaje	2011	0,1
91 Actividades de bibliotecas, archivos, museos y otras actividades culturales	Hombres	Porcentaje	2010	0,1
91 Actividades de bibliotecas, archivos, museos y otras actividades culturales	Hombres	Porcentaje	2009	0,1
91 Actividades de bibliotecas, archivos, museos y otras actividades culturales	Hombres	Porcentaje	2008	0,1
91 Actividades de bibliotecas, archivos, museos y otras actividades culturales	Mujeres	Valor absoluto	2025	29,5
91 Actividades de bibliotecas, archivos, museos y otras actividades culturales	Mujeres	Valor absoluto	2024	26,9
91 Actividades de bibliotecas, archivos, museos y otras actividades culturales	Mujeres	Valor absoluto	2023	27
91 Actividades de bibliotecas, archivos, museos y otras actividades culturales	Mujeres	Valor absoluto	2022	25,2
91 Actividades de bibliotecas, archivos, museos y otras actividades culturales	Mujeres	Valor absoluto	2021	27
91 Actividades de bibliotecas, archivos, museos y otras actividades culturales	Mujeres	Valor absoluto	2020	24,7
91 Actividades de bibliotecas, archivos, museos y otras actividades culturales	Mujeres	Valor absoluto	2019	23,9
91 Actividades de bibliotecas, archivos, museos y otras actividades culturales	Mujeres	Valor absoluto	2018	29,4
91 Actividades de bibliotecas, archivos, museos y otras actividades culturales	Mujeres	Valor absoluto	2017	24,3
91 Actividades de bibliotecas, archivos, museos y otras actividades culturales	Mujeres	Valor absoluto	2016	21
91 Actividades de bibliotecas, archivos, museos y otras actividades culturales	Mujeres	Valor absoluto	2015	23,6
91 Actividades de bibliotecas, archivos, museos y otras actividades culturales	Mujeres	Valor absoluto	2014	24,4
91 Actividades de bibliotecas, archivos, museos y otras actividades culturales	Mujeres	Valor absoluto	2013	24,3
91 Actividades de bibliotecas, archivos, museos y otras actividades culturales	Mujeres	Valor absoluto	2012	26,1
91 Actividades de bibliotecas, archivos, museos y otras actividades culturales	Mujeres	Valor absoluto	2011	27,8
91 Actividades de bibliotecas, archivos, museos y otras actividades culturales	Mujeres	Valor absoluto	2010	27,4
91 Actividades de bibliotecas, archivos, museos y otras actividades culturales	Mujeres	Valor absoluto	2009	20,8
91 Actividades de bibliotecas, archivos, museos y otras actividades culturales	Mujeres	Valor absoluto	2008	23,4
91 Actividades de bibliotecas, archivos, museos y otras actividades culturales	Mujeres	Porcentaje	2025	0,3
91 Actividades de bibliotecas, archivos, museos y otras actividades culturales	Mujeres	Porcentaje	2024	0,3
91 Actividades de bibliotecas, archivos, museos y otras actividades culturales	Mujeres	Porcentaje	2023	0,3
91 Actividades de bibliotecas, archivos, museos y otras actividades culturales	Mujeres	Porcentaje	2022	0,3
91 Actividades de bibliotecas, archivos, museos y otras actividades culturales	Mujeres	Porcentaje	2021	0,3
91 Actividades de bibliotecas, archivos, museos y otras actividades culturales	Mujeres	Porcentaje	2020	0,3
91 Actividades de bibliotecas, archivos, museos y otras actividades culturales	Mujeres	Porcentaje	2019	0,3
91 Actividades de bibliotecas, archivos, museos y otras actividades culturales	Mujeres	Porcentaje	2018	0,3
91 Actividades de bibliotecas, archivos, museos y otras actividades culturales	Mujeres	Porcentaje	2017	0,3
91 Actividades de bibliotecas, archivos, museos y otras actividades culturales	Mujeres	Porcentaje	2016	0,3
91 Actividades de bibliotecas, archivos, museos y otras actividades culturales	Mujeres	Porcentaje	2015	0,3
91 Actividades de bibliotecas, archivos, museos y otras actividades culturales	Mujeres	Porcentaje	2014	0,3
91 Actividades de bibliotecas, archivos, museos y otras actividades culturales	Mujeres	Porcentaje	2013	0,3
91 Actividades de bibliotecas, archivos, museos y otras actividades culturales	Mujeres	Porcentaje	2012	0,3
91 Actividades de bibliotecas, archivos, museos y otras actividades culturales	Mujeres	Porcentaje	2011	0,3
91 Actividades de bibliotecas, archivos, museos y otras actividades culturales	Mujeres	Porcentaje	2010	0,3
91 Actividades de bibliotecas, archivos, museos y otras actividades culturales	Mujeres	Porcentaje	2009	0,2
91 Actividades de bibliotecas, archivos, museos y otras actividades culturales	Mujeres	Porcentaje	2008	0,3
92 Actividades de juegos de azar y apuestas	Ambos sexos	Valor absoluto	2025	59,4
92 Actividades de juegos de azar y apuestas	Ambos sexos	Valor absoluto	2024	65,5
92 Actividades de juegos de azar y apuestas	Ambos sexos	Valor absoluto	2023	60,4
92 Actividades de juegos de azar y apuestas	Ambos sexos	Valor absoluto	2022	64,1
92 Actividades de juegos de azar y apuestas	Ambos sexos	Valor absoluto	2021	62
92 Actividades de juegos de azar y apuestas	Ambos sexos	Valor absoluto	2020	66,6
92 Actividades de juegos de azar y apuestas	Ambos sexos	Valor absoluto	2019	67,2
92 Actividades de juegos de azar y apuestas	Ambos sexos	Valor absoluto	2018	65,3
92 Actividades de juegos de azar y apuestas	Ambos sexos	Valor absoluto	2017	68,7
92 Actividades de juegos de azar y apuestas	Ambos sexos	Valor absoluto	2016	71,6
92 Actividades de juegos de azar y apuestas	Ambos sexos	Valor absoluto	2015	70,3
92 Actividades de juegos de azar y apuestas	Ambos sexos	Valor absoluto	2014	58,8
92 Actividades de juegos de azar y apuestas	Ambos sexos	Valor absoluto	2013	48
92 Actividades de juegos de azar y apuestas	Ambos sexos	Valor absoluto	2012	50
92 Actividades de juegos de azar y apuestas	Ambos sexos	Valor absoluto	2011	66,6
92 Actividades de juegos de azar y apuestas	Ambos sexos	Valor absoluto	2010	74,1
92 Actividades de juegos de azar y apuestas	Ambos sexos	Valor absoluto	2009	61,3
92 Actividades de juegos de azar y apuestas	Ambos sexos	Valor absoluto	2008	60,8
92 Actividades de juegos de azar y apuestas	Ambos sexos	Porcentaje	2025	0,3
92 Actividades de juegos de azar y apuestas	Ambos sexos	Porcentaje	2024	0,3
92 Actividades de juegos de azar y apuestas	Ambos sexos	Porcentaje	2023	0,3
92 Actividades de juegos de azar y apuestas	Ambos sexos	Porcentaje	2022	0,3
92 Actividades de juegos de azar y apuestas	Ambos sexos	Porcentaje	2021	0,3
92 Actividades de juegos de azar y apuestas	Ambos sexos	Porcentaje	2020	0,3
92 Actividades de juegos de azar y apuestas	Ambos sexos	Porcentaje	2019	0,3
92 Actividades de juegos de azar y apuestas	Ambos sexos	Porcentaje	2018	0,3
92 Actividades de juegos de azar y apuestas	Ambos sexos	Porcentaje	2017	0,4
92 Actividades de juegos de azar y apuestas	Ambos sexos	Porcentaje	2016	0,4
92 Actividades de juegos de azar y apuestas	Ambos sexos	Porcentaje	2015	0,4
92 Actividades de juegos de azar y apuestas	Ambos sexos	Porcentaje	2014	0,3
92 Actividades de juegos de azar y apuestas	Ambos sexos	Porcentaje	2013	0,3
92 Actividades de juegos de azar y apuestas	Ambos sexos	Porcentaje	2012	0,3
92 Actividades de juegos de azar y apuestas	Ambos sexos	Porcentaje	2011	0,4
92 Actividades de juegos de azar y apuestas	Ambos sexos	Porcentaje	2010	0,4
92 Actividades de juegos de azar y apuestas	Ambos sexos	Porcentaje	2009	0,3
92 Actividades de juegos de azar y apuestas	Ambos sexos	Porcentaje	2008	0,3
92 Actividades de juegos de azar y apuestas	Hombres	Valor absoluto	2025	32
92 Actividades de juegos de azar y apuestas	Hombres	Valor absoluto	2024	39,6
92 Actividades de juegos de azar y apuestas	Hombres	Valor absoluto	2023	37,5
92 Actividades de juegos de azar y apuestas	Hombres	Valor absoluto	2022	40,3
92 Actividades de juegos de azar y apuestas	Hombres	Valor absoluto	2021	37,6
92 Actividades de juegos de azar y apuestas	Hombres	Valor absoluto	2020	37,1
92 Actividades de juegos de azar y apuestas	Hombres	Valor absoluto	2019	38,2
92 Actividades de juegos de azar y apuestas	Hombres	Valor absoluto	2018	35,7
92 Actividades de juegos de azar y apuestas	Hombres	Valor absoluto	2017	36,3
92 Actividades de juegos de azar y apuestas	Hombres	Valor absoluto	2016	41,1
92 Actividades de juegos de azar y apuestas	Hombres	Valor absoluto	2015	41,9
92 Actividades de juegos de azar y apuestas	Hombres	Valor absoluto	2014	32,5
92 Actividades de juegos de azar y apuestas	Hombres	Valor absoluto	2013	25,2
92 Actividades de juegos de azar y apuestas	Hombres	Valor absoluto	2012	26,6
92 Actividades de juegos de azar y apuestas	Hombres	Valor absoluto	2011	39,3
92 Actividades de juegos de azar y apuestas	Hombres	Valor absoluto	2010	40,4
92 Actividades de juegos de azar y apuestas	Hombres	Valor absoluto	2009	29,5
92 Actividades de juegos de azar y apuestas	Hombres	Valor absoluto	2008	30,2
92 Actividades de juegos de azar y apuestas	Hombres	Porcentaje	2025	0,3
92 Actividades de juegos de azar y apuestas	Hombres	Porcentaje	2024	0,3
92 Actividades de juegos de azar y apuestas	Hombres	Porcentaje	2023	0,3
92 Actividades de juegos de azar y apuestas	Hombres	Porcentaje	2022	0,4
92 Actividades de juegos de azar y apuestas	Hombres	Porcentaje	2021	0,4
92 Actividades de juegos de azar y apuestas	Hombres	Porcentaje	2020	0,4
92 Actividades de juegos de azar y apuestas	Hombres	Porcentaje	2019	0,4
92 Actividades de juegos de azar y apuestas	Hombres	Porcentaje	2018	0,3
92 Actividades de juegos de azar y apuestas	Hombres	Porcentaje	2017	0,4
92 Actividades de juegos de azar y apuestas	Hombres	Porcentaje	2016	0,4
92 Actividades de juegos de azar y apuestas	Hombres	Porcentaje	2015	0,4
92 Actividades de juegos de azar y apuestas	Hombres	Porcentaje	2014	0,3
92 Actividades de juegos de azar y apuestas	Hombres	Porcentaje	2013	0,3
92 Actividades de juegos de azar y apuestas	Hombres	Porcentaje	2012	0,3
92 Actividades de juegos de azar y apuestas	Hombres	Porcentaje	2011	0,4
92 Actividades de juegos de azar y apuestas	Hombres	Porcentaje	2010	0,4
92 Actividades de juegos de azar y apuestas	Hombres	Porcentaje	2009	0,3
92 Actividades de juegos de azar y apuestas	Hombres	Porcentaje	2008	0,3
92 Actividades de juegos de azar y apuestas	Mujeres	Valor absoluto	2025	27,3
92 Actividades de juegos de azar y apuestas	Mujeres	Valor absoluto	2024	25,9
92 Actividades de juegos de azar y apuestas	Mujeres	Valor absoluto	2023	22,9
92 Actividades de juegos de azar y apuestas	Mujeres	Valor absoluto	2022	23,8
92 Actividades de juegos de azar y apuestas	Mujeres	Valor absoluto	2021	24,3
92 Actividades de juegos de azar y apuestas	Mujeres	Valor absoluto	2020	29,5
92 Actividades de juegos de azar y apuestas	Mujeres	Valor absoluto	2019	28,9
92 Actividades de juegos de azar y apuestas	Mujeres	Valor absoluto	2018	29,6
92 Actividades de juegos de azar y apuestas	Mujeres	Valor absoluto	2017	32,4
92 Actividades de juegos de azar y apuestas	Mujeres	Valor absoluto	2016	30,4
92 Actividades de juegos de azar y apuestas	Mujeres	Valor absoluto	2015	28,4
92 Actividades de juegos de azar y apuestas	Mujeres	Valor absoluto	2014	26,3
92 Actividades de juegos de azar y apuestas	Mujeres	Valor absoluto	2013	22,8
92 Actividades de juegos de azar y apuestas	Mujeres	Valor absoluto	2012	23,4
92 Actividades de juegos de azar y apuestas	Mujeres	Valor absoluto	2011	27,3
92 Actividades de juegos de azar y apuestas	Mujeres	Valor absoluto	2010	33,7
92 Actividades de juegos de azar y apuestas	Mujeres	Valor absoluto	2009	31,8
92 Actividades de juegos de azar y apuestas	Mujeres	Valor absoluto	2008	30,7
92 Actividades de juegos de azar y apuestas	Mujeres	Porcentaje	2025	0,3
92 Actividades de juegos de azar y apuestas	Mujeres	Porcentaje	2024	0,3
92 Actividades de juegos de azar y apuestas	Mujeres	Porcentaje	2023	0,2
92 Actividades de juegos de azar y apuestas	Mujeres	Porcentaje	2022	0,3
92 Actividades de juegos de azar y apuestas	Mujeres	Porcentaje	2021	0,3
92 Actividades de juegos de azar y apuestas	Mujeres	Porcentaje	2020	0,3
92 Actividades de juegos de azar y apuestas	Mujeres	Porcentaje	2019	0,3
92 Actividades de juegos de azar y apuestas	Mujeres	Porcentaje	2018	0,3
92 Actividades de juegos de azar y apuestas	Mujeres	Porcentaje	2017	0,4
92 Actividades de juegos de azar y apuestas	Mujeres	Porcentaje	2016	0,4
92 Actividades de juegos de azar y apuestas	Mujeres	Porcentaje	2015	0,4
92 Actividades de juegos de azar y apuestas	Mujeres	Porcentaje	2014	0,3
92 Actividades de juegos de azar y apuestas	Mujeres	Porcentaje	2013	0,3
92 Actividades de juegos de azar y apuestas	Mujeres	Porcentaje	2012	0,3
92 Actividades de juegos de azar y apuestas	Mujeres	Porcentaje	2011	0,3
92 Actividades de juegos de azar y apuestas	Mujeres	Porcentaje	2010	0,4
92 Actividades de juegos de azar y apuestas	Mujeres	Porcentaje	2009	0,4
92 Actividades de juegos de azar y apuestas	Mujeres	Porcentaje	2008	0,4
93 Actividades deportivas, recreativas y de entretenimiento	Ambos sexos	Valor absoluto	2025	257,3
93 Actividades deportivas, recreativas y de entretenimiento	Ambos sexos	Valor absoluto	2024	251,6
93 Actividades deportivas, recreativas y de entretenimiento	Ambos sexos	Valor absoluto	2023	256,1
93 Actividades deportivas, recreativas y de entretenimiento	Ambos sexos	Valor absoluto	2022	248,3
93 Actividades deportivas, recreativas y de entretenimiento	Ambos sexos	Valor absoluto	2021	216,4
93 Actividades deportivas, recreativas y de entretenimiento	Ambos sexos	Valor absoluto	2020	202,9
93 Actividades deportivas, recreativas y de entretenimiento	Ambos sexos	Valor absoluto	2019	222,1
93 Actividades deportivas, recreativas y de entretenimiento	Ambos sexos	Valor absoluto	2018	208,9
93 Actividades deportivas, recreativas y de entretenimiento	Ambos sexos	Valor absoluto	2017	206,7
93 Actividades deportivas, recreativas y de entretenimiento	Ambos sexos	Valor absoluto	2016	208,1
93 Actividades deportivas, recreativas y de entretenimiento	Ambos sexos	Valor absoluto	2015	195,5
93 Actividades deportivas, recreativas y de entretenimiento	Ambos sexos	Valor absoluto	2014	194,9
93 Actividades deportivas, recreativas y de entretenimiento	Ambos sexos	Valor absoluto	2013	178,3
93 Actividades deportivas, recreativas y de entretenimiento	Ambos sexos	Valor absoluto	2012	173
93 Actividades deportivas, recreativas y de entretenimiento	Ambos sexos	Valor absoluto	2011	166,5
93 Actividades deportivas, recreativas y de entretenimiento	Ambos sexos	Valor absoluto	2010	167,4
93 Actividades deportivas, recreativas y de entretenimiento	Ambos sexos	Valor absoluto	2009	156,1
93 Actividades deportivas, recreativas y de entretenimiento	Ambos sexos	Valor absoluto	2008	161,1
93 Actividades deportivas, recreativas y de entretenimiento	Ambos sexos	Porcentaje	2025	1,2
93 Actividades deportivas, recreativas y de entretenimiento	Ambos sexos	Porcentaje	2024	1,2
93 Actividades deportivas, recreativas y de entretenimiento	Ambos sexos	Porcentaje	2023	1,2
93 Actividades deportivas, recreativas y de entretenimiento	Ambos sexos	Porcentaje	2022	1,2
93 Actividades deportivas, recreativas y de entretenimiento	Ambos sexos	Porcentaje	2021	1,1
93 Actividades deportivas, recreativas y de entretenimiento	Ambos sexos	Porcentaje	2020	1,1
93 Actividades deportivas, recreativas y de entretenimiento	Ambos sexos	Porcentaje	2019	1,1
93 Actividades deportivas, recreativas y de entretenimiento	Ambos sexos	Porcentaje	2018	1,1
93 Actividades deportivas, recreativas y de entretenimiento	Ambos sexos	Porcentaje	2017	1,1
93 Actividades deportivas, recreativas y de entretenimiento	Ambos sexos	Porcentaje	2016	1,1
93 Actividades deportivas, recreativas y de entretenimiento	Ambos sexos	Porcentaje	2015	1,1
93 Actividades deportivas, recreativas y de entretenimiento	Ambos sexos	Porcentaje	2014	1,1
93 Actividades deportivas, recreativas y de entretenimiento	Ambos sexos	Porcentaje	2013	1
93 Actividades deportivas, recreativas y de entretenimiento	Ambos sexos	Porcentaje	2012	1
93 Actividades deportivas, recreativas y de entretenimiento	Ambos sexos	Porcentaje	2011	0,9
93 Actividades deportivas, recreativas y de entretenimiento	Ambos sexos	Porcentaje	2010	0,9
93 Actividades deportivas, recreativas y de entretenimiento	Ambos sexos	Porcentaje	2009	0,8
93 Actividades deportivas, recreativas y de entretenimiento	Ambos sexos	Porcentaje	2008	0,8
93 Actividades deportivas, recreativas y de entretenimiento	Hombres	Valor absoluto	2025	163,2
93 Actividades deportivas, recreativas y de entretenimiento	Hombres	Valor absoluto	2024	154,4
93 Actividades deportivas, recreativas y de entretenimiento	Hombres	Valor absoluto	2023	154,5
93 Actividades deportivas, recreativas y de entretenimiento	Hombres	Valor absoluto	2022	153,5
93 Actividades deportivas, recreativas y de entretenimiento	Hombres	Valor absoluto	2021	130,3
93 Actividades deportivas, recreativas y de entretenimiento	Hombres	Valor absoluto	2020	123,4
93 Actividades deportivas, recreativas y de entretenimiento	Hombres	Valor absoluto	2019	138
93 Actividades deportivas, recreativas y de entretenimiento	Hombres	Valor absoluto	2018	126,1
93 Actividades deportivas, recreativas y de entretenimiento	Hombres	Valor absoluto	2017	127,8
93 Actividades deportivas, recreativas y de entretenimiento	Hombres	Valor absoluto	2016	130,1
93 Actividades deportivas, recreativas y de entretenimiento	Hombres	Valor absoluto	2015	115,6
93 Actividades deportivas, recreativas y de entretenimiento	Hombres	Valor absoluto	2014	115,6
93 Actividades deportivas, recreativas y de entretenimiento	Hombres	Valor absoluto	2013	107,8
93 Actividades deportivas, recreativas y de entretenimiento	Hombres	Valor absoluto	2012	106,1
93 Actividades deportivas, recreativas y de entretenimiento	Hombres	Valor absoluto	2011	109,8
93 Actividades deportivas, recreativas y de entretenimiento	Hombres	Valor absoluto	2010	102,8
93 Actividades deportivas, recreativas y de entretenimiento	Hombres	Valor absoluto	2009	92,1
93 Actividades deportivas, recreativas y de entretenimiento	Hombres	Valor absoluto	2008	93,3
93 Actividades deportivas, recreativas y de entretenimiento	Hombres	Porcentaje	2025	1,4
93 Actividades deportivas, recreativas y de entretenimiento	Hombres	Porcentaje	2024	1,3
93 Actividades deportivas, recreativas y de entretenimiento	Hombres	Porcentaje	2023	1,4
93 Actividades deportivas, recreativas y de entretenimiento	Hombres	Porcentaje	2022	1,4
93 Actividades deportivas, recreativas y de entretenimiento	Hombres	Porcentaje	2021	1,2
93 Actividades deportivas, recreativas y de entretenimiento	Hombres	Porcentaje	2020	1,2
93 Actividades deportivas, recreativas y de entretenimiento	Hombres	Porcentaje	2019	1,3
93 Actividades deportivas, recreativas y de entretenimiento	Hombres	Porcentaje	2018	1,2
93 Actividades deportivas, recreativas y de entretenimiento	Hombres	Porcentaje	2017	1,2
93 Actividades deportivas, recreativas y de entretenimiento	Hombres	Porcentaje	2016	1,3
93 Actividades deportivas, recreativas y de entretenimiento	Hombres	Porcentaje	2015	1,2
93 Actividades deportivas, recreativas y de entretenimiento	Hombres	Porcentaje	2014	1,2
93 Actividades deportivas, recreativas y de entretenimiento	Hombres	Porcentaje	2013	1,2
93 Actividades deportivas, recreativas y de entretenimiento	Hombres	Porcentaje	2012	1,1
93 Actividades deportivas, recreativas y de entretenimiento	Hombres	Porcentaje	2011	1,1
93 Actividades deportivas, recreativas y de entretenimiento	Hombres	Porcentaje	2010	1
93 Actividades deportivas, recreativas y de entretenimiento	Hombres	Porcentaje	2009	0,9
93 Actividades deportivas, recreativas y de entretenimiento	Hombres	Porcentaje	2008	0,8
93 Actividades deportivas, recreativas y de entretenimiento	Mujeres	Valor absoluto	2025	94,2
93 Actividades deportivas, recreativas y de entretenimiento	Mujeres	Valor absoluto	2024	97,2
93 Actividades deportivas, recreativas y de entretenimiento	Mujeres	Valor absoluto	2023	101,6
93 Actividades deportivas, recreativas y de entretenimiento	Mujeres	Valor absoluto	2022	94,8
93 Actividades deportivas, recreativas y de entretenimiento	Mujeres	Valor absoluto	2021	86,1
93 Actividades deportivas, recreativas y de entretenimiento	Mujeres	Valor absoluto	2020	79,4
93 Actividades deportivas, recreativas y de entretenimiento	Mujeres	Valor absoluto	2019	84,1
93 Actividades deportivas, recreativas y de entretenimiento	Mujeres	Valor absoluto	2018	82,8
93 Actividades deportivas, recreativas y de entretenimiento	Mujeres	Valor absoluto	2017	78,9
93 Actividades deportivas, recreativas y de entretenimiento	Mujeres	Valor absoluto	2016	78
93 Actividades deportivas, recreativas y de entretenimiento	Mujeres	Valor absoluto	2015	79,8
93 Actividades deportivas, recreativas y de entretenimiento	Mujeres	Valor absoluto	2014	79,3
93 Actividades deportivas, recreativas y de entretenimiento	Mujeres	Valor absoluto	2013	70,6
93 Actividades deportivas, recreativas y de entretenimiento	Mujeres	Valor absoluto	2012	67
93 Actividades deportivas, recreativas y de entretenimiento	Mujeres	Valor absoluto	2011	56,7
93 Actividades deportivas, recreativas y de entretenimiento	Mujeres	Valor absoluto	2010	64,6
93 Actividades deportivas, recreativas y de entretenimiento	Mujeres	Valor absoluto	2009	63,9
93 Actividades deportivas, recreativas y de entretenimiento	Mujeres	Valor absoluto	2008	67,8
93 Actividades deportivas, recreativas y de entretenimiento	Mujeres	Porcentaje	2025	0,9
93 Actividades deportivas, recreativas y de entretenimiento	Mujeres	Porcentaje	2024	1
93 Actividades deportivas, recreativas y de entretenimiento	Mujeres	Porcentaje	2023	1
93 Actividades deportivas, recreativas y de entretenimiento	Mujeres	Porcentaje	2022	1
93 Actividades deportivas, recreativas y de entretenimiento	Mujeres	Porcentaje	2021	0,9
93 Actividades deportivas, recreativas y de entretenimiento	Mujeres	Porcentaje	2020	0,9
93 Actividades deportivas, recreativas y de entretenimiento	Mujeres	Porcentaje	2019	0,9
93 Actividades deportivas, recreativas y de entretenimiento	Mujeres	Porcentaje	2018	0,9
93 Actividades deportivas, recreativas y de entretenimiento	Mujeres	Porcentaje	2017	0,9
93 Actividades deportivas, recreativas y de entretenimiento	Mujeres	Porcentaje	2016	0,9
93 Actividades deportivas, recreativas y de entretenimiento	Mujeres	Porcentaje	2015	1
93 Actividades deportivas, recreativas y de entretenimiento	Mujeres	Porcentaje	2014	1
93 Actividades deportivas, recreativas y de entretenimiento	Mujeres	Porcentaje	2013	0,9
93 Actividades deportivas, recreativas y de entretenimiento	Mujeres	Porcentaje	2012	0,8
93 Actividades deportivas, recreativas y de entretenimiento	Mujeres	Porcentaje	2011	0,7
93 Actividades deportivas, recreativas y de entretenimiento	Mujeres	Porcentaje	2010	0,8
93 Actividades deportivas, recreativas y de entretenimiento	Mujeres	Porcentaje	2009	0,8
93 Actividades deportivas, recreativas y de entretenimiento	Mujeres	Porcentaje	2008	0,8
S Otros servicios	Ambos sexos	Valor absoluto	2025	523,4
S Otros servicios	Ambos sexos	Valor absoluto	2024	510,6
S Otros servicios	Ambos sexos	Valor absoluto	2023	497,5
S Otros servicios	Ambos sexos	Valor absoluto	2022	491,8
S Otros servicios	Ambos sexos	Valor absoluto	2021	463,6
S Otros servicios	Ambos sexos	Valor absoluto	2020	469,7
S Otros servicios	Ambos sexos	Valor absoluto	2019	477,8
S Otros servicios	Ambos sexos	Valor absoluto	2018	455,3
S Otros servicios	Ambos sexos	Valor absoluto	2017	452,7
S Otros servicios	Ambos sexos	Valor absoluto	2016	434,6
S Otros servicios	Ambos sexos	Valor absoluto	2015	424,3
S Otros servicios	Ambos sexos	Valor absoluto	2014	405,5
S Otros servicios	Ambos sexos	Valor absoluto	2013	419,6
S Otros servicios	Ambos sexos	Valor absoluto	2012	424,4
S Otros servicios	Ambos sexos	Valor absoluto	2011	395,2
S Otros servicios	Ambos sexos	Valor absoluto	2010	390,1
S Otros servicios	Ambos sexos	Valor absoluto	2009	424,4
S Otros servicios	Ambos sexos	Valor absoluto	2008	429,9
S Otros servicios	Ambos sexos	Porcentaje	2025	2,4
S Otros servicios	Ambos sexos	Porcentaje	2024	2,4
S Otros servicios	Ambos sexos	Porcentaje	2023	2,3
S Otros servicios	Ambos sexos	Porcentaje	2022	2,4
S Otros servicios	Ambos sexos	Porcentaje	2021	2,3
S Otros servicios	Ambos sexos	Porcentaje	2020	2,4
S Otros servicios	Ambos sexos	Porcentaje	2019	2,4
S Otros servicios	Ambos sexos	Porcentaje	2018	2,4
S Otros servicios	Ambos sexos	Porcentaje	2017	2,4
S Otros servicios	Ambos sexos	Porcentaje	2016	2,4
S Otros servicios	Ambos sexos	Porcentaje	2015	2,4
S Otros servicios	Ambos sexos	Porcentaje	2014	2,3
S Otros servicios	Ambos sexos	Porcentaje	2013	2,4
S Otros servicios	Ambos sexos	Porcentaje	2012	2,4
S Otros servicios	Ambos sexos	Porcentaje	2011	2,1
S Otros servicios	Ambos sexos	Porcentaje	2010	2,1
S Otros servicios	Ambos sexos	Porcentaje	2009	2,2
S Otros servicios	Ambos sexos	Porcentaje	2008	2,1
S Otros servicios	Hombres	Valor absoluto	2025	184,1
S Otros servicios	Hombres	Valor absoluto	2024	167,9
S Otros servicios	Hombres	Valor absoluto	2023	163,3
S Otros servicios	Hombres	Valor absoluto	2022	169,4
S Otros servicios	Hombres	Valor absoluto	2021	153,6
S Otros servicios	Hombres	Valor absoluto	2020	152,2
S Otros servicios	Hombres	Valor absoluto	2019	157,7
S Otros servicios	Hombres	Valor absoluto	2018	150
S Otros servicios	Hombres	Valor absoluto	2017	155,6
S Otros servicios	Hombres	Valor absoluto	2016	146,1
S Otros servicios	Hombres	Valor absoluto	2015	140,3
S Otros servicios	Hombres	Valor absoluto	2014	137,2
S Otros servicios	Hombres	Valor absoluto	2013	142,5
S Otros servicios	Hombres	Valor absoluto	2012	149,9
S Otros servicios	Hombres	Valor absoluto	2011	140,1
S Otros servicios	Hombres	Valor absoluto	2010	124,8
S Otros servicios	Hombres	Valor absoluto	2009	134,6
S Otros servicios	Hombres	Valor absoluto	2008	135,3
S Otros servicios	Hombres	Porcentaje	2025	1,6
S Otros servicios	Hombres	Porcentaje	2024	1,4
S Otros servicios	Hombres	Porcentaje	2023	1,4
S Otros servicios	Hombres	Porcentaje	2022	1,5
S Otros servicios	Hombres	Porcentaje	2021	1,4
S Otros servicios	Hombres	Porcentaje	2020	1,5
S Otros servicios	Hombres	Porcentaje	2019	1,5
S Otros servicios	Hombres	Porcentaje	2018	1,4
S Otros servicios	Hombres	Porcentaje	2017	1,5
S Otros servicios	Hombres	Porcentaje	2016	1,5
S Otros servicios	Hombres	Porcentaje	2015	1,4
S Otros servicios	Hombres	Porcentaje	2014	1,5
S Otros servicios	Hombres	Porcentaje	2013	1,5
S Otros servicios	Hombres	Porcentaje	2012	1,6
S Otros servicios	Hombres	Porcentaje	2011	1,4
S Otros servicios	Hombres	Porcentaje	2010	1,2
S Otros servicios	Hombres	Porcentaje	2009	1,3
S Otros servicios	Hombres	Porcentaje	2008	1,1
S Otros servicios	Mujeres	Valor absoluto	2025	339,3
S Otros servicios	Mujeres	Valor absoluto	2024	342,7
S Otros servicios	Mujeres	Valor absoluto	2023	334,2
S Otros servicios	Mujeres	Valor absoluto	2022	322,4
S Otros servicios	Mujeres	Valor absoluto	2021	310
S Otros servicios	Mujeres	Valor absoluto	2020	317,5
S Otros servicios	Mujeres	Valor absoluto	2019	320,1
S Otros servicios	Mujeres	Valor absoluto	2018	305,3
S Otros servicios	Mujeres	Valor absoluto	2017	297,1
S Otros servicios	Mujeres	Valor absoluto	2016	288,5
S Otros servicios	Mujeres	Valor absoluto	2015	284,1
S Otros servicios	Mujeres	Valor absoluto	2014	268,2
S Otros servicios	Mujeres	Valor absoluto	2013	277,1
S Otros servicios	Mujeres	Valor absoluto	2012	274,5
S Otros servicios	Mujeres	Valor absoluto	2011	255
S Otros servicios	Mujeres	Valor absoluto	2010	265,3
S Otros servicios	Mujeres	Valor absoluto	2009	289,8
S Otros servicios	Mujeres	Valor absoluto	2008	294,6
S Otros servicios	Mujeres	Porcentaje	2025	3,3
S Otros servicios	Mujeres	Porcentaje	2024	3,4
S Otros servicios	Mujeres	Porcentaje	2023	3,4
S Otros servicios	Mujeres	Porcentaje	2022	3,4
S Otros servicios	Mujeres	Porcentaje	2021	3,4
S Otros servicios	Mujeres	Porcentaje	2020	3,6
S Otros servicios	Mujeres	Porcentaje	2019	3,5
S Otros servicios	Mujeres	Porcentaje	2018	3,5
S Otros servicios	Mujeres	Porcentaje	2017	3,5
S Otros servicios	Mujeres	Porcentaje	2016	3,5
S Otros servicios	Mujeres	Porcentaje	2015	3,5
S Otros servicios	Mujeres	Porcentaje	2014	3,4
S Otros servicios	Mujeres	Porcentaje	2013	3,5
S Otros servicios	Mujeres	Porcentaje	2012	3,4
S Otros servicios	Mujeres	Porcentaje	2011	3,1
S Otros servicios	Mujeres	Porcentaje	2010	3,2
S Otros servicios	Mujeres	Porcentaje	2009	3,5
S Otros servicios	Mujeres	Porcentaje	2008	3,4
94 Actividades asociativas	Ambos sexos	Valor absoluto	2025	130,4
94 Actividades asociativas	Ambos sexos	Valor absoluto	2024	122,9
94 Actividades asociativas	Ambos sexos	Valor absoluto	2023	111,5
94 Actividades asociativas	Ambos sexos	Valor absoluto	2022	117,7
94 Actividades asociativas	Ambos sexos	Valor absoluto	2021	116,9
94 Actividades asociativas	Ambos sexos	Valor absoluto	2020	115,6
94 Actividades asociativas	Ambos sexos	Valor absoluto	2019	114,8
94 Actividades asociativas	Ambos sexos	Valor absoluto	2018	109,2
94 Actividades asociativas	Ambos sexos	Valor absoluto	2017	108,2
94 Actividades asociativas	Ambos sexos	Valor absoluto	2016	108,7
94 Actividades asociativas	Ambos sexos	Valor absoluto	2015	102,8
94 Actividades asociativas	Ambos sexos	Valor absoluto	2014	97,3
94 Actividades asociativas	Ambos sexos	Valor absoluto	2013	96,6
94 Actividades asociativas	Ambos sexos	Valor absoluto	2012	98
94 Actividades asociativas	Ambos sexos	Valor absoluto	2011	105,6
94 Actividades asociativas	Ambos sexos	Valor absoluto	2010	98
94 Actividades asociativas	Ambos sexos	Valor absoluto	2009	91,3
94 Actividades asociativas	Ambos sexos	Valor absoluto	2008	90,6
94 Actividades asociativas	Ambos sexos	Porcentaje	2025	0,6
94 Actividades asociativas	Ambos sexos	Porcentaje	2024	0,6
94 Actividades asociativas	Ambos sexos	Porcentaje	2023	0,5
94 Actividades asociativas	Ambos sexos	Porcentaje	2022	0,6
94 Actividades asociativas	Ambos sexos	Porcentaje	2021	0,6
94 Actividades asociativas	Ambos sexos	Porcentaje	2020	0,6
94 Actividades asociativas	Ambos sexos	Porcentaje	2019	0,6
94 Actividades asociativas	Ambos sexos	Porcentaje	2018	0,6
94 Actividades asociativas	Ambos sexos	Porcentaje	2017	0,6
94 Actividades asociativas	Ambos sexos	Porcentaje	2016	0,6
94 Actividades asociativas	Ambos sexos	Porcentaje	2015	0,6
94 Actividades asociativas	Ambos sexos	Porcentaje	2014	0,6
94 Actividades asociativas	Ambos sexos	Porcentaje	2013	0,6
94 Actividades asociativas	Ambos sexos	Porcentaje	2012	0,6
94 Actividades asociativas	Ambos sexos	Porcentaje	2011	0,6
94 Actividades asociativas	Ambos sexos	Porcentaje	2010	0,5
94 Actividades asociativas	Ambos sexos	Porcentaje	2009	0,5
94 Actividades asociativas	Ambos sexos	Porcentaje	2008	0,4
94 Actividades asociativas	Hombres	Valor absoluto	2025	49
94 Actividades asociativas	Hombres	Valor absoluto	2024	44,9
94 Actividades asociativas	Hombres	Valor absoluto	2023	41,1
94 Actividades asociativas	Hombres	Valor absoluto	2022	48,1
94 Actividades asociativas	Hombres	Valor absoluto	2021	45,6
94 Actividades asociativas	Hombres	Valor absoluto	2020	40,8
94 Actividades asociativas	Hombres	Valor absoluto	2019	43,8
94 Actividades asociativas	Hombres	Valor absoluto	2018	44,8
94 Actividades asociativas	Hombres	Valor absoluto	2017	42,9
94 Actividades asociativas	Hombres	Valor absoluto	2016	43,6
94 Actividades asociativas	Hombres	Valor absoluto	2015	43,8
94 Actividades asociativas	Hombres	Valor absoluto	2014	41
94 Actividades asociativas	Hombres	Valor absoluto	2013	39,6
94 Actividades asociativas	Hombres	Valor absoluto	2012	44,4
94 Actividades asociativas	Hombres	Valor absoluto	2011	42,5
94 Actividades asociativas	Hombres	Valor absoluto	2010	38,9
94 Actividades asociativas	Hombres	Valor absoluto	2009	38,7
94 Actividades asociativas	Hombres	Valor absoluto	2008	38,8
94 Actividades asociativas	Hombres	Porcentaje	2025	0,4
94 Actividades asociativas	Hombres	Porcentaje	2024	0,4
94 Actividades asociativas	Hombres	Porcentaje	2023	0,4
94 Actividades asociativas	Hombres	Porcentaje	2022	0,4
94 Actividades asociativas	Hombres	Porcentaje	2021	0,4
94 Actividades asociativas	Hombres	Porcentaje	2020	0,4
94 Actividades asociativas	Hombres	Porcentaje	2019	0,4
94 Actividades asociativas	Hombres	Porcentaje	2018	0,4
94 Actividades asociativas	Hombres	Porcentaje	2017	0,4
94 Actividades asociativas	Hombres	Porcentaje	2016	0,4
94 Actividades asociativas	Hombres	Porcentaje	2015	0,4
94 Actividades asociativas	Hombres	Porcentaje	2014	0,4
94 Actividades asociativas	Hombres	Porcentaje	2013	0,4
94 Actividades asociativas	Hombres	Porcentaje	2012	0,5
94 Actividades asociativas	Hombres	Porcentaje	2011	0,4
94 Actividades asociativas	Hombres	Porcentaje	2010	0,4
94 Actividades asociativas	Hombres	Porcentaje	2009	0,4
94 Actividades asociativas	Hombres	Porcentaje	2008	0,3
94 Actividades asociativas	Mujeres	Valor absoluto	2025	81,4
94 Actividades asociativas	Mujeres	Valor absoluto	2024	78
94 Actividades asociativas	Mujeres	Valor absoluto	2023	70,5
94 Actividades asociativas	Mujeres	Valor absoluto	2022	69,6
94 Actividades asociativas	Mujeres	Valor absoluto	2021	71,3
94 Actividades asociativas	Mujeres	Valor absoluto	2020	74,9
94 Actividades asociativas	Mujeres	Valor absoluto	2019	71,1
94 Actividades asociativas	Mujeres	Valor absoluto	2018	64,4
94 Actividades asociativas	Mujeres	Valor absoluto	2017	65,3
94 Actividades asociativas	Mujeres	Valor absoluto	2016	65,1
94 Actividades asociativas	Mujeres	Valor absoluto	2015	59
94 Actividades asociativas	Mujeres	Valor absoluto	2014	56,3
94 Actividades asociativas	Mujeres	Valor absoluto	2013	57
94 Actividades asociativas	Mujeres	Valor absoluto	2012	53,6
94 Actividades asociativas	Mujeres	Valor absoluto	2011	63,2
94 Actividades asociativas	Mujeres	Valor absoluto	2010	59,1
94 Actividades asociativas	Mujeres	Valor absoluto	2009	52,6
94 Actividades asociativas	Mujeres	Valor absoluto	2008	51,8
94 Actividades asociativas	Mujeres	Porcentaje	2025	0,8
94 Actividades asociativas	Mujeres	Porcentaje	2024	0,8
94 Actividades asociativas	Mujeres	Porcentaje	2023	0,7
94 Actividades asociativas	Mujeres	Porcentaje	2022	0,7
94 Actividades asociativas	Mujeres	Porcentaje	2021	0,8
94 Actividades asociativas	Mujeres	Porcentaje	2020	0,9
94 Actividades asociativas	Mujeres	Porcentaje	2019	0,8
94 Actividades asociativas	Mujeres	Porcentaje	2018	0,7
94 Actividades asociativas	Mujeres	Porcentaje	2017	0,8
94 Actividades asociativas	Mujeres	Porcentaje	2016	0,8
94 Actividades asociativas	Mujeres	Porcentaje	2015	0,7
94 Actividades asociativas	Mujeres	Porcentaje	2014	0,7
94 Actividades asociativas	Mujeres	Porcentaje	2013	0,7
94 Actividades asociativas	Mujeres	Porcentaje	2012	0,7
94 Actividades asociativas	Mujeres	Porcentaje	2011	0,8
94 Actividades asociativas	Mujeres	Porcentaje	2010	0,7
94 Actividades asociativas	Mujeres	Porcentaje	2009	0,6
94 Actividades asociativas	Mujeres	Porcentaje	2008	0,6
95 Reparación de ordenadores, efectos personales y artículos de uso doméstico	Ambos sexos	Valor absoluto	2025	53,5
95 Reparación de ordenadores, efectos personales y artículos de uso doméstico	Ambos sexos	Valor absoluto	2024	54,9
95 Reparación de ordenadores, efectos personales y artículos de uso doméstico	Ambos sexos	Valor absoluto	2023	47,1
95 Reparación de ordenadores, efectos personales y artículos de uso doméstico	Ambos sexos	Valor absoluto	2022	48,8
95 Reparación de ordenadores, efectos personales y artículos de uso doméstico	Ambos sexos	Valor absoluto	2021	43,6
95 Reparación de ordenadores, efectos personales y artículos de uso doméstico	Ambos sexos	Valor absoluto	2020	46,6
95 Reparación de ordenadores, efectos personales y artículos de uso doméstico	Ambos sexos	Valor absoluto	2019	45,6
95 Reparación de ordenadores, efectos personales y artículos de uso doméstico	Ambos sexos	Valor absoluto	2018	53,8
95 Reparación de ordenadores, efectos personales y artículos de uso doméstico	Ambos sexos	Valor absoluto	2017	54,6
95 Reparación de ordenadores, efectos personales y artículos de uso doméstico	Ambos sexos	Valor absoluto	2016	51,2
95 Reparación de ordenadores, efectos personales y artículos de uso doméstico	Ambos sexos	Valor absoluto	2015	50,1
95 Reparación de ordenadores, efectos personales y artículos de uso doméstico	Ambos sexos	Valor absoluto	2014	44,9
95 Reparación de ordenadores, efectos personales y artículos de uso doméstico	Ambos sexos	Valor absoluto	2013	49,3
95 Reparación de ordenadores, efectos personales y artículos de uso doméstico	Ambos sexos	Valor absoluto	2012	51,6
95 Reparación de ordenadores, efectos personales y artículos de uso doméstico	Ambos sexos	Valor absoluto	2011	47
95 Reparación de ordenadores, efectos personales y artículos de uso doméstico	Ambos sexos	Valor absoluto	2010	43,9
95 Reparación de ordenadores, efectos personales y artículos de uso doméstico	Ambos sexos	Valor absoluto	2009	47,5
95 Reparación de ordenadores, efectos personales y artículos de uso doméstico	Ambos sexos	Valor absoluto	2008	56,4
95 Reparación de ordenadores, efectos personales y artículos de uso doméstico	Ambos sexos	Porcentaje	2025	0,2
95 Reparación de ordenadores, efectos personales y artículos de uso doméstico	Ambos sexos	Porcentaje	2024	0,3
95 Reparación de ordenadores, efectos personales y artículos de uso doméstico	Ambos sexos	Porcentaje	2023	0,2
95 Reparación de ordenadores, efectos personales y artículos de uso doméstico	Ambos sexos	Porcentaje	2022	0,2
95 Reparación de ordenadores, efectos personales y artículos de uso doméstico	Ambos sexos	Porcentaje	2021	0,2
95 Reparación de ordenadores, efectos personales y artículos de uso doméstico	Ambos sexos	Porcentaje	2020	0,2
95 Reparación de ordenadores, efectos personales y artículos de uso doméstico	Ambos sexos	Porcentaje	2019	0,2
95 Reparación de ordenadores, efectos personales y artículos de uso doméstico	Ambos sexos	Porcentaje	2018	0,3
95 Reparación de ordenadores, efectos personales y artículos de uso doméstico	Ambos sexos	Porcentaje	2017	0,3
95 Reparación de ordenadores, efectos personales y artículos de uso doméstico	Ambos sexos	Porcentaje	2016	0,3
95 Reparación de ordenadores, efectos personales y artículos de uso doméstico	Ambos sexos	Porcentaje	2015	0,3
95 Reparación de ordenadores, efectos personales y artículos de uso doméstico	Ambos sexos	Porcentaje	2014	0,3
95 Reparación de ordenadores, efectos personales y artículos de uso doméstico	Ambos sexos	Porcentaje	2013	0,3
95 Reparación de ordenadores, efectos personales y artículos de uso doméstico	Ambos sexos	Porcentaje	2012	0,3
95 Reparación de ordenadores, efectos personales y artículos de uso doméstico	Ambos sexos	Porcentaje	2011	0,3
95 Reparación de ordenadores, efectos personales y artículos de uso doméstico	Ambos sexos	Porcentaje	2010	0,2
95 Reparación de ordenadores, efectos personales y artículos de uso doméstico	Ambos sexos	Porcentaje	2009	0,2
95 Reparación de ordenadores, efectos personales y artículos de uso doméstico	Ambos sexos	Porcentaje	2008	0,3
95 Reparación de ordenadores, efectos personales y artículos de uso doméstico	Hombres	Valor absoluto	2025	41,9
95 Reparación de ordenadores, efectos personales y artículos de uso doméstico	Hombres	Valor absoluto	2024	39,8
95 Reparación de ordenadores, efectos personales y artículos de uso doméstico	Hombres	Valor absoluto	2023	37,1
95 Reparación de ordenadores, efectos personales y artículos de uso doméstico	Hombres	Valor absoluto	2022	41,1
95 Reparación de ordenadores, efectos personales y artículos de uso doméstico	Hombres	Valor absoluto	2021	34,5
95 Reparación de ordenadores, efectos personales y artículos de uso doméstico	Hombres	Valor absoluto	2020	35
95 Reparación de ordenadores, efectos personales y artículos de uso doméstico	Hombres	Valor absoluto	2019	35
95 Reparación de ordenadores, efectos personales y artículos de uso doméstico	Hombres	Valor absoluto	2018	39,1
95 Reparación de ordenadores, efectos personales y artículos de uso doméstico	Hombres	Valor absoluto	2017	41,6
95 Reparación de ordenadores, efectos personales y artículos de uso doméstico	Hombres	Valor absoluto	2016	38,7
95 Reparación de ordenadores, efectos personales y artículos de uso doméstico	Hombres	Valor absoluto	2015	37,1
95 Reparación de ordenadores, efectos personales y artículos de uso doméstico	Hombres	Valor absoluto	2014	34,5
95 Reparación de ordenadores, efectos personales y artículos de uso doméstico	Hombres	Valor absoluto	2013	39,1
95 Reparación de ordenadores, efectos personales y artículos de uso doméstico	Hombres	Valor absoluto	2012	41
95 Reparación de ordenadores, efectos personales y artículos de uso doméstico	Hombres	Valor absoluto	2011	35,6
95 Reparación de ordenadores, efectos personales y artículos de uso doméstico	Hombres	Valor absoluto	2010	32,1
95 Reparación de ordenadores, efectos personales y artículos de uso doméstico	Hombres	Valor absoluto	2009	34,2
95 Reparación de ordenadores, efectos personales y artículos de uso doméstico	Hombres	Valor absoluto	2008	41,3
95 Reparación de ordenadores, efectos personales y artículos de uso doméstico	Hombres	Porcentaje	2025	0,4
95 Reparación de ordenadores, efectos personales y artículos de uso doméstico	Hombres	Porcentaje	2024	0,3
95 Reparación de ordenadores, efectos personales y artículos de uso doméstico	Hombres	Porcentaje	2023	0,3
95 Reparación de ordenadores, efectos personales y artículos de uso doméstico	Hombres	Porcentaje	2022	0,4
95 Reparación de ordenadores, efectos personales y artículos de uso doméstico	Hombres	Porcentaje	2021	0,3
95 Reparación de ordenadores, efectos personales y artículos de uso doméstico	Hombres	Porcentaje	2020	0,3
95 Reparación de ordenadores, efectos personales y artículos de uso doméstico	Hombres	Porcentaje	2019	0,3
95 Reparación de ordenadores, efectos personales y artículos de uso doméstico	Hombres	Porcentaje	2018	0,4
95 Reparación de ordenadores, efectos personales y artículos de uso doméstico	Hombres	Porcentaje	2017	0,4
95 Reparación de ordenadores, efectos personales y artículos de uso doméstico	Hombres	Porcentaje	2016	0,4
95 Reparación de ordenadores, efectos personales y artículos de uso doméstico	Hombres	Porcentaje	2015	0,4
95 Reparación de ordenadores, efectos personales y artículos de uso doméstico	Hombres	Porcentaje	2014	0,4
95 Reparación de ordenadores, efectos personales y artículos de uso doméstico	Hombres	Porcentaje	2013	0,4
95 Reparación de ordenadores, efectos personales y artículos de uso doméstico	Hombres	Porcentaje	2012	0,4
95 Reparación de ordenadores, efectos personales y artículos de uso doméstico	Hombres	Porcentaje	2011	0,4
95 Reparación de ordenadores, efectos personales y artículos de uso doméstico	Hombres	Porcentaje	2010	0,3
95 Reparación de ordenadores, efectos personales y artículos de uso doméstico	Hombres	Porcentaje	2009	0,3
95 Reparación de ordenadores, efectos personales y artículos de uso doméstico	Hombres	Porcentaje	2008	0,3
95 Reparación de ordenadores, efectos personales y artículos de uso doméstico	Mujeres	Valor absoluto	2025	11,5
95 Reparación de ordenadores, efectos personales y artículos de uso doméstico	Mujeres	Valor absoluto	2024	15,1
95 Reparación de ordenadores, efectos personales y artículos de uso doméstico	Mujeres	Valor absoluto	2023	9,9
95 Reparación de ordenadores, efectos personales y artículos de uso doméstico	Mujeres	Valor absoluto	2022	7,7
95 Reparación de ordenadores, efectos personales y artículos de uso doméstico	Mujeres	Valor absoluto	2021	9
95 Reparación de ordenadores, efectos personales y artículos de uso doméstico	Mujeres	Valor absoluto	2020	11,6
95 Reparación de ordenadores, efectos personales y artículos de uso doméstico	Mujeres	Valor absoluto	2019	10,6
95 Reparación de ordenadores, efectos personales y artículos de uso doméstico	Mujeres	Valor absoluto	2018	14,8
95 Reparación de ordenadores, efectos personales y artículos de uso doméstico	Mujeres	Valor absoluto	2017	13
95 Reparación de ordenadores, efectos personales y artículos de uso doméstico	Mujeres	Valor absoluto	2016	12,5
95 Reparación de ordenadores, efectos personales y artículos de uso doméstico	Mujeres	Valor absoluto	2015	13
95 Reparación de ordenadores, efectos personales y artículos de uso doméstico	Mujeres	Valor absoluto	2014	10,4
95 Reparación de ordenadores, efectos personales y artículos de uso doméstico	Mujeres	Valor absoluto	2013	10,2
95 Reparación de ordenadores, efectos personales y artículos de uso doméstico	Mujeres	Valor absoluto	2012	10,6
95 Reparación de ordenadores, efectos personales y artículos de uso doméstico	Mujeres	Valor absoluto	2011	11,5
95 Reparación de ordenadores, efectos personales y artículos de uso doméstico	Mujeres	Valor absoluto	2010	11,9
95 Reparación de ordenadores, efectos personales y artículos de uso doméstico	Mujeres	Valor absoluto	2009	13,3
95 Reparación de ordenadores, efectos personales y artículos de uso doméstico	Mujeres	Valor absoluto	2008	15,1
95 Reparación de ordenadores, efectos personales y artículos de uso doméstico	Mujeres	Porcentaje	2025	0,1
95 Reparación de ordenadores, efectos personales y artículos de uso doméstico	Mujeres	Porcentaje	2024	0,1
95 Reparación de ordenadores, efectos personales y artículos de uso doméstico	Mujeres	Porcentaje	2023	0,1
95 Reparación de ordenadores, efectos personales y artículos de uso doméstico	Mujeres	Porcentaje	2022	0,1
95 Reparación de ordenadores, efectos personales y artículos de uso doméstico	Mujeres	Porcentaje	2021	0,1
95 Reparación de ordenadores, efectos personales y artículos de uso doméstico	Mujeres	Porcentaje	2020	0,1
95 Reparación de ordenadores, efectos personales y artículos de uso doméstico	Mujeres	Porcentaje	2019	0,1
95 Reparación de ordenadores, efectos personales y artículos de uso doméstico	Mujeres	Porcentaje	2018	0,2
95 Reparación de ordenadores, efectos personales y artículos de uso doméstico	Mujeres	Porcentaje	2017	0,2
95 Reparación de ordenadores, efectos personales y artículos de uso doméstico	Mujeres	Porcentaje	2016	0,2
95 Reparación de ordenadores, efectos personales y artículos de uso doméstico	Mujeres	Porcentaje	2015	0,2
95 Reparación de ordenadores, efectos personales y artículos de uso doméstico	Mujeres	Porcentaje	2014	0,1
95 Reparación de ordenadores, efectos personales y artículos de uso doméstico	Mujeres	Porcentaje	2013	0,1
95 Reparación de ordenadores, efectos personales y artículos de uso doméstico	Mujeres	Porcentaje	2012	0,1
95 Reparación de ordenadores, efectos personales y artículos de uso doméstico	Mujeres	Porcentaje	2011	0,1
95 Reparación de ordenadores, efectos personales y artículos de uso doméstico	Mujeres	Porcentaje	2010	0,1
95 Reparación de ordenadores, efectos personales y artículos de uso doméstico	Mujeres	Porcentaje	2009	0,2
95 Reparación de ordenadores, efectos personales y artículos de uso doméstico	Mujeres	Porcentaje	2008	0,2
96 Otros servicios personales	Ambos sexos	Valor absoluto	2025	339,5
96 Otros servicios personales	Ambos sexos	Valor absoluto	2024	332,8
96 Otros servicios personales	Ambos sexos	Valor absoluto	2023	338,9
96 Otros servicios personales	Ambos sexos	Valor absoluto	2022	325,3
96 Otros servicios personales	Ambos sexos	Valor absoluto	2021	303,2
96 Otros servicios personales	Ambos sexos	Valor absoluto	2020	307,5
96 Otros servicios personales	Ambos sexos	Valor absoluto	2019	317,3
96 Otros servicios personales	Ambos sexos	Valor absoluto	2018	292,3
96 Otros servicios personales	Ambos sexos	Valor absoluto	2017	289,9
96 Otros servicios personales	Ambos sexos	Valor absoluto	2016	274,6
96 Otros servicios personales	Ambos sexos	Valor absoluto	2015	271,4
96 Otros servicios personales	Ambos sexos	Valor absoluto	2014	263,3
96 Otros servicios personales	Ambos sexos	Valor absoluto	2013	273,7
96 Otros servicios personales	Ambos sexos	Valor absoluto	2012	274,8
96 Otros servicios personales	Ambos sexos	Valor absoluto	2011	242,5
96 Otros servicios personales	Ambos sexos	Valor absoluto	2010	248,1
96 Otros servicios personales	Ambos sexos	Valor absoluto	2009	285,6
96 Otros servicios personales	Ambos sexos	Valor absoluto	2008	282,9
96 Otros servicios personales	Ambos sexos	Porcentaje	2025	1,5
96 Otros servicios personales	Ambos sexos	Porcentaje	2024	1,5
96 Otros servicios personales	Ambos sexos	Porcentaje	2023	1,6
96 Otros servicios personales	Ambos sexos	Porcentaje	2022	1,6
96 Otros servicios personales	Ambos sexos	Porcentaje	2021	1,5
96 Otros servicios personales	Ambos sexos	Porcentaje	2020	1,6
96 Otros servicios personales	Ambos sexos	Porcentaje	2019	1,6
96 Otros servicios personales	Ambos sexos	Porcentaje	2018	1,5
96 Otros servicios personales	Ambos sexos	Porcentaje	2017	1,5
96 Otros servicios personales	Ambos sexos	Porcentaje	2016	1,5
96 Otros servicios personales	Ambos sexos	Porcentaje	2015	1,5
96 Otros servicios personales	Ambos sexos	Porcentaje	2014	1,5
96 Otros servicios personales	Ambos sexos	Porcentaje	2013	1,6
96 Otros servicios personales	Ambos sexos	Porcentaje	2012	1,6
96 Otros servicios personales	Ambos sexos	Porcentaje	2011	1,3
96 Otros servicios personales	Ambos sexos	Porcentaje	2010	1,3
96 Otros servicios personales	Ambos sexos	Porcentaje	2009	1,5
96 Otros servicios personales	Ambos sexos	Porcentaje	2008	1,4
96 Otros servicios personales	Hombres	Valor absoluto	2025	93,1
96 Otros servicios personales	Hombres	Valor absoluto	2024	83,2
96 Otros servicios personales	Hombres	Valor absoluto	2023	85,1
96 Otros servicios personales	Hombres	Valor absoluto	2022	80,2
96 Otros servicios personales	Hombres	Valor absoluto	2021	73,5
96 Otros servicios personales	Hombres	Valor absoluto	2020	76,4
96 Otros servicios personales	Hombres	Valor absoluto	2019	78,9
96 Otros servicios personales	Hombres	Valor absoluto	2018	66,2
96 Otros servicios personales	Hombres	Valor absoluto	2017	71,1
96 Otros servicios personales	Hombres	Valor absoluto	2016	63,8
96 Otros servicios personales	Hombres	Valor absoluto	2015	59,3
96 Otros servicios personales	Hombres	Valor absoluto	2014	61,8
96 Otros servicios personales	Hombres	Valor absoluto	2013	63,7
96 Otros servicios personales	Hombres	Valor absoluto	2012	64,6
96 Otros servicios personales	Hombres	Valor absoluto	2011	62,1
96 Otros servicios personales	Hombres	Valor absoluto	2010	53,7
96 Otros servicios personales	Hombres	Valor absoluto	2009	61,7
96 Otros servicios personales	Hombres	Valor absoluto	2008	55,2
96 Otros servicios personales	Hombres	Porcentaje	2025	0,8
96 Otros servicios personales	Hombres	Porcentaje	2024	0,7
96 Otros servicios personales	Hombres	Porcentaje	2023	0,7
96 Otros servicios personales	Hombres	Porcentaje	2022	0,7
96 Otros servicios personales	Hombres	Porcentaje	2021	0,7
96 Otros servicios personales	Hombres	Porcentaje	2020	0,7
96 Otros servicios personales	Hombres	Porcentaje	2019	0,7
96 Otros servicios personales	Hombres	Porcentaje	2018	0,6
96 Otros servicios personales	Hombres	Porcentaje	2017	0,7
96 Otros servicios personales	Hombres	Porcentaje	2016	0,6
96 Otros servicios personales	Hombres	Porcentaje	2015	0,6
96 Otros servicios personales	Hombres	Porcentaje	2014	0,7
96 Otros servicios personales	Hombres	Porcentaje	2013	0,7
96 Otros servicios personales	Hombres	Porcentaje	2012	0,7
96 Otros servicios personales	Hombres	Porcentaje	2011	0,6
96 Otros servicios personales	Hombres	Porcentaje	2010	0,5
96 Otros servicios personales	Hombres	Porcentaje	2009	0,6
96 Otros servicios personales	Hombres	Porcentaje	2008	0,5
96 Otros servicios personales	Mujeres	Valor absoluto	2025	246,4
96 Otros servicios personales	Mujeres	Valor absoluto	2024	249,6
96 Otros servicios personales	Mujeres	Valor absoluto	2023	253,8
96 Otros servicios personales	Mujeres	Valor absoluto	2022	245,1
96 Otros servicios personales	Mujeres	Valor absoluto	2021	229,7
96 Otros servicios personales	Mujeres	Valor absoluto	2020	231
96 Otros servicios personales	Mujeres	Valor absoluto	2019	238,4
96 Otros servicios personales	Mujeres	Valor absoluto	2018	226,1
96 Otros servicios personales	Mujeres	Valor absoluto	2017	218,8
96 Otros servicios personales	Mujeres	Valor absoluto	2016	210,8
96 Otros servicios personales	Mujeres	Valor absoluto	2015	212,1
96 Otros servicios personales	Mujeres	Valor absoluto	2014	201,5
96 Otros servicios personales	Mujeres	Valor absoluto	2013	209,9
96 Otros servicios personales	Mujeres	Valor absoluto	2012	210,3
96 Otros servicios personales	Mujeres	Valor absoluto	2011	180,4
96 Otros servicios personales	Mujeres	Valor absoluto	2010	194,4
96 Otros servicios personales	Mujeres	Valor absoluto	2009	223,8
96 Otros servicios personales	Mujeres	Valor absoluto	2008	227,7
96 Otros servicios personales	Mujeres	Porcentaje	2025	2,4
96 Otros servicios personales	Mujeres	Porcentaje	2024	2,5
96 Otros servicios personales	Mujeres	Porcentaje	2023	2,6
96 Otros servicios personales	Mujeres	Porcentaje	2022	2,6
96 Otros servicios personales	Mujeres	Porcentaje	2021	2,5
96 Otros servicios personales	Mujeres	Porcentaje	2020	2,6
96 Otros servicios personales	Mujeres	Porcentaje	2019	2,6
96 Otros servicios personales	Mujeres	Porcentaje	2018	2,6
96 Otros servicios personales	Mujeres	Porcentaje	2017	2,6
96 Otros servicios personales	Mujeres	Porcentaje	2016	2,5
96 Otros servicios personales	Mujeres	Porcentaje	2015	2,6
96 Otros servicios personales	Mujeres	Porcentaje	2014	2,6
96 Otros servicios personales	Mujeres	Porcentaje	2013	2,7
96 Otros servicios personales	Mujeres	Porcentaje	2012	2,6
96 Otros servicios personales	Mujeres	Porcentaje	2011	2,2
96 Otros servicios personales	Mujeres	Porcentaje	2010	2,3
96 Otros servicios personales	Mujeres	Porcentaje	2009	2,7
96 Otros servicios personales	Mujeres	Porcentaje	2008	2,6
T Actividades de los hogares como empleadores de personal doméstico; actividades de los hogares como productores de bienes y servicios para uso propio	Ambos sexos	Valor absoluto	2025	562,6
T Actividades de los hogares como empleadores de personal doméstico; actividades de los hogares como productores de bienes y servicios para uso propio	Ambos sexos	Valor absoluto	2024	583,2
T Actividades de los hogares como empleadores de personal doméstico; actividades de los hogares como productores de bienes y servicios para uso propio	Ambos sexos	Valor absoluto	2023	601,2
T Actividades de los hogares como empleadores de personal doméstico; actividades de los hogares como productores de bienes y servicios para uso propio	Ambos sexos	Valor absoluto	2022	558,3
T Actividades de los hogares como empleadores de personal doméstico; actividades de los hogares como productores de bienes y servicios para uso propio	Ambos sexos	Valor absoluto	2021	567,4
T Actividades de los hogares como empleadores de personal doméstico; actividades de los hogares como productores de bienes y servicios para uso propio	Ambos sexos	Valor absoluto	2020	537,8
T Actividades de los hogares como empleadores de personal doméstico; actividades de los hogares como productores de bienes y servicios para uso propio	Ambos sexos	Valor absoluto	2019	595,2
T Actividades de los hogares como empleadores de personal doméstico; actividades de los hogares como productores de bienes y servicios para uso propio	Ambos sexos	Valor absoluto	2018	628,8
T Actividades de los hogares como empleadores de personal doméstico; actividades de los hogares como productores de bienes y servicios para uso propio	Ambos sexos	Valor absoluto	2017	631,7
T Actividades de los hogares como empleadores de personal doméstico; actividades de los hogares como productores de bienes y servicios para uso propio	Ambos sexos	Valor absoluto	2016	624
T Actividades de los hogares como empleadores de personal doméstico; actividades de los hogares como productores de bienes y servicios para uso propio	Ambos sexos	Valor absoluto	2015	627,8
T Actividades de los hogares como empleadores de personal doméstico; actividades de los hogares como productores de bienes y servicios para uso propio	Ambos sexos	Valor absoluto	2014	657
T Actividades de los hogares como empleadores de personal doméstico; actividades de los hogares como productores de bienes y servicios para uso propio	Ambos sexos	Valor absoluto	2013	669,8
T Actividades de los hogares como empleadores de personal doméstico; actividades de los hogares como productores de bienes y servicios para uso propio	Ambos sexos	Valor absoluto	2012	653,5
T Actividades de los hogares como empleadores de personal doméstico; actividades de los hogares como productores de bienes y servicios para uso propio	Ambos sexos	Valor absoluto	2011	686,9
T Actividades de los hogares como empleadores de personal doméstico; actividades de los hogares como productores de bienes y servicios para uso propio	Ambos sexos	Valor absoluto	2010	735,4
T Actividades de los hogares como empleadores de personal doméstico; actividades de los hogares como productores de bienes y servicios para uso propio	Ambos sexos	Valor absoluto	2009	718,6
T Actividades de los hogares como empleadores de personal doméstico; actividades de los hogares como productores de bienes y servicios para uso propio	Ambos sexos	Valor absoluto	2008	743
T Actividades de los hogares como empleadores de personal doméstico; actividades de los hogares como productores de bienes y servicios para uso propio	Ambos sexos	Porcentaje	2025	2,5
T Actividades de los hogares como empleadores de personal doméstico; actividades de los hogares como productores de bienes y servicios para uso propio	Ambos sexos	Porcentaje	2024	2,7
T Actividades de los hogares como empleadores de personal doméstico; actividades de los hogares como productores de bienes y servicios para uso propio	Ambos sexos	Porcentaje	2023	2,8
T Actividades de los hogares como empleadores de personal doméstico; actividades de los hogares como productores de bienes y servicios para uso propio	Ambos sexos	Porcentaje	2022	2,7
T Actividades de los hogares como empleadores de personal doméstico; actividades de los hogares como productores de bienes y servicios para uso propio	Ambos sexos	Porcentaje	2021	2,9
T Actividades de los hogares como empleadores de personal doméstico; actividades de los hogares como productores de bienes y servicios para uso propio	Ambos sexos	Porcentaje	2020	2,8
T Actividades de los hogares como empleadores de personal doméstico; actividades de los hogares como productores de bienes y servicios para uso propio	Ambos sexos	Porcentaje	2019	3
T Actividades de los hogares como empleadores de personal doméstico; actividades de los hogares como productores de bienes y servicios para uso propio	Ambos sexos	Porcentaje	2018	3,3
T Actividades de los hogares como empleadores de personal doméstico; actividades de los hogares como productores de bienes y servicios para uso propio	Ambos sexos	Porcentaje	2017	3,4
T Actividades de los hogares como empleadores de personal doméstico; actividades de los hogares como productores de bienes y servicios para uso propio	Ambos sexos	Porcentaje	2016	3,4
T Actividades de los hogares como empleadores de personal doméstico; actividades de los hogares como productores de bienes y servicios para uso propio	Ambos sexos	Porcentaje	2015	3,5
T Actividades de los hogares como empleadores de personal doméstico; actividades de los hogares como productores de bienes y servicios para uso propio	Ambos sexos	Porcentaje	2014	3,8
T Actividades de los hogares como empleadores de personal doméstico; actividades de los hogares como productores de bienes y servicios para uso propio	Ambos sexos	Porcentaje	2013	3,9
T Actividades de los hogares como empleadores de personal doméstico; actividades de los hogares como productores de bienes y servicios para uso propio	Ambos sexos	Porcentaje	2012	3,7
T Actividades de los hogares como empleadores de personal doméstico; actividades de los hogares como productores de bienes y servicios para uso propio	Ambos sexos	Porcentaje	2011	3,7
T Actividades de los hogares como empleadores de personal doméstico; actividades de los hogares como productores de bienes y servicios para uso propio	Ambos sexos	Porcentaje	2010	3,9
T Actividades de los hogares como empleadores de personal doméstico; actividades de los hogares como productores de bienes y servicios para uso propio	Ambos sexos	Porcentaje	2009	3,8
T Actividades de los hogares como empleadores de personal doméstico; actividades de los hogares como productores de bienes y servicios para uso propio	Ambos sexos	Porcentaje	2008	3,6
T Actividades de los hogares como empleadores de personal doméstico; actividades de los hogares como productores de bienes y servicios para uso propio	Hombres	Valor absoluto	2025	66,9
T Actividades de los hogares como empleadores de personal doméstico; actividades de los hogares como productores de bienes y servicios para uso propio	Hombres	Valor absoluto	2024	65,9
T Actividades de los hogares como empleadores de personal doméstico; actividades de los hogares como productores de bienes y servicios para uso propio	Hombres	Valor absoluto	2023	65
T Actividades de los hogares como empleadores de personal doméstico; actividades de los hogares como productores de bienes y servicios para uso propio	Hombres	Valor absoluto	2022	56,1
T Actividades de los hogares como empleadores de personal doméstico; actividades de los hogares como productores de bienes y servicios para uso propio	Hombres	Valor absoluto	2021	68,7
T Actividades de los hogares como empleadores de personal doméstico; actividades de los hogares como productores de bienes y servicios para uso propio	Hombres	Valor absoluto	2020	67,1
T Actividades de los hogares como empleadores de personal doméstico; actividades de los hogares como productores de bienes y servicios para uso propio	Hombres	Valor absoluto	2019	72,9
T Actividades de los hogares como empleadores de personal doméstico; actividades de los hogares como productores de bienes y servicios para uso propio	Hombres	Valor absoluto	2018	72,8
T Actividades de los hogares como empleadores de personal doméstico; actividades de los hogares como productores de bienes y servicios para uso propio	Hombres	Valor absoluto	2017	76,1
T Actividades de los hogares como empleadores de personal doméstico; actividades de los hogares como productores de bienes y servicios para uso propio	Hombres	Valor absoluto	2016	71,7
T Actividades de los hogares como empleadores de personal doméstico; actividades de los hogares como productores de bienes y servicios para uso propio	Hombres	Valor absoluto	2015	62,4
T Actividades de los hogares como empleadores de personal doméstico; actividades de los hogares como productores de bienes y servicios para uso propio	Hombres	Valor absoluto	2014	71,6
T Actividades de los hogares como empleadores de personal doméstico; actividades de los hogares como productores de bienes y servicios para uso propio	Hombres	Valor absoluto	2013	78,1
T Actividades de los hogares como empleadores de personal doméstico; actividades de los hogares como productores de bienes y servicios para uso propio	Hombres	Valor absoluto	2012	70
T Actividades de los hogares como empleadores de personal doméstico; actividades de los hogares como productores de bienes y servicios para uso propio	Hombres	Valor absoluto	2011	62,7
T Actividades de los hogares como empleadores de personal doméstico; actividades de los hogares como productores de bienes y servicios para uso propio	Hombres	Valor absoluto	2010	64
T Actividades de los hogares como empleadores de personal doméstico; actividades de los hogares como productores de bienes y servicios para uso propio	Hombres	Valor absoluto	2009	65,7
T Actividades de los hogares como empleadores de personal doméstico; actividades de los hogares como productores de bienes y servicios para uso propio	Hombres	Valor absoluto	2008	52,5
T Actividades de los hogares como empleadores de personal doméstico; actividades de los hogares como productores de bienes y servicios para uso propio	Hombres	Porcentaje	2025	0,6
T Actividades de los hogares como empleadores de personal doméstico; actividades de los hogares como productores de bienes y servicios para uso propio	Hombres	Porcentaje	2024	0,6
T Actividades de los hogares como empleadores de personal doméstico; actividades de los hogares como productores de bienes y servicios para uso propio	Hombres	Porcentaje	2023	0,6
T Actividades de los hogares como empleadores de personal doméstico; actividades de los hogares como productores de bienes y servicios para uso propio	Hombres	Porcentaje	2022	0,5
T Actividades de los hogares como empleadores de personal doméstico; actividades de los hogares como productores de bienes y servicios para uso propio	Hombres	Porcentaje	2021	0,6
T Actividades de los hogares como empleadores de personal doméstico; actividades de los hogares como productores de bienes y servicios para uso propio	Hombres	Porcentaje	2020	0,6
T Actividades de los hogares como empleadores de personal doméstico; actividades de los hogares como productores de bienes y servicios para uso propio	Hombres	Porcentaje	2019	0,7
T Actividades de los hogares como empleadores de personal doméstico; actividades de los hogares como productores de bienes y servicios para uso propio	Hombres	Porcentaje	2018	0,7
T Actividades de los hogares como empleadores de personal doméstico; actividades de los hogares como productores de bienes y servicios para uso propio	Hombres	Porcentaje	2017	0,7
T Actividades de los hogares como empleadores de personal doméstico; actividades de los hogares como productores de bienes y servicios para uso propio	Hombres	Porcentaje	2016	0,7
T Actividades de los hogares como empleadores de personal doméstico; actividades de los hogares como productores de bienes y servicios para uso propio	Hombres	Porcentaje	2015	0,6
T Actividades de los hogares como empleadores de personal doméstico; actividades de los hogares como productores de bienes y servicios para uso propio	Hombres	Porcentaje	2014	0,8
T Actividades de los hogares como empleadores de personal doméstico; actividades de los hogares como productores de bienes y servicios para uso propio	Hombres	Porcentaje	2013	0,8
T Actividades de los hogares como empleadores de personal doméstico; actividades de los hogares como productores de bienes y servicios para uso propio	Hombres	Porcentaje	2012	0,7
T Actividades de los hogares como empleadores de personal doméstico; actividades de los hogares como productores de bienes y servicios para uso propio	Hombres	Porcentaje	2011	0,6
T Actividades de los hogares como empleadores de personal doméstico; actividades de los hogares como productores de bienes y servicios para uso propio	Hombres	Porcentaje	2010	0,6
T Actividades de los hogares como empleadores de personal doméstico; actividades de los hogares como productores de bienes y servicios para uso propio	Hombres	Porcentaje	2009	0,6
T Actividades de los hogares como empleadores de personal doméstico; actividades de los hogares como productores de bienes y servicios para uso propio	Hombres	Porcentaje	2008	0,4
T Actividades de los hogares como empleadores de personal doméstico; actividades de los hogares como productores de bienes y servicios para uso propio	Mujeres	Valor absoluto	2025	495,7
T Actividades de los hogares como empleadores de personal doméstico; actividades de los hogares como productores de bienes y servicios para uso propio	Mujeres	Valor absoluto	2024	517,3
T Actividades de los hogares como empleadores de personal doméstico; actividades de los hogares como productores de bienes y servicios para uso propio	Mujeres	Valor absoluto	2023	536,2
T Actividades de los hogares como empleadores de personal doméstico; actividades de los hogares como productores de bienes y servicios para uso propio	Mujeres	Valor absoluto	2022	502,2
T Actividades de los hogares como empleadores de personal doméstico; actividades de los hogares como productores de bienes y servicios para uso propio	Mujeres	Valor absoluto	2021	498,7
T Actividades de los hogares como empleadores de personal doméstico; actividades de los hogares como productores de bienes y servicios para uso propio	Mujeres	Valor absoluto	2020	470,7
T Actividades de los hogares como empleadores de personal doméstico; actividades de los hogares como productores de bienes y servicios para uso propio	Mujeres	Valor absoluto	2019	522,3
T Actividades de los hogares como empleadores de personal doméstico; actividades de los hogares como productores de bienes y servicios para uso propio	Mujeres	Valor absoluto	2018	556
T Actividades de los hogares como empleadores de personal doméstico; actividades de los hogares como productores de bienes y servicios para uso propio	Mujeres	Valor absoluto	2017	555,7
T Actividades de los hogares como empleadores de personal doméstico; actividades de los hogares como productores de bienes y servicios para uso propio	Mujeres	Valor absoluto	2016	552,3
T Actividades de los hogares como empleadores de personal doméstico; actividades de los hogares como productores de bienes y servicios para uso propio	Mujeres	Valor absoluto	2015	565,4
T Actividades de los hogares como empleadores de personal doméstico; actividades de los hogares como productores de bienes y servicios para uso propio	Mujeres	Valor absoluto	2014	585,4
T Actividades de los hogares como empleadores de personal doméstico; actividades de los hogares como productores de bienes y servicios para uso propio	Mujeres	Valor absoluto	2013	591,7
T Actividades de los hogares como empleadores de personal doméstico; actividades de los hogares como productores de bienes y servicios para uso propio	Mujeres	Valor absoluto	2012	583,4
T Actividades de los hogares como empleadores de personal doméstico; actividades de los hogares como productores de bienes y servicios para uso propio	Mujeres	Valor absoluto	2011	624,2
T Actividades de los hogares como empleadores de personal doméstico; actividades de los hogares como productores de bienes y servicios para uso propio	Mujeres	Valor absoluto	2010	671,4
T Actividades de los hogares como empleadores de personal doméstico; actividades de los hogares como productores de bienes y servicios para uso propio	Mujeres	Valor absoluto	2009	652,9
T Actividades de los hogares como empleadores de personal doméstico; actividades de los hogares como productores de bienes y servicios para uso propio	Mujeres	Valor absoluto	2008	690,5
T Actividades de los hogares como empleadores de personal doméstico; actividades de los hogares como productores de bienes y servicios para uso propio	Mujeres	Porcentaje	2025	4,8
T Actividades de los hogares como empleadores de personal doméstico; actividades de los hogares como productores de bienes y servicios para uso propio	Mujeres	Porcentaje	2024	5,1
T Actividades de los hogares como empleadores de personal doméstico; actividades de los hogares como productores de bienes y servicios para uso propio	Mujeres	Porcentaje	2023	5,5
T Actividades de los hogares como empleadores de personal doméstico; actividades de los hogares como productores de bienes y servicios para uso propio	Mujeres	Porcentaje	2022	5,3
T Actividades de los hogares como empleadores de personal doméstico; actividades de los hogares como productores de bienes y servicios para uso propio	Mujeres	Porcentaje	2021	5,5
T Actividades de los hogares como empleadores de personal doméstico; actividades de los hogares como productores de bienes y servicios para uso propio	Mujeres	Porcentaje	2020	5,4
T Actividades de los hogares como empleadores de personal doméstico; actividades de los hogares como productores de bienes y servicios para uso propio	Mujeres	Porcentaje	2019	5,8
T Actividades de los hogares como empleadores de personal doméstico; actividades de los hogares como productores de bienes y servicios para uso propio	Mujeres	Porcentaje	2018	6,3
T Actividades de los hogares como empleadores de personal doméstico; actividades de los hogares como productores de bienes y servicios para uso propio	Mujeres	Porcentaje	2017	6,5
T Actividades de los hogares como empleadores de personal doméstico; actividades de los hogares como productores de bienes y servicios para uso propio	Mujeres	Porcentaje	2016	6,6
T Actividades de los hogares como empleadores de personal doméstico; actividades de los hogares como productores de bienes y servicios para uso propio	Mujeres	Porcentaje	2015	7
T Actividades de los hogares como empleadores de personal doméstico; actividades de los hogares como productores de bienes y servicios para uso propio	Mujeres	Porcentaje	2014	7,4
T Actividades de los hogares como empleadores de personal doméstico; actividades de los hogares como productores de bienes y servicios para uso propio	Mujeres	Porcentaje	2013	7,6
T Actividades de los hogares como empleadores de personal doméstico; actividades de los hogares como productores de bienes y servicios para uso propio	Mujeres	Porcentaje	2012	7,3
T Actividades de los hogares como empleadores de personal doméstico; actividades de los hogares como productores de bienes y servicios para uso propio	Mujeres	Porcentaje	2011	7,5
T Actividades de los hogares como empleadores de personal doméstico; actividades de los hogares como productores de bienes y servicios para uso propio	Mujeres	Porcentaje	2010	8,1
T Actividades de los hogares como empleadores de personal doméstico; actividades de los hogares como productores de bienes y servicios para uso propio	Mujeres	Porcentaje	2009	7,8
T Actividades de los hogares como empleadores de personal doméstico; actividades de los hogares como productores de bienes y servicios para uso propio	Mujeres	Porcentaje	2008	8
97 Actividades de los hogares como empleadores de personal doméstico	Ambos sexos	Valor absoluto	2025	562,6
97 Actividades de los hogares como empleadores de personal doméstico	Ambos sexos	Valor absoluto	2024	583,2
97 Actividades de los hogares como empleadores de personal doméstico	Ambos sexos	Valor absoluto	2023	601,2
97 Actividades de los hogares como empleadores de personal doméstico	Ambos sexos	Valor absoluto	2022	558,3
97 Actividades de los hogares como empleadores de personal doméstico	Ambos sexos	Valor absoluto	2021	567,4
97 Actividades de los hogares como empleadores de personal doméstico	Ambos sexos	Valor absoluto	2020	537,8
97 Actividades de los hogares como empleadores de personal doméstico	Ambos sexos	Valor absoluto	2019	595,2
97 Actividades de los hogares como empleadores de personal doméstico	Ambos sexos	Valor absoluto	2018	628,8
97 Actividades de los hogares como empleadores de personal doméstico	Ambos sexos	Valor absoluto	2017	631,7
97 Actividades de los hogares como empleadores de personal doméstico	Ambos sexos	Valor absoluto	2016	624
97 Actividades de los hogares como empleadores de personal doméstico	Ambos sexos	Valor absoluto	2015	627,8
97 Actividades de los hogares como empleadores de personal doméstico	Ambos sexos	Valor absoluto	2014	657
97 Actividades de los hogares como empleadores de personal doméstico	Ambos sexos	Valor absoluto	2013	669,8
97 Actividades de los hogares como empleadores de personal doméstico	Ambos sexos	Valor absoluto	2012	653,5
97 Actividades de los hogares como empleadores de personal doméstico	Ambos sexos	Valor absoluto	2011	686,9
97 Actividades de los hogares como empleadores de personal doméstico	Ambos sexos	Valor absoluto	2010	735,4
97 Actividades de los hogares como empleadores de personal doméstico	Ambos sexos	Valor absoluto	2009	718,6
97 Actividades de los hogares como empleadores de personal doméstico	Ambos sexos	Valor absoluto	2008	743
97 Actividades de los hogares como empleadores de personal doméstico	Ambos sexos	Porcentaje	2025	2,5
97 Actividades de los hogares como empleadores de personal doméstico	Ambos sexos	Porcentaje	2024	2,7
97 Actividades de los hogares como empleadores de personal doméstico	Ambos sexos	Porcentaje	2023	2,8
97 Actividades de los hogares como empleadores de personal doméstico	Ambos sexos	Porcentaje	2022	2,7
97 Actividades de los hogares como empleadores de personal doméstico	Ambos sexos	Porcentaje	2021	2,9
97 Actividades de los hogares como empleadores de personal doméstico	Ambos sexos	Porcentaje	2020	2,8
97 Actividades de los hogares como empleadores de personal doméstico	Ambos sexos	Porcentaje	2019	3
97 Actividades de los hogares como empleadores de personal doméstico	Ambos sexos	Porcentaje	2018	3,3
97 Actividades de los hogares como empleadores de personal doméstico	Ambos sexos	Porcentaje	2017	3,4
97 Actividades de los hogares como empleadores de personal doméstico	Ambos sexos	Porcentaje	2016	3,4
97 Actividades de los hogares como empleadores de personal doméstico	Ambos sexos	Porcentaje	2015	3,5
97 Actividades de los hogares como empleadores de personal doméstico	Ambos sexos	Porcentaje	2014	3,8
97 Actividades de los hogares como empleadores de personal doméstico	Ambos sexos	Porcentaje	2013	3,9
97 Actividades de los hogares como empleadores de personal doméstico	Ambos sexos	Porcentaje	2012	3,7
97 Actividades de los hogares como empleadores de personal doméstico	Ambos sexos	Porcentaje	2011	3,7
97 Actividades de los hogares como empleadores de personal doméstico	Ambos sexos	Porcentaje	2010	3,9
97 Actividades de los hogares como empleadores de personal doméstico	Ambos sexos	Porcentaje	2009	3,8
97 Actividades de los hogares como empleadores de personal doméstico	Ambos sexos	Porcentaje	2008	3,6
97 Actividades de los hogares como empleadores de personal doméstico	Hombres	Valor absoluto	2025	66,9
97 Actividades de los hogares como empleadores de personal doméstico	Hombres	Valor absoluto	2024	65,9
97 Actividades de los hogares como empleadores de personal doméstico	Hombres	Valor absoluto	2023	65
97 Actividades de los hogares como empleadores de personal doméstico	Hombres	Valor absoluto	2022	56,1
97 Actividades de los hogares como empleadores de personal doméstico	Hombres	Valor absoluto	2021	68,7
97 Actividades de los hogares como empleadores de personal doméstico	Hombres	Valor absoluto	2020	67,1
97 Actividades de los hogares como empleadores de personal doméstico	Hombres	Valor absoluto	2019	72,9
97 Actividades de los hogares como empleadores de personal doméstico	Hombres	Valor absoluto	2018	72,8
97 Actividades de los hogares como empleadores de personal doméstico	Hombres	Valor absoluto	2017	76,1
97 Actividades de los hogares como empleadores de personal doméstico	Hombres	Valor absoluto	2016	71,7
97 Actividades de los hogares como empleadores de personal doméstico	Hombres	Valor absoluto	2015	62,4
97 Actividades de los hogares como empleadores de personal doméstico	Hombres	Valor absoluto	2014	71,6
97 Actividades de los hogares como empleadores de personal doméstico	Hombres	Valor absoluto	2013	78,1
97 Actividades de los hogares como empleadores de personal doméstico	Hombres	Valor absoluto	2012	70
97 Actividades de los hogares como empleadores de personal doméstico	Hombres	Valor absoluto	2011	62,7
97 Actividades de los hogares como empleadores de personal doméstico	Hombres	Valor absoluto	2010	64
97 Actividades de los hogares como empleadores de personal doméstico	Hombres	Valor absoluto	2009	65,7
97 Actividades de los hogares como empleadores de personal doméstico	Hombres	Valor absoluto	2008	52,5
97 Actividades de los hogares como empleadores de personal doméstico	Hombres	Porcentaje	2025	0,6
97 Actividades de los hogares como empleadores de personal doméstico	Hombres	Porcentaje	2024	0,6
97 Actividades de los hogares como empleadores de personal doméstico	Hombres	Porcentaje	2023	0,6
97 Actividades de los hogares como empleadores de personal doméstico	Hombres	Porcentaje	2022	0,5
97 Actividades de los hogares como empleadores de personal doméstico	Hombres	Porcentaje	2021	0,6
97 Actividades de los hogares como empleadores de personal doméstico	Hombres	Porcentaje	2020	0,6
97 Actividades de los hogares como empleadores de personal doméstico	Hombres	Porcentaje	2019	0,7
97 Actividades de los hogares como empleadores de personal doméstico	Hombres	Porcentaje	2018	0,7
97 Actividades de los hogares como empleadores de personal doméstico	Hombres	Porcentaje	2017	0,7
97 Actividades de los hogares como empleadores de personal doméstico	Hombres	Porcentaje	2016	0,7
97 Actividades de los hogares como empleadores de personal doméstico	Hombres	Porcentaje	2015	0,6
97 Actividades de los hogares como empleadores de personal doméstico	Hombres	Porcentaje	2014	0,8
97 Actividades de los hogares como empleadores de personal doméstico	Hombres	Porcentaje	2013	0,8
97 Actividades de los hogares como empleadores de personal doméstico	Hombres	Porcentaje	2012	0,7
97 Actividades de los hogares como empleadores de personal doméstico	Hombres	Porcentaje	2011	0,6
97 Actividades de los hogares como empleadores de personal doméstico	Hombres	Porcentaje	2010	0,6
97 Actividades de los hogares como empleadores de personal doméstico	Hombres	Porcentaje	2009	0,6
97 Actividades de los hogares como empleadores de personal doméstico	Hombres	Porcentaje	2008	0,4
97 Actividades de los hogares como empleadores de personal doméstico	Mujeres	Valor absoluto	2025	495,7
97 Actividades de los hogares como empleadores de personal doméstico	Mujeres	Valor absoluto	2024	517,3
97 Actividades de los hogares como empleadores de personal doméstico	Mujeres	Valor absoluto	2023	536,2
97 Actividades de los hogares como empleadores de personal doméstico	Mujeres	Valor absoluto	2022	502,2
97 Actividades de los hogares como empleadores de personal doméstico	Mujeres	Valor absoluto	2021	498,7
97 Actividades de los hogares como empleadores de personal doméstico	Mujeres	Valor absoluto	2020	470,7
97 Actividades de los hogares como empleadores de personal doméstico	Mujeres	Valor absoluto	2019	522,3
97 Actividades de los hogares como empleadores de personal doméstico	Mujeres	Valor absoluto	2018	556
97 Actividades de los hogares como empleadores de personal doméstico	Mujeres	Valor absoluto	2017	555,7
97 Actividades de los hogares como empleadores de personal doméstico	Mujeres	Valor absoluto	2016	552,3
97 Actividades de los hogares como empleadores de personal doméstico	Mujeres	Valor absoluto	2015	565,4
97 Actividades de los hogares como empleadores de personal doméstico	Mujeres	Valor absoluto	2014	585,4
97 Actividades de los hogares como empleadores de personal doméstico	Mujeres	Valor absoluto	2013	591,7
97 Actividades de los hogares como empleadores de personal doméstico	Mujeres	Valor absoluto	2012	583,4
97 Actividades de los hogares como empleadores de personal doméstico	Mujeres	Valor absoluto	2011	624,2
97 Actividades de los hogares como empleadores de personal doméstico	Mujeres	Valor absoluto	2010	671,4
97 Actividades de los hogares como empleadores de personal doméstico	Mujeres	Valor absoluto	2009	652,9
97 Actividades de los hogares como empleadores de personal doméstico	Mujeres	Valor absoluto	2008	690,5
97 Actividades de los hogares como empleadores de personal doméstico	Mujeres	Porcentaje	2025	4,8
97 Actividades de los hogares como empleadores de personal doméstico	Mujeres	Porcentaje	2024	5,1
97 Actividades de los hogares como empleadores de personal doméstico	Mujeres	Porcentaje	2023	5,5
97 Actividades de los hogares como empleadores de personal doméstico	Mujeres	Porcentaje	2022	5,3
97 Actividades de los hogares como empleadores de personal doméstico	Mujeres	Porcentaje	2021	5,5
97 Actividades de los hogares como empleadores de personal doméstico	Mujeres	Porcentaje	2020	5,4
97 Actividades de los hogares como empleadores de personal doméstico	Mujeres	Porcentaje	2019	5,8
97 Actividades de los hogares como empleadores de personal doméstico	Mujeres	Porcentaje	2018	6,3
97 Actividades de los hogares como empleadores de personal doméstico	Mujeres	Porcentaje	2017	6,5
97 Actividades de los hogares como empleadores de personal doméstico	Mujeres	Porcentaje	2016	6,6
97 Actividades de los hogares como empleadores de personal doméstico	Mujeres	Porcentaje	2015	7
97 Actividades de los hogares como empleadores de personal doméstico	Mujeres	Porcentaje	2014	7,4
97 Actividades de los hogares como empleadores de personal doméstico	Mujeres	Porcentaje	2013	7,6
97 Actividades de los hogares como empleadores de personal doméstico	Mujeres	Porcentaje	2012	7,3
97 Actividades de los hogares como empleadores de personal doméstico	Mujeres	Porcentaje	2011	7,5
97 Actividades de los hogares como empleadores de personal doméstico	Mujeres	Porcentaje	2010	8,1
97 Actividades de los hogares como empleadores de personal doméstico	Mujeres	Porcentaje	2009	7,8
97 Actividades de los hogares como empleadores de personal doméstico	Mujeres	Porcentaje	2008	8
98 Actividades de los hogares como productores de bienes y servicios para uso propio	Ambos sexos	Valor absoluto	2025	..
98 Actividades de los hogares como productores de bienes y servicios para uso propio	Ambos sexos	Valor absoluto	2024	..
98 Actividades de los hogares como productores de bienes y servicios para uso propio	Ambos sexos	Valor absoluto	2023	..
98 Actividades de los hogares como productores de bienes y servicios para uso propio	Ambos sexos	Valor absoluto	2022	..
98 Actividades de los hogares como productores de bienes y servicios para uso propio	Ambos sexos	Valor absoluto	2021	..
98 Actividades de los hogares como productores de bienes y servicios para uso propio	Ambos sexos	Valor absoluto	2020	..
98 Actividades de los hogares como productores de bienes y servicios para uso propio	Ambos sexos	Valor absoluto	2019	..
98 Actividades de los hogares como productores de bienes y servicios para uso propio	Ambos sexos	Valor absoluto	2018	..
98 Actividades de los hogares como productores de bienes y servicios para uso propio	Ambos sexos	Valor absoluto	2017	..
98 Actividades de los hogares como productores de bienes y servicios para uso propio	Ambos sexos	Valor absoluto	2016	..
98 Actividades de los hogares como productores de bienes y servicios para uso propio	Ambos sexos	Valor absoluto	2015	..
98 Actividades de los hogares como productores de bienes y servicios para uso propio	Ambos sexos	Valor absoluto	2014	..
98 Actividades de los hogares como productores de bienes y servicios para uso propio	Ambos sexos	Valor absoluto	2013	..
98 Actividades de los hogares como productores de bienes y servicios para uso propio	Ambos sexos	Valor absoluto	2012	..
98 Actividades de los hogares como productores de bienes y servicios para uso propio	Ambos sexos	Valor absoluto	2011	..
98 Actividades de los hogares como productores de bienes y servicios para uso propio	Ambos sexos	Valor absoluto	2010	..
98 Actividades de los hogares como productores de bienes y servicios para uso propio	Ambos sexos	Valor absoluto	2009	..
98 Actividades de los hogares como productores de bienes y servicios para uso propio	Ambos sexos	Valor absoluto	2008	..
98 Actividades de los hogares como productores de bienes y servicios para uso propio	Ambos sexos	Porcentaje	2025	..
98 Actividades de los hogares como productores de bienes y servicios para uso propio	Ambos sexos	Porcentaje	2024	..
98 Actividades de los hogares como productores de bienes y servicios para uso propio	Ambos sexos	Porcentaje	2023	..
98 Actividades de los hogares como productores de bienes y servicios para uso propio	Ambos sexos	Porcentaje	2022	..
98 Actividades de los hogares como productores de bienes y servicios para uso propio	Ambos sexos	Porcentaje	2021	..
98 Actividades de los hogares como productores de bienes y servicios para uso propio	Ambos sexos	Porcentaje	2020	..
98 Actividades de los hogares como productores de bienes y servicios para uso propio	Ambos sexos	Porcentaje	2019	..
98 Actividades de los hogares como productores de bienes y servicios para uso propio	Ambos sexos	Porcentaje	2018	..
98 Actividades de los hogares como productores de bienes y servicios para uso propio	Ambos sexos	Porcentaje	2017	..
98 Actividades de los hogares como productores de bienes y servicios para uso propio	Ambos sexos	Porcentaje	2016	..
98 Actividades de los hogares como productores de bienes y servicios para uso propio	Ambos sexos	Porcentaje	2015	..
98 Actividades de los hogares como productores de bienes y servicios para uso propio	Ambos sexos	Porcentaje	2014	..
98 Actividades de los hogares como productores de bienes y servicios para uso propio	Ambos sexos	Porcentaje	2013	..
98 Actividades de los hogares como productores de bienes y servicios para uso propio	Ambos sexos	Porcentaje	2012	..
98 Actividades de los hogares como productores de bienes y servicios para uso propio	Ambos sexos	Porcentaje	2011	..
98 Actividades de los hogares como productores de bienes y servicios para uso propio	Ambos sexos	Porcentaje	2010	..
98 Actividades de los hogares como productores de bienes y servicios para uso propio	Ambos sexos	Porcentaje	2009	..
98 Actividades de los hogares como productores de bienes y servicios para uso propio	Ambos sexos	Porcentaje	2008	..
98 Actividades de los hogares como productores de bienes y servicios para uso propio	Hombres	Valor absoluto	2025	..
98 Actividades de los hogares como productores de bienes y servicios para uso propio	Hombres	Valor absoluto	2024	..
98 Actividades de los hogares como productores de bienes y servicios para uso propio	Hombres	Valor absoluto	2023	..
98 Actividades de los hogares como productores de bienes y servicios para uso propio	Hombres	Valor absoluto	2022	..
98 Actividades de los hogares como productores de bienes y servicios para uso propio	Hombres	Valor absoluto	2021	..
98 Actividades de los hogares como productores de bienes y servicios para uso propio	Hombres	Valor absoluto	2020	..
98 Actividades de los hogares como productores de bienes y servicios para uso propio	Hombres	Valor absoluto	2019	..
98 Actividades de los hogares como productores de bienes y servicios para uso propio	Hombres	Valor absoluto	2018	..
98 Actividades de los hogares como productores de bienes y servicios para uso propio	Hombres	Valor absoluto	2017	..
98 Actividades de los hogares como productores de bienes y servicios para uso propio	Hombres	Valor absoluto	2016	..
98 Actividades de los hogares como productores de bienes y servicios para uso propio	Hombres	Valor absoluto	2015	..
98 Actividades de los hogares como productores de bienes y servicios para uso propio	Hombres	Valor absoluto	2014	..
98 Actividades de los hogares como productores de bienes y servicios para uso propio	Hombres	Valor absoluto	2013	..
98 Actividades de los hogares como productores de bienes y servicios para uso propio	Hombres	Valor absoluto	2012	..
98 Actividades de los hogares como productores de bienes y servicios para uso propio	Hombres	Valor absoluto	2011	..
98 Actividades de los hogares como productores de bienes y servicios para uso propio	Hombres	Valor absoluto	2010	..
98 Actividades de los hogares como productores de bienes y servicios para uso propio	Hombres	Valor absoluto	2009	..
98 Actividades de los hogares como productores de bienes y servicios para uso propio	Hombres	Valor absoluto	2008	..
98 Actividades de los hogares como productores de bienes y servicios para uso propio	Hombres	Porcentaje	2025	..
98 Actividades de los hogares como productores de bienes y servicios para uso propio	Hombres	Porcentaje	2024	..
98 Actividades de los hogares como productores de bienes y servicios para uso propio	Hombres	Porcentaje	2023	..
98 Actividades de los hogares como productores de bienes y servicios para uso propio	Hombres	Porcentaje	2022	..
98 Actividades de los hogares como productores de bienes y servicios para uso propio	Hombres	Porcentaje	2021	..
98 Actividades de los hogares como productores de bienes y servicios para uso propio	Hombres	Porcentaje	2020	..
98 Actividades de los hogares como productores de bienes y servicios para uso propio	Hombres	Porcentaje	2019	..
98 Actividades de los hogares como productores de bienes y servicios para uso propio	Hombres	Porcentaje	2018	..
98 Actividades de los hogares como productores de bienes y servicios para uso propio	Hombres	Porcentaje	2017	..
98 Actividades de los hogares como productores de bienes y servicios para uso propio	Hombres	Porcentaje	2016	..
98 Actividades de los hogares como productores de bienes y servicios para uso propio	Hombres	Porcentaje	2015	..
98 Actividades de los hogares como productores de bienes y servicios para uso propio	Hombres	Porcentaje	2014	..
98 Actividades de los hogares como productores de bienes y servicios para uso propio	Hombres	Porcentaje	2013	..
98 Actividades de los hogares como productores de bienes y servicios para uso propio	Hombres	Porcentaje	2012	..
98 Actividades de los hogares como productores de bienes y servicios para uso propio	Hombres	Porcentaje	2011	..
98 Actividades de los hogares como productores de bienes y servicios para uso propio	Hombres	Porcentaje	2010	..
98 Actividades de los hogares como productores de bienes y servicios para uso propio	Hombres	Porcentaje	2009	..
98 Actividades de los hogares como productores de bienes y servicios para uso propio	Hombres	Porcentaje	2008	..
98 Actividades de los hogares como productores de bienes y servicios para uso propio	Mujeres	Valor absoluto	2025	..
98 Actividades de los hogares como productores de bienes y servicios para uso propio	Mujeres	Valor absoluto	2024	..
98 Actividades de los hogares como productores de bienes y servicios para uso propio	Mujeres	Valor absoluto	2023	..
98 Actividades de los hogares como productores de bienes y servicios para uso propio	Mujeres	Valor absoluto	2022	..
98 Actividades de los hogares como productores de bienes y servicios para uso propio	Mujeres	Valor absoluto	2021	..
98 Actividades de los hogares como productores de bienes y servicios para uso propio	Mujeres	Valor absoluto	2020	..
98 Actividades de los hogares como productores de bienes y servicios para uso propio	Mujeres	Valor absoluto	2019	..
98 Actividades de los hogares como productores de bienes y servicios para uso propio	Mujeres	Valor absoluto	2018	..
98 Actividades de los hogares como productores de bienes y servicios para uso propio	Mujeres	Valor absoluto	2017	..
98 Actividades de los hogares como productores de bienes y servicios para uso propio	Mujeres	Valor absoluto	2016	..
98 Actividades de los hogares como productores de bienes y servicios para uso propio	Mujeres	Valor absoluto	2015	..
98 Actividades de los hogares como productores de bienes y servicios para uso propio	Mujeres	Valor absoluto	2014	..
98 Actividades de los hogares como productores de bienes y servicios para uso propio	Mujeres	Valor absoluto	2013	..
98 Actividades de los hogares como productores de bienes y servicios para uso propio	Mujeres	Valor absoluto	2012	..
98 Actividades de los hogares como productores de bienes y servicios para uso propio	Mujeres	Valor absoluto	2011	..
98 Actividades de los hogares como productores de bienes y servicios para uso propio	Mujeres	Valor absoluto	2010	..
98 Actividades de los hogares como productores de bienes y servicios para uso propio	Mujeres	Valor absoluto	2009	..
98 Actividades de los hogares como productores de bienes y servicios para uso propio	Mujeres	Valor absoluto	2008	..
98 Actividades de los hogares como productores de bienes y servicios para uso propio	Mujeres	Porcentaje	2025	..
98 Actividades de los hogares como productores de bienes y servicios para uso propio	Mujeres	Porcentaje	2024	..
98 Actividades de los hogares como productores de bienes y servicios para uso propio	Mujeres	Porcentaje	2023	..
98 Actividades de los hogares como productores de bienes y servicios para uso propio	Mujeres	Porcentaje	2022	..
98 Actividades de los hogares como productores de bienes y servicios para uso propio	Mujeres	Porcentaje	2021	..
98 Actividades de los hogares como productores de bienes y servicios para uso propio	Mujeres	Porcentaje	2020	..
98 Actividades de los hogares como productores de bienes y servicios para uso propio	Mujeres	Porcentaje	2019	..
98 Actividades de los hogares como productores de bienes y servicios para uso propio	Mujeres	Porcentaje	2018	..
98 Actividades de los hogares como productores de bienes y servicios para uso propio	Mujeres	Porcentaje	2017	..
98 Actividades de los hogares como productores de bienes y servicios para uso propio	Mujeres	Porcentaje	2016	..
98 Actividades de los hogares como productores de bienes y servicios para uso propio	Mujeres	Porcentaje	2015	..
98 Actividades de los hogares como productores de bienes y servicios para uso propio	Mujeres	Porcentaje	2014	..
98 Actividades de los hogares como productores de bienes y servicios para uso propio	Mujeres	Porcentaje	2013	..
98 Actividades de los hogares como productores de bienes y servicios para uso propio	Mujeres	Porcentaje	2012	..
98 Actividades de los hogares como productores de bienes y servicios para uso propio	Mujeres	Porcentaje	2011	..
98 Actividades de los hogares como productores de bienes y servicios para uso propio	Mujeres	Porcentaje	2010	..
98 Actividades de los hogares como productores de bienes y servicios para uso propio	Mujeres	Porcentaje	2009	..
98 Actividades de los hogares como productores de bienes y servicios para uso propio	Mujeres	Porcentaje	2008	..
U Actividades de organizaciones y organismos extraterritoriales	Ambos sexos	Valor absoluto	2025	6,1
U Actividades de organizaciones y organismos extraterritoriales	Ambos sexos	Valor absoluto	2024	5,9
U Actividades de organizaciones y organismos extraterritoriales	Ambos sexos	Valor absoluto	2023	4,1
U Actividades de organizaciones y organismos extraterritoriales	Ambos sexos	Valor absoluto	2022	3,4
U Actividades de organizaciones y organismos extraterritoriales	Ambos sexos	Valor absoluto	2021	4,1
U Actividades de organizaciones y organismos extraterritoriales	Ambos sexos	Valor absoluto	2020	4,5
U Actividades de organizaciones y organismos extraterritoriales	Ambos sexos	Valor absoluto	2019	3,1
U Actividades de organizaciones y organismos extraterritoriales	Ambos sexos	Valor absoluto	2018	2,5
U Actividades de organizaciones y organismos extraterritoriales	Ambos sexos	Valor absoluto	2017	3,4
U Actividades de organizaciones y organismos extraterritoriales	Ambos sexos	Valor absoluto	2016	3,5
U Actividades de organizaciones y organismos extraterritoriales	Ambos sexos	Valor absoluto	2015	2,4
U Actividades de organizaciones y organismos extraterritoriales	Ambos sexos	Valor absoluto	2014	3
U Actividades de organizaciones y organismos extraterritoriales	Ambos sexos	Valor absoluto	2013	6,6
U Actividades de organizaciones y organismos extraterritoriales	Ambos sexos	Valor absoluto	2012	5
U Actividades de organizaciones y organismos extraterritoriales	Ambos sexos	Valor absoluto	2011	4,3
U Actividades de organizaciones y organismos extraterritoriales	Ambos sexos	Valor absoluto	2010	2,9
U Actividades de organizaciones y organismos extraterritoriales	Ambos sexos	Valor absoluto	2009	2
U Actividades de organizaciones y organismos extraterritoriales	Ambos sexos	Valor absoluto	2008	2,1
U Actividades de organizaciones y organismos extraterritoriales	Ambos sexos	Porcentaje	2025	0
U Actividades de organizaciones y organismos extraterritoriales	Ambos sexos	Porcentaje	2024	0
U Actividades de organizaciones y organismos extraterritoriales	Ambos sexos	Porcentaje	2023	0
U Actividades de organizaciones y organismos extraterritoriales	Ambos sexos	Porcentaje	2022	0
U Actividades de organizaciones y organismos extraterritoriales	Ambos sexos	Porcentaje	2021	0
U Actividades de organizaciones y organismos extraterritoriales	Ambos sexos	Porcentaje	2020	0
U Actividades de organizaciones y organismos extraterritoriales	Ambos sexos	Porcentaje	2019	0
U Actividades de organizaciones y organismos extraterritoriales	Ambos sexos	Porcentaje	2018	0
U Actividades de organizaciones y organismos extraterritoriales	Ambos sexos	Porcentaje	2017	0
U Actividades de organizaciones y organismos extraterritoriales	Ambos sexos	Porcentaje	2016	0
U Actividades de organizaciones y organismos extraterritoriales	Ambos sexos	Porcentaje	2015	0
U Actividades de organizaciones y organismos extraterritoriales	Ambos sexos	Porcentaje	2014	0
U Actividades de organizaciones y organismos extraterritoriales	Ambos sexos	Porcentaje	2013	0
U Actividades de organizaciones y organismos extraterritoriales	Ambos sexos	Porcentaje	2012	0
U Actividades de organizaciones y organismos extraterritoriales	Ambos sexos	Porcentaje	2011	0
U Actividades de organizaciones y organismos extraterritoriales	Ambos sexos	Porcentaje	2010	0
U Actividades de organizaciones y organismos extraterritoriales	Ambos sexos	Porcentaje	2009	0
U Actividades de organizaciones y organismos extraterritoriales	Ambos sexos	Porcentaje	2008	0
U Actividades de organizaciones y organismos extraterritoriales	Hombres	Valor absoluto	2025	2,1
U Actividades de organizaciones y organismos extraterritoriales	Hombres	Valor absoluto	2024	2,7
U Actividades de organizaciones y organismos extraterritoriales	Hombres	Valor absoluto	2023	2
U Actividades de organizaciones y organismos extraterritoriales	Hombres	Valor absoluto	2022	1
U Actividades de organizaciones y organismos extraterritoriales	Hombres	Valor absoluto	2021	2,3
U Actividades de organizaciones y organismos extraterritoriales	Hombres	Valor absoluto	2020	2,7
U Actividades de organizaciones y organismos extraterritoriales	Hombres	Valor absoluto	2019	1,6
U Actividades de organizaciones y organismos extraterritoriales	Hombres	Valor absoluto	2018	1
U Actividades de organizaciones y organismos extraterritoriales	Hombres	Valor absoluto	2017	0,6
U Actividades de organizaciones y organismos extraterritoriales	Hombres	Valor absoluto	2016	2,1
U Actividades de organizaciones y organismos extraterritoriales	Hombres	Valor absoluto	2015	1,3
U Actividades de organizaciones y organismos extraterritoriales	Hombres	Valor absoluto	2014	1,4
U Actividades de organizaciones y organismos extraterritoriales	Hombres	Valor absoluto	2013	1,2
U Actividades de organizaciones y organismos extraterritoriales	Hombres	Valor absoluto	2012	1,4
U Actividades de organizaciones y organismos extraterritoriales	Hombres	Valor absoluto	2011	1,8
U Actividades de organizaciones y organismos extraterritoriales	Hombres	Valor absoluto	2010	1,4
U Actividades de organizaciones y organismos extraterritoriales	Hombres	Valor absoluto	2009	1,3
U Actividades de organizaciones y organismos extraterritoriales	Hombres	Valor absoluto	2008	1,2
U Actividades de organizaciones y organismos extraterritoriales	Hombres	Porcentaje	2025	0
U Actividades de organizaciones y organismos extraterritoriales	Hombres	Porcentaje	2024	0
U Actividades de organizaciones y organismos extraterritoriales	Hombres	Porcentaje	2023	0
U Actividades de organizaciones y organismos extraterritoriales	Hombres	Porcentaje	2022	0
U Actividades de organizaciones y organismos extraterritoriales	Hombres	Porcentaje	2021	0
U Actividades de organizaciones y organismos extraterritoriales	Hombres	Porcentaje	2020	0
U Actividades de organizaciones y organismos extraterritoriales	Hombres	Porcentaje	2019	0
U Actividades de organizaciones y organismos extraterritoriales	Hombres	Porcentaje	2018	0
U Actividades de organizaciones y organismos extraterritoriales	Hombres	Porcentaje	2017	0
U Actividades de organizaciones y organismos extraterritoriales	Hombres	Porcentaje	2016	0
U Actividades de organizaciones y organismos extraterritoriales	Hombres	Porcentaje	2015	0
U Actividades de organizaciones y organismos extraterritoriales	Hombres	Porcentaje	2014	0
U Actividades de organizaciones y organismos extraterritoriales	Hombres	Porcentaje	2013	0
U Actividades de organizaciones y organismos extraterritoriales	Hombres	Porcentaje	2012	0
U Actividades de organizaciones y organismos extraterritoriales	Hombres	Porcentaje	2011	0
U Actividades de organizaciones y organismos extraterritoriales	Hombres	Porcentaje	2010	0
U Actividades de organizaciones y organismos extraterritoriales	Hombres	Porcentaje	2009	0
U Actividades de organizaciones y organismos extraterritoriales	Hombres	Porcentaje	2008	0
U Actividades de organizaciones y organismos extraterritoriales	Mujeres	Valor absoluto	2025	4
U Actividades de organizaciones y organismos extraterritoriales	Mujeres	Valor absoluto	2024	3,2
U Actividades de organizaciones y organismos extraterritoriales	Mujeres	Valor absoluto	2023	2,1
U Actividades de organizaciones y organismos extraterritoriales	Mujeres	Valor absoluto	2022	2,4
U Actividades de organizaciones y organismos extraterritoriales	Mujeres	Valor absoluto	2021	1,8
U Actividades de organizaciones y organismos extraterritoriales	Mujeres	Valor absoluto	2020	1,8
U Actividades de organizaciones y organismos extraterritoriales	Mujeres	Valor absoluto	2019	1,5
U Actividades de organizaciones y organismos extraterritoriales	Mujeres	Valor absoluto	2018	1,5
U Actividades de organizaciones y organismos extraterritoriales	Mujeres	Valor absoluto	2017	2,8
U Actividades de organizaciones y organismos extraterritoriales	Mujeres	Valor absoluto	2016	1,4
U Actividades de organizaciones y organismos extraterritoriales	Mujeres	Valor absoluto	2015	1,1
U Actividades de organizaciones y organismos extraterritoriales	Mujeres	Valor absoluto	2014	1,6
U Actividades de organizaciones y organismos extraterritoriales	Mujeres	Valor absoluto	2013	5,4
U Actividades de organizaciones y organismos extraterritoriales	Mujeres	Valor absoluto	2012	3,6
U Actividades de organizaciones y organismos extraterritoriales	Mujeres	Valor absoluto	2011	2,5
U Actividades de organizaciones y organismos extraterritoriales	Mujeres	Valor absoluto	2010	1,5
U Actividades de organizaciones y organismos extraterritoriales	Mujeres	Valor absoluto	2009	0,7
U Actividades de organizaciones y organismos extraterritoriales	Mujeres	Valor absoluto	2008	0,9
U Actividades de organizaciones y organismos extraterritoriales	Mujeres	Porcentaje	2025	0
U Actividades de organizaciones y organismos extraterritoriales	Mujeres	Porcentaje	2024	0
U Actividades de organizaciones y organismos extraterritoriales	Mujeres	Porcentaje	2023	0
U Actividades de organizaciones y organismos extraterritoriales	Mujeres	Porcentaje	2022	0
U Actividades de organizaciones y organismos extraterritoriales	Mujeres	Porcentaje	2021	0
U Actividades de organizaciones y organismos extraterritoriales	Mujeres	Porcentaje	2020	0
U Actividades de organizaciones y organismos extraterritoriales	Mujeres	Porcentaje	2019	0
U Actividades de organizaciones y organismos extraterritoriales	Mujeres	Porcentaje	2018	0
U Actividades de organizaciones y organismos extraterritoriales	Mujeres	Porcentaje	2017	0
U Actividades de organizaciones y organismos extraterritoriales	Mujeres	Porcentaje	2016	0
U Actividades de organizaciones y organismos extraterritoriales	Mujeres	Porcentaje	2015	0
U Actividades de organizaciones y organismos extraterritoriales	Mujeres	Porcentaje	2014	0
U Actividades de organizaciones y organismos extraterritoriales	Mujeres	Porcentaje	2013	0,1
U Actividades de organizaciones y organismos extraterritoriales	Mujeres	Porcentaje	2012	0
U Actividades de organizaciones y organismos extraterritoriales	Mujeres	Porcentaje	2011	0
U Actividades de organizaciones y organismos extraterritoriales	Mujeres	Porcentaje	2010	0
U Actividades de organizaciones y organismos extraterritoriales	Mujeres	Porcentaje	2009	0
U Actividades de organizaciones y organismos extraterritoriales	Mujeres	Porcentaje	2008	0
99 Actividades de organizaciones y organismos extraterritoriales	Ambos sexos	Valor absoluto	2025	6,1
99 Actividades de organizaciones y organismos extraterritoriales	Ambos sexos	Valor absoluto	2024	5,9
99 Actividades de organizaciones y organismos extraterritoriales	Ambos sexos	Valor absoluto	2023	4,1
99 Actividades de organizaciones y organismos extraterritoriales	Ambos sexos	Valor absoluto	2022	3,4
99 Actividades de organizaciones y organismos extraterritoriales	Ambos sexos	Valor absoluto	2021	4,1
99 Actividades de organizaciones y organismos extraterritoriales	Ambos sexos	Valor absoluto	2020	4,5
99 Actividades de organizaciones y organismos extraterritoriales	Ambos sexos	Valor absoluto	2019	3,1
99 Actividades de organizaciones y organismos extraterritoriales	Ambos sexos	Valor absoluto	2018	2,5
99 Actividades de organizaciones y organismos extraterritoriales	Ambos sexos	Valor absoluto	2017	3,4
99 Actividades de organizaciones y organismos extraterritoriales	Ambos sexos	Valor absoluto	2016	3,5
99 Actividades de organizaciones y organismos extraterritoriales	Ambos sexos	Valor absoluto	2015	2,4
99 Actividades de organizaciones y organismos extraterritoriales	Ambos sexos	Valor absoluto	2014	3
99 Actividades de organizaciones y organismos extraterritoriales	Ambos sexos	Valor absoluto	2013	6,6
99 Actividades de organizaciones y organismos extraterritoriales	Ambos sexos	Valor absoluto	2012	5
99 Actividades de organizaciones y organismos extraterritoriales	Ambos sexos	Valor absoluto	2011	4,3
99 Actividades de organizaciones y organismos extraterritoriales	Ambos sexos	Valor absoluto	2010	2,9
99 Actividades de organizaciones y organismos extraterritoriales	Ambos sexos	Valor absoluto	2009	2
99 Actividades de organizaciones y organismos extraterritoriales	Ambos sexos	Valor absoluto	2008	2,1
99 Actividades de organizaciones y organismos extraterritoriales	Ambos sexos	Porcentaje	2025	0
99 Actividades de organizaciones y organismos extraterritoriales	Ambos sexos	Porcentaje	2024	0
99 Actividades de organizaciones y organismos extraterritoriales	Ambos sexos	Porcentaje	2023	0
99 Actividades de organizaciones y organismos extraterritoriales	Ambos sexos	Porcentaje	2022	0
99 Actividades de organizaciones y organismos extraterritoriales	Ambos sexos	Porcentaje	2021	0
99 Actividades de organizaciones y organismos extraterritoriales	Ambos sexos	Porcentaje	2020	0
99 Actividades de organizaciones y organismos extraterritoriales	Ambos sexos	Porcentaje	2019	0
99 Actividades de organizaciones y organismos extraterritoriales	Ambos sexos	Porcentaje	2018	0
99 Actividades de organizaciones y organismos extraterritoriales	Ambos sexos	Porcentaje	2017	0
99 Actividades de organizaciones y organismos extraterritoriales	Ambos sexos	Porcentaje	2016	0
99 Actividades de organizaciones y organismos extraterritoriales	Ambos sexos	Porcentaje	2015	0
99 Actividades de organizaciones y organismos extraterritoriales	Ambos sexos	Porcentaje	2014	0
99 Actividades de organizaciones y organismos extraterritoriales	Ambos sexos	Porcentaje	2013	0
99 Actividades de organizaciones y organismos extraterritoriales	Ambos sexos	Porcentaje	2012	0
99 Actividades de organizaciones y organismos extraterritoriales	Ambos sexos	Porcentaje	2011	0
99 Actividades de organizaciones y organismos extraterritoriales	Ambos sexos	Porcentaje	2010	0
99 Actividades de organizaciones y organismos extraterritoriales	Ambos sexos	Porcentaje	2009	0
99 Actividades de organizaciones y organismos extraterritoriales	Ambos sexos	Porcentaje	2008	0
99 Actividades de organizaciones y organismos extraterritoriales	Hombres	Valor absoluto	2025	2,1
99 Actividades de organizaciones y organismos extraterritoriales	Hombres	Valor absoluto	2024	2,7
99 Actividades de organizaciones y organismos extraterritoriales	Hombres	Valor absoluto	2023	2
99 Actividades de organizaciones y organismos extraterritoriales	Hombres	Valor absoluto	2022	1
99 Actividades de organizaciones y organismos extraterritoriales	Hombres	Valor absoluto	2021	2,3
99 Actividades de organizaciones y organismos extraterritoriales	Hombres	Valor absoluto	2020	2,7
99 Actividades de organizaciones y organismos extraterritoriales	Hombres	Valor absoluto	2019	1,6
99 Actividades de organizaciones y organismos extraterritoriales	Hombres	Valor absoluto	2018	1
99 Actividades de organizaciones y organismos extraterritoriales	Hombres	Valor absoluto	2017	0,6
99 Actividades de organizaciones y organismos extraterritoriales	Hombres	Valor absoluto	2016	2,1
99 Actividades de organizaciones y organismos extraterritoriales	Hombres	Valor absoluto	2015	1,3
99 Actividades de organizaciones y organismos extraterritoriales	Hombres	Valor absoluto	2014	1,4
99 Actividades de organizaciones y organismos extraterritoriales	Hombres	Valor absoluto	2013	1,2
99 Actividades de organizaciones y organismos extraterritoriales	Hombres	Valor absoluto	2012	1,4
99 Actividades de organizaciones y organismos extraterritoriales	Hombres	Valor absoluto	2011	1,8
99 Actividades de organizaciones y organismos extraterritoriales	Hombres	Valor absoluto	2010	1,4
99 Actividades de organizaciones y organismos extraterritoriales	Hombres	Valor absoluto	2009	1,3
99 Actividades de organizaciones y organismos extraterritoriales	Hombres	Valor absoluto	2008	1,2
99 Actividades de organizaciones y organismos extraterritoriales	Hombres	Porcentaje	2025	0
99 Actividades de organizaciones y organismos extraterritoriales	Hombres	Porcentaje	2024	0
99 Actividades de organizaciones y organismos extraterritoriales	Hombres	Porcentaje	2023	0
99 Actividades de organizaciones y organismos extraterritoriales	Hombres	Porcentaje	2022	0
99 Actividades de organizaciones y organismos extraterritoriales	Hombres	Porcentaje	2021	0
99 Actividades de organizaciones y organismos extraterritoriales	Hombres	Porcentaje	2020	0
99 Actividades de organizaciones y organismos extraterritoriales	Hombres	Porcentaje	2019	0
99 Actividades de organizaciones y organismos extraterritoriales	Hombres	Porcentaje	2018	0
99 Actividades de organizaciones y organismos extraterritoriales	Hombres	Porcentaje	2017	0
99 Actividades de organizaciones y organismos extraterritoriales	Hombres	Porcentaje	2016	0
99 Actividades de organizaciones y organismos extraterritoriales	Hombres	Porcentaje	2015	0
99 Actividades de organizaciones y organismos extraterritoriales	Hombres	Porcentaje	2014	0
99 Actividades de organizaciones y organismos extraterritoriales	Hombres	Porcentaje	2013	0
99 Actividades de organizaciones y organismos extraterritoriales	Hombres	Porcentaje	2012	0
99 Actividades de organizaciones y organismos extraterritoriales	Hombres	Porcentaje	2011	0
99 Actividades de organizaciones y organismos extraterritoriales	Hombres	Porcentaje	2010	0
99 Actividades de organizaciones y organismos extraterritoriales	Hombres	Porcentaje	2009	0
99 Actividades de organizaciones y organismos extraterritoriales	Hombres	Porcentaje	2008	0
99 Actividades de organizaciones y organismos extraterritoriales	Mujeres	Valor absoluto	2025	4
99 Actividades de organizaciones y organismos extraterritoriales	Mujeres	Valor absoluto	2024	3,2
99 Actividades de organizaciones y organismos extraterritoriales	Mujeres	Valor absoluto	2023	2,1
99 Actividades de organizaciones y organismos extraterritoriales	Mujeres	Valor absoluto	2022	2,4
99 Actividades de organizaciones y organismos extraterritoriales	Mujeres	Valor absoluto	2021	1,8
99 Actividades de organizaciones y organismos extraterritoriales	Mujeres	Valor absoluto	2020	1,8
99 Actividades de organizaciones y organismos extraterritoriales	Mujeres	Valor absoluto	2019	1,5
99 Actividades de organizaciones y organismos extraterritoriales	Mujeres	Valor absoluto	2018	1,5
99 Actividades de organizaciones y organismos extraterritoriales	Mujeres	Valor absoluto	2017	2,8
99 Actividades de organizaciones y organismos extraterritoriales	Mujeres	Valor absoluto	2016	1,4
99 Actividades de organizaciones y organismos extraterritoriales	Mujeres	Valor absoluto	2015	1,1
99 Actividades de organizaciones y organismos extraterritoriales	Mujeres	Valor absoluto	2014	1,6
99 Actividades de organizaciones y organismos extraterritoriales	Mujeres	Valor absoluto	2013	5,4
99 Actividades de organizaciones y organismos extraterritoriales	Mujeres	Valor absoluto	2012	3,6
99 Actividades de organizaciones y organismos extraterritoriales	Mujeres	Valor absoluto	2011	2,5
99 Actividades de organizaciones y organismos extraterritoriales	Mujeres	Valor absoluto	2010	1,5
99 Actividades de organizaciones y organismos extraterritoriales	Mujeres	Valor absoluto	2009	0,7
99 Actividades de organizaciones y organismos extraterritoriales	Mujeres	Valor absoluto	2008	0,9
99 Actividades de organizaciones y organismos extraterritoriales	Mujeres	Porcentaje	2025	0
99 Actividades de organizaciones y organismos extraterritoriales	Mujeres	Porcentaje	2024	0
99 Actividades de organizaciones y organismos extraterritoriales	Mujeres	Porcentaje	2023	0
99 Actividades de organizaciones y organismos extraterritoriales	Mujeres	Porcentaje	2022	0
99 Actividades de organizaciones y organismos extraterritoriales	Mujeres	Porcentaje	2021	0
99 Actividades de organizaciones y organismos extraterritoriales	Mujeres	Porcentaje	2020	0
99 Actividades de organizaciones y organismos extraterritoriales	Mujeres	Porcentaje	2019	0
99 Actividades de organizaciones y organismos extraterritoriales	Mujeres	Porcentaje	2018	0
99 Actividades de organizaciones y organismos extraterritoriales	Mujeres	Porcentaje	2017	0
99 Actividades de organizaciones y organismos extraterritoriales	Mujeres	Porcentaje	2016	0
99 Actividades de organizaciones y organismos extraterritoriales	Mujeres	Porcentaje	2015	0
99 Actividades de organizaciones y organismos extraterritoriales	Mujeres	Porcentaje	2014	0
99 Actividades de organizaciones y organismos extraterritoriales	Mujeres	Porcentaje	2013	0,1
99 Actividades de organizaciones y organismos extraterritoriales	Mujeres	Porcentaje	2012	0
99 Actividades de organizaciones y organismos extraterritoriales	Mujeres	Porcentaje	2011	0
99 Actividades de organizaciones y organismos extraterritoriales	Mujeres	Porcentaje	2010	0
99 Actividades de organizaciones y organismos extraterritoriales	Mujeres	Porcentaje	2009	0
99 Actividades de organizaciones y organismos extraterritoriales	Mujeres	Porcentaje	2008	0
