tx_id,fecha,hora,categoria_comercio,pais,tipo_tarjeta,canal,importe_usd,aprobada
visa_300000,2024-09-26,10,Salud,DE,Credito,Online,30.78,1
visa_300001,2024-08-23,18,Salud,MX,Debito,Online,145.98,1
visa_300002,2024-04-11,10,Entretenimiento,FR,Debito,Online,20.66,1
visa_300003,2024-03-12,18,Salud,DE,Debito,Contactless,82.67,1
visa_300004,2024-05-30,1,Viajes,FR,Debito,Online,909.32,1
visa_300005,2024-03-24,7,Combustible,GB,Debito,POS_fisico,56.36,1
visa_300006,2024-06-08,10,Electronica,JP,Credito,Online,256.15,1
visa_300007,2024-01-03,19,Combustible,MX,Debito,Online,67.85,1
visa_300008,2024-01-14,15,Salud,MX,Credito,Contactless,69.48,1
visa_300009,2024-08-20,13,Supermercado,US,Credito,Online,21.8,1
visa_300010,2024-04-11,13,Ropa,US,Debito,POS_fisico,58.16,1
visa_300011,2024-08-30,10,Entretenimiento,GB,Debito,POS_fisico,46.01,1
visa_300012,2024-05-02,18,Ropa,FR,Credito,POS_fisico,96.42,1
visa_300013,2024-02-25,22,Supermercado,US,Credito,Online,42.49,1
visa_300014,2024-12-17,10,Electronica,FR,Debito,POS_fisico,181.85,1
visa_300015,2024-12-20,18,Supermercado,US,Prepago,Contactless,33.43,1
visa_300016,2024-02-16,17,Salud,ES,Debito,POS_fisico,53.37,1
visa_300017,2024-10-04,0,Restauracion,FR,Debito,Online,30.29,1
visa_300018,2024-10-04,10,Salud,DE,Credito,Online,78.9,1
visa_300019,2024-08-03,4,Supermercado,GB,Debito,POS_fisico,66.93,1
visa_300020,2024-02-25,22,Supermercado,GB,Credito,POS_fisico,78.0,0
visa_300021,2024-12-09,10,Viajes,JP,Credito,POS_fisico,839.66,1
visa_300022,2024-04-14,11,Ropa,FR,Debito,POS_fisico,59.68,1
visa_300023,2024-09-03,15,Entretenimiento,US,Credito,POS_fisico,19.8,1
visa_300024,2024-12-22,15,Restauracion,ES,Credito,Online,72.11,1
visa_300025,2024-04-26,23,Supermercado,ES,Credito,POS_fisico,35.01,1
visa_300026,2024-07-14,6,Online,DE,Credito,POS_fisico,33.48,1
visa_300027,2024-11-23,5,Combustible,US,Prepago,Contactless,143.0,1
visa_300028,2024-09-26,7,Viajes,FR,Credito,Online,514.53,1
visa_300029,2024-02-26,21,Restauracion,MX,Prepago,POS_fisico,104.13,1
visa_300030,2024-04-27,14,Supermercado,GB,Credito,POS_fisico,33.62,1
visa_300031,2024-09-05,0,Viajes,JP,Debito,POS_fisico,607.23,1
visa_300032,2024-01-10,12,Supermercado,GB,Credito,Online,33.93,1
visa_300033,2024-04-20,23,Salud,MX,Debito,POS_fisico,117.74,1
visa_300034,2024-08-06,15,Viajes,FR,Prepago,POS_fisico,190.95,0
visa_300035,2024-08-06,3,Ropa,FR,Debito,POS_fisico,85.03,1
visa_300036,2024-04-15,19,Online,MX,Debito,Contactless,57.1,1
visa_300037,2024-08-08,18,Entretenimiento,MX,Debito,Online,19.51,1
visa_300038,2024-07-13,8,Combustible,US,Debito,Online,22.82,1
visa_300039,2024-08-05,11,Restauracion,ES,Credito,Contactless,207.57,1
visa_300040,2024-02-27,19,Supermercado,ES,Debito,POS_fisico,84.34,1
visa_300041,2024-01-20,19,Supermercado,ES,Debito,POS_fisico,47.5,1
visa_300042,2024-10-17,16,Ropa,FR,Debito,POS_fisico,77.23,1
visa_300043,2024-06-01,22,Supermercado,MX,Debito,POS_fisico,173.92,1
visa_300044,2024-05-27,8,Supermercado,US,Credito,POS_fisico,105.9,1
visa_300045,2024-10-12,13,Supermercado,JP,Credito,Contactless,29.86,1
visa_300046,2024-11-01,18,Electronica,DE,Debito,Online,206.63,1
visa_300047,2024-06-01,3,Combustible,FR,Credito,POS_fisico,48.9,1
visa_300048,2024-03-27,8,Restauracion,GB,Debito,POS_fisico,40.61,1
visa_300049,2024-11-06,23,Online,GB,Credito,Online,91.72,1
visa_300050,2024-01-13,19,Electronica,ES,Credito,Online,129.47,1
visa_300051,2024-09-22,14,Electronica,ES,Credito,POS_fisico,361.84,1
visa_300052,2024-06-11,22,Supermercado,FR,Debito,Contactless,41.36,1
visa_300053,2024-08-13,12,Entretenimiento,MX,Prepago,POS_fisico,17.93,1
visa_300054,2024-12-02,13,Supermercado,US,Credito,Online,65.02,1
visa_300055,2024-02-02,17,Viajes,MX,Credito,Contactless,387.53,1
visa_300056,2024-10-26,10,Electronica,MX,Credito,Online,341.96,1
visa_300057,2024-12-08,2,Restauracion,MX,Debito,POS_fisico,38.62,1
visa_300058,2024-08-12,9,Combustible,MX,Credito,Online,38.17,1
visa_300059,2024-11-07,6,Combustible,FR,Prepago,Online,95.33,1
visa_300060,2024-09-21,2,Ropa,US,Credito,Online,79.58,1
visa_300061,2024-10-12,17,Restauracion,MX,Debito,POS_fisico,53.49,1
visa_300062,2024-08-31,23,Supermercado,GB,Credito,POS_fisico,70.81,1
visa_300063,2024-03-29,5,Electronica,JP,Credito,POS_fisico,215.53,0
visa_300064,2024-01-03,18,Supermercado,MX,Debito,Contactless,73.26,0
visa_300065,2024-01-21,5,Supermercado,US,Credito,Contactless,24.34,1
visa_300066,2024-06-15,22,Entretenimiento,JP,Credito,Online,72.64,1
visa_300067,2024-02-26,10,Supermercado,ES,Credito,Online,57.86,1
visa_300068,2024-07-05,4,Salud,US,Debito,Online,231.88,1
visa_300069,2024-02-03,8,Ropa,US,Debito,Contactless,27.4,1
visa_300070,2024-06-12,23,Supermercado,GB,Debito,Contactless,49.56,1
visa_300071,2024-12-10,10,Online,ES,Debito,Online,86.33,1
visa_300072,2024-12-12,12,Supermercado,FR,Debito,Online,172.38,1
visa_300073,2024-05-29,3,Restauracion,ES,Debito,Online,41.41,1
visa_300074,2024-02-24,14,Restauracion,JP,Debito,POS_fisico,35.75,1
visa_300075,2024-04-25,14,Ropa,ES,Credito,Online,64.14,1
visa_300076,2024-10-22,13,Salud,GB,Debito,Online,375.6,1
visa_300077,2024-04-25,5,Entretenimiento,MX,Prepago,Online,31.87,1
visa_300078,2024-01-29,11,Entretenimiento,GB,Debito,POS_fisico,63.58,1
visa_300079,2024-10-29,10,Restauracion,ES,Debito,POS_fisico,15.34,0
visa_300080,2024-07-02,8,Entretenimiento,GB,Debito,Online,15.32,1
visa_300081,2024-05-21,18,Online,JP,Credito,POS_fisico,61.99,1
visa_300082,2024-06-01,0,Electronica,GB,Debito,Online,274.4,1
visa_300083,2024-06-13,12,Online,MX,Credito,Contactless,100.07,1
visa_300084,2024-04-22,1,Combustible,GB,Credito,POS_fisico,141.87,1
visa_300085,2024-08-02,23,Online,ES,Debito,POS_fisico,68.16,1
visa_300086,2024-05-28,2,Viajes,US,Debito,Contactless,320.86,1
visa_300087,2024-11-05,22,Salud,DE,Debito,POS_fisico,132.76,1
visa_300088,2024-02-13,18,Viajes,FR,Credito,Online,236.49,1
visa_300089,2024-12-01,23,Restauracion,MX,Debito,Online,25.76,1
visa_300090,2024-09-09,4,Ropa,GB,Debito,POS_fisico,68.7,1
visa_300091,2024-08-19,12,Restauracion,FR,Credito,POS_fisico,48.51,1
visa_300092,2024-04-14,14,Online,MX,Debito,Online,58.62,1
visa_300093,2024-07-21,15,Salud,JP,Credito,POS_fisico,269.97,1
visa_300094,2024-08-21,23,Electronica,GB,Prepago,POS_fisico,517.36,1
visa_300095,2024-06-19,20,Supermercado,GB,Debito,Online,41.31,1
visa_300096,2024-04-07,9,Online,ES,Credito,POS_fisico,33.99,1
visa_300097,2024-09-04,22,Entretenimiento,JP,Debito,POS_fisico,47.05,1
visa_300098,2024-11-28,18,Salud,DE,Credito,Online,133.27,1
visa_300099,2024-01-11,12,Ropa,ES,Credito,POS_fisico,86.95,1
visa_300100,2024-10-12,21,Combustible,DE,Credito,POS_fisico,15.92,1
visa_300101,2024-03-09,20,Restauracion,MX,Credito,POS_fisico,35.88,1
visa_300102,2024-10-10,8,Supermercado,DE,Credito,Contactless,170.09,1
visa_300103,2024-05-23,1,Supermercado,GB,Credito,Contactless,27.34,1
visa_300104,2024-07-22,11,Online,ES,Debito,POS_fisico,26.16,1
visa_300105,2024-10-02,23,Combustible,US,Credito,POS_fisico,50.21,1
visa_300106,2024-04-21,6,Ropa,JP,Credito,POS_fisico,30.84,1
visa_300107,2024-04-28,7,Salud,FR,Credito,Online,60.77,1
visa_300108,2024-08-20,20,Supermercado,GB,Debito,Online,68.07,1
visa_300109,2024-07-24,4,Viajes,FR,Prepago,Online,220.37,1
visa_300110,2024-12-09,15,Supermercado,GB,Prepago,Online,48.05,0
visa_300111,2024-07-07,6,Supermercado,JP,Debito,POS_fisico,32.37,1
visa_300112,2024-06-13,1,Restauracion,US,Debito,POS_fisico,74.79,1
visa_300113,2024-11-11,9,Restauracion,ES,Debito,POS_fisico,41.69,1
visa_300114,2024-06-20,12,Supermercado,US,Debito,POS_fisico,80.2,1
visa_300115,2024-03-24,8,Restauracion,MX,Debito,POS_fisico,18.44,1
visa_300116,2024-08-08,22,Restauracion,ES,Debito,Online,53.73,1
visa_300117,2024-02-10,3,Supermercado,US,Credito,POS_fisico,84.36,0
visa_300118,2024-04-12,5,Ropa,FR,Credito,Online,26.97,0
visa_300119,2024-12-02,5,Ropa,MX,Debito,Online,45.89,1
visa_300120,2024-07-19,14,Combustible,JP,Prepago,POS_fisico,36.16,1
visa_300121,2024-01-11,20,Ropa,MX,Debito,POS_fisico,112.67,1
visa_300122,2024-10-29,0,Restauracion,GB,Debito,Online,105.92,1
visa_300123,2024-03-04,1,Entretenimiento,GB,Credito,POS_fisico,39.13,1
visa_300124,2024-05-22,23,Viajes,US,Debito,POS_fisico,752.54,1
visa_300125,2024-01-19,17,Entretenimiento,US,Credito,Online,19.3,1
visa_300126,2024-02-27,7,Ropa,US,Credito,Contactless,70.11,1
visa_300127,2024-09-05,18,Entretenimiento,ES,Debito,Online,19.28,1
visa_300128,2024-12-10,13,Salud,MX,Credito,Contactless,75.51,1
visa_300129,2024-05-24,15,Entretenimiento,US,Credito,POS_fisico,24.78,1
visa_300130,2024-12-25,3,Electronica,FR,Prepago,POS_fisico,418.97,1
visa_300131,2024-07-08,9,Restauracion,JP,Debito,Online,42.68,1
visa_300132,2024-09-13,17,Salud,DE,Credito,Online,48.4,1
visa_300133,2024-12-24,5,Entretenimiento,JP,Debito,POS_fisico,96.15,0
visa_300134,2024-07-28,17,Combustible,MX,Credito,POS_fisico,73.36,1
visa_300135,2024-05-18,8,Combustible,DE,Credito,Contactless,45.83,1
visa_300136,2024-09-23,3,Combustible,MX,Debito,Online,20.68,1
visa_300137,2024-03-08,23,Supermercado,ES,Credito,Contactless,37.56,1
visa_300138,2024-03-30,11,Ropa,US,Debito,POS_fisico,43.08,1
visa_300139,2024-11-16,7,Viajes,DE,Debito,POS_fisico,247.96,1
visa_300140,2024-12-10,23,Online,US,Prepago,Contactless,26.31,1
visa_300141,2024-03-01,12,Ropa,GB,Debito,Contactless,47.43,1
visa_300142,2024-11-06,3,Restauracion,FR,Credito,Online,26.14,1
visa_300143,2024-02-14,9,Combustible,GB,Credito,Online,143.72,1
visa_300144,2024-01-23,2,Entretenimiento,MX,Debito,Contactless,23.15,1
visa_300145,2024-03-31,17,Restauracion,FR,Credito,Contactless,92.54,1
visa_300146,2024-04-13,3,Restauracion,GB,Prepago,Contactless,30.67,1
visa_300147,2024-12-14,4,Ropa,FR,Credito,POS_fisico,78.19,1
visa_300148,2024-11-16,22,Viajes,MX,Debito,Online,148.68,1
visa_300149,2024-05-26,23,Supermercado,US,Credito,POS_fisico,72.04,1
visa_300150,2024-11-03,4,Ropa,DE,Prepago,Contactless,10.08,1
visa_300151,2024-08-15,15,Online,ES,Debito,POS_fisico,102.0,1
visa_300152,2024-10-02,19,Salud,DE,Debito,Contactless,51.86,1
visa_300153,2024-02-25,10,Online,US,Debito,POS_fisico,79.81,1
visa_300154,2024-04-20,9,Ropa,FR,Prepago,POS_fisico,42.29,1
visa_300155,2024-09-05,2,Ropa,DE,Debito,Contactless,32.32,1
visa_300156,2024-03-04,0,Entretenimiento,DE,Debito,Contactless,29.63,1
visa_300157,2024-09-20,3,Online,GB,Debito,Online,45.19,1
visa_300158,2024-06-18,21,Viajes,MX,Debito,Online,187.48,1
visa_300159,2024-01-08,7,Supermercado,FR,Debito,Online,44.75,1
visa_300160,2024-03-04,4,Restauracion,MX,Credito,Contactless,23.64,1
visa_300161,2024-03-15,17,Restauracion,US,Debito,POS_fisico,50.63,1
visa_300162,2024-01-24,16,Ropa,FR,Prepago,Online,76.5,1
visa_300163,2024-11-16,16,Online,GB,Debito,Online,62.68,1
visa_300164,2024-09-14,10,Ropa,GB,Prepago,Contactless,44.36,1
visa_300165,2024-11-04,7,Ropa,FR,Debito,POS_fisico,55.8,1
visa_300166,2024-09-13,17,Online,US,Credito,Online,184.2,1
visa_300167,2024-03-21,6,Electronica,ES,Debito,POS_fisico,242.65,1
visa_300168,2024-02-19,20,Entretenimiento,GB,Debito,POS_fisico,19.41,1
visa_300169,2024-03-11,6,Supermercado,MX,Credito,POS_fisico,48.48,1
visa_300170,2024-12-09,10,Supermercado,US,Credito,Contactless,121.12,1
visa_300171,2024-10-31,17,Entretenimiento,US,Debito,Contactless,27.96,1
visa_300172,2024-01-01,10,Supermercado,ES,Credito,Online,85.16,1
visa_300173,2024-04-26,7,Online,JP,Credito,POS_fisico,63.0,1
visa_300174,2024-09-06,10,Viajes,ES,Debito,Online,153.12,1
visa_300175,2024-06-28,4,Entretenimiento,MX,Debito,POS_fisico,79.31,1
visa_300176,2024-04-12,3,Entretenimiento,ES,Credito,POS_fisico,28.69,1
visa_300177,2024-08-26,8,Supermercado,US,Debito,POS_fisico,48.31,0
visa_300178,2024-06-15,4,Entretenimiento,GB,Debito,Contactless,21.4,1
visa_300179,2024-07-03,4,Supermercado,MX,Debito,Online,56.9,1
visa_300180,2024-12-18,11,Salud,MX,Debito,POS_fisico,66.76,1
visa_300181,2024-12-28,16,Supermercado,US,Debito,POS_fisico,96.93,1
visa_300182,2024-12-15,15,Supermercado,JP,Debito,POS_fisico,55.04,1
visa_300183,2024-07-26,0,Supermercado,JP,Debito,Online,47.81,1
visa_300184,2024-05-16,19,Ropa,GB,Credito,POS_fisico,61.41,1
visa_300185,2024-05-21,3,Restauracion,FR,Debito,Online,17.42,1
visa_300186,2024-05-12,12,Restauracion,US,Debito,Online,27.05,1
visa_300187,2024-06-21,2,Restauracion,US,Credito,Online,58.84,1
visa_300188,2024-04-20,22,Viajes,MX,Debito,POS_fisico,823.08,1
visa_300189,2024-02-19,1,Restauracion,DE,Debito,POS_fisico,32.15,1
visa_300190,2024-12-06,7,Entretenimiento,ES,Debito,POS_fisico,122.76,1
visa_300191,2024-02-12,1,Restauracion,DE,Credito,Contactless,9.77,1
visa_300192,2024-02-22,2,Ropa,GB,Credito,Online,152.52,1
visa_300193,2024-10-22,21,Supermercado,JP,Debito,POS_fisico,40.05,1
visa_300194,2024-10-21,23,Supermercado,MX,Debito,Online,15.65,1
visa_300195,2024-11-13,19,Ropa,GB,Debito,POS_fisico,105.37,1
visa_300196,2024-10-20,8,Ropa,DE,Debito,POS_fisico,77.86,1
visa_300197,2024-08-29,6,Combustible,JP,Debito,Online,138.18,1
visa_300198,2024-07-02,7,Ropa,GB,Debito,POS_fisico,195.25,1
visa_300199,2024-10-29,12,Combustible,MX,Debito,Online,58.39,1
visa_300200,2024-02-08,14,Online,ES,Credito,POS_fisico,106.52,1
visa_300201,2024-01-10,1,Ropa,JP,Debito,POS_fisico,182.82,1
visa_300202,2024-12-08,20,Salud,ES,Debito,Online,93.04,1
visa_300203,2024-10-10,10,Entretenimiento,GB,Debito,Online,38.42,1
visa_300204,2024-12-06,12,Viajes,ES,Prepago,Contactless,194.61,1
visa_300205,2024-07-25,5,Entretenimiento,DE,Debito,POS_fisico,49.07,1
visa_300206,2024-11-18,14,Online,MX,Debito,POS_fisico,39.65,1
visa_300207,2024-07-09,22,Entretenimiento,MX,Debito,POS_fisico,96.09,0
visa_300208,2024-02-19,16,Viajes,FR,Debito,Online,276.59,1
visa_300209,2024-05-05,11,Viajes,US,Credito,POS_fisico,261.57,1
visa_300210,2024-08-01,22,Supermercado,FR,Debito,Contactless,152.94,1
visa_300211,2024-07-14,4,Entretenimiento,DE,Credito,POS_fisico,44.28,0
visa_300212,2024-05-22,23,Online,FR,Debito,Online,79.44,1
visa_300213,2024-02-27,22,Online,US,Credito,POS_fisico,71.39,1
visa_300214,2024-03-04,21,Ropa,US,Credito,POS_fisico,60.93,1
visa_300215,2024-11-13,16,Restauracion,JP,Debito,POS_fisico,22.6,1
visa_300216,2024-12-03,19,Electronica,FR,Prepago,Contactless,78.58,1
visa_300217,2024-06-25,18,Ropa,MX,Credito,Contactless,168.68,1
visa_300218,2024-07-26,9,Combustible,JP,Debito,POS_fisico,119.24,1
visa_300219,2024-03-16,20,Combustible,MX,Prepago,Online,44.52,1
visa_300220,2024-07-25,5,Online,MX,Credito,Contactless,22.1,1
visa_300221,2024-07-15,6,Supermercado,US,Debito,POS_fisico,80.59,1
visa_300222,2024-02-16,4,Ropa,MX,Credito,Online,31.66,1
visa_300223,2024-10-09,7,Supermercado,GB,Debito,POS_fisico,93.83,1
visa_300224,2024-10-22,4,Ropa,GB,Debito,Online,45.43,1
visa_300225,2024-07-01,14,Salud,ES,Debito,Contactless,53.99,1
visa_300226,2024-12-03,12,Viajes,US,Debito,Contactless,141.0,1
visa_300227,2024-12-25,14,Supermercado,GB,Credito,POS_fisico,50.81,1
visa_300228,2024-09-30,21,Viajes,FR,Debito,POS_fisico,370.64,1
visa_300229,2024-08-30,10,Combustible,MX,Credito,Contactless,63.07,1
visa_300230,2024-01-17,23,Electronica,JP,Debito,POS_fisico,327.25,1
visa_300231,2024-08-17,8,Combustible,MX,Debito,Online,63.72,1
visa_300232,2024-04-13,21,Salud,ES,Debito,POS_fisico,40.38,1
visa_300233,2024-03-05,20,Restauracion,ES,Credito,Contactless,50.36,1
visa_300234,2024-09-15,11,Restauracion,MX,Debito,POS_fisico,29.93,1
visa_300235,2024-10-25,2,Electronica,FR,Debito,Online,226.91,1
visa_300236,2024-05-05,19,Combustible,FR,Debito,POS_fisico,71.95,1
visa_300237,2024-06-09,0,Restauracion,GB,Credito,POS_fisico,45.17,1
visa_300238,2024-08-18,8,Restauracion,JP,Debito,Online,28.35,1
visa_300239,2024-10-16,12,Entretenimiento,DE,Prepago,Online,30.77,1
visa_300240,2024-06-14,1,Viajes,MX,Debito,Online,393.19,1
visa_300241,2024-11-06,1,Ropa,FR,Credito,POS_fisico,44.25,1
visa_300242,2024-10-27,20,Online,DE,Credito,POS_fisico,54.68,1
visa_300243,2024-03-12,5,Online,DE,Debito,Online,65.0,1
visa_300244,2024-09-27,22,Supermercado,DE,Debito,Contactless,38.93,1
visa_300245,2024-10-25,23,Entretenimiento,ES,Debito,Contactless,37.8,1
visa_300246,2024-09-13,6,Restauracion,JP,Prepago,POS_fisico,62.74,1
visa_300247,2024-01-02,16,Salud,ES,Credito,POS_fisico,40.46,1
visa_300248,2024-10-07,23,Ropa,GB,Debito,POS_fisico,68.95,1
visa_300249,2024-05-30,13,Combustible,US,Credito,POS_fisico,100.77,1
visa_300250,2024-08-26,20,Viajes,MX,Credito,Online,344.7,1
visa_300251,2024-06-20,9,Online,GB,Debito,Online,46.57,1
visa_300252,2024-07-16,4,Restauracion,ES,Debito,POS_fisico,46.76,1
visa_300253,2024-05-27,12,Restauracion,MX,Debito,POS_fisico,43.86,1
visa_300254,2024-06-07,20,Restauracion,GB,Debito,POS_fisico,57.7,1
visa_300255,2024-01-19,12,Restauracion,MX,Credito,Contactless,11.57,1
visa_300256,2024-02-28,7,Entretenimiento,FR,Credito,Online,34.67,1
visa_300257,2024-10-27,1,Salud,JP,Debito,Contactless,80.46,1
visa_300258,2024-07-03,6,Salud,DE,Debito,POS_fisico,92.69,1
visa_300259,2024-09-05,6,Combustible,DE,Credito,Contactless,120.84,1
visa_300260,2024-02-27,4,Ropa,MX,Credito,Contactless,113.41,1
visa_300261,2024-05-30,14,Restauracion,JP,Credito,Online,80.88,1
visa_300262,2024-10-12,6,Entretenimiento,US,Credito,POS_fisico,14.53,1
visa_300263,2024-01-09,22,Salud,GB,Debito,Online,109.98,1
visa_300264,2024-10-26,17,Restauracion,JP,Credito,Online,29.55,1
visa_300265,2024-04-04,12,Supermercado,JP,Debito,Contactless,40.98,1
visa_300266,2024-10-19,17,Entretenimiento,ES,Credito,POS_fisico,43.86,1
visa_300267,2024-09-29,8,Restauracion,ES,Debito,Contactless,32.02,1
visa_300268,2024-11-02,11,Ropa,US,Debito,Online,131.79,1
visa_300269,2024-12-03,16,Restauracion,MX,Credito,POS_fisico,24.06,1
visa_300270,2024-01-23,4,Restauracion,MX,Debito,POS_fisico,19.47,1
visa_300271,2024-08-18,0,Supermercado,JP,Debito,Contactless,41.11,1
visa_300272,2024-03-02,15,Entretenimiento,GB,Credito,Online,26.34,1
visa_300273,2024-11-04,19,Supermercado,FR,Credito,POS_fisico,44.42,1
visa_300274,2024-10-02,16,Restauracion,JP,Credito,POS_fisico,49.91,1
visa_300275,2024-07-21,8,Electronica,ES,Credito,POS_fisico,139.2,1
visa_300276,2024-07-23,14,Ropa,FR,Credito,POS_fisico,39.27,1
visa_300277,2024-06-10,7,Supermercado,DE,Debito,POS_fisico,28.17,1
visa_300278,2024-07-16,5,Salud,MX,Credito,Online,93.64,1
visa_300279,2024-09-26,23,Ropa,FR,Prepago,Online,84.21,1
visa_300280,2024-12-20,12,Supermercado,GB,Debito,Contactless,80.29,1
visa_300281,2024-06-07,15,Combustible,JP,Debito,POS_fisico,24.1,0
visa_300282,2024-12-19,17,Salud,FR,Debito,Online,82.96,1
visa_300283,2024-03-25,3,Ropa,ES,Debito,Online,59.87,1
visa_300284,2024-09-22,12,Online,JP,Credito,Contactless,16.4,1
visa_300285,2024-07-11,2,Restauracion,GB,Debito,Online,60.53,1
visa_300286,2024-03-23,20,Ropa,MX,Prepago,POS_fisico,106.91,1
visa_300287,2024-04-08,23,Combustible,GB,Prepago,Contactless,52.97,1
visa_300288,2024-09-05,13,Restauracion,DE,Credito,Online,47.39,1
visa_300289,2024-06-12,23,Restauracion,MX,Debito,POS_fisico,68.11,1
visa_300290,2024-04-03,18,Restauracion,US,Credito,POS_fisico,60.43,1
visa_300291,2024-11-06,0,Restauracion,DE,Debito,POS_fisico,28.71,0
visa_300292,2024-08-17,14,Supermercado,FR,Debito,POS_fisico,119.61,1
visa_300293,2024-03-15,21,Supermercado,JP,Debito,Contactless,44.85,1
visa_300294,2024-12-03,17,Electronica,US,Credito,Contactless,69.51,1
visa_300295,2024-01-07,8,Restauracion,FR,Debito,POS_fisico,91.82,1
visa_300296,2024-01-17,15,Combustible,FR,Credito,Online,25.42,1
visa_300297,2024-06-15,13,Viajes,US,Credito,POS_fisico,241.84,1
visa_300298,2024-07-13,4,Combustible,US,Credito,Contactless,108.15,1
visa_300299,2024-11-27,4,Online,US,Prepago,POS_fisico,52.05,1
visa_300300,2024-06-25,13,Online,ES,Debito,Contactless,92.38,1
visa_300301,2024-11-06,4,Ropa,GB,Debito,Online,41.1,1
visa_300302,2024-12-21,12,Viajes,MX,Debito,Contactless,160.02,1
visa_300303,2024-11-10,22,Restauracion,ES,Debito,Contactless,85.55,1
visa_300304,2024-02-04,20,Combustible,ES,Debito,Online,29.76,1
visa_300305,2024-01-27,7,Online,DE,Debito,POS_fisico,31.74,1
visa_300306,2024-04-26,18,Viajes,MX,Debito,POS_fisico,195.41,1
visa_300307,2024-06-28,16,Combustible,MX,Prepago,Online,43.47,1
visa_300308,2024-03-17,3,Supermercado,ES,Credito,POS_fisico,62.71,1
visa_300309,2024-05-16,7,Combustible,FR,Credito,POS_fisico,63.56,1
visa_300310,2024-10-06,2,Electronica,MX,Debito,POS_fisico,248.59,1
visa_300311,2024-05-06,18,Combustible,MX,Credito,Online,51.16,1
visa_300312,2024-03-31,2,Combustible,MX,Credito,Contactless,68.15,1
visa_300313,2024-01-16,17,Restauracion,MX,Credito,Online,31.37,1
visa_300314,2024-01-29,13,Combustible,JP,Debito,POS_fisico,111.25,0
visa_300315,2024-02-17,0,Entretenimiento,FR,Debito,Online,93.02,1
visa_300316,2024-01-04,22,Supermercado,MX,Debito,Online,38.25,1
visa_300317,2024-06-13,3,Viajes,JP,Prepago,POS_fisico,269.45,1
visa_300318,2024-09-15,20,Restauracion,GB,Debito,Online,86.25,1
visa_300319,2024-09-03,12,Supermercado,GB,Debito,POS_fisico,42.65,1
visa_300320,2024-02-06,8,Restauracion,FR,Debito,Online,27.6,1
visa_300321,2024-06-30,13,Ropa,MX,Debito,Contactless,40.44,0
visa_300322,2024-03-23,5,Supermercado,JP,Credito,POS_fisico,75.8,1
visa_300323,2024-07-09,2,Salud,DE,Credito,Contactless,232.09,1
visa_300324,2024-04-04,4,Ropa,MX,Credito,POS_fisico,100.42,1
visa_300325,2024-05-18,21,Supermercado,US,Debito,POS_fisico,56.74,1
visa_300326,2024-04-16,8,Combustible,JP,Debito,POS_fisico,74.23,1
visa_300327,2024-10-10,0,Online,MX,Prepago,Online,37.11,1
visa_300328,2024-10-06,20,Salud,MX,Credito,POS_fisico,94.81,1
visa_300329,2024-08-28,6,Online,GB,Debito,Contactless,55.28,1
visa_300330,2024-10-02,18,Supermercado,DE,Credito,Online,30.92,1
visa_300331,2024-06-04,20,Combustible,ES,Debito,POS_fisico,66.92,1
visa_300332,2024-01-20,6,Entretenimiento,ES,Credito,POS_fisico,47.5,1
visa_300333,2024-05-31,13,Restauracion,GB,Credito,POS_fisico,141.35,1
visa_300334,2024-03-01,6,Entretenimiento,JP,Prepago,Contactless,41.83,1
visa_300335,2024-12-06,3,Ropa,US,Debito,Contactless,149.9,1
visa_300336,2024-01-05,13,Supermercado,GB,Credito,POS_fisico,32.75,1
visa_300337,2024-11-23,6,Viajes,US,Debito,Online,175.75,1
visa_300338,2024-09-17,7,Supermercado,ES,Credito,Online,36.53,1
visa_300339,2024-02-02,22,Online,US,Debito,Contactless,68.01,1
visa_300340,2024-09-26,22,Supermercado,DE,Prepago,POS_fisico,34.45,1
visa_300341,2024-01-15,14,Supermercado,GB,Credito,POS_fisico,71.66,1
visa_300342,2024-05-27,8,Electronica,US,Credito,POS_fisico,109.48,1
visa_300343,2024-01-23,20,Supermercado,JP,Debito,POS_fisico,74.39,1
visa_300344,2024-04-30,6,Combustible,FR,Debito,POS_fisico,54.34,1
visa_300345,2024-12-19,6,Restauracion,GB,Credito,Online,44.15,1
visa_300346,2024-07-16,21,Ropa,US,Credito,POS_fisico,59.07,1
visa_300347,2024-07-04,0,Combustible,JP,Debito,Online,60.46,1
visa_300348,2024-07-11,20,Salud,MX,Credito,Online,94.36,1
visa_300349,2024-06-02,11,Supermercado,JP,Credito,POS_fisico,183.01,1
visa_300350,2024-09-17,8,Supermercado,JP,Credito,POS_fisico,30.97,1
visa_300351,2024-04-22,5,Supermercado,MX,Debito,Contactless,35.31,1
visa_300352,2024-12-27,0,Restauracion,DE,Credito,POS_fisico,40.76,1
visa_300353,2024-07-09,18,Salud,JP,Debito,Online,158.92,1
visa_300354,2024-01-02,14,Combustible,GB,Credito,Contactless,38.97,1
visa_300355,2024-12-02,14,Restauracion,ES,Debito,POS_fisico,37.33,1
visa_300356,2024-05-01,1,Supermercado,JP,Debito,POS_fisico,58.97,1
visa_300357,2024-10-29,7,Supermercado,ES,Credito,Online,108.5,1
visa_300358,2024-08-27,10,Supermercado,MX,Credito,Contactless,192.47,1
visa_300359,2024-01-25,0,Supermercado,US,Debito,Online,43.5,1
visa_300360,2024-09-26,20,Entretenimiento,DE,Debito,POS_fisico,26.73,1
visa_300361,2024-12-28,21,Ropa,ES,Debito,Contactless,217.45,1
visa_300362,2024-12-02,19,Supermercado,DE,Debito,Online,56.72,1
visa_300363,2024-04-29,10,Restauracion,DE,Debito,POS_fisico,36.2,1
visa_300364,2024-07-29,6,Restauracion,MX,Debito,POS_fisico,12.39,1
visa_300365,2024-01-18,2,Electronica,US,Credito,POS_fisico,219.3,0
visa_300366,2024-05-05,23,Salud,ES,Debito,Online,143.16,1
visa_300367,2024-03-10,9,Restauracion,MX,Debito,Online,24.64,1
visa_300368,2024-05-22,13,Supermercado,GB,Credito,Contactless,53.88,1
visa_300369,2024-09-06,12,Restauracion,MX,Credito,POS_fisico,81.68,1
visa_300370,2024-12-23,10,Online,FR,Credito,Online,108.34,1
visa_300371,2024-02-05,20,Supermercado,FR,Prepago,POS_fisico,48.24,1
visa_300372,2024-01-22,17,Online,JP,Debito,Online,49.14,1
visa_300373,2024-08-03,1,Salud,MX,Credito,POS_fisico,131.11,1
visa_300374,2024-09-09,10,Electronica,GB,Credito,Contactless,280.15,1
visa_300375,2024-08-02,18,Viajes,FR,Credito,POS_fisico,253.15,1
visa_300376,2024-02-08,17,Electronica,DE,Credito,Contactless,118.01,1
visa_300377,2024-03-22,4,Ropa,ES,Credito,Online,45.69,1
visa_300378,2024-11-02,19,Salud,JP,Credito,Online,63.57,1
visa_300379,2024-03-11,9,Salud,JP,Credito,POS_fisico,70.82,1
visa_300380,2024-01-14,22,Combustible,JP,Credito,POS_fisico,25.98,1
visa_300381,2024-01-19,4,Combustible,MX,Credito,Contactless,34.94,1
visa_300382,2024-09-05,21,Online,JP,Credito,Online,72.1,1
visa_300383,2024-01-20,20,Supermercado,FR,Credito,Contactless,86.3,1
visa_300384,2024-11-15,22,Online,DE,Credito,Online,83.01,1
visa_300385,2024-07-19,21,Supermercado,US,Debito,Contactless,50.52,1
visa_300386,2024-06-07,3,Restauracion,GB,Credito,POS_fisico,42.37,1
visa_300387,2024-08-21,14,Online,ES,Credito,Contactless,48.97,1
visa_300388,2024-04-30,0,Electronica,FR,Prepago,Online,214.14,1
visa_300389,2024-07-12,3,Viajes,US,Credito,POS_fisico,597.37,1
visa_300390,2024-03-29,23,Combustible,US,Debito,POS_fisico,39.46,1
visa_300391,2024-04-06,5,Electronica,FR,Prepago,POS_fisico,374.11,0
visa_300392,2024-09-04,0,Viajes,JP,Credito,Online,646.6,1
visa_300393,2024-01-06,9,Combustible,DE,Debito,POS_fisico,67.58,1
visa_300394,2024-10-20,18,Ropa,DE,Credito,Online,29.26,1
visa_300395,2024-03-12,17,Supermercado,JP,Prepago,POS_fisico,20.43,1
visa_300396,2024-11-08,10,Supermercado,DE,Debito,POS_fisico,103.43,1
visa_300397,2024-02-02,11,Entretenimiento,MX,Credito,POS_fisico,21.69,1
visa_300398,2024-09-15,22,Combustible,JP,Prepago,POS_fisico,50.3,1
visa_300399,2024-05-08,1,Supermercado,MX,Debito,Online,21.18,1
visa_300400,2024-04-19,19,Entretenimiento,JP,Debito,Online,28.4,1
visa_300401,2024-03-24,8,Entretenimiento,ES,Credito,Contactless,35.9,1
visa_300402,2024-09-01,13,Online,JP,Debito,Online,17.74,1
visa_300403,2024-06-05,4,Supermercado,ES,Debito,Contactless,52.83,1
visa_300404,2024-12-29,5,Viajes,DE,Credito,POS_fisico,476.84,1
visa_300405,2024-08-31,0,Entretenimiento,DE,Debito,Contactless,76.02,1
visa_300406,2024-11-29,23,Entretenimiento,US,Debito,Contactless,14.45,1
visa_300407,2024-05-25,16,Combustible,JP,Credito,POS_fisico,44.49,1
visa_300408,2024-09-27,5,Combustible,FR,Debito,Contactless,53.85,1
visa_300409,2024-08-01,7,Viajes,DE,Credito,POS_fisico,225.67,1
visa_300410,2024-08-01,11,Viajes,US,Credito,Online,192.15,1
visa_300411,2024-09-02,17,Supermercado,MX,Credito,POS_fisico,115.76,1
visa_300412,2024-06-30,12,Restauracion,FR,Prepago,POS_fisico,42.12,1
visa_300413,2024-09-09,20,Supermercado,JP,Credito,POS_fisico,48.89,1
visa_300414,2024-04-23,9,Ropa,US,Credito,Online,166.23,1
visa_300415,2024-02-21,19,Supermercado,ES,Credito,Contactless,30.75,1
visa_300416,2024-07-08,5,Entretenimiento,JP,Credito,Contactless,40.56,1
visa_300417,2024-10-14,20,Entretenimiento,FR,Debito,POS_fisico,28.91,1
visa_300418,2024-01-13,9,Supermercado,ES,Credito,POS_fisico,38.35,1
visa_300419,2024-07-29,2,Restauracion,GB,Debito,POS_fisico,51.35,1
visa_300420,2024-03-05,20,Supermercado,GB,Debito,Online,95.1,1
visa_300421,2024-11-02,12,Supermercado,ES,Debito,POS_fisico,111.62,1
visa_300422,2024-07-26,21,Supermercado,FR,Credito,Contactless,92.97,1
visa_300423,2024-12-11,14,Electronica,FR,Credito,POS_fisico,103.07,1
visa_300424,2024-03-21,16,Combustible,US,Credito,Contactless,70.85,1
visa_300425,2024-04-05,2,Supermercado,JP,Credito,POS_fisico,50.88,1
visa_300426,2024-10-05,2,Supermercado,FR,Debito,Online,111.81,1
visa_300427,2024-01-28,17,Electronica,DE,Credito,Contactless,173.08,1
visa_300428,2024-07-14,23,Salud,ES,Credito,Online,88.74,1
visa_300429,2024-02-13,14,Salud,DE,Prepago,Online,56.3,1
visa_300430,2024-03-14,7,Restauracion,DE,Credito,POS_fisico,32.44,1
visa_300431,2024-08-06,18,Electronica,JP,Debito,POS_fisico,77.99,1
visa_300432,2024-12-22,22,Combustible,US,Debito,Online,96.92,1
visa_300433,2024-03-22,3,Salud,JP,Debito,POS_fisico,61.44,1
visa_300434,2024-06-29,11,Combustible,FR,Credito,Online,52.46,1
visa_300435,2024-03-30,18,Combustible,ES,Debito,Contactless,77.51,1
visa_300436,2024-08-16,14,Restauracion,GB,Debito,POS_fisico,44.24,1
visa_300437,2024-08-29,11,Combustible,GB,Credito,POS_fisico,56.52,1
visa_300438,2024-07-10,17,Combustible,ES,Debito,POS_fisico,52.08,1
visa_300439,2024-01-14,5,Combustible,US,Debito,POS_fisico,34.96,1
visa_300440,2024-02-13,10,Ropa,JP,Debito,POS_fisico,54.82,1
visa_300441,2024-07-20,7,Combustible,ES,Credito,POS_fisico,44.7,1
visa_300442,2024-09-15,13,Restauracion,FR,Debito,POS_fisico,60.91,1
visa_300443,2024-02-02,17,Supermercado,US,Prepago,Online,22.02,1
visa_300444,2024-04-22,4,Online,GB,Credito,POS_fisico,45.24,1
visa_300445,2024-12-03,9,Online,ES,Debito,Online,87.71,1
visa_300446,2024-04-30,16,Ropa,DE,Debito,Online,115.57,1
visa_300447,2024-01-03,13,Restauracion,ES,Credito,POS_fisico,26.73,1
visa_300448,2024-06-22,16,Supermercado,US,Debito,Online,77.9,1
visa_300449,2024-09-01,22,Electronica,GB,Credito,POS_fisico,440.6,1
visa_300450,2024-11-01,7,Viajes,MX,Debito,POS_fisico,298.61,1
visa_300451,2024-10-19,12,Entretenimiento,ES,Debito,POS_fisico,41.41,1
visa_300452,2024-10-18,21,Online,DE,Debito,Online,51.89,1
visa_300453,2024-02-06,21,Restauracion,FR,Debito,POS_fisico,29.16,1
visa_300454,2024-12-29,6,Ropa,US,Credito,POS_fisico,55.11,1
visa_300455,2024-10-26,9,Viajes,ES,Credito,POS_fisico,524.9,1
visa_300456,2024-09-29,17,Electronica,DE,Credito,Contactless,55.58,1
visa_300457,2024-02-28,22,Ropa,US,Debito,POS_fisico,123.86,1
visa_300458,2024-01-19,18,Ropa,DE,Credito,POS_fisico,116.5,1
visa_300459,2024-08-05,15,Electronica,FR,Debito,Contactless,363.23,1
visa_300460,2024-05-01,17,Restauracion,ES,Debito,Online,27.79,1
visa_300461,2024-04-11,12,Salud,US,Debito,Contactless,101.98,1
visa_300462,2024-08-04,22,Electronica,MX,Debito,POS_fisico,161.58,1
visa_300463,2024-08-08,0,Ropa,FR,Debito,POS_fisico,83.0,1
visa_300464,2024-02-17,18,Combustible,FR,Debito,POS_fisico,24.89,1
visa_300465,2024-12-04,5,Ropa,DE,Debito,POS_fisico,72.83,1
visa_300466,2024-09-06,10,Salud,FR,Credito,Contactless,58.47,1
visa_300467,2024-08-12,14,Restauracion,JP,Credito,POS_fisico,37.72,1
visa_300468,2024-10-20,14,Viajes,FR,Debito,POS_fisico,316.36,1
visa_300469,2024-03-07,15,Restauracion,FR,Credito,POS_fisico,32.16,1
visa_300470,2024-02-05,10,Salud,US,Debito,Contactless,131.37,1
visa_300471,2024-03-22,5,Online,JP,Debito,Online,86.0,1
visa_300472,2024-06-19,15,Supermercado,ES,Credito,Online,94.66,1
visa_300473,2024-12-19,9,Ropa,FR,Credito,Contactless,55.99,1
visa_300474,2024-03-22,1,Viajes,JP,Debito,POS_fisico,282.05,1
visa_300475,2024-08-24,17,Online,ES,Credito,Online,65.74,1
visa_300476,2024-01-02,22,Supermercado,US,Debito,POS_fisico,34.75,1
visa_300477,2024-02-29,15,Ropa,FR,Debito,Online,83.76,1
visa_300478,2024-04-02,7,Restauracion,MX,Debito,POS_fisico,25.12,1
visa_300479,2024-01-16,16,Electronica,US,Prepago,POS_fisico,146.36,1
visa_300480,2024-01-06,18,Salud,FR,Credito,POS_fisico,76.73,1
visa_300481,2024-09-26,0,Supermercado,GB,Prepago,POS_fisico,88.22,1
visa_300482,2024-10-22,20,Salud,ES,Debito,POS_fisico,34.84,1
visa_300483,2024-04-24,11,Supermercado,US,Debito,POS_fisico,41.26,1
visa_300484,2024-03-25,23,Online,US,Debito,Online,94.84,1
visa_300485,2024-09-17,4,Supermercado,US,Debito,Online,114.21,1
visa_300486,2024-01-14,16,Online,FR,Debito,Contactless,85.64,0
visa_300487,2024-01-30,23,Online,FR,Debito,Online,30.69,1
visa_300488,2024-03-30,20,Salud,ES,Debito,POS_fisico,62.37,0
visa_300489,2024-02-26,13,Electronica,FR,Credito,POS_fisico,277.34,1
visa_300490,2024-11-06,18,Online,FR,Prepago,Contactless,58.82,1
visa_300491,2024-09-13,4,Supermercado,GB,Debito,POS_fisico,29.63,1
visa_300492,2024-10-26,14,Entretenimiento,JP,Debito,Online,22.64,0
visa_300493,2024-02-20,4,Restauracion,ES,Debito,Contactless,39.45,1
visa_300494,2024-03-28,16,Entretenimiento,JP,Debito,Online,25.05,1
visa_300495,2024-04-14,5,Viajes,US,Debito,POS_fisico,272.17,1
visa_300496,2024-02-18,7,Restauracion,MX,Credito,Online,29.87,1
visa_300497,2024-12-21,2,Ropa,US,Debito,Contactless,76.64,1
visa_300498,2024-10-23,6,Ropa,GB,Debito,POS_fisico,43.58,1
visa_300499,2024-06-23,0,Ropa,GB,Debito,POS_fisico,43.72,1
visa_300500,2024-12-09,5,Restauracion,US,Debito,Online,21.94,1
visa_300501,2024-06-25,4,Ropa,JP,Credito,Online,59.59,1
visa_300502,2024-02-07,7,Ropa,US,Debito,Online,97.64,1
visa_300503,2024-06-07,3,Supermercado,US,Credito,Online,81.01,1
visa_300504,2024-05-15,17,Restauracion,DE,Credito,Online,72.87,1
visa_300505,2024-04-03,10,Viajes,MX,Debito,POS_fisico,202.19,1
visa_300506,2024-04-27,17,Online,US,Debito,POS_fisico,37.5,1
visa_300507,2024-01-24,11,Online,US,Prepago,Online,87.77,1
visa_300508,2024-10-18,2,Salud,JP,Debito,POS_fisico,103.74,1
visa_300509,2024-07-04,21,Entretenimiento,DE,Credito,Contactless,38.77,1
visa_300510,2024-03-09,22,Restauracion,US,Debito,POS_fisico,29.42,1
visa_300511,2024-10-27,17,Ropa,GB,Credito,POS_fisico,89.95,1
visa_300512,2024-11-19,2,Supermercado,ES,Credito,Online,35.06,1
visa_300513,2024-06-30,4,Combustible,MX,Debito,POS_fisico,32.19,1
visa_300514,2024-03-06,13,Restauracion,FR,Debito,Online,30.91,1
visa_300515,2024-08-24,7,Ropa,GB,Credito,POS_fisico,59.99,1
visa_300516,2024-05-13,10,Supermercado,GB,Credito,POS_fisico,77.37,1
visa_300517,2024-04-14,0,Combustible,FR,Debito,Contactless,186.48,1
visa_300518,2024-12-09,22,Entretenimiento,FR,Credito,POS_fisico,20.09,1
visa_300519,2024-01-11,15,Combustible,JP,Debito,POS_fisico,109.12,1
visa_300520,2024-11-07,22,Salud,JP,Debito,POS_fisico,75.76,1
visa_300521,2024-07-07,9,Entretenimiento,US,Credito,Contactless,36.26,1
visa_300522,2024-07-16,12,Restauracion,JP,Debito,Online,43.32,1
visa_300523,2024-11-07,1,Restauracion,US,Debito,Online,34.68,1
visa_300524,2024-09-04,8,Entretenimiento,FR,Credito,POS_fisico,38.59,1
visa_300525,2024-12-26,21,Entretenimiento,US,Prepago,Contactless,22.47,1
visa_300526,2024-08-05,1,Restauracion,MX,Credito,POS_fisico,46.01,0
visa_300527,2024-05-03,3,Restauracion,DE,Debito,POS_fisico,20.75,1
visa_300528,2024-08-22,18,Electronica,DE,Debito,Contactless,84.31,1
visa_300529,2024-01-08,0,Supermercado,US,Prepago,Contactless,32.35,1
visa_300530,2024-02-03,10,Entretenimiento,ES,Credito,POS_fisico,44.24,1
visa_300531,2024-06-12,12,Ropa,MX,Debito,POS_fisico,29.02,1
visa_300532,2024-03-04,9,Ropa,FR,Credito,POS_fisico,26.99,1
visa_300533,2024-09-13,13,Ropa,JP,Debito,Online,32.59,1
visa_300534,2024-07-12,16,Salud,ES,Credito,POS_fisico,88.03,1
visa_300535,2024-11-08,9,Supermercado,DE,Credito,Online,57.02,1
visa_300536,2024-09-28,13,Combustible,JP,Debito,Online,107.74,1
visa_300537,2024-12-27,2,Entretenimiento,FR,Credito,POS_fisico,98.28,1
visa_300538,2024-10-23,22,Online,FR,Credito,Online,64.11,1
visa_300539,2024-06-07,23,Ropa,MX,Credito,POS_fisico,76.94,1
visa_300540,2024-01-10,3,Supermercado,JP,Credito,Online,40.91,0
visa_300541,2024-02-26,19,Supermercado,FR,Credito,Contactless,122.89,1
visa_300542,2024-08-27,21,Restauracion,GB,Credito,Contactless,19.31,1
visa_300543,2024-07-21,15,Viajes,FR,Prepago,POS_fisico,98.69,1
visa_300544,2024-07-06,12,Restauracion,ES,Debito,Contactless,20.44,1
visa_300545,2024-12-22,7,Viajes,DE,Credito,Online,212.8,1
visa_300546,2024-12-31,20,Entretenimiento,MX,Debito,Contactless,40.5,1
visa_300547,2024-04-03,10,Restauracion,US,Debito,POS_fisico,47.96,1
visa_300548,2024-05-25,1,Salud,ES,Credito,Contactless,78.72,1
visa_300549,2024-10-21,10,Entretenimiento,JP,Debito,Online,31.68,1
visa_300550,2024-09-28,19,Restauracion,ES,Debito,POS_fisico,75.89,1
visa_300551,2024-03-21,23,Online,JP,Debito,POS_fisico,46.44,1
visa_300552,2024-05-10,0,Online,MX,Debito,POS_fisico,28.93,1
visa_300553,2024-05-13,10,Restauracion,DE,Credito,Contactless,99.12,1
visa_300554,2024-02-24,7,Supermercado,MX,Prepago,Online,45.75,1
visa_300555,2024-03-10,3,Electronica,MX,Credito,Contactless,237.35,1
visa_300556,2024-07-26,23,Supermercado,MX,Credito,POS_fisico,36.56,1
visa_300557,2024-10-25,2,Restauracion,MX,Credito,Online,37.39,0
visa_300558,2024-06-06,1,Supermercado,FR,Credito,POS_fisico,50.09,1
visa_300559,2024-01-31,20,Restauracion,JP,Debito,POS_fisico,67.06,1
visa_300560,2024-06-23,10,Supermercado,JP,Credito,POS_fisico,19.37,1
visa_300561,2024-05-19,23,Electronica,JP,Debito,POS_fisico,588.17,1
visa_300562,2024-10-14,8,Ropa,JP,Credito,POS_fisico,48.31,1
visa_300563,2024-03-03,0,Restauracion,JP,Credito,POS_fisico,34.14,1
visa_300564,2024-08-09,11,Combustible,MX,Debito,POS_fisico,226.82,1
visa_300565,2024-10-02,5,Combustible,DE,Debito,Online,134.53,1
visa_300566,2024-12-27,7,Combustible,ES,Debito,POS_fisico,21.66,1
visa_300567,2024-09-25,21,Supermercado,DE,Debito,POS_fisico,65.88,1
visa_300568,2024-05-19,18,Entretenimiento,ES,Prepago,Online,21.03,1
visa_300569,2024-11-07,16,Entretenimiento,MX,Prepago,Online,32.63,1
visa_300570,2024-02-06,19,Combustible,MX,Credito,Contactless,25.5,1
visa_300571,2024-12-22,17,Online,MX,Credito,Online,104.99,1
visa_300572,2024-01-10,17,Restauracion,FR,Credito,POS_fisico,62.38,1
visa_300573,2024-04-23,18,Viajes,MX,Debito,Online,280.66,1
visa_300574,2024-05-16,2,Restauracion,JP,Credito,Online,42.22,1
visa_300575,2024-04-29,11,Restauracion,GB,Debito,Contactless,57.38,1
visa_300576,2024-03-22,5,Supermercado,GB,Debito,Contactless,57.46,1
visa_300577,2024-10-17,11,Ropa,DE,Prepago,Contactless,86.9,1
visa_300578,2024-06-28,16,Viajes,FR,Debito,Online,96.4,1
visa_300579,2024-02-16,12,Online,MX,Debito,Online,26.76,1
visa_300580,2024-02-06,16,Restauracion,DE,Debito,POS_fisico,36.97,1
visa_300581,2024-01-06,3,Electronica,FR,Credito,Online,274.39,1
visa_300582,2024-10-15,7,Restauracion,US,Debito,POS_fisico,53.95,1
visa_300583,2024-01-23,5,Online,DE,Credito,Online,45.41,1
visa_300584,2024-08-19,9,Combustible,GB,Debito,POS_fisico,88.24,1
visa_300585,2024-04-09,6,Ropa,MX,Credito,POS_fisico,175.38,1
visa_300586,2024-07-26,22,Restauracion,MX,Credito,Online,195.88,1
visa_300587,2024-04-13,10,Restauracion,FR,Debito,Online,35.97,1
visa_300588,2024-08-21,15,Electronica,JP,Credito,Online,175.45,1
visa_300589,2024-05-23,20,Restauracion,DE,Debito,POS_fisico,49.62,1
visa_300590,2024-01-06,5,Ropa,ES,Credito,POS_fisico,113.32,1
visa_300591,2024-07-25,6,Supermercado,FR,Credito,POS_fisico,32.86,1
visa_300592,2024-10-25,14,Restauracion,ES,Debito,POS_fisico,24.97,1
visa_300593,2024-06-02,19,Online,US,Debito,POS_fisico,127.85,0
visa_300594,2024-02-01,21,Salud,FR,Credito,Online,81.91,1
visa_300595,2024-07-10,17,Online,MX,Debito,POS_fisico,31.8,1
visa_300596,2024-06-06,14,Online,JP,Debito,POS_fisico,45.46,1
visa_300597,2024-11-18,11,Entretenimiento,ES,Credito,Online,65.84,1
visa_300598,2024-07-20,19,Ropa,DE,Credito,Online,147.68,1
visa_300599,2024-03-20,11,Restauracion,GB,Credito,Online,47.69,1
visa_300600,2024-09-30,8,Entretenimiento,ES,Prepago,POS_fisico,76.9,1
visa_300601,2024-01-14,16,Supermercado,MX,Credito,Online,25.71,1
visa_300602,2024-05-11,6,Viajes,US,Debito,Online,1263.34,1
visa_300603,2024-03-17,7,Supermercado,US,Debito,Online,45.41,1
visa_300604,2024-10-01,21,Supermercado,JP,Debito,POS_fisico,28.2,1
visa_300605,2024-05-24,1,Supermercado,MX,Credito,Contactless,69.19,1
visa_300606,2024-06-03,3,Restauracion,FR,Credito,POS_fisico,21.57,1
visa_300607,2024-07-10,23,Supermercado,FR,Debito,POS_fisico,26.88,1
visa_300608,2024-12-20,1,Supermercado,DE,Debito,POS_fisico,56.72,1
visa_300609,2024-01-27,5,Supermercado,DE,Debito,Online,25.28,1
visa_300610,2024-09-20,11,Restauracion,US,Prepago,Contactless,29.59,1
visa_300611,2024-05-04,17,Restauracion,US,Debito,POS_fisico,17.25,1
visa_300612,2024-07-26,17,Supermercado,DE,Debito,Contactless,208.45,1
visa_300613,2024-03-04,23,Viajes,ES,Debito,POS_fisico,195.7,1
visa_300614,2024-12-18,1,Online,FR,Credito,Online,48.33,1
visa_300615,2024-10-18,17,Salud,US,Debito,POS_fisico,50.34,1
visa_300616,2024-03-06,15,Online,FR,Credito,Online,62.15,1
visa_300617,2024-11-05,19,Electronica,GB,Credito,POS_fisico,211.83,1
visa_300618,2024-10-01,19,Combustible,US,Debito,Online,58.69,1
visa_300619,2024-12-13,10,Restauracion,FR,Debito,POS_fisico,72.33,1
visa_300620,2024-04-23,13,Electronica,ES,Debito,Contactless,397.09,1
visa_300621,2024-08-02,10,Combustible,JP,Credito,Contactless,33.78,1
visa_300622,2024-10-08,18,Supermercado,US,Debito,Online,38.08,1
visa_300623,2024-08-25,10,Electronica,GB,Debito,POS_fisico,227.49,1
visa_300624,2024-02-09,3,Ropa,US,Debito,POS_fisico,95.53,1
visa_300625,2024-03-06,16,Ropa,GB,Prepago,Online,51.31,1
visa_300626,2024-03-19,18,Supermercado,MX,Credito,POS_fisico,63.22,1
visa_300627,2024-07-23,10,Ropa,DE,Credito,Contactless,62.96,1
visa_300628,2024-06-28,21,Restauracion,GB,Debito,Online,108.33,1
visa_300629,2024-04-08,7,Restauracion,FR,Credito,Online,42.12,1
visa_300630,2024-08-05,20,Ropa,GB,Debito,Online,52.64,1
visa_300631,2024-10-19,13,Combustible,JP,Prepago,POS_fisico,82.88,1
visa_300632,2024-05-05,17,Online,DE,Credito,POS_fisico,43.63,1
visa_300633,2024-07-12,0,Viajes,US,Credito,Online,257.92,1
visa_300634,2024-10-14,9,Supermercado,US,Debito,POS_fisico,68.5,1
visa_300635,2024-07-31,17,Combustible,FR,Debito,Online,96.6,1
visa_300636,2024-08-21,21,Supermercado,GB,Debito,Online,38.93,1
visa_300637,2024-05-27,23,Entretenimiento,ES,Debito,Online,10.35,0
visa_300638,2024-09-18,11,Ropa,DE,Prepago,Online,17.83,1
visa_300639,2024-09-22,4,Ropa,MX,Credito,Contactless,78.28,1
visa_300640,2024-11-30,16,Supermercado,JP,Debito,Contactless,83.29,1
visa_300641,2024-11-01,14,Supermercado,US,Debito,POS_fisico,20.84,1
visa_300642,2024-09-06,12,Restauracion,JP,Debito,Contactless,27.38,1
visa_300643,2024-03-10,5,Entretenimiento,ES,Debito,Online,78.51,1
visa_300644,2024-04-05,10,Supermercado,FR,Debito,Online,39.35,1
visa_300645,2024-09-07,6,Ropa,US,Debito,Online,112.22,1
visa_300646,2024-09-18,0,Supermercado,GB,Debito,POS_fisico,48.9,1
visa_300647,2024-09-25,11,Supermercado,DE,Credito,POS_fisico,30.82,0
visa_300648,2024-08-20,1,Salud,DE,Debito,POS_fisico,601.57,1
visa_300649,2024-11-08,10,Entretenimiento,MX,Debito,Online,104.82,1
visa_300650,2024-06-16,4,Supermercado,JP,Credito,POS_fisico,37.73,1
visa_300651,2024-04-12,22,Entretenimiento,FR,Debito,POS_fisico,16.83,1
visa_300652,2024-04-26,21,Online,MX,Debito,Contactless,27.33,1
visa_300653,2024-03-18,2,Entretenimiento,GB,Credito,Online,23.22,1
visa_300654,2024-12-23,9,Supermercado,FR,Credito,POS_fisico,106.68,0
visa_300655,2024-03-20,23,Ropa,GB,Debito,Contactless,93.43,1
visa_300656,2024-07-08,14,Online,JP,Debito,POS_fisico,27.64,1
visa_300657,2024-06-21,19,Combustible,MX,Debito,Online,71.48,1
visa_300658,2024-03-06,23,Salud,ES,Debito,POS_fisico,90.44,1
visa_300659,2024-10-27,18,Online,GB,Credito,Online,65.09,1
visa_300660,2024-08-03,14,Supermercado,FR,Prepago,Contactless,141.58,1
visa_300661,2024-01-22,7,Ropa,MX,Credito,POS_fisico,51.33,1
visa_300662,2024-11-16,20,Salud,GB,Prepago,POS_fisico,132.6,1
visa_300663,2024-10-24,13,Entretenimiento,FR,Debito,POS_fisico,39.63,1
visa_300664,2024-12-29,2,Supermercado,US,Credito,POS_fisico,30.9,1
visa_300665,2024-08-28,16,Entretenimiento,MX,Credito,Contactless,24.79,1
visa_300666,2024-08-17,21,Supermercado,FR,Credito,Contactless,94.34,1
visa_300667,2024-02-13,14,Restauracion,MX,Credito,Online,77.72,1
visa_300668,2024-05-28,14,Viajes,MX,Debito,POS_fisico,338.07,1
visa_300669,2024-11-24,17,Supermercado,FR,Credito,POS_fisico,151.65,1
visa_300670,2024-07-06,12,Supermercado,JP,Debito,POS_fisico,119.34,1
visa_300671,2024-10-05,2,Restauracion,JP,Debito,Online,28.36,1
visa_300672,2024-05-02,15,Viajes,ES,Debito,POS_fisico,566.53,1
visa_300673,2024-06-20,18,Salud,ES,Credito,Online,81.15,1
visa_300674,2024-08-24,22,Ropa,FR,Debito,Contactless,86.51,1
visa_300675,2024-01-01,6,Salud,US,Debito,POS_fisico,92.18,0
visa_300676,2024-04-03,7,Viajes,GB,Debito,Online,1477.15,1
visa_300677,2024-11-26,19,Supermercado,GB,Debito,POS_fisico,43.12,1
visa_300678,2024-04-23,8,Entretenimiento,US,Credito,Online,81.13,1
visa_300679,2024-02-10,13,Restauracion,GB,Debito,POS_fisico,42.68,1
visa_300680,2024-07-27,9,Combustible,DE,Debito,Online,73.08,1
visa_300681,2024-08-01,16,Electronica,JP,Credito,Online,101.06,1
visa_300682,2024-08-31,19,Supermercado,DE,Debito,POS_fisico,42.99,1
visa_300683,2024-11-27,2,Supermercado,ES,Debito,Online,16.52,1
visa_300684,2024-11-24,15,Restauracion,US,Debito,Online,30.36,1
visa_300685,2024-03-29,17,Entretenimiento,ES,Prepago,Online,32.54,1
visa_300686,2024-12-31,6,Entretenimiento,DE,Credito,POS_fisico,52.07,1
visa_300687,2024-06-24,23,Entretenimiento,FR,Prepago,POS_fisico,38.69,1
visa_300688,2024-10-15,20,Viajes,ES,Credito,POS_fisico,216.88,1
visa_300689,2024-04-27,2,Supermercado,FR,Debito,POS_fisico,128.8,1
visa_300690,2024-08-24,12,Ropa,MX,Credito,POS_fisico,164.53,1
visa_300691,2024-10-10,23,Restauracion,FR,Credito,POS_fisico,82.89,1
visa_300692,2024-12-29,17,Entretenimiento,GB,Credito,Online,23.87,1
visa_300693,2024-02-02,2,Salud,FR,Debito,Online,39.57,1
visa_300694,2024-05-31,20,Electronica,GB,Debito,POS_fisico,302.89,0
visa_300695,2024-09-22,3,Viajes,JP,Debito,POS_fisico,85.43,1
visa_300696,2024-02-26,1,Restauracion,ES,Credito,POS_fisico,90.73,1
visa_300697,2024-03-29,23,Salud,MX,Credito,POS_fisico,124.49,1
visa_300698,2024-08-19,19,Restauracion,JP,Debito,Online,40.78,0
visa_300699,2024-11-06,10,Ropa,FR,Debito,Contactless,63.07,1
visa_300700,2024-08-30,19,Supermercado,GB,Debito,Online,37.87,1
visa_300701,2024-11-30,10,Entretenimiento,MX,Prepago,Online,39.41,1
visa_300702,2024-05-27,21,Electronica,ES,Debito,Online,106.62,1
visa_300703,2024-08-16,10,Online,ES,Debito,POS_fisico,28.16,1
visa_300704,2024-11-23,23,Online,DE,Credito,Online,21.17,1
visa_300705,2024-06-19,17,Supermercado,ES,Prepago,Contactless,83.06,1
visa_300706,2024-04-13,6,Restauracion,FR,Debito,Online,27.82,1
visa_300707,2024-11-06,6,Online,ES,Credito,Contactless,18.45,1
visa_300708,2024-07-14,4,Restauracion,FR,Debito,POS_fisico,74.39,1
visa_300709,2024-03-21,23,Electronica,ES,Debito,POS_fisico,313.17,1
visa_300710,2024-09-10,0,Restauracion,US,Debito,POS_fisico,49.55,1
visa_300711,2024-02-16,10,Restauracion,JP,Debito,Online,24.68,1
visa_300712,2024-06-13,10,Supermercado,DE,Credito,Contactless,35.05,1
visa_300713,2024-05-29,2,Electronica,ES,Credito,Online,464.05,1
visa_300714,2024-12-29,8,Entretenimiento,JP,Credito,POS_fisico,49.88,1
visa_300715,2024-01-29,16,Restauracion,US,Credito,POS_fisico,7.75,1
visa_300716,2024-04-30,22,Entretenimiento,MX,Debito,Online,86.36,1
visa_300717,2024-03-30,17,Restauracion,GB,Debito,Contactless,51.27,1
visa_300718,2024-03-27,20,Salud,MX,Debito,Online,97.67,1
visa_300719,2024-02-19,6,Salud,FR,Prepago,POS_fisico,35.2,1
visa_300720,2024-06-08,2,Restauracion,MX,Debito,POS_fisico,63.69,1
visa_300721,2024-02-24,8,Ropa,JP,Debito,POS_fisico,112.83,1
visa_300722,2024-09-16,13,Combustible,ES,Debito,Online,122.45,1
visa_300723,2024-05-05,2,Restauracion,MX,Credito,POS_fisico,29.12,1
visa_300724,2024-04-16,21,Restauracion,JP,Credito,Online,22.86,1
visa_300725,2024-01-14,5,Restauracion,DE,Debito,Online,31.21,1
visa_300726,2024-01-11,14,Combustible,DE,Credito,POS_fisico,31.39,1
visa_300727,2024-01-24,9,Viajes,GB,Prepago,Online,200.7,1
visa_300728,2024-09-04,12,Online,GB,Credito,Contactless,46.47,1
visa_300729,2024-05-25,6,Electronica,ES,Credito,POS_fisico,240.28,1
visa_300730,2024-10-02,10,Supermercado,US,Debito,POS_fisico,32.71,1
visa_300731,2024-12-19,9,Electronica,ES,Debito,Contactless,309.25,1
visa_300732,2024-10-25,7,Entretenimiento,ES,Credito,POS_fisico,27.38,1
visa_300733,2024-06-24,10,Restauracion,US,Prepago,POS_fisico,65.17,1
visa_300734,2024-06-21,18,Entretenimiento,FR,Debito,POS_fisico,24.49,1
visa_300735,2024-07-08,4,Salud,MX,Debito,Online,165.46,1
visa_300736,2024-09-21,12,Electronica,JP,Prepago,POS_fisico,180.44,1
visa_300737,2024-09-14,9,Ropa,FR,Credito,Online,86.93,1
visa_300738,2024-03-08,9,Combustible,GB,Debito,POS_fisico,75.86,1
visa_300739,2024-01-27,21,Restauracion,DE,Credito,Online,67.72,1
visa_300740,2024-09-09,2,Supermercado,MX,Debito,Contactless,45.2,1
visa_300741,2024-10-10,17,Combustible,FR,Debito,POS_fisico,50.13,1
visa_300742,2024-07-09,17,Restauracion,GB,Credito,POS_fisico,27.33,1
visa_300743,2024-04-09,6,Ropa,FR,Debito,POS_fisico,70.8,1
visa_300744,2024-12-02,15,Salud,JP,Debito,POS_fisico,34.4,1
visa_300745,2024-07-21,7,Combustible,DE,Debito,Online,42.93,1
visa_300746,2024-10-05,16,Restauracion,DE,Debito,POS_fisico,49.57,1
visa_300747,2024-05-24,20,Restauracion,DE,Credito,Contactless,18.43,1
visa_300748,2024-03-14,5,Online,GB,Debito,POS_fisico,42.13,1
visa_300749,2024-04-15,15,Restauracion,FR,Credito,Contactless,34.68,1
visa_300750,2024-04-01,21,Supermercado,JP,Credito,Online,55.36,1
visa_300751,2024-04-28,20,Restauracion,DE,Debito,Online,39.84,1
visa_300752,2024-08-28,17,Entretenimiento,GB,Credito,Contactless,27.69,1
visa_300753,2024-06-26,15,Restauracion,ES,Credito,Online,32.58,1
visa_300754,2024-06-26,6,Salud,GB,Credito,Online,72.76,1
visa_300755,2024-11-10,9,Supermercado,DE,Debito,Online,50.72,1
visa_300756,2024-06-22,14,Supermercado,ES,Prepago,Online,83.45,1
visa_300757,2024-12-24,21,Electronica,MX,Credito,POS_fisico,92.15,1
visa_300758,2024-03-22,5,Restauracion,JP,Credito,POS_fisico,23.99,1
visa_300759,2024-05-15,0,Supermercado,ES,Debito,POS_fisico,29.39,0
visa_300760,2024-09-08,0,Restauracion,DE,Credito,Online,35.2,1
visa_300761,2024-11-30,7,Ropa,JP,Debito,Online,33.49,1
visa_300762,2024-08-08,5,Online,MX,Debito,POS_fisico,63.49,1
visa_300763,2024-09-14,6,Supermercado,DE,Credito,POS_fisico,57.97,1
visa_300764,2024-07-25,14,Restauracion,DE,Debito,POS_fisico,70.32,1
visa_300765,2024-06-09,15,Restauracion,DE,Credito,Online,29.73,1
visa_300766,2024-01-29,15,Salud,DE,Credito,POS_fisico,172.16,1
visa_300767,2024-08-07,11,Salud,ES,Debito,POS_fisico,85.64,1
visa_300768,2024-04-29,22,Combustible,DE,Credito,Contactless,60.86,1
visa_300769,2024-11-07,20,Combustible,DE,Debito,Online,45.25,0
visa_300770,2024-07-24,12,Supermercado,MX,Credito,POS_fisico,58.18,1
visa_300771,2024-03-30,10,Salud,JP,Debito,POS_fisico,141.91,1
visa_300772,2024-11-22,5,Online,DE,Credito,POS_fisico,109.27,1
visa_300773,2024-07-20,16,Ropa,GB,Debito,Contactless,60.66,1
visa_300774,2024-03-18,1,Ropa,FR,Debito,POS_fisico,56.29,1
visa_300775,2024-04-17,9,Viajes,JP,Credito,POS_fisico,340.27,1
visa_300776,2024-06-22,10,Restauracion,ES,Credito,Contactless,77.9,1
visa_300777,2024-01-19,8,Restauracion,ES,Credito,POS_fisico,29.16,1
visa_300778,2024-10-26,9,Online,US,Credito,POS_fisico,26.08,1
visa_300779,2024-09-09,0,Salud,GB,Debito,POS_fisico,19.95,1
visa_300780,2024-11-17,19,Electronica,DE,Credito,Online,262.34,0
visa_300781,2024-11-02,16,Entretenimiento,DE,Debito,POS_fisico,43.37,1
visa_300782,2024-03-06,14,Supermercado,GB,Credito,Contactless,37.9,1
visa_300783,2024-06-06,2,Salud,DE,Debito,Online,55.08,1
visa_300784,2024-07-04,13,Ropa,MX,Debito,POS_fisico,30.24,1
visa_300785,2024-07-02,23,Restauracion,JP,Debito,POS_fisico,19.32,1
visa_300786,2024-07-24,0,Supermercado,ES,Debito,Contactless,28.57,1
visa_300787,2024-11-23,14,Online,GB,Debito,Contactless,37.97,1
visa_300788,2024-05-09,15,Restauracion,US,Debito,Online,65.96,1
visa_300789,2024-12-09,11,Restauracion,US,Credito,Online,27.48,1
visa_300790,2024-04-01,9,Supermercado,JP,Credito,Online,17.07,1
visa_300791,2024-03-04,17,Restauracion,US,Credito,Online,73.58,1
visa_300792,2024-07-20,4,Supermercado,ES,Debito,Online,47.34,1
visa_300793,2024-07-13,17,Supermercado,GB,Credito,POS_fisico,32.15,0
visa_300794,2024-02-13,13,Entretenimiento,GB,Credito,Online,68.47,1
visa_300795,2024-04-04,23,Online,JP,Debito,POS_fisico,49.04,1
visa_300796,2024-05-02,4,Supermercado,MX,Debito,POS_fisico,58.1,1
visa_300797,2024-11-29,18,Supermercado,JP,Debito,Online,24.96,1
visa_300798,2024-06-30,10,Combustible,DE,Debito,POS_fisico,52.21,1
visa_300799,2024-02-20,22,Ropa,US,Debito,POS_fisico,181.44,1
visa_300800,2024-04-29,4,Supermercado,GB,Debito,Contactless,47.67,1
visa_300801,2024-07-25,15,Salud,GB,Credito,POS_fisico,222.6,1
visa_300802,2024-01-17,7,Supermercado,JP,Debito,POS_fisico,25.15,1
visa_300803,2024-04-04,9,Restauracion,FR,Debito,Contactless,89.38,1
visa_300804,2024-07-09,18,Entretenimiento,FR,Credito,Online,26.01,1
visa_300805,2024-01-19,6,Electronica,ES,Credito,POS_fisico,171.89,1
visa_300806,2024-08-06,20,Restauracion,JP,Credito,Online,27.64,1
visa_300807,2024-03-06,17,Entretenimiento,MX,Debito,Online,73.72,1
visa_300808,2024-10-13,22,Salud,MX,Debito,Contactless,87.4,1
visa_300809,2024-06-13,15,Salud,US,Credito,POS_fisico,31.84,1
visa_300810,2024-04-26,16,Entretenimiento,GB,Credito,Online,20.68,1
visa_300811,2024-01-05,3,Supermercado,ES,Credito,Online,38.13,1
visa_300812,2024-12-30,23,Ropa,US,Debito,POS_fisico,85.07,1
visa_300813,2024-12-01,1,Restauracion,ES,Credito,POS_fisico,44.53,1
visa_300814,2024-05-06,7,Combustible,MX,Debito,Online,31.5,1
visa_300815,2024-10-07,14,Supermercado,ES,Credito,Contactless,28.61,1
visa_300816,2024-09-20,5,Salud,ES,Debito,POS_fisico,110.9,1
visa_300817,2024-08-01,17,Entretenimiento,DE,Debito,POS_fisico,22.76,1
visa_300818,2024-06-23,1,Restauracion,GB,Credito,Online,52.11,1
visa_300819,2024-08-06,15,Salud,JP,Credito,Online,75.82,1
visa_300820,2024-10-18,8,Combustible,DE,Credito,Online,36.93,1
visa_300821,2024-04-25,0,Entretenimiento,JP,Prepago,POS_fisico,54.01,1
visa_300822,2024-04-18,23,Supermercado,FR,Debito,Online,65.76,1
visa_300823,2024-10-13,21,Salud,ES,Debito,Contactless,138.61,1
visa_300824,2024-04-15,5,Supermercado,ES,Credito,POS_fisico,90.4,1
visa_300825,2024-05-30,14,Ropa,JP,Debito,Contactless,24.92,1
visa_300826,2024-08-16,7,Restauracion,GB,Credito,POS_fisico,29.2,1
visa_300827,2024-03-23,18,Supermercado,GB,Credito,Online,23.76,1
visa_300828,2024-04-19,6,Entretenimiento,JP,Credito,POS_fisico,22.97,1
visa_300829,2024-06-28,23,Supermercado,FR,Prepago,POS_fisico,209.02,1
visa_300830,2024-08-24,0,Salud,US,Prepago,Online,59.04,1
visa_300831,2024-09-24,8,Ropa,JP,Debito,POS_fisico,80.76,1
visa_300832,2024-05-17,19,Supermercado,FR,Debito,Contactless,49.89,1
visa_300833,2024-05-08,9,Entretenimiento,MX,Credito,Contactless,40.23,1
visa_300834,2024-12-16,10,Ropa,DE,Debito,Online,228.13,1
visa_300835,2024-09-07,15,Ropa,JP,Debito,Online,88.64,1
visa_300836,2024-06-18,2,Supermercado,US,Credito,POS_fisico,102.47,1
visa_300837,2024-03-17,18,Viajes,US,Debito,Online,193.88,1
visa_300838,2024-10-04,3,Electronica,US,Debito,Online,327.77,1
visa_300839,2024-11-18,18,Supermercado,US,Debito,POS_fisico,53.29,1
visa_300840,2024-11-02,9,Supermercado,DE,Credito,POS_fisico,64.57,1
visa_300841,2024-04-03,13,Entretenimiento,GB,Debito,Contactless,52.88,0
visa_300842,2024-11-14,12,Supermercado,DE,Debito,Online,46.21,1
visa_300843,2024-02-10,8,Ropa,MX,Debito,Online,92.4,1
visa_300844,2024-04-14,4,Online,DE,Debito,POS_fisico,116.0,1
visa_300845,2024-03-13,3,Combustible,ES,Credito,POS_fisico,84.42,1
visa_300846,2024-05-31,19,Online,JP,Debito,Contactless,40.43,1
visa_300847,2024-12-18,2,Salud,MX,Debito,Online,37.63,0
visa_300848,2024-09-16,14,Ropa,US,Credito,Online,124.89,1
visa_300849,2024-03-05,14,Electronica,DE,Debito,POS_fisico,97.62,1
visa_300850,2024-04-04,21,Electronica,ES,Debito,POS_fisico,130.39,1
visa_300851,2024-08-30,14,Combustible,JP,Debito,POS_fisico,33.01,1
visa_300852,2024-05-06,4,Supermercado,MX,Credito,POS_fisico,71.76,1
visa_300853,2024-10-02,17,Restauracion,JP,Debito,Contactless,28.46,1
visa_300854,2024-03-17,9,Electronica,FR,Debito,Online,499.59,1
visa_300855,2024-08-01,6,Restauracion,FR,Debito,Online,59.2,1
visa_300856,2024-07-02,13,Supermercado,JP,Credito,Contactless,71.86,1
visa_300857,2024-07-22,10,Ropa,FR,Debito,Contactless,57.65,1
visa_300858,2024-10-14,14,Supermercado,FR,Debito,Online,89.57,1
visa_300859,2024-08-09,23,Electronica,GB,Credito,POS_fisico,296.23,1
visa_300860,2024-11-17,10,Supermercado,DE,Debito,Online,15.06,0
visa_300861,2024-03-06,17,Salud,DE,Credito,POS_fisico,124.5,1
visa_300862,2024-06-28,1,Combustible,ES,Debito,Online,62.5,1
visa_300863,2024-08-15,6,Ropa,US,Debito,Contactless,93.58,1
visa_300864,2024-02-18,13,Restauracion,MX,Debito,POS_fisico,33.64,1
visa_300865,2024-10-19,19,Ropa,FR,Debito,POS_fisico,106.66,1
visa_300866,2024-01-17,17,Supermercado,MX,Debito,POS_fisico,48.53,1
visa_300867,2024-08-13,23,Electronica,ES,Debito,Contactless,231.24,1
visa_300868,2024-12-27,8,Entretenimiento,DE,Credito,Online,42.92,1
visa_300869,2024-08-01,17,Salud,DE,Debito,Contactless,154.91,1
visa_300870,2024-04-02,0,Combustible,MX,Debito,POS_fisico,54.56,1
visa_300871,2024-11-25,14,Supermercado,FR,Credito,Contactless,134.42,1
visa_300872,2024-08-31,1,Entretenimiento,DE,Credito,POS_fisico,17.96,1
visa_300873,2024-10-09,13,Combustible,FR,Credito,Contactless,84.44,1
visa_300874,2024-03-23,23,Ropa,GB,Credito,POS_fisico,92.82,1
visa_300875,2024-11-21,16,Supermercado,JP,Debito,Online,40.32,1
visa_300876,2024-02-25,21,Entretenimiento,MX,Credito,POS_fisico,43.45,1
visa_300877,2024-08-12,21,Entretenimiento,ES,Credito,Contactless,29.14,1
visa_300878,2024-04-22,21,Electronica,US,Debito,Online,168.7,1
visa_300879,2024-12-20,1,Electronica,JP,Debito,POS_fisico,130.49,1
visa_300880,2024-03-23,9,Supermercado,MX,Credito,Online,71.33,1
visa_300881,2024-09-29,8,Viajes,ES,Debito,POS_fisico,550.4,1
visa_300882,2024-10-31,11,Online,MX,Debito,POS_fisico,16.01,1
visa_300883,2024-01-14,8,Entretenimiento,MX,Credito,POS_fisico,44.73,1
visa_300884,2024-03-08,13,Electronica,DE,Credito,POS_fisico,497.4,1
visa_300885,2024-10-24,18,Entretenimiento,FR,Debito,Online,35.86,1
visa_300886,2024-02-07,19,Viajes,MX,Credito,POS_fisico,95.81,1
visa_300887,2024-08-09,19,Viajes,DE,Credito,Online,242.11,1
visa_300888,2024-05-14,13,Salud,MX,Credito,Online,119.99,1
visa_300889,2024-07-10,11,Salud,US,Credito,POS_fisico,68.06,1
visa_300890,2024-04-20,7,Entretenimiento,ES,Debito,POS_fisico,28.4,1
visa_300891,2024-03-31,17,Salud,MX,Debito,POS_fisico,125.24,1
visa_300892,2024-08-15,19,Ropa,FR,Credito,POS_fisico,251.66,1
visa_300893,2024-05-17,6,Supermercado,FR,Credito,Online,103.22,1
visa_300894,2024-11-16,6,Restauracion,DE,Credito,Online,46.03,1
visa_300895,2024-04-01,23,Supermercado,ES,Credito,Contactless,23.99,0
visa_300896,2024-06-21,19,Supermercado,DE,Credito,Online,85.27,1
visa_300897,2024-10-29,8,Supermercado,DE,Credito,Online,40.79,1
visa_300898,2024-06-22,3,Salud,US,Debito,Online,74.81,1
visa_300899,2024-04-12,23,Supermercado,ES,Debito,Online,83.8,1
visa_300900,2024-05-22,5,Restauracion,ES,Credito,Contactless,18.4,1
visa_300901,2024-07-08,7,Supermercado,ES,Credito,POS_fisico,103.44,1
visa_300902,2024-12-17,0,Entretenimiento,FR,Credito,POS_fisico,131.83,1
visa_300903,2024-11-18,6,Entretenimiento,US,Debito,POS_fisico,26.77,1
visa_300904,2024-07-21,14,Ropa,US,Debito,POS_fisico,138.13,1
visa_300905,2024-11-13,19,Restauracion,FR,Debito,Online,30.21,1
visa_300906,2024-06-23,11,Restauracion,FR,Debito,Online,56.4,1
visa_300907,2024-03-31,15,Entretenimiento,ES,Credito,Contactless,27.44,1
visa_300908,2024-08-20,5,Restauracion,DE,Debito,Online,27.41,1
visa_300909,2024-01-14,21,Entretenimiento,DE,Credito,Online,29.5,1
visa_300910,2024-03-28,1,Restauracion,ES,Credito,POS_fisico,54.28,1
visa_300911,2024-01-28,2,Combustible,FR,Debito,POS_fisico,51.75,1
visa_300912,2024-12-20,7,Electronica,GB,Debito,POS_fisico,67.18,1
visa_300913,2024-05-21,7,Restauracion,DE,Credito,POS_fisico,22.82,1
visa_300914,2024-05-12,12,Supermercado,MX,Prepago,Contactless,36.0,1
visa_300915,2024-05-03,14,Supermercado,GB,Credito,Online,71.61,1
visa_300916,2024-08-24,8,Electronica,DE,Debito,POS_fisico,330.97,1
visa_300917,2024-07-31,18,Electronica,US,Prepago,Contactless,291.73,1
visa_300918,2024-02-22,20,Entretenimiento,US,Credito,Online,45.64,1
visa_300919,2024-09-14,23,Electronica,FR,Credito,Contactless,576.41,1
visa_300920,2024-07-07,15,Supermercado,ES,Debito,POS_fisico,41.73,1
visa_300921,2024-11-02,3,Online,MX,Prepago,Contactless,46.67,1
visa_300922,2024-01-18,3,Entretenimiento,MX,Debito,Contactless,30.76,1
visa_300923,2024-04-14,4,Supermercado,FR,Debito,Contactless,55.78,1
visa_300924,2024-10-13,10,Restauracion,MX,Debito,POS_fisico,35.07,1
visa_300925,2024-06-07,17,Combustible,FR,Debito,POS_fisico,52.59,1
visa_300926,2024-08-29,20,Ropa,US,Debito,POS_fisico,102.86,1
visa_300927,2024-05-26,22,Entretenimiento,FR,Credito,Online,44.88,1
visa_300928,2024-05-02,20,Restauracion,JP,Debito,POS_fisico,24.81,1
visa_300929,2024-08-17,16,Supermercado,JP,Debito,POS_fisico,37.59,1
visa_300930,2024-08-29,1,Restauracion,JP,Credito,POS_fisico,48.07,1
visa_300931,2024-09-23,0,Supermercado,US,Credito,Online,107.86,1
visa_300932,2024-06-05,2,Supermercado,US,Credito,Online,80.62,1
visa_300933,2024-11-05,13,Ropa,US,Credito,POS_fisico,45.42,1
visa_300934,2024-12-08,10,Entretenimiento,MX,Prepago,Contactless,33.73,1
visa_300935,2024-10-06,1,Supermercado,DE,Debito,POS_fisico,127.33,1
visa_300936,2024-02-18,3,Combustible,DE,Credito,POS_fisico,48.28,1
visa_300937,2024-02-12,0,Restauracion,DE,Debito,POS_fisico,37.49,1
visa_300938,2024-04-10,15,Restauracion,GB,Credito,POS_fisico,31.98,1
visa_300939,2024-02-05,18,Supermercado,JP,Debito,POS_fisico,24.51,1
visa_300940,2024-10-25,14,Electronica,ES,Credito,Online,305.59,1
visa_300941,2024-02-05,5,Entretenimiento,MX,Credito,POS_fisico,31.55,1
visa_300942,2024-12-03,1,Combustible,FR,Debito,Contactless,35.01,1
visa_300943,2024-05-06,23,Ropa,GB,Credito,Online,29.31,1
visa_300944,2024-03-23,23,Electronica,DE,Debito,POS_fisico,133.35,1
visa_300945,2024-07-12,23,Electronica,JP,Debito,POS_fisico,235.43,0
visa_300946,2024-09-16,15,Entretenimiento,DE,Debito,Online,113.14,1
visa_300947,2024-01-17,18,Ropa,DE,Credito,POS_fisico,121.48,1
visa_300948,2024-06-03,18,Combustible,FR,Debito,Online,179.2,1
visa_300949,2024-04-16,1,Ropa,FR,Debito,POS_fisico,42.05,1
visa_300950,2024-11-26,20,Supermercado,ES,Debito,Online,57.79,1
visa_300951,2024-06-11,9,Supermercado,ES,Credito,Online,29.17,1
visa_300952,2024-02-26,13,Restauracion,ES,Debito,Online,10.09,1
visa_300953,2024-03-23,19,Combustible,GB,Debito,Contactless,17.86,1
visa_300954,2024-12-19,1,Restauracion,US,Debito,Online,113.78,1
visa_300955,2024-12-09,6,Supermercado,DE,Debito,Contactless,71.01,1
visa_300956,2024-04-24,14,Online,GB,Debito,Contactless,32.51,1
visa_300957,2024-03-30,17,Online,GB,Credito,Online,184.29,1
visa_300958,2024-03-08,3,Entretenimiento,FR,Debito,Online,44.55,1
visa_300959,2024-08-05,14,Entretenimiento,US,Debito,POS_fisico,105.06,1
visa_300960,2024-06-03,0,Supermercado,US,Credito,POS_fisico,72.05,1
visa_300961,2024-07-24,4,Salud,US,Debito,POS_fisico,146.99,1
visa_300962,2024-11-09,23,Viajes,ES,Debito,Contactless,620.81,1
visa_300963,2024-04-12,18,Online,JP,Debito,Contactless,37.45,1
visa_300964,2024-11-04,4,Online,MX,Debito,Online,33.73,1
visa_300965,2024-11-05,7,Electronica,US,Credito,POS_fisico,76.21,1
visa_300966,2024-11-18,3,Online,JP,Credito,Online,36.92,1
visa_300967,2024-08-06,14,Ropa,FR,Debito,POS_fisico,235.86,1
visa_300968,2024-06-19,20,Supermercado,MX,Credito,POS_fisico,36.06,1
visa_300969,2024-09-18,14,Salud,FR,Debito,POS_fisico,30.94,1
visa_300970,2024-12-19,21,Entretenimiento,JP,Credito,Online,30.84,1
visa_300971,2024-10-06,2,Salud,JP,Debito,Online,79.7,1
visa_300972,2024-11-01,6,Combustible,MX,Debito,POS_fisico,39.75,1
visa_300973,2024-05-11,21,Restauracion,FR,Credito,Online,40.57,1
visa_300974,2024-04-24,4,Combustible,ES,Credito,Online,56.1,1
visa_300975,2024-04-16,6,Electronica,JP,Debito,POS_fisico,162.12,1
visa_300976,2024-03-09,16,Viajes,FR,Credito,Online,283.18,1
visa_300977,2024-08-17,13,Restauracion,JP,Debito,Contactless,29.17,1
visa_300978,2024-01-08,3,Restauracion,ES,Credito,Online,36.85,1
visa_300979,2024-03-12,3,Entretenimiento,FR,Debito,POS_fisico,34.37,1
visa_300980,2024-05-24,23,Salud,DE,Debito,Online,244.05,0
visa_300981,2024-03-15,7,Combustible,MX,Prepago,Online,67.7,1
visa_300982,2024-04-05,16,Entretenimiento,DE,Debito,Online,45.5,1
visa_300983,2024-05-30,22,Supermercado,US,Debito,POS_fisico,102.47,1
visa_300984,2024-11-14,2,Combustible,GB,Credito,Online,56.09,1
visa_300985,2024-10-24,19,Entretenimiento,GB,Credito,Online,47.71,1
visa_300986,2024-02-11,3,Restauracion,US,Credito,Online,24.83,1
visa_300987,2024-06-21,17,Restauracion,GB,Debito,POS_fisico,30.88,1
visa_300988,2024-09-14,12,Salud,MX,Credito,POS_fisico,213.49,1
visa_300989,2024-11-13,18,Ropa,ES,Credito,POS_fisico,30.8,1
visa_300990,2024-11-27,14,Combustible,US,Prepago,Online,117.47,1
visa_300991,2024-11-13,23,Combustible,MX,Debito,POS_fisico,57.99,1
visa_300992,2024-04-09,23,Salud,US,Credito,POS_fisico,68.25,0
visa_300993,2024-01-05,2,Restauracion,JP,Credito,Contactless,47.92,1
visa_300994,2024-04-06,11,Combustible,ES,Debito,Online,73.92,1
visa_300995,2024-08-03,16,Entretenimiento,DE,Credito,POS_fisico,49.28,1
visa_300996,2024-01-05,18,Ropa,MX,Debito,POS_fisico,75.37,1
visa_300997,2024-06-13,5,Salud,FR,Credito,POS_fisico,81.12,1
visa_300998,2024-01-05,5,Supermercado,JP,Debito,Contactless,66.59,0
visa_300999,2024-06-13,12,Supermercado,FR,Debito,Contactless,31.66,1
visa_301000,2024-03-08,2,Supermercado,FR,Credito,Online,38.24,1
visa_301001,2024-07-23,1,Online,ES,Credito,POS_fisico,38.73,0
visa_301002,2024-10-20,6,Salud,JP,Credito,POS_fisico,39.33,1
visa_301003,2024-06-14,3,Combustible,ES,Credito,POS_fisico,59.67,1
visa_301004,2024-10-06,2,Restauracion,US,Prepago,POS_fisico,76.23,1
visa_301005,2024-08-09,6,Ropa,FR,Credito,Online,59.04,1
visa_301006,2024-05-08,14,Combustible,ES,Debito,Online,34.57,1
visa_301007,2024-01-02,13,Ropa,MX,Credito,POS_fisico,212.17,1
visa_301008,2024-04-22,20,Online,MX,Credito,POS_fisico,108.69,1
visa_301009,2024-05-24,1,Online,MX,Debito,POS_fisico,41.55,1
visa_301010,2024-08-10,2,Supermercado,MX,Debito,POS_fisico,90.26,1
visa_301011,2024-07-05,10,Restauracion,JP,Debito,POS_fisico,83.03,1
visa_301012,2024-01-07,23,Supermercado,ES,Debito,POS_fisico,122.99,1
visa_301013,2024-11-28,4,Entretenimiento,ES,Debito,POS_fisico,24.29,0
visa_301014,2024-08-17,13,Electronica,FR,Debito,Online,163.22,1
visa_301015,2024-10-17,7,Ropa,JP,Credito,POS_fisico,312.29,1
visa_301016,2024-02-04,0,Combustible,DE,Credito,POS_fisico,37.13,1
visa_301017,2024-12-28,13,Supermercado,US,Debito,Contactless,38.22,1
visa_301018,2024-07-17,12,Electronica,FR,Credito,POS_fisico,124.54,1
visa_301019,2024-04-03,22,Combustible,MX,Debito,Contactless,64.02,1
visa_301020,2024-03-30,19,Salud,MX,Debito,POS_fisico,199.68,1
visa_301021,2024-11-22,23,Viajes,GB,Debito,Online,297.08,1
visa_301022,2024-07-17,10,Supermercado,US,Credito,Contactless,19.05,1
visa_301023,2024-06-14,14,Restauracion,ES,Prepago,Contactless,75.46,1
visa_301024,2024-06-24,21,Supermercado,ES,Credito,Online,67.64,1
visa_301025,2024-02-14,1,Salud,US,Credito,POS_fisico,213.59,1
visa_301026,2024-02-25,11,Combustible,JP,Debito,Online,25.46,1
visa_301027,2024-09-27,15,Entretenimiento,ES,Debito,Online,34.42,1
visa_301028,2024-01-26,15,Entretenimiento,FR,Debito,POS_fisico,32.66,1
visa_301029,2024-07-30,1,Combustible,US,Debito,POS_fisico,54.77,1
visa_301030,2024-02-21,13,Entretenimiento,FR,Credito,Contactless,66.61,1
visa_301031,2024-01-23,7,Ropa,US,Credito,POS_fisico,169.97,1
visa_301032,2024-02-11,2,Supermercado,JP,Debito,Online,72.0,1
visa_301033,2024-01-30,20,Supermercado,DE,Debito,Online,44.98,1
visa_301034,2024-08-05,21,Entretenimiento,GB,Debito,POS_fisico,53.94,1
visa_301035,2024-10-27,11,Electronica,JP,Debito,Online,109.14,1
visa_301036,2024-07-12,8,Combustible,US,Credito,Online,28.64,1
visa_301037,2024-05-20,1,Combustible,GB,Credito,POS_fisico,33.1,1
visa_301038,2024-09-18,1,Ropa,GB,Credito,Online,137.66,1
visa_301039,2024-08-19,3,Entretenimiento,MX,Debito,POS_fisico,43.43,1
visa_301040,2024-04-26,18,Ropa,FR,Debito,Online,90.37,1
visa_301041,2024-12-13,2,Viajes,DE,Debito,Contactless,234.6,1
visa_301042,2024-09-23,18,Combustible,MX,Debito,POS_fisico,33.79,1
visa_301043,2024-08-28,8,Supermercado,FR,Credito,POS_fisico,22.06,1
visa_301044,2024-08-24,11,Online,GB,Debito,Online,38.46,0
visa_301045,2024-12-22,19,Ropa,JP,Credito,Online,16.93,1
visa_301046,2024-09-22,3,Combustible,JP,Debito,Online,36.36,1
visa_301047,2024-03-22,14,Online,DE,Credito,POS_fisico,33.71,1
visa_301048,2024-06-19,4,Combustible,DE,Prepago,Contactless,26.03,1
visa_301049,2024-02-11,5,Supermercado,GB,Debito,POS_fisico,30.26,1
visa_301050,2024-04-13,21,Restauracion,MX,Debito,POS_fisico,31.93,1
visa_301051,2024-06-09,7,Supermercado,FR,Credito,Online,35.71,1
visa_301052,2024-12-21,5,Restauracion,US,Credito,POS_fisico,34.77,1
visa_301053,2024-12-16,17,Supermercado,US,Credito,POS_fisico,35.77,1
visa_301054,2024-12-23,6,Combustible,DE,Credito,Online,138.12,1
visa_301055,2024-08-08,20,Restauracion,US,Debito,POS_fisico,77.34,0
visa_301056,2024-08-25,8,Online,GB,Credito,Online,22.6,1
visa_301057,2024-08-08,5,Salud,MX,Credito,Contactless,51.82,1
visa_301058,2024-02-03,17,Electronica,GB,Credito,Contactless,253.61,1
visa_301059,2024-05-02,13,Ropa,ES,Credito,Contactless,109.98,1
visa_301060,2024-05-31,6,Supermercado,GB,Credito,POS_fisico,28.28,1
visa_301061,2024-07-25,21,Ropa,MX,Credito,Online,160.42,1
visa_301062,2024-12-17,6,Supermercado,JP,Credito,Online,73.14,1
visa_301063,2024-08-05,23,Salud,GB,Credito,Online,58.92,1
visa_301064,2024-12-20,2,Online,GB,Credito,Online,111.71,1
visa_301065,2024-05-24,10,Combustible,FR,Credito,POS_fisico,42.6,1
visa_301066,2024-09-26,13,Supermercado,JP,Credito,POS_fisico,158.2,1
visa_301067,2024-10-27,16,Combustible,MX,Debito,Contactless,106.93,0
visa_301068,2024-05-21,18,Supermercado,MX,Credito,Contactless,84.37,1
visa_301069,2024-01-22,13,Restauracion,MX,Credito,Online,48.13,0
visa_301070,2024-11-13,6,Supermercado,US,Credito,Online,31.64,1
visa_301071,2024-08-07,12,Combustible,MX,Credito,Online,14.7,1
visa_301072,2024-07-28,21,Ropa,US,Debito,Contactless,93.44,0
visa_301073,2024-12-20,19,Supermercado,FR,Prepago,POS_fisico,145.93,1
visa_301074,2024-10-22,0,Combustible,FR,Debito,Online,13.88,1
visa_301075,2024-08-12,15,Viajes,GB,Debito,Online,790.63,1
visa_301076,2024-07-02,0,Entretenimiento,MX,Debito,POS_fisico,119.95,1
visa_301077,2024-03-13,0,Supermercado,DE,Credito,Contactless,46.91,1
visa_301078,2024-06-01,5,Supermercado,FR,Prepago,Contactless,51.93,1
visa_301079,2024-02-15,0,Restauracion,FR,Prepago,POS_fisico,25.94,1
visa_301080,2024-11-13,20,Combustible,GB,Debito,Online,48.73,1
visa_301081,2024-12-12,12,Restauracion,US,Debito,POS_fisico,72.56,1
visa_301082,2024-05-24,16,Combustible,US,Credito,POS_fisico,63.12,1
visa_301083,2024-11-03,6,Restauracion,FR,Prepago,POS_fisico,28.06,1
visa_301084,2024-02-12,4,Entretenimiento,JP,Credito,Online,125.92,1
visa_301085,2024-09-04,21,Restauracion,ES,Debito,Online,26.42,1
visa_301086,2024-10-22,11,Restauracion,DE,Debito,POS_fisico,37.62,1
visa_301087,2024-07-26,23,Ropa,ES,Debito,POS_fisico,49.46,1
visa_301088,2024-10-11,3,Restauracion,FR,Prepago,Online,33.01,1
visa_301089,2024-05-26,18,Entretenimiento,MX,Debito,Online,11.5,1
visa_301090,2024-10-20,22,Supermercado,GB,Credito,POS_fisico,117.65,1
visa_301091,2024-06-03,23,Entretenimiento,FR,Debito,Online,31.26,1
visa_301092,2024-08-08,16,Restauracion,FR,Debito,POS_fisico,108.35,1
visa_301093,2024-05-04,3,Salud,GB,Credito,POS_fisico,45.46,1
visa_301094,2024-11-03,17,Salud,GB,Credito,Online,199.17,1
visa_301095,2024-03-01,3,Entretenimiento,DE,Credito,Contactless,84.83,1
visa_301096,2024-05-04,10,Ropa,GB,Credito,Contactless,112.69,1
visa_301097,2024-09-26,3,Supermercado,MX,Credito,POS_fisico,56.04,1
visa_301098,2024-08-02,8,Electronica,MX,Debito,POS_fisico,85.08,1
visa_301099,2024-05-27,0,Restauracion,GB,Debito,Online,17.37,1
visa_301100,2024-09-10,7,Restauracion,DE,Debito,Online,33.83,1
visa_301101,2024-09-14,6,Viajes,FR,Credito,Contactless,294.94,1
visa_301102,2024-12-31,8,Electronica,US,Debito,POS_fisico,431.55,1
visa_301103,2024-10-15,23,Ropa,GB,Debito,POS_fisico,188.98,1
visa_301104,2024-12-05,14,Electronica,JP,Credito,POS_fisico,347.58,1
visa_301105,2024-08-29,12,Supermercado,ES,Debito,POS_fisico,43.53,1
visa_301106,2024-02-05,0,Supermercado,MX,Debito,POS_fisico,144.87,1
visa_301107,2024-08-17,12,Supermercado,ES,Debito,Online,40.1,1
visa_301108,2024-01-11,20,Viajes,GB,Credito,POS_fisico,667.3,1
visa_301109,2024-07-14,14,Online,FR,Credito,POS_fisico,54.28,1
visa_301110,2024-05-24,20,Viajes,GB,Credito,Online,233.03,1
visa_301111,2024-01-09,5,Salud,JP,Debito,Contactless,145.69,1
visa_301112,2024-04-07,1,Ropa,ES,Debito,Online,42.19,1
visa_301113,2024-05-23,1,Online,JP,Debito,POS_fisico,23.37,1
visa_301114,2024-10-08,14,Electronica,FR,Credito,Online,335.08,1
visa_301115,2024-03-09,20,Online,US,Credito,Contactless,65.36,1
visa_301116,2024-08-22,6,Combustible,ES,Credito,POS_fisico,66.77,1
visa_301117,2024-11-17,2,Supermercado,DE,Credito,Online,22.25,1
visa_301118,2024-03-03,12,Viajes,GB,Debito,POS_fisico,208.26,1
visa_301119,2024-03-04,14,Combustible,GB,Debito,POS_fisico,238.31,1
visa_301120,2024-06-26,23,Entretenimiento,US,Debito,POS_fisico,21.22,0
visa_301121,2024-04-11,3,Online,GB,Credito,POS_fisico,81.97,1
visa_301122,2024-12-06,5,Combustible,DE,Credito,POS_fisico,95.79,1
visa_301123,2024-04-14,11,Electronica,JP,Debito,POS_fisico,214.58,1
visa_301124,2024-07-25,1,Entretenimiento,ES,Debito,Online,16.5,1
visa_301125,2024-06-27,2,Supermercado,ES,Debito,POS_fisico,128.58,1
visa_301126,2024-09-21,17,Combustible,MX,Debito,POS_fisico,72.26,1
visa_301127,2024-10-13,20,Entretenimiento,MX,Credito,POS_fisico,51.72,1
visa_301128,2024-04-19,22,Online,JP,Debito,Contactless,32.68,1
visa_301129,2024-05-10,13,Supermercado,FR,Debito,Contactless,87.62,1
visa_301130,2024-10-11,22,Combustible,DE,Debito,POS_fisico,91.38,1
visa_301131,2024-09-27,5,Supermercado,US,Debito,POS_fisico,43.76,1
visa_301132,2024-03-02,21,Entretenimiento,JP,Debito,POS_fisico,50.06,1
visa_301133,2024-08-03,21,Viajes,GB,Credito,POS_fisico,139.81,1
visa_301134,2024-05-16,18,Restauracion,MX,Credito,POS_fisico,28.93,1
visa_301135,2024-03-13,12,Restauracion,MX,Credito,Online,35.81,1
visa_301136,2024-04-23,11,Restauracion,DE,Credito,POS_fisico,20.41,1
visa_301137,2024-01-04,21,Online,DE,Credito,Online,28.22,1
visa_301138,2024-09-25,2,Combustible,JP,Debito,POS_fisico,33.84,1
visa_301139,2024-05-15,8,Salud,MX,Debito,POS_fisico,113.46,1
visa_301140,2024-09-25,11,Viajes,GB,Debito,POS_fisico,382.33,1
visa_301141,2024-06-25,13,Ropa,JP,Credito,Contactless,246.3,1
visa_301142,2024-01-04,0,Ropa,MX,Credito,Contactless,76.79,1
visa_301143,2024-06-17,19,Salud,ES,Credito,POS_fisico,160.45,1
visa_301144,2024-07-12,12,Combustible,FR,Debito,POS_fisico,53.02,1
visa_301145,2024-04-06,9,Online,FR,Credito,Online,34.53,1
visa_301146,2024-09-02,3,Supermercado,FR,Debito,Contactless,36.8,1
visa_301147,2024-09-25,13,Restauracion,MX,Credito,Online,32.2,1
visa_301148,2024-10-01,10,Supermercado,GB,Credito,Online,29.58,1
visa_301149,2024-09-19,11,Ropa,DE,Credito,Online,58.46,1
visa_301150,2024-07-17,20,Viajes,US,Credito,POS_fisico,256.87,1
visa_301151,2024-10-09,16,Viajes,GB,Debito,POS_fisico,142.35,1
visa_301152,2024-04-04,4,Combustible,JP,Debito,POS_fisico,49.52,1
visa_301153,2024-12-12,11,Online,GB,Credito,Contactless,49.53,1
visa_301154,2024-04-09,15,Combustible,ES,Prepago,Online,44.0,1
visa_301155,2024-03-21,15,Supermercado,US,Debito,Contactless,43.16,1
visa_301156,2024-11-18,22,Electronica,JP,Debito,POS_fisico,117.35,1
visa_301157,2024-01-14,22,Restauracion,JP,Debito,POS_fisico,36.47,1
visa_301158,2024-03-19,21,Ropa,US,Prepago,Online,110.0,1
visa_301159,2024-05-14,19,Supermercado,GB,Prepago,Contactless,36.51,0
visa_301160,2024-01-10,20,Restauracion,DE,Debito,Contactless,27.59,1
visa_301161,2024-10-27,22,Online,ES,Credito,POS_fisico,224.45,1
visa_301162,2024-05-27,14,Entretenimiento,ES,Credito,POS_fisico,21.2,1
visa_301163,2024-12-26,0,Online,DE,Prepago,Online,31.73,1
visa_301164,2024-02-06,1,Salud,US,Debito,Contactless,100.84,1
visa_301165,2024-09-22,4,Combustible,DE,Debito,Contactless,40.39,1
visa_301166,2024-05-05,7,Entretenimiento,FR,Credito,POS_fisico,37.21,1
visa_301167,2024-09-13,13,Online,US,Credito,POS_fisico,26.02,1
visa_301168,2024-07-21,13,Entretenimiento,DE,Debito,POS_fisico,9.68,1
visa_301169,2024-09-11,17,Combustible,DE,Debito,Contactless,134.64,1
visa_301170,2024-11-04,1,Restauracion,FR,Debito,POS_fisico,27.06,1
visa_301171,2024-10-11,23,Ropa,ES,Debito,POS_fisico,81.4,1
visa_301172,2024-06-22,13,Supermercado,FR,Debito,Contactless,78.01,1
visa_301173,2024-12-29,12,Combustible,ES,Credito,POS_fisico,56.01,1
visa_301174,2024-07-24,22,Supermercado,MX,Debito,Online,48.99,1
visa_301175,2024-11-07,12,Online,JP,Prepago,Contactless,26.43,1
visa_301176,2024-01-17,20,Supermercado,DE,Debito,Online,16.65,1
visa_301177,2024-04-26,7,Combustible,US,Debito,POS_fisico,21.83,1
visa_301178,2024-12-04,2,Entretenimiento,ES,Credito,POS_fisico,38.18,1
visa_301179,2024-08-31,8,Combustible,DE,Credito,POS_fisico,26.25,1
visa_301180,2024-01-10,18,Combustible,GB,Debito,POS_fisico,46.59,1
visa_301181,2024-01-21,6,Entretenimiento,FR,Credito,POS_fisico,15.35,1
visa_301182,2024-05-13,20,Combustible,MX,Debito,POS_fisico,53.87,1
visa_301183,2024-05-25,12,Electronica,ES,Debito,POS_fisico,456.19,1
visa_301184,2024-08-03,10,Salud,US,Debito,POS_fisico,96.88,1
visa_301185,2024-04-15,0,Online,MX,Credito,Online,36.91,1
visa_301186,2024-01-17,20,Entretenimiento,FR,Debito,Contactless,15.7,1
visa_301187,2024-12-10,17,Supermercado,JP,Debito,POS_fisico,78.26,1
visa_301188,2024-04-05,6,Restauracion,DE,Credito,POS_fisico,87.98,1
visa_301189,2024-09-07,7,Electronica,JP,Debito,POS_fisico,351.14,1
visa_301190,2024-03-14,4,Combustible,FR,Credito,POS_fisico,112.7,1
visa_301191,2024-11-05,22,Viajes,GB,Debito,POS_fisico,154.36,1
visa_301192,2024-11-10,5,Ropa,JP,Credito,Online,55.66,1
visa_301193,2024-03-12,23,Salud,DE,Debito,Contactless,86.06,1
visa_301194,2024-09-10,8,Entretenimiento,JP,Debito,POS_fisico,55.31,1
visa_301195,2024-04-01,14,Online,GB,Debito,POS_fisico,57.53,1
visa_301196,2024-09-16,7,Ropa,FR,Credito,Online,132.02,1
visa_301197,2024-10-16,22,Ropa,DE,Debito,POS_fisico,201.41,1
visa_301198,2024-05-30,19,Supermercado,GB,Debito,Contactless,34.96,1
visa_301199,2024-04-29,7,Ropa,DE,Debito,POS_fisico,26.61,1
visa_301200,2024-02-13,6,Entretenimiento,GB,Debito,Online,19.03,1
visa_301201,2024-07-31,4,Restauracion,FR,Debito,Online,29.84,1
visa_301202,2024-01-18,6,Viajes,US,Credito,POS_fisico,909.87,1
visa_301203,2024-03-08,21,Ropa,MX,Debito,POS_fisico,37.04,0
visa_301204,2024-06-17,16,Ropa,DE,Debito,POS_fisico,70.23,1
visa_301205,2024-04-10,3,Supermercado,FR,Credito,Online,63.33,1
visa_301206,2024-05-12,7,Supermercado,US,Credito,POS_fisico,92.69,1
visa_301207,2024-02-24,16,Electronica,ES,Credito,Online,167.98,1
visa_301208,2024-05-11,15,Combustible,MX,Credito,POS_fisico,44.01,1
visa_301209,2024-08-14,9,Ropa,GB,Prepago,Online,50.39,1
visa_301210,2024-06-07,12,Entretenimiento,US,Debito,Contactless,38.44,1
visa_301211,2024-06-05,7,Online,JP,Prepago,Contactless,108.91,1
visa_301212,2024-04-14,9,Electronica,DE,Credito,Online,435.17,1
visa_301213,2024-01-26,18,Combustible,ES,Debito,Online,43.17,1
visa_301214,2024-02-01,14,Supermercado,ES,Debito,POS_fisico,77.45,1
visa_301215,2024-04-01,3,Supermercado,DE,Debito,Online,60.93,1
visa_301216,2024-04-13,9,Online,US,Debito,Contactless,35.63,1
visa_301217,2024-02-08,10,Supermercado,JP,Credito,Online,119.92,1
visa_301218,2024-02-22,3,Online,DE,Debito,Online,35.66,1
visa_301219,2024-02-24,5,Viajes,MX,Credito,POS_fisico,154.71,1
visa_301220,2024-06-01,0,Ropa,DE,Credito,Contactless,40.6,1
visa_301221,2024-10-08,14,Combustible,JP,Debito,Contactless,46.7,1
visa_301222,2024-05-02,22,Restauracion,MX,Prepago,Online,25.62,1
visa_301223,2024-12-14,15,Supermercado,JP,Debito,POS_fisico,25.79,1
visa_301224,2024-05-30,21,Ropa,US,Debito,POS_fisico,97.21,1
visa_301225,2024-09-04,2,Entretenimiento,FR,Credito,Online,50.01,1
visa_301226,2024-07-30,0,Combustible,ES,Debito,Online,143.66,1
visa_301227,2024-06-27,18,Supermercado,DE,Debito,Contactless,43.37,1
visa_301228,2024-02-22,17,Combustible,JP,Prepago,Online,29.16,1
visa_301229,2024-01-31,22,Restauracion,FR,Debito,Contactless,37.82,1
visa_301230,2024-10-11,4,Entretenimiento,FR,Debito,Contactless,48.43,1
visa_301231,2024-10-01,9,Salud,ES,Prepago,Online,59.83,1
visa_301232,2024-11-22,16,Online,MX,Prepago,Online,27.33,1
visa_301233,2024-12-09,10,Entretenimiento,DE,Credito,POS_fisico,56.59,1
visa_301234,2024-03-13,3,Supermercado,US,Debito,POS_fisico,81.37,1
visa_301235,2024-03-29,19,Restauracion,FR,Debito,Contactless,67.09,0
visa_301236,2024-10-10,23,Online,DE,Debito,Online,22.44,1
visa_301237,2024-05-04,3,Entretenimiento,US,Prepago,POS_fisico,86.75,1
visa_301238,2024-11-01,6,Supermercado,US,Prepago,POS_fisico,87.59,1
visa_301239,2024-09-22,0,Combustible,FR,Prepago,POS_fisico,27.62,1
visa_301240,2024-07-22,0,Electronica,FR,Debito,Contactless,103.86,1
visa_301241,2024-08-01,5,Restauracion,GB,Prepago,Online,41.54,1
visa_301242,2024-11-19,9,Restauracion,ES,Credito,POS_fisico,27.34,1
visa_301243,2024-06-10,23,Online,ES,Debito,POS_fisico,32.15,1
visa_301244,2024-04-20,21,Electronica,JP,Credito,Contactless,180.85,1
visa_301245,2024-04-13,8,Supermercado,FR,Credito,POS_fisico,76.47,1
visa_301246,2024-11-23,14,Restauracion,MX,Credito,POS_fisico,50.01,1
visa_301247,2024-12-22,7,Viajes,US,Credito,Online,251.11,1
visa_301248,2024-03-12,5,Entretenimiento,DE,Debito,POS_fisico,31.66,1
visa_301249,2024-03-15,21,Restauracion,ES,Debito,Online,36.25,1
visa_301250,2024-12-20,23,Combustible,MX,Credito,Online,78.52,1
visa_301251,2024-10-03,23,Ropa,JP,Credito,Online,81.28,1
visa_301252,2024-06-01,0,Viajes,ES,Debito,Contactless,1207.17,1
visa_301253,2024-07-09,3,Electronica,MX,Credito,POS_fisico,240.15,1
visa_301254,2024-11-06,5,Ropa,MX,Debito,POS_fisico,83.45,1
visa_301255,2024-08-21,20,Ropa,ES,Debito,POS_fisico,93.71,1
visa_301256,2024-01-29,10,Online,DE,Prepago,Online,90.31,1
visa_301257,2024-10-13,22,Entretenimiento,US,Credito,POS_fisico,26.68,1
visa_301258,2024-01-09,22,Restauracion,US,Debito,POS_fisico,56.12,1
visa_301259,2024-11-23,21,Electronica,JP,Debito,POS_fisico,176.77,1
visa_301260,2024-01-12,22,Supermercado,JP,Credito,Online,17.64,1
visa_301261,2024-01-27,18,Online,JP,Debito,Contactless,83.33,1
visa_301262,2024-01-26,1,Combustible,US,Debito,POS_fisico,42.37,1
visa_301263,2024-05-14,12,Restauracion,DE,Credito,POS_fisico,46.72,1
visa_301264,2024-12-24,19,Supermercado,MX,Prepago,Online,30.28,1
visa_301265,2024-09-22,17,Salud,ES,Debito,Online,100.32,1
visa_301266,2024-07-09,8,Restauracion,DE,Debito,Online,28.07,1
visa_301267,2024-05-26,3,Ropa,FR,Debito,Online,132.59,1
visa_301268,2024-09-29,8,Online,US,Debito,Online,69.79,1
visa_301269,2024-05-06,2,Electronica,US,Debito,Online,141.6,0
visa_301270,2024-06-15,9,Electronica,ES,Debito,Online,184.94,1
visa_301271,2024-01-12,7,Electronica,DE,Debito,Contactless,178.8,1
visa_301272,2024-10-07,4,Restauracion,JP,Credito,Contactless,22.79,1
visa_301273,2024-03-19,18,Supermercado,FR,Credito,POS_fisico,35.52,1
visa_301274,2024-12-17,13,Electronica,US,Credito,Online,121.26,1
visa_301275,2024-05-26,2,Ropa,US,Debito,Online,42.11,1
visa_301276,2024-03-17,3,Salud,FR,Credito,Online,154.28,1
visa_301277,2024-11-19,9,Ropa,FR,Debito,POS_fisico,106.31,1
visa_301278,2024-05-31,4,Entretenimiento,MX,Credito,Contactless,31.46,1
visa_301279,2024-07-21,9,Supermercado,JP,Debito,Contactless,131.48,1
visa_301280,2024-06-01,2,Online,JP,Credito,POS_fisico,22.69,1
visa_301281,2024-11-02,4,Restauracion,FR,Debito,Online,54.85,1
visa_301282,2024-08-05,10,Combustible,GB,Debito,Online,24.7,1
visa_301283,2024-09-01,1,Combustible,ES,Prepago,Online,33.31,1
visa_301284,2024-09-20,10,Combustible,GB,Credito,POS_fisico,110.24,1
visa_301285,2024-11-01,12,Online,MX,Credito,Online,58.77,1
visa_301286,2024-12-14,19,Online,JP,Debito,Online,50.04,1
visa_301287,2024-12-11,15,Viajes,DE,Credito,POS_fisico,161.11,1
visa_301288,2024-08-27,8,Entretenimiento,ES,Debito,POS_fisico,17.56,1
visa_301289,2024-08-04,13,Restauracion,JP,Credito,Contactless,57.66,1
visa_301290,2024-04-12,0,Supermercado,ES,Credito,Online,57.42,1
visa_301291,2024-04-27,0,Entretenimiento,GB,Prepago,POS_fisico,39.03,1
visa_301292,2024-04-30,20,Combustible,JP,Debito,POS_fisico,67.88,1
visa_301293,2024-01-29,12,Online,MX,Debito,POS_fisico,33.21,1
visa_301294,2024-07-21,21,Online,GB,Credito,Online,31.94,1
visa_301295,2024-07-10,16,Entretenimiento,DE,Credito,Online,37.59,1
visa_301296,2024-05-21,10,Combustible,GB,Credito,POS_fisico,78.17,1
visa_301297,2024-03-04,19,Entretenimiento,ES,Debito,POS_fisico,20.27,0
visa_301298,2024-04-17,13,Entretenimiento,MX,Credito,Contactless,31.7,1
visa_301299,2024-08-09,21,Electronica,MX,Debito,Contactless,245.9,1
visa_301300,2024-11-09,3,Ropa,US,Credito,Online,72.05,0
visa_301301,2024-03-28,14,Supermercado,MX,Credito,Online,75.1,1
visa_301302,2024-07-28,20,Online,FR,Debito,Online,48.22,1
visa_301303,2024-08-14,11,Ropa,GB,Prepago,POS_fisico,96.31,1
visa_301304,2024-03-31,23,Combustible,MX,Debito,POS_fisico,21.63,1
visa_301305,2024-12-07,23,Salud,DE,Debito,Online,102.59,1
visa_301306,2024-01-26,5,Salud,DE,Debito,Contactless,181.51,1
visa_301307,2024-09-30,20,Supermercado,ES,Debito,Contactless,102.33,1
visa_301308,2024-07-28,17,Ropa,JP,Credito,Online,87.82,1
visa_301309,2024-11-16,21,Entretenimiento,DE,Debito,Online,17.43,1
visa_301310,2024-09-03,5,Restauracion,FR,Credito,POS_fisico,44.2,1
visa_301311,2024-10-20,22,Combustible,JP,Credito,Contactless,59.58,1
visa_301312,2024-01-04,22,Combustible,FR,Credito,POS_fisico,64.35,1
visa_301313,2024-05-12,14,Ropa,ES,Debito,Online,76.15,1
visa_301314,2024-05-20,10,Supermercado,ES,Debito,Online,66.01,1
visa_301315,2024-06-05,15,Combustible,JP,Debito,Online,39.93,1
visa_301316,2024-08-23,12,Combustible,JP,Debito,POS_fisico,31.99,1
visa_301317,2024-09-23,4,Restauracion,GB,Credito,POS_fisico,59.46,1
visa_301318,2024-11-01,1,Electronica,JP,Debito,Online,293.32,1
visa_301319,2024-05-05,16,Salud,ES,Prepago,Online,150.63,1
visa_301320,2024-05-01,7,Supermercado,MX,Credito,POS_fisico,106.0,1
visa_301321,2024-05-23,17,Supermercado,FR,Credito,POS_fisico,106.51,1
visa_301322,2024-03-16,0,Ropa,ES,Debito,Contactless,113.25,1
visa_301323,2024-04-27,7,Combustible,GB,Credito,POS_fisico,134.18,1
visa_301324,2024-08-28,23,Online,JP,Debito,POS_fisico,144.98,1
visa_301325,2024-12-04,8,Ropa,FR,Debito,POS_fisico,89.93,1
visa_301326,2024-01-31,15,Supermercado,FR,Debito,Online,26.27,1
visa_301327,2024-10-11,0,Restauracion,US,Prepago,POS_fisico,42.37,1
visa_301328,2024-04-22,18,Electronica,MX,Credito,POS_fisico,77.38,1
visa_301329,2024-10-29,2,Restauracion,JP,Debito,Contactless,44.27,0
visa_301330,2024-03-20,7,Viajes,FR,Debito,POS_fisico,193.78,1
visa_301331,2024-03-17,11,Restauracion,ES,Debito,POS_fisico,33.47,1
visa_301332,2024-03-05,11,Restauracion,GB,Debito,POS_fisico,47.13,0
visa_301333,2024-01-10,16,Salud,GB,Debito,Contactless,40.11,0
visa_301334,2024-11-02,1,Supermercado,DE,Credito,POS_fisico,91.56,1
visa_301335,2024-02-16,2,Salud,MX,Credito,Contactless,66.91,1
visa_301336,2024-01-28,5,Combustible,US,Credito,POS_fisico,234.12,1
visa_301337,2024-08-29,17,Ropa,ES,Debito,Contactless,83.44,0
visa_301338,2024-01-02,17,Supermercado,MX,Credito,POS_fisico,88.06,1
visa_301339,2024-02-20,7,Ropa,MX,Credito,POS_fisico,57.48,1
visa_301340,2024-01-06,6,Restauracion,ES,Debito,POS_fisico,70.53,1
visa_301341,2024-12-26,22,Restauracion,US,Credito,POS_fisico,32.02,1
visa_301342,2024-01-30,1,Ropa,DE,Debito,Contactless,80.3,1
visa_301343,2024-08-06,7,Supermercado,DE,Debito,Contactless,18.64,1
visa_301344,2024-01-31,22,Supermercado,FR,Debito,Online,138.06,1
visa_301345,2024-09-29,13,Restauracion,DE,Credito,Contactless,82.54,1
visa_301346,2024-02-28,14,Ropa,GB,Debito,Online,78.3,1
visa_301347,2024-01-09,18,Restauracion,ES,Debito,POS_fisico,45.6,1
visa_301348,2024-01-03,21,Salud,ES,Credito,Contactless,49.07,1
visa_301349,2024-11-24,17,Online,JP,Debito,Contactless,36.39,1
visa_301350,2024-01-18,9,Combustible,US,Credito,Online,61.92,1
visa_301351,2024-02-03,13,Online,MX,Debito,Contactless,26.19,1
visa_301352,2024-07-28,9,Ropa,MX,Debito,Online,170.81,1
visa_301353,2024-08-06,0,Supermercado,DE,Debito,POS_fisico,79.13,1
visa_301354,2024-04-03,14,Entretenimiento,ES,Credito,Contactless,46.06,1
visa_301355,2024-04-02,23,Ropa,US,Credito,POS_fisico,70.98,1
visa_301356,2024-07-04,5,Restauracion,FR,Debito,Contactless,17.79,1
visa_301357,2024-11-16,3,Supermercado,FR,Debito,POS_fisico,76.61,1
visa_301358,2024-08-08,18,Supermercado,US,Debito,POS_fisico,56.11,1
visa_301359,2024-07-01,3,Viajes,ES,Credito,Contactless,262.32,0
visa_301360,2024-01-30,1,Supermercado,DE,Credito,Online,59.82,1
visa_301361,2024-04-20,13,Salud,DE,Debito,POS_fisico,43.78,1
visa_301362,2024-05-03,4,Restauracion,JP,Debito,Contactless,32.83,1
visa_301363,2024-05-14,20,Restauracion,JP,Debito,Contactless,19.84,1
visa_301364,2024-12-11,14,Viajes,ES,Debito,POS_fisico,248.63,1
visa_301365,2024-05-06,1,Entretenimiento,ES,Credito,POS_fisico,66.88,0
visa_301366,2024-11-15,11,Combustible,DE,Credito,Contactless,61.88,1
visa_301367,2024-03-20,22,Restauracion,DE,Debito,Contactless,61.8,1
visa_301368,2024-04-06,10,Supermercado,DE,Prepago,POS_fisico,93.03,1
visa_301369,2024-02-27,10,Salud,MX,Credito,POS_fisico,204.21,1
visa_301370,2024-03-19,12,Restauracion,US,Debito,Contactless,27.33,1
visa_301371,2024-09-15,6,Electronica,DE,Debito,Online,69.68,1
visa_301372,2024-10-08,8,Ropa,DE,Debito,Online,146.29,1
visa_301373,2024-01-29,18,Entretenimiento,FR,Debito,Contactless,24.01,1
visa_301374,2024-04-28,22,Supermercado,ES,Credito,Online,43.12,1
visa_301375,2024-01-12,1,Entretenimiento,DE,Credito,Online,49.17,1
visa_301376,2024-10-28,21,Combustible,ES,Debito,POS_fisico,13.52,1
visa_301377,2024-03-31,3,Entretenimiento,JP,Debito,Contactless,28.88,1
visa_301378,2024-11-11,0,Viajes,FR,Debito,Online,545.13,1
visa_301379,2024-12-22,5,Supermercado,DE,Debito,Online,49.53,1
visa_301380,2024-04-05,15,Entretenimiento,ES,Debito,Online,45.74,1
visa_301381,2024-10-29,0,Online,JP,Debito,Online,37.5,1
visa_301382,2024-04-25,1,Supermercado,DE,Debito,Contactless,47.23,1
visa_301383,2024-02-10,21,Restauracion,FR,Credito,Online,15.76,1
visa_301384,2024-02-02,8,Supermercado,DE,Credito,POS_fisico,22.19,1
visa_301385,2024-10-14,12,Online,GB,Debito,POS_fisico,27.15,1
visa_301386,2024-12-03,22,Entretenimiento,GB,Credito,Contactless,43.39,1
visa_301387,2024-05-11,6,Online,MX,Debito,Contactless,139.05,1
visa_301388,2024-02-17,16,Ropa,DE,Debito,POS_fisico,96.65,1
visa_301389,2024-05-02,22,Salud,DE,Debito,Contactless,147.13,0
visa_301390,2024-07-19,8,Viajes,DE,Debito,POS_fisico,261.94,1
visa_301391,2024-02-18,9,Entretenimiento,ES,Credito,POS_fisico,26.59,1
visa_301392,2024-04-08,5,Restauracion,US,Credito,Online,38.46,1
visa_301393,2024-09-23,22,Restauracion,JP,Credito,Online,21.26,1
visa_301394,2024-09-27,10,Restauracion,FR,Credito,POS_fisico,26.13,1
visa_301395,2024-08-14,23,Viajes,FR,Debito,Contactless,310.77,1
visa_301396,2024-06-22,14,Entretenimiento,DE,Prepago,Contactless,17.33,1
visa_301397,2024-09-25,1,Restauracion,JP,Credito,POS_fisico,37.31,1
visa_301398,2024-10-01,14,Combustible,US,Debito,Online,87.71,1
visa_301399,2024-01-19,13,Supermercado,GB,Debito,Contactless,25.21,1
visa_301400,2024-05-20,5,Salud,FR,Debito,POS_fisico,189.05,1
visa_301401,2024-02-09,3,Ropa,GB,Prepago,Online,46.46,1
visa_301402,2024-05-22,9,Restauracion,ES,Debito,Contactless,70.99,1
visa_301403,2024-03-03,6,Combustible,FR,Credito,POS_fisico,43.01,1
visa_301404,2024-01-17,0,Electronica,GB,Debito,Contactless,80.92,1
visa_301405,2024-12-26,17,Salud,FR,Debito,POS_fisico,48.35,1
visa_301406,2024-08-12,23,Salud,US,Credito,Online,92.98,1
visa_301407,2024-07-25,9,Restauracion,FR,Credito,POS_fisico,12.84,1
visa_301408,2024-04-22,7,Restauracion,ES,Debito,POS_fisico,22.97,1
visa_301409,2024-09-29,5,Supermercado,GB,Credito,Online,90.04,1
visa_301410,2024-11-22,9,Online,MX,Debito,POS_fisico,50.74,1
visa_301411,2024-05-02,1,Online,JP,Credito,POS_fisico,11.91,1
visa_301412,2024-04-07,1,Electronica,GB,Credito,Contactless,170.25,1
visa_301413,2024-04-21,5,Supermercado,GB,Credito,Online,60.9,1
visa_301414,2024-07-24,16,Combustible,ES,Credito,Contactless,74.58,1
visa_301415,2024-08-16,9,Restauracion,US,Debito,Online,80.25,1
visa_301416,2024-03-12,5,Entretenimiento,ES,Debito,Online,47.66,1
visa_301417,2024-02-11,10,Ropa,ES,Credito,POS_fisico,119.97,1
visa_301418,2024-06-28,20,Electronica,ES,Debito,Online,245.72,1
visa_301419,2024-08-07,16,Entretenimiento,JP,Debito,Online,49.74,1
visa_301420,2024-03-24,20,Supermercado,DE,Debito,POS_fisico,90.46,1
visa_301421,2024-07-24,1,Viajes,JP,Debito,Online,367.01,1
visa_301422,2024-03-21,1,Combustible,ES,Debito,Contactless,41.21,1
visa_301423,2024-10-15,7,Combustible,ES,Debito,Contactless,72.5,1
visa_301424,2024-07-24,5,Combustible,US,Credito,POS_fisico,108.44,1
visa_301425,2024-07-28,21,Restauracion,JP,Credito,POS_fisico,32.85,1
visa_301426,2024-02-16,22,Supermercado,ES,Credito,POS_fisico,69.31,1
visa_301427,2024-07-09,11,Restauracion,MX,Debito,Online,66.35,1
visa_301428,2024-01-09,1,Supermercado,FR,Credito,Online,69.05,1
visa_301429,2024-04-24,15,Electronica,DE,Credito,POS_fisico,246.08,1
visa_301430,2024-01-01,0,Supermercado,MX,Credito,POS_fisico,57.87,1
visa_301431,2024-05-07,16,Entretenimiento,GB,Credito,POS_fisico,28.31,1
visa_301432,2024-10-14,16,Salud,ES,Debito,Contactless,110.25,1
visa_301433,2024-04-06,0,Restauracion,US,Debito,Online,48.13,1
visa_301434,2024-02-06,19,Electronica,GB,Credito,Online,201.96,1
visa_301435,2024-05-02,3,Online,DE,Credito,POS_fisico,94.59,1
visa_301436,2024-09-30,11,Supermercado,MX,Debito,Online,91.38,1
visa_301437,2024-11-05,9,Entretenimiento,FR,Credito,POS_fisico,39.8,1
visa_301438,2024-01-05,5,Ropa,US,Credito,Online,133.55,1
visa_301439,2024-09-16,18,Electronica,MX,Credito,Online,163.91,1
visa_301440,2024-09-13,11,Ropa,MX,Debito,Online,63.69,1
visa_301441,2024-09-26,10,Restauracion,GB,Prepago,Contactless,23.47,1
visa_301442,2024-04-14,23,Ropa,FR,Debito,POS_fisico,44.66,1
visa_301443,2024-06-30,6,Salud,DE,Debito,POS_fisico,144.71,1
visa_301444,2024-07-15,14,Restauracion,MX,Debito,Online,31.84,1
visa_301445,2024-04-19,9,Viajes,MX,Debito,Online,183.26,1
visa_301446,2024-03-15,6,Salud,GB,Credito,Online,266.59,1
visa_301447,2024-03-15,14,Restauracion,JP,Credito,Online,38.36,1
visa_301448,2024-03-09,14,Supermercado,MX,Prepago,Contactless,42.07,1
visa_301449,2024-03-23,14,Online,ES,Debito,POS_fisico,35.17,1
visa_301450,2024-09-20,2,Electronica,JP,Debito,POS_fisico,78.3,1
visa_301451,2024-12-31,22,Salud,FR,Debito,Online,328.16,1
visa_301452,2024-10-06,17,Ropa,DE,Debito,Online,67.34,1
visa_301453,2024-02-28,3,Combustible,JP,Prepago,Contactless,35.3,1
visa_301454,2024-08-01,2,Supermercado,DE,Prepago,POS_fisico,119.59,1
visa_301455,2024-09-21,11,Restauracion,DE,Credito,Online,28.8,1
visa_301456,2024-07-11,14,Supermercado,ES,Debito,POS_fisico,97.93,1
visa_301457,2024-08-17,20,Entretenimiento,JP,Debito,POS_fisico,33.75,1
visa_301458,2024-07-13,12,Supermercado,MX,Debito,Online,57.31,1
visa_301459,2024-12-01,1,Restauracion,MX,Credito,Online,31.36,1
visa_301460,2024-11-15,20,Restauracion,FR,Debito,Online,31.65,1
visa_301461,2024-09-12,21,Combustible,JP,Credito,Online,65.4,1
visa_301462,2024-08-25,3,Ropa,FR,Credito,POS_fisico,78.16,1
visa_301463,2024-09-04,14,Supermercado,ES,Debito,Online,48.94,1
visa_301464,2024-09-03,1,Supermercado,FR,Credito,Online,39.3,1
visa_301465,2024-09-19,6,Supermercado,MX,Credito,POS_fisico,43.25,1
visa_301466,2024-03-25,13,Supermercado,US,Debito,Online,280.01,1
visa_301467,2024-04-29,0,Supermercado,DE,Debito,Contactless,37.8,1
visa_301468,2024-04-18,18,Ropa,JP,Debito,Online,93.32,1
visa_301469,2024-07-16,13,Viajes,DE,Debito,POS_fisico,451.65,1
visa_301470,2024-06-10,4,Ropa,MX,Credito,POS_fisico,51.21,1
visa_301471,2024-08-19,21,Ropa,FR,Prepago,POS_fisico,127.06,1
visa_301472,2024-12-03,1,Restauracion,GB,Debito,POS_fisico,102.54,1
visa_301473,2024-09-13,3,Supermercado,MX,Credito,Contactless,20.36,1
visa_301474,2024-09-09,8,Restauracion,US,Prepago,Online,30.42,1
visa_301475,2024-09-22,19,Restauracion,ES,Credito,POS_fisico,62.07,1
visa_301476,2024-01-11,21,Supermercado,JP,Debito,Contactless,166.88,1
visa_301477,2024-09-03,12,Restauracion,FR,Debito,Contactless,24.63,1
visa_301478,2024-08-20,19,Entretenimiento,FR,Debito,POS_fisico,21.41,1
visa_301479,2024-12-19,6,Salud,GB,Debito,Contactless,48.01,1
visa_301480,2024-07-22,22,Online,GB,Credito,POS_fisico,30.49,1
visa_301481,2024-05-28,2,Combustible,FR,Debito,Online,123.29,1
visa_301482,2024-06-21,0,Ropa,ES,Prepago,POS_fisico,86.64,0
visa_301483,2024-09-26,10,Entretenimiento,MX,Debito,POS_fisico,16.15,1
visa_301484,2024-04-25,13,Supermercado,JP,Debito,Online,38.01,1
visa_301485,2024-02-16,7,Supermercado,ES,Debito,Contactless,47.55,1
visa_301486,2024-01-26,22,Salud,DE,Credito,Online,53.13,1
visa_301487,2024-11-05,14,Entretenimiento,JP,Debito,Online,37.17,1
visa_301488,2024-11-28,17,Supermercado,US,Prepago,Online,18.1,1
visa_301489,2024-05-17,4,Restauracion,MX,Debito,Online,35.91,1
visa_301490,2024-05-03,4,Online,GB,Debito,Online,40.86,1
visa_301491,2024-10-21,17,Electronica,DE,Credito,POS_fisico,152.24,1
visa_301492,2024-11-30,15,Entretenimiento,ES,Credito,Contactless,33.51,1
visa_301493,2024-07-11,1,Restauracion,JP,Debito,Online,23.87,1
visa_301494,2024-12-08,5,Supermercado,MX,Credito,POS_fisico,200.56,1
visa_301495,2024-05-16,20,Ropa,FR,Debito,Online,55.18,1
visa_301496,2024-03-29,17,Salud,US,Credito,Online,168.76,1
visa_301497,2024-03-22,17,Electronica,DE,Credito,POS_fisico,175.83,1
visa_301498,2024-08-14,15,Viajes,US,Debito,POS_fisico,140.43,1
visa_301499,2024-01-07,19,Supermercado,ES,Debito,POS_fisico,91.35,1
visa_301500,2024-01-21,1,Restauracion,JP,Debito,POS_fisico,98.05,1
visa_301501,2024-10-07,7,Restauracion,MX,Credito,Online,18.36,1
visa_301502,2024-03-14,9,Restauracion,FR,Credito,POS_fisico,29.17,1
visa_301503,2024-07-14,16,Supermercado,US,Debito,Contactless,132.2,1
visa_301504,2024-03-11,9,Combustible,ES,Debito,Contactless,63.68,1
visa_301505,2024-06-21,9,Electronica,ES,Credito,Contactless,173.07,1
visa_301506,2024-07-08,23,Entretenimiento,FR,Credito,POS_fisico,49.22,1
visa_301507,2024-04-02,18,Ropa,ES,Credito,POS_fisico,77.28,0
visa_301508,2024-03-30,8,Electronica,DE,Debito,POS_fisico,531.42,1
visa_301509,2024-12-04,10,Viajes,DE,Credito,POS_fisico,279.51,1
visa_301510,2024-05-11,10,Supermercado,JP,Debito,Contactless,40.27,1
visa_301511,2024-03-05,12,Restauracion,DE,Debito,POS_fisico,71.0,1
visa_301512,2024-08-07,5,Restauracion,JP,Debito,Online,63.02,1
visa_301513,2024-07-03,18,Salud,JP,Credito,POS_fisico,74.76,1
visa_301514,2024-06-01,21,Supermercado,DE,Credito,Contactless,63.85,1
visa_301515,2024-08-07,14,Online,DE,Debito,POS_fisico,18.85,1
visa_301516,2024-08-01,13,Electronica,US,Credito,POS_fisico,89.52,1
visa_301517,2024-05-31,7,Entretenimiento,DE,Debito,POS_fisico,23.1,1
visa_301518,2024-02-06,21,Supermercado,MX,Debito,Online,97.58,1
visa_301519,2024-01-28,18,Online,US,Credito,POS_fisico,81.24,1
visa_301520,2024-01-04,11,Electronica,GB,Debito,Contactless,256.05,1
visa_301521,2024-07-28,7,Salud,ES,Credito,Contactless,35.66,1
visa_301522,2024-12-21,0,Restauracion,ES,Credito,POS_fisico,39.93,1
visa_301523,2024-09-29,4,Online,US,Credito,Online,74.95,1
visa_301524,2024-02-11,10,Supermercado,US,Debito,Online,34.69,1
visa_301525,2024-07-14,4,Supermercado,JP,Debito,POS_fisico,260.22,1
visa_301526,2024-07-07,2,Salud,DE,Prepago,POS_fisico,101.24,1
visa_301527,2024-12-26,8,Entretenimiento,DE,Debito,POS_fisico,44.71,0
visa_301528,2024-07-23,14,Ropa,JP,Prepago,Contactless,48.22,1
visa_301529,2024-06-12,23,Restauracion,GB,Debito,POS_fisico,37.73,1
visa_301530,2024-07-25,3,Restauracion,MX,Debito,Online,14.91,1
visa_301531,2024-03-07,6,Supermercado,ES,Debito,POS_fisico,62.83,1
visa_301532,2024-11-27,17,Restauracion,FR,Credito,POS_fisico,48.79,1
visa_301533,2024-04-14,22,Ropa,US,Credito,POS_fisico,130.2,1
visa_301534,2024-11-02,23,Restauracion,US,Debito,POS_fisico,37.67,1
visa_301535,2024-12-31,15,Electronica,JP,Credito,Online,90.87,1
visa_301536,2024-03-16,21,Online,GB,Credito,Online,78.52,0
visa_301537,2024-06-05,7,Ropa,FR,Credito,POS_fisico,29.53,1
visa_301538,2024-10-23,16,Online,US,Debito,POS_fisico,26.6,1
visa_301539,2024-11-19,19,Supermercado,MX,Debito,POS_fisico,296.76,1
visa_301540,2024-04-09,19,Viajes,JP,Debito,Online,218.65,1
visa_301541,2024-10-19,9,Restauracion,JP,Debito,Online,43.74,1
visa_301542,2024-05-18,17,Supermercado,DE,Credito,POS_fisico,82.95,1
visa_301543,2024-09-12,13,Restauracion,FR,Debito,Contactless,35.31,1
visa_301544,2024-07-17,3,Entretenimiento,MX,Debito,Online,22.95,1
visa_301545,2024-03-26,9,Entretenimiento,DE,Credito,POS_fisico,49.69,1
visa_301546,2024-10-08,18,Online,MX,Prepago,Contactless,54.51,1
visa_301547,2024-04-29,19,Online,GB,Credito,POS_fisico,15.42,1
visa_301548,2024-06-11,0,Entretenimiento,FR,Debito,Contactless,45.41,1
visa_301549,2024-04-20,5,Supermercado,GB,Debito,POS_fisico,55.4,1
visa_301550,2024-06-28,22,Supermercado,US,Debito,POS_fisico,53.76,1
visa_301551,2024-05-12,16,Entretenimiento,FR,Credito,POS_fisico,42.69,1
visa_301552,2024-03-16,0,Supermercado,JP,Credito,POS_fisico,48.07,1
visa_301553,2024-11-24,18,Supermercado,JP,Debito,POS_fisico,32.14,1
visa_301554,2024-06-01,8,Supermercado,ES,Debito,POS_fisico,32.79,1
visa_301555,2024-02-09,0,Salud,GB,Debito,Online,90.02,1
visa_301556,2024-12-16,21,Online,MX,Credito,Contactless,53.02,1
visa_301557,2024-09-25,12,Entretenimiento,GB,Debito,POS_fisico,22.43,1
visa_301558,2024-05-17,15,Restauracion,DE,Credito,Online,79.9,1
visa_301559,2024-12-13,2,Supermercado,US,Credito,POS_fisico,11.97,1
visa_301560,2024-06-05,7,Supermercado,DE,Debito,POS_fisico,47.27,1
visa_301561,2024-06-27,12,Ropa,DE,Credito,Online,65.14,1
visa_301562,2024-10-04,13,Electronica,US,Credito,POS_fisico,175.13,1
visa_301563,2024-09-10,0,Combustible,US,Debito,Online,29.66,1
visa_301564,2024-10-30,1,Supermercado,ES,Credito,Contactless,64.97,1
visa_301565,2024-05-12,2,Salud,DE,Credito,Online,132.0,1
visa_301566,2024-08-15,18,Ropa,JP,Debito,POS_fisico,82.64,1
visa_301567,2024-03-27,5,Supermercado,MX,Debito,POS_fisico,86.78,0
visa_301568,2024-08-17,7,Restauracion,ES,Credito,POS_fisico,37.76,0
visa_301569,2024-04-22,4,Entretenimiento,JP,Prepago,Contactless,57.55,1
visa_301570,2024-02-12,9,Entretenimiento,ES,Debito,Contactless,69.55,1
visa_301571,2024-10-16,12,Restauracion,US,Debito,POS_fisico,50.1,1
visa_301572,2024-04-21,16,Restauracion,MX,Credito,Online,28.52,1
visa_301573,2024-11-04,5,Salud,US,Debito,POS_fisico,292.22,1
visa_301574,2024-04-14,22,Combustible,DE,Debito,POS_fisico,56.71,1
visa_301575,2024-01-23,19,Supermercado,FR,Debito,Online,34.84,1
visa_301576,2024-03-16,17,Electronica,FR,Debito,Online,56.32,1
visa_301577,2024-02-15,10,Ropa,DE,Credito,Contactless,43.56,1
visa_301578,2024-04-01,3,Electronica,ES,Debito,Online,102.49,1
visa_301579,2024-10-22,21,Entretenimiento,DE,Debito,Online,14.91,1
visa_301580,2024-05-22,5,Ropa,JP,Credito,POS_fisico,72.16,1
visa_301581,2024-01-03,14,Combustible,ES,Credito,POS_fisico,45.49,1
visa_301582,2024-06-12,22,Supermercado,DE,Credito,Contactless,33.47,1
visa_301583,2024-07-18,11,Online,MX,Debito,Contactless,52.46,1
visa_301584,2024-11-11,8,Ropa,DE,Credito,POS_fisico,50.37,1
visa_301585,2024-09-16,21,Viajes,MX,Credito,Online,351.98,1
visa_301586,2024-11-23,12,Entretenimiento,FR,Debito,Online,14.21,1
visa_301587,2024-02-10,13,Combustible,MX,Debito,Contactless,80.3,0
visa_301588,2024-07-25,17,Restauracion,GB,Credito,Online,40.52,1
visa_301589,2024-04-22,1,Electronica,US,Credito,POS_fisico,149.0,1
visa_301590,2024-08-07,14,Ropa,MX,Debito,POS_fisico,50.88,1
visa_301591,2024-11-25,14,Ropa,DE,Credito,POS_fisico,150.94,1
visa_301592,2024-02-17,22,Entretenimiento,DE,Debito,Online,13.43,1
visa_301593,2024-01-09,18,Salud,ES,Credito,Online,80.04,1
visa_301594,2024-12-12,12,Supermercado,DE,Debito,Contactless,99.7,1
visa_301595,2024-08-13,23,Salud,US,Debito,POS_fisico,68.37,1
visa_301596,2024-10-28,2,Viajes,FR,Credito,POS_fisico,144.66,0
visa_301597,2024-12-01,12,Restauracion,DE,Debito,POS_fisico,53.79,1
visa_301598,2024-09-11,7,Combustible,US,Debito,Contactless,31.97,1
visa_301599,2024-11-23,16,Entretenimiento,US,Debito,POS_fisico,30.56,1
visa_301600,2024-11-30,4,Entretenimiento,GB,Debito,Contactless,42.73,1
visa_301601,2024-04-01,17,Ropa,GB,Prepago,Online,81.96,1
visa_301602,2024-05-14,9,Entretenimiento,US,Debito,Online,35.52,1
visa_301603,2024-06-07,10,Salud,DE,Credito,POS_fisico,140.77,1
visa_301604,2024-10-23,21,Supermercado,JP,Prepago,POS_fisico,83.0,1
visa_301605,2024-04-02,23,Ropa,ES,Debito,POS_fisico,20.63,1
visa_301606,2024-03-26,22,Combustible,ES,Debito,Contactless,165.87,1
visa_301607,2024-08-13,18,Electronica,DE,Credito,POS_fisico,295.37,1
visa_301608,2024-01-15,18,Salud,FR,Credito,POS_fisico,77.62,1
visa_301609,2024-01-23,16,Salud,FR,Debito,POS_fisico,70.93,1
visa_301610,2024-04-23,14,Electronica,ES,Prepago,Contactless,38.11,1
visa_301611,2024-09-11,3,Combustible,JP,Prepago,Online,122.46,1
visa_301612,2024-03-20,8,Supermercado,MX,Credito,POS_fisico,86.36,1
visa_301613,2024-10-09,22,Viajes,MX,Prepago,Contactless,149.99,1
visa_301614,2024-09-04,20,Restauracion,MX,Credito,POS_fisico,34.5,1
visa_301615,2024-05-24,4,Restauracion,JP,Prepago,POS_fisico,38.43,1
visa_301616,2024-09-18,19,Supermercado,JP,Credito,POS_fisico,57.34,1
visa_301617,2024-12-07,6,Ropa,ES,Debito,POS_fisico,142.13,1
visa_301618,2024-05-31,12,Ropa,FR,Debito,POS_fisico,118.46,1
visa_301619,2024-07-05,9,Combustible,MX,Debito,POS_fisico,40.65,1
visa_301620,2024-12-16,10,Viajes,ES,Credito,Online,129.43,1
visa_301621,2024-06-15,1,Supermercado,DE,Credito,Online,59.51,1
visa_301622,2024-04-30,11,Restauracion,GB,Debito,Contactless,12.04,1
visa_301623,2024-12-13,18,Entretenimiento,JP,Debito,POS_fisico,12.35,1
visa_301624,2024-01-17,4,Salud,DE,Debito,Contactless,84.11,1
visa_301625,2024-06-10,16,Restauracion,GB,Credito,Contactless,30.02,1
visa_301626,2024-04-27,13,Online,FR,Debito,Online,20.27,1
visa_301627,2024-08-20,1,Ropa,MX,Debito,POS_fisico,30.43,1
visa_301628,2024-07-31,23,Supermercado,DE,Credito,Online,37.41,1
visa_301629,2024-10-25,12,Salud,MX,Prepago,Online,139.32,1
visa_301630,2024-08-11,5,Restauracion,US,Credito,POS_fisico,86.31,1
visa_301631,2024-02-18,14,Restauracion,GB,Credito,Online,62.73,1
visa_301632,2024-11-18,23,Electronica,FR,Credito,POS_fisico,509.96,1
visa_301633,2024-10-04,1,Supermercado,US,Debito,POS_fisico,31.42,1
visa_301634,2024-09-03,13,Online,ES,Debito,Online,84.14,1
visa_301635,2024-10-30,4,Entretenimiento,FR,Credito,Contactless,20.65,1
visa_301636,2024-09-15,11,Entretenimiento,DE,Prepago,Contactless,39.11,1
visa_301637,2024-11-06,2,Salud,ES,Debito,Online,152.3,1
visa_301638,2024-07-31,9,Salud,MX,Debito,Online,149.69,1
visa_301639,2024-07-01,10,Ropa,JP,Credito,Online,132.91,1
visa_301640,2024-05-21,14,Supermercado,GB,Debito,Online,47.7,0
visa_301641,2024-12-31,15,Supermercado,FR,Debito,POS_fisico,45.95,1
visa_301642,2024-04-23,14,Salud,US,Credito,Contactless,84.37,0
visa_301643,2024-09-21,0,Online,DE,Debito,Online,102.81,1
visa_301644,2024-12-27,22,Combustible,DE,Credito,POS_fisico,45.6,1
visa_301645,2024-04-07,5,Viajes,FR,Credito,POS_fisico,243.58,1
visa_301646,2024-09-01,4,Electronica,FR,Credito,Online,381.79,1
visa_301647,2024-08-20,1,Online,JP,Debito,Online,20.25,1
visa_301648,2024-06-12,5,Restauracion,FR,Debito,Contactless,88.22,0
visa_301649,2024-06-23,2,Combustible,GB,Credito,POS_fisico,27.15,1
visa_301650,2024-12-06,11,Salud,ES,Debito,Online,96.93,1
visa_301651,2024-12-09,0,Entretenimiento,JP,Credito,POS_fisico,28.04,1
visa_301652,2024-03-11,12,Entretenimiento,JP,Prepago,POS_fisico,20.19,1
visa_301653,2024-08-01,12,Online,GB,Credito,POS_fisico,64.79,1
visa_301654,2024-09-21,7,Restauracion,GB,Debito,Contactless,46.54,1
visa_301655,2024-04-06,2,Electronica,GB,Debito,POS_fisico,52.72,1
visa_301656,2024-03-14,22,Restauracion,JP,Debito,POS_fisico,28.24,1
visa_301657,2024-01-16,11,Electronica,DE,Credito,Online,253.28,1
visa_301658,2024-11-14,16,Restauracion,ES,Debito,POS_fisico,86.63,1
visa_301659,2024-03-19,0,Salud,US,Credito,Online,34.03,1
visa_301660,2024-03-29,16,Online,DE,Debito,Contactless,44.12,1
visa_301661,2024-09-08,2,Ropa,GB,Credito,Contactless,61.41,1
visa_301662,2024-05-27,11,Electronica,US,Debito,Online,165.33,1
visa_301663,2024-06-15,13,Restauracion,FR,Debito,POS_fisico,21.17,1
visa_301664,2024-10-07,19,Supermercado,DE,Debito,Contactless,91.95,1
visa_301665,2024-03-25,21,Restauracion,FR,Credito,POS_fisico,74.99,1
visa_301666,2024-09-28,20,Ropa,MX,Debito,POS_fisico,43.07,1
visa_301667,2024-01-09,10,Viajes,JP,Credito,Contactless,175.6,1
visa_301668,2024-03-21,3,Supermercado,JP,Debito,POS_fisico,21.87,1
visa_301669,2024-08-06,9,Electronica,US,Debito,Contactless,409.68,1
visa_301670,2024-10-14,15,Electronica,JP,Prepago,Contactless,321.44,1
visa_301671,2024-04-18,18,Supermercado,MX,Credito,Online,151.26,1
visa_301672,2024-08-28,13,Supermercado,GB,Credito,Contactless,18.65,1
visa_301673,2024-12-02,3,Salud,MX,Credito,POS_fisico,268.34,1
visa_301674,2024-08-26,22,Electronica,ES,Debito,Online,97.76,1
visa_301675,2024-05-13,16,Entretenimiento,JP,Debito,POS_fisico,34.47,1
visa_301676,2024-05-12,22,Salud,US,Prepago,Contactless,53.1,1
visa_301677,2024-02-18,16,Restauracion,JP,Debito,Contactless,28.98,1
visa_301678,2024-10-10,22,Viajes,FR,Credito,POS_fisico,386.58,1
visa_301679,2024-07-13,10,Combustible,JP,Credito,POS_fisico,92.73,1
visa_301680,2024-11-23,8,Ropa,US,Debito,POS_fisico,70.12,1
visa_301681,2024-09-18,18,Supermercado,ES,Prepago,POS_fisico,51.15,1
visa_301682,2024-01-01,4,Ropa,FR,Credito,Contactless,38.82,1
visa_301683,2024-09-28,19,Online,FR,Credito,POS_fisico,48.97,1
visa_301684,2024-07-28,19,Supermercado,FR,Credito,POS_fisico,53.12,1
visa_301685,2024-05-27,23,Electronica,MX,Debito,Contactless,112.37,1
visa_301686,2024-07-21,16,Supermercado,MX,Debito,Contactless,42.1,1
visa_301687,2024-05-18,5,Salud,ES,Debito,Contactless,131.42,1
visa_301688,2024-06-08,23,Restauracion,DE,Credito,Contactless,55.09,1
visa_301689,2024-04-14,1,Ropa,FR,Credito,Contactless,131.6,1
visa_301690,2024-09-02,19,Ropa,FR,Credito,POS_fisico,29.18,1
visa_301691,2024-03-19,3,Combustible,US,Credito,POS_fisico,36.01,1
visa_301692,2024-07-22,22,Restauracion,DE,Debito,POS_fisico,32.37,1
visa_301693,2024-05-21,14,Restauracion,ES,Debito,Contactless,47.92,1
visa_301694,2024-11-11,2,Online,GB,Credito,POS_fisico,26.8,1
visa_301695,2024-03-11,16,Ropa,US,Debito,Online,110.6,1
visa_301696,2024-06-11,7,Electronica,US,Prepago,Online,146.08,1
visa_301697,2024-01-19,7,Ropa,DE,Debito,Online,56.72,1
visa_301698,2024-11-23,3,Electronica,FR,Debito,Contactless,120.87,1
visa_301699,2024-05-12,1,Entretenimiento,DE,Debito,Contactless,70.87,1
visa_301700,2024-06-03,12,Combustible,MX,Debito,POS_fisico,64.04,1
visa_301701,2024-09-04,7,Combustible,ES,Debito,Online,64.77,1
visa_301702,2024-12-20,22,Supermercado,ES,Debito,POS_fisico,79.45,1
visa_301703,2024-12-06,5,Restauracion,MX,Debito,POS_fisico,15.12,1
visa_301704,2024-05-09,21,Entretenimiento,FR,Debito,POS_fisico,82.37,1
visa_301705,2024-02-09,5,Supermercado,MX,Debito,Online,21.47,1
visa_301706,2024-01-05,3,Electronica,DE,Debito,POS_fisico,190.93,1
visa_301707,2024-09-20,4,Online,US,Credito,POS_fisico,42.91,1
visa_301708,2024-02-21,22,Restauracion,MX,Credito,Online,43.72,1
visa_301709,2024-07-31,21,Salud,MX,Debito,Online,123.0,1
visa_301710,2024-11-03,10,Viajes,MX,Credito,Contactless,419.1,1
visa_301711,2024-07-02,8,Ropa,US,Credito,POS_fisico,90.45,1
visa_301712,2024-04-21,8,Restauracion,FR,Debito,POS_fisico,27.31,1
visa_301713,2024-09-26,21,Ropa,DE,Debito,POS_fisico,98.29,1
visa_301714,2024-12-24,16,Supermercado,MX,Debito,POS_fisico,95.17,1
visa_301715,2024-01-30,8,Entretenimiento,DE,Debito,Online,30.73,1
visa_301716,2024-07-10,2,Supermercado,JP,Credito,POS_fisico,58.08,1
visa_301717,2024-04-17,2,Electronica,GB,Debito,Online,454.58,1
visa_301718,2024-12-22,16,Salud,ES,Credito,POS_fisico,24.64,1
visa_301719,2024-02-20,15,Salud,MX,Credito,POS_fisico,92.66,1
visa_301720,2024-12-08,1,Entretenimiento,MX,Credito,Online,20.6,1
visa_301721,2024-03-28,7,Viajes,ES,Debito,Online,163.26,1
visa_301722,2024-01-21,11,Supermercado,DE,Debito,POS_fisico,135.76,1
visa_301723,2024-02-20,8,Ropa,ES,Credito,Online,87.05,1
visa_301724,2024-02-25,16,Ropa,DE,Debito,POS_fisico,89.12,1
visa_301725,2024-05-29,5,Restauracion,JP,Debito,POS_fisico,38.37,1
visa_301726,2024-10-07,2,Restauracion,MX,Credito,Online,25.99,1
visa_301727,2024-05-12,6,Online,ES,Prepago,POS_fisico,104.28,1
visa_301728,2024-12-24,13,Supermercado,DE,Debito,Contactless,120.93,1
visa_301729,2024-10-10,4,Electronica,MX,Credito,Contactless,225.59,1
visa_301730,2024-01-18,6,Ropa,FR,Credito,POS_fisico,138.09,1
visa_301731,2024-01-06,0,Ropa,DE,Debito,POS_fisico,153.13,1
visa_301732,2024-08-28,5,Electronica,MX,Debito,POS_fisico,183.58,1
visa_301733,2024-08-10,22,Restauracion,ES,Credito,POS_fisico,24.76,1
visa_301734,2024-07-12,9,Online,DE,Debito,POS_fisico,56.82,1
visa_301735,2024-03-12,6,Viajes,FR,Debito,Online,361.68,1
visa_301736,2024-02-03,12,Electronica,MX,Credito,POS_fisico,127.31,1
visa_301737,2024-07-08,20,Combustible,US,Debito,POS_fisico,25.25,1
visa_301738,2024-02-18,4,Online,GB,Debito,Contactless,79.38,1
visa_301739,2024-10-24,13,Ropa,GB,Prepago,POS_fisico,105.66,1
visa_301740,2024-02-14,10,Supermercado,MX,Debito,Contactless,34.32,1
visa_301741,2024-06-16,11,Restauracion,JP,Credito,POS_fisico,48.01,1
visa_301742,2024-06-14,8,Ropa,GB,Debito,POS_fisico,47.03,1
visa_301743,2024-09-05,12,Restauracion,GB,Debito,Online,33.37,1
visa_301744,2024-10-04,17,Entretenimiento,ES,Debito,Contactless,43.81,1
visa_301745,2024-07-06,7,Supermercado,ES,Credito,POS_fisico,36.26,1
visa_301746,2024-03-28,3,Supermercado,US,Debito,Contactless,41.58,1
visa_301747,2024-02-08,22,Salud,MX,Credito,Contactless,71.21,1
visa_301748,2024-04-04,2,Electronica,JP,Debito,Online,81.78,1
visa_301749,2024-07-07,6,Entretenimiento,US,Debito,POS_fisico,63.81,1
visa_301750,2024-01-22,8,Ropa,FR,Debito,Online,106.07,1
visa_301751,2024-04-03,20,Restauracion,ES,Debito,POS_fisico,35.67,1
visa_301752,2024-08-15,13,Electronica,FR,Credito,Contactless,35.98,1
visa_301753,2024-06-29,2,Supermercado,MX,Debito,POS_fisico,40.4,0
visa_301754,2024-10-07,15,Combustible,JP,Debito,Contactless,109.98,1
visa_301755,2024-01-30,0,Entretenimiento,GB,Credito,POS_fisico,15.96,0
visa_301756,2024-07-22,0,Supermercado,GB,Debito,Contactless,46.6,1
visa_301757,2024-12-15,1,Ropa,DE,Debito,Online,50.27,1
visa_301758,2024-12-22,5,Entretenimiento,FR,Credito,POS_fisico,44.94,0
visa_301759,2024-05-24,10,Electronica,ES,Debito,POS_fisico,54.49,1
visa_301760,2024-04-20,12,Viajes,DE,Debito,Online,303.2,1
visa_301761,2024-08-01,22,Supermercado,FR,Credito,POS_fisico,42.68,1
visa_301762,2024-07-22,6,Supermercado,JP,Debito,Contactless,103.66,1
visa_301763,2024-10-16,0,Combustible,FR,Debito,Contactless,50.39,1
visa_301764,2024-10-18,17,Supermercado,ES,Credito,Online,51.1,1
visa_301765,2024-10-22,15,Supermercado,MX,Debito,Online,43.7,1
visa_301766,2024-10-19,1,Entretenimiento,DE,Debito,Contactless,88.85,1
visa_301767,2024-07-29,10,Restauracion,DE,Debito,Online,39.12,1
visa_301768,2024-12-06,16,Supermercado,JP,Debito,POS_fisico,22.45,1
visa_301769,2024-06-07,16,Entretenimiento,DE,Credito,POS_fisico,39.62,1
visa_301770,2024-09-15,17,Combustible,DE,Debito,Online,74.63,1
visa_301771,2024-08-31,0,Online,GB,Credito,POS_fisico,26.17,1
visa_301772,2024-03-01,11,Ropa,ES,Credito,POS_fisico,69.83,1
visa_301773,2024-03-27,5,Salud,JP,Debito,POS_fisico,45.41,1
visa_301774,2024-09-30,16,Online,MX,Debito,POS_fisico,50.22,1
visa_301775,2024-03-10,15,Supermercado,DE,Credito,POS_fisico,48.87,1
visa_301776,2024-04-12,15,Supermercado,GB,Debito,POS_fisico,54.13,1
visa_301777,2024-02-23,7,Restauracion,FR,Credito,Contactless,34.8,1
visa_301778,2024-01-10,5,Restauracion,DE,Credito,POS_fisico,22.26,1
visa_301779,2024-09-05,14,Restauracion,MX,Debito,Contactless,29.94,1
visa_301780,2024-05-19,5,Viajes,ES,Debito,Online,268.24,1
visa_301781,2024-08-10,4,Online,DE,Prepago,Online,87.07,1
visa_301782,2024-07-30,4,Ropa,ES,Credito,POS_fisico,46.82,1
visa_301783,2024-05-02,21,Ropa,GB,Credito,Online,142.74,1
visa_301784,2024-11-12,3,Electronica,DE,Prepago,Online,117.4,1
visa_301785,2024-09-02,13,Salud,GB,Credito,Online,99.52,1
visa_301786,2024-05-19,15,Combustible,ES,Debito,Online,57.53,1
visa_301787,2024-11-13,0,Online,GB,Credito,POS_fisico,58.26,1
visa_301788,2024-05-30,20,Online,US,Credito,POS_fisico,51.28,1
visa_301789,2024-11-05,12,Restauracion,DE,Credito,POS_fisico,48.6,1
visa_301790,2024-10-13,12,Salud,JP,Credito,Contactless,108.21,1
visa_301791,2024-06-18,8,Viajes,ES,Debito,POS_fisico,261.04,1
visa_301792,2024-11-07,14,Electronica,US,Debito,POS_fisico,95.23,1
visa_301793,2024-07-19,0,Restauracion,JP,Credito,Online,131.71,1
visa_301794,2024-06-23,7,Ropa,ES,Debito,POS_fisico,163.19,1
visa_301795,2024-11-02,5,Supermercado,DE,Credito,POS_fisico,23.46,1
visa_301796,2024-05-01,19,Online,US,Credito,POS_fisico,26.22,1
visa_301797,2024-02-25,3,Online,GB,Debito,POS_fisico,63.52,1
visa_301798,2024-06-01,18,Restauracion,DE,Credito,POS_fisico,23.17,1
visa_301799,2024-06-06,17,Electronica,DE,Prepago,POS_fisico,229.56,1
visa_301800,2024-01-04,1,Viajes,FR,Debito,Contactless,437.88,1
visa_301801,2024-08-25,21,Supermercado,MX,Debito,POS_fisico,57.34,1
visa_301802,2024-10-07,0,Restauracion,FR,Debito,POS_fisico,64.8,1
visa_301803,2024-08-19,0,Ropa,US,Credito,Online,83.2,0
visa_301804,2024-11-06,18,Restauracion,US,Debito,Online,41.77,1
visa_301805,2024-04-16,11,Electronica,ES,Credito,Online,379.38,1
visa_301806,2024-09-16,9,Salud,JP,Credito,Online,123.82,1
visa_301807,2024-12-07,21,Viajes,DE,Debito,Contactless,634.65,1
visa_301808,2024-12-18,11,Online,US,Credito,Online,64.59,1
visa_301809,2024-04-14,17,Salud,FR,Debito,Contactless,75.76,1
visa_301810,2024-11-17,4,Viajes,DE,Debito,POS_fisico,282.86,1
visa_301811,2024-08-20,2,Combustible,DE,Debito,Contactless,49.58,1
visa_301812,2024-07-10,21,Supermercado,DE,Credito,Online,70.45,1
visa_301813,2024-04-02,7,Salud,FR,Credito,POS_fisico,71.8,1
visa_301814,2024-05-19,21,Combustible,MX,Debito,POS_fisico,92.8,1
visa_301815,2024-05-13,17,Ropa,DE,Prepago,Contactless,113.0,1
visa_301816,2024-03-22,8,Ropa,MX,Credito,POS_fisico,40.93,0
visa_301817,2024-01-15,4,Electronica,DE,Debito,Online,188.4,1
visa_301818,2024-10-05,14,Supermercado,DE,Credito,Contactless,75.57,1
visa_301819,2024-06-27,6,Combustible,GB,Prepago,POS_fisico,75.87,0
visa_301820,2024-11-23,14,Supermercado,GB,Credito,POS_fisico,57.06,1
visa_301821,2024-04-11,23,Online,GB,Debito,POS_fisico,27.03,1
visa_301822,2024-03-05,14,Salud,ES,Credito,POS_fisico,40.74,1
visa_301823,2024-09-01,15,Online,MX,Debito,Contactless,71.15,1
visa_301824,2024-11-19,10,Online,DE,Credito,Online,62.71,1
visa_301825,2024-10-15,9,Restauracion,ES,Debito,Online,55.93,1
visa_301826,2024-11-13,3,Ropa,DE,Credito,Contactless,82.81,1
visa_301827,2024-03-31,9,Restauracion,JP,Credito,Online,33.8,1
visa_301828,2024-10-03,15,Supermercado,GB,Debito,POS_fisico,46.42,1
visa_301829,2024-10-03,13,Combustible,MX,Debito,Contactless,52.15,1
visa_301830,2024-10-12,18,Supermercado,ES,Debito,Online,61.62,1
visa_301831,2024-05-01,4,Restauracion,ES,Debito,Online,30.81,1
visa_301832,2024-03-06,5,Salud,MX,Prepago,POS_fisico,249.94,1
visa_301833,2024-06-14,14,Viajes,US,Debito,Contactless,244.21,1
visa_301834,2024-11-29,4,Supermercado,FR,Debito,POS_fisico,34.83,1
visa_301835,2024-10-21,9,Online,DE,Debito,Contactless,172.51,1
visa_301836,2024-11-21,9,Supermercado,JP,Credito,Online,64.11,1
visa_301837,2024-10-06,1,Online,US,Debito,POS_fisico,11.69,1
visa_301838,2024-06-14,22,Combustible,DE,Debito,Contactless,43.32,1
visa_301839,2024-06-13,8,Online,US,Credito,Online,123.38,1
visa_301840,2024-07-24,0,Restauracion,MX,Credito,Online,49.32,1
visa_301841,2024-04-26,8,Viajes,GB,Debito,Online,302.15,1
visa_301842,2024-09-08,12,Entretenimiento,FR,Credito,Online,31.73,1
visa_301843,2024-05-20,17,Online,MX,Debito,POS_fisico,33.45,1
visa_301844,2024-12-09,16,Ropa,DE,Credito,POS_fisico,134.0,1
visa_301845,2024-02-12,1,Ropa,JP,Debito,Contactless,69.63,1
visa_301846,2024-09-01,16,Salud,ES,Credito,POS_fisico,69.82,1
visa_301847,2024-01-16,20,Supermercado,JP,Credito,Online,39.86,1
visa_301848,2024-06-30,23,Ropa,JP,Debito,Contactless,73.88,1
visa_301849,2024-08-18,3,Entretenimiento,JP,Debito,Online,29.73,1
visa_301850,2024-04-05,1,Supermercado,US,Credito,Online,223.93,1
visa_301851,2024-08-10,11,Viajes,GB,Debito,POS_fisico,162.71,1
visa_301852,2024-01-26,10,Supermercado,JP,Debito,Online,115.13,1
visa_301853,2024-09-25,16,Supermercado,DE,Debito,POS_fisico,87.37,1
visa_301854,2024-08-03,15,Supermercado,JP,Debito,POS_fisico,22.69,1
visa_301855,2024-10-26,4,Combustible,GB,Credito,POS_fisico,108.32,1
visa_301856,2024-06-27,15,Restauracion,ES,Debito,Contactless,48.77,1
visa_301857,2024-10-29,0,Entretenimiento,GB,Credito,Online,24.0,1
visa_301858,2024-07-31,9,Salud,GB,Credito,Contactless,111.64,1
visa_301859,2024-11-24,10,Combustible,US,Credito,POS_fisico,51.08,0
visa_301860,2024-07-09,12,Entretenimiento,FR,Credito,POS_fisico,56.6,1
visa_301861,2024-01-26,5,Online,US,Debito,Online,43.04,1
visa_301862,2024-10-08,11,Supermercado,US,Prepago,POS_fisico,34.59,1
visa_301863,2024-11-21,1,Restauracion,MX,Credito,Contactless,80.09,1
visa_301864,2024-07-24,9,Restauracion,FR,Debito,Contactless,76.48,1
visa_301865,2024-08-27,11,Combustible,DE,Debito,POS_fisico,49.84,1
visa_301866,2024-09-06,2,Supermercado,DE,Debito,POS_fisico,45.43,1
visa_301867,2024-11-28,11,Ropa,ES,Credito,Contactless,75.45,1
visa_301868,2024-06-15,15,Viajes,ES,Debito,POS_fisico,259.15,1
visa_301869,2024-05-05,11,Electronica,US,Credito,Online,139.02,1
visa_301870,2024-08-08,16,Online,MX,Credito,Online,113.24,1
visa_301871,2024-07-02,3,Restauracion,US,Debito,Online,41.74,1
visa_301872,2024-09-13,4,Online,DE,Debito,Contactless,60.27,1
visa_301873,2024-10-28,20,Online,ES,Credito,Online,231.7,1
visa_301874,2024-07-10,13,Entretenimiento,GB,Credito,Online,42.11,1
visa_301875,2024-09-14,18,Supermercado,US,Credito,POS_fisico,66.18,1
visa_301876,2024-05-24,7,Supermercado,MX,Credito,POS_fisico,20.59,1
visa_301877,2024-02-22,1,Salud,ES,Debito,Online,72.24,1
visa_301878,2024-05-04,4,Entretenimiento,FR,Debito,POS_fisico,18.84,1
visa_301879,2024-12-16,16,Electronica,JP,Credito,Online,301.16,1
visa_301880,2024-09-04,15,Restauracion,DE,Debito,Online,46.43,1
visa_301881,2024-10-06,9,Electronica,GB,Credito,POS_fisico,193.0,1
visa_301882,2024-12-29,0,Online,JP,Debito,POS_fisico,58.66,1
visa_301883,2024-08-27,22,Combustible,JP,Credito,POS_fisico,90.31,1
visa_301884,2024-10-21,21,Restauracion,GB,Debito,POS_fisico,21.48,1
visa_301885,2024-05-31,9,Entretenimiento,GB,Credito,Online,11.13,1
visa_301886,2024-07-03,8,Supermercado,MX,Debito,POS_fisico,75.34,1
visa_301887,2024-02-01,2,Ropa,ES,Debito,Online,98.49,1
visa_301888,2024-11-11,2,Viajes,ES,Credito,Online,692.35,1
visa_301889,2024-02-27,10,Supermercado,JP,Credito,Contactless,49.75,1
visa_301890,2024-05-22,5,Online,JP,Credito,Online,28.7,1
visa_301891,2024-01-19,5,Combustible,ES,Prepago,POS_fisico,41.16,1
visa_301892,2024-10-13,4,Ropa,US,Credito,Contactless,83.17,1
visa_301893,2024-01-05,10,Ropa,ES,Debito,Contactless,37.66,1
visa_301894,2024-01-23,4,Supermercado,ES,Debito,Contactless,61.72,1
visa_301895,2024-03-09,8,Combustible,MX,Credito,POS_fisico,39.07,1
visa_301896,2024-03-08,18,Ropa,MX,Credito,POS_fisico,82.28,1
visa_301897,2024-09-02,15,Supermercado,US,Debito,POS_fisico,172.42,1
visa_301898,2024-12-19,15,Entretenimiento,GB,Debito,Contactless,13.64,1
visa_301899,2024-12-13,22,Electronica,ES,Credito,Online,237.34,1
visa_301900,2024-12-02,23,Ropa,JP,Credito,POS_fisico,79.37,1
visa_301901,2024-08-26,21,Restauracion,GB,Debito,POS_fisico,27.19,0
visa_301902,2024-02-15,23,Entretenimiento,GB,Debito,POS_fisico,20.27,1
visa_301903,2024-05-31,21,Salud,JP,Credito,POS_fisico,99.27,1
visa_301904,2024-05-04,15,Entretenimiento,GB,Debito,POS_fisico,70.46,1
visa_301905,2024-09-09,12,Ropa,DE,Credito,POS_fisico,80.74,1
visa_301906,2024-08-08,12,Electronica,DE,Credito,POS_fisico,254.65,1
visa_301907,2024-10-11,14,Entretenimiento,US,Debito,POS_fisico,20.75,1
visa_301908,2024-09-15,2,Restauracion,ES,Debito,POS_fisico,14.51,1
visa_301909,2024-12-19,18,Supermercado,ES,Credito,Online,64.85,1
visa_301910,2024-11-25,20,Viajes,FR,Credito,POS_fisico,435.88,1
visa_301911,2024-04-04,23,Supermercado,DE,Debito,Contactless,24.01,0
visa_301912,2024-12-23,19,Viajes,JP,Credito,Contactless,245.14,1
visa_301913,2024-07-30,2,Restauracion,ES,Credito,POS_fisico,24.37,1
visa_301914,2024-12-04,16,Supermercado,DE,Credito,Contactless,30.67,0
visa_301915,2024-04-29,3,Restauracion,ES,Credito,Online,13.6,1
visa_301916,2024-04-13,4,Supermercado,ES,Debito,Online,100.28,1
visa_301917,2024-03-06,20,Supermercado,DE,Credito,POS_fisico,57.88,1
visa_301918,2024-02-13,9,Ropa,ES,Debito,POS_fisico,147.68,1
visa_301919,2024-07-18,12,Entretenimiento,FR,Credito,POS_fisico,21.64,1
visa_301920,2024-05-14,18,Combustible,GB,Credito,POS_fisico,169.46,1
visa_301921,2024-01-31,22,Combustible,FR,Credito,Online,37.44,1
visa_301922,2024-03-05,14,Restauracion,DE,Debito,POS_fisico,87.77,1
visa_301923,2024-06-18,23,Restauracion,JP,Debito,POS_fisico,25.28,1
visa_301924,2024-09-16,21,Electronica,MX,Credito,POS_fisico,59.43,1
visa_301925,2024-08-08,2,Online,GB,Debito,Online,33.46,1
visa_301926,2024-10-18,15,Salud,GB,Debito,POS_fisico,148.21,1
visa_301927,2024-09-30,18,Electronica,MX,Credito,Contactless,459.44,1
visa_301928,2024-02-24,10,Online,JP,Credito,POS_fisico,94.02,1
visa_301929,2024-04-24,3,Supermercado,JP,Debito,Online,53.84,1
visa_301930,2024-12-17,16,Entretenimiento,FR,Debito,POS_fisico,50.0,1
visa_301931,2024-10-11,18,Ropa,MX,Debito,POS_fisico,123.12,1
visa_301932,2024-10-30,14,Salud,GB,Prepago,Online,103.11,1
visa_301933,2024-02-05,5,Salud,ES,Debito,Online,139.41,1
visa_301934,2024-07-29,0,Electronica,DE,Credito,Online,88.73,1
visa_301935,2024-04-28,16,Restauracion,FR,Debito,POS_fisico,46.5,1
visa_301936,2024-02-11,10,Supermercado,JP,Debito,Online,14.46,1
visa_301937,2024-12-14,4,Viajes,ES,Debito,Online,153.61,1
visa_301938,2024-08-05,13,Restauracion,DE,Credito,POS_fisico,69.16,1
visa_301939,2024-08-10,7,Combustible,DE,Credito,POS_fisico,42.01,1
visa_301940,2024-09-01,4,Restauracion,US,Debito,Online,112.68,1
visa_301941,2024-09-29,15,Restauracion,JP,Debito,POS_fisico,15.87,1
visa_301942,2024-03-13,3,Restauracion,US,Credito,POS_fisico,60.94,1
visa_301943,2024-07-16,22,Viajes,GB,Credito,Online,276.53,1
visa_301944,2024-01-26,17,Ropa,FR,Credito,Online,72.5,1
visa_301945,2024-08-28,20,Supermercado,ES,Debito,POS_fisico,60.68,1
visa_301946,2024-08-06,3,Viajes,DE,Debito,Online,156.35,1
visa_301947,2024-02-15,22,Restauracion,ES,Debito,POS_fisico,67.2,1
visa_301948,2024-05-23,15,Entretenimiento,US,Debito,Online,25.66,1
visa_301949,2024-05-05,9,Entretenimiento,ES,Credito,Contactless,51.03,1
visa_301950,2024-10-24,21,Salud,MX,Debito,POS_fisico,55.69,1
visa_301951,2024-02-17,4,Entretenimiento,US,Debito,POS_fisico,18.77,1
visa_301952,2024-07-10,3,Ropa,FR,Prepago,Contactless,328.29,1
visa_301953,2024-06-16,21,Combustible,GB,Credito,Online,87.18,1
visa_301954,2024-02-21,2,Supermercado,US,Debito,Online,50.44,1
visa_301955,2024-01-06,8,Electronica,ES,Debito,Online,104.74,1
visa_301956,2024-12-29,18,Viajes,DE,Debito,Online,155.36,1
visa_301957,2024-08-27,5,Restauracion,DE,Credito,Online,30.37,1
visa_301958,2024-01-03,11,Supermercado,ES,Debito,POS_fisico,56.76,1
visa_301959,2024-02-23,14,Ropa,US,Credito,Contactless,57.4,1
visa_301960,2024-07-23,5,Ropa,US,Prepago,Contactless,33.98,1
visa_301961,2024-12-14,21,Electronica,MX,Debito,POS_fisico,281.85,1
visa_301962,2024-08-20,7,Entretenimiento,MX,Credito,POS_fisico,26.11,1
visa_301963,2024-02-19,12,Electronica,DE,Credito,Contactless,228.04,1
visa_301964,2024-06-10,12,Combustible,MX,Debito,POS_fisico,79.13,1
visa_301965,2024-12-06,12,Restauracion,JP,Credito,Contactless,105.71,1
visa_301966,2024-09-28,4,Restauracion,FR,Credito,POS_fisico,28.86,1
visa_301967,2024-01-29,5,Salud,DE,Prepago,POS_fisico,95.33,0
visa_301968,2024-02-16,13,Salud,ES,Credito,Contactless,46.64,1
visa_301969,2024-11-25,12,Entretenimiento,DE,Debito,Online,39.98,1
visa_301970,2024-03-15,0,Supermercado,MX,Credito,POS_fisico,47.36,1
visa_301971,2024-11-13,11,Electronica,ES,Debito,POS_fisico,405.95,1
visa_301972,2024-10-05,20,Online,US,Debito,POS_fisico,40.25,1
visa_301973,2024-10-16,3,Entretenimiento,DE,Debito,POS_fisico,31.73,1
visa_301974,2024-02-12,5,Restauracion,US,Credito,Contactless,65.18,1
visa_301975,2024-04-14,4,Salud,JP,Credito,POS_fisico,98.95,1
visa_301976,2024-11-23,22,Restauracion,JP,Debito,Contactless,40.27,1
visa_301977,2024-12-13,17,Ropa,ES,Credito,Contactless,48.79,1
visa_301978,2024-05-25,15,Supermercado,JP,Debito,POS_fisico,88.15,1
visa_301979,2024-04-28,8,Viajes,DE,Credito,Contactless,346.17,1
visa_301980,2024-04-08,8,Salud,MX,Credito,POS_fisico,49.84,1
visa_301981,2024-05-22,23,Viajes,FR,Debito,Online,291.51,1
visa_301982,2024-05-17,5,Supermercado,FR,Credito,Contactless,75.34,1
visa_301983,2024-10-08,4,Online,GB,Credito,POS_fisico,109.38,1
visa_301984,2024-09-17,17,Viajes,DE,Credito,POS_fisico,211.36,1
visa_301985,2024-09-02,20,Combustible,US,Credito,Contactless,71.49,1
visa_301986,2024-11-22,3,Viajes,ES,Credito,POS_fisico,111.39,1
visa_301987,2024-03-20,17,Combustible,DE,Credito,Contactless,75.43,1
visa_301988,2024-11-09,10,Viajes,DE,Debito,POS_fisico,178.43,1
visa_301989,2024-10-14,22,Restauracion,JP,Credito,Online,45.11,1
visa_301990,2024-10-28,10,Viajes,JP,Credito,Online,266.93,1
visa_301991,2024-09-09,20,Ropa,FR,Prepago,POS_fisico,311.8,1
visa_301992,2024-08-07,9,Combustible,DE,Debito,Contactless,37.39,1
visa_301993,2024-05-07,21,Supermercado,US,Debito,POS_fisico,29.57,1
visa_301994,2024-11-02,8,Supermercado,GB,Debito,POS_fisico,54.47,1
visa_301995,2024-02-09,7,Ropa,JP,Debito,Contactless,136.17,1
visa_301996,2024-05-06,23,Salud,GB,Credito,Online,182.34,1
visa_301997,2024-03-30,11,Supermercado,US,Credito,POS_fisico,58.36,1
visa_301998,2024-04-04,13,Supermercado,ES,Debito,Online,32.96,1
visa_301999,2024-01-22,3,Online,DE,Debito,POS_fisico,54.92,1
