fecha,mes,finde,parque,pais,visitantes,ocupacion_pct,precio_entrada_usd,satisfaccion,ingresos_usd
2024-10-28,10,0,Shanghai Disneyland,China,59573,74.5,97.85,4.22,5829218.05
2024-07-13,7,1,Disneyland Paris,Francia,55440,99.0,124.95,3.81,6927228.0
2024-01-26,1,0,Disneyland Park,EEUU,39506,56.4,158.97,4.68,6280268.82
2024-03-23,3,1,Disneyland Park,EEUU,49222,70.3,191.63,3.88,9432411.86
2024-04-26,4,0,Disneyland Paris,Francia,36849,65.8,97.57,4.53,3595356.93
2024-12-15,12,1,Disneyland Paris,Francia,55440,99.0,121.07,3.58,6712120.8
2024-03-01,3,0,Disneyland Park,EEUU,38530,55.0,151.4,4.43,5833442.0
2024-06-03,6,0,Tokyo Disneyland,Japón,25344,28.2,82.93,5.0,2101777.92
2024-09-28,9,1,Hong Kong Disneyland,Hong Kong,22482,66.1,105.1,4.1,2362858.2
2024-08-21,8,0,Disneyland Park,EEUU,55847,79.8,174.91,4.05,9768198.77
2024-04-20,4,1,Shanghai Disneyland,China,47871,59.8,117.73,4.14,5635852.83
2024-03-11,3,0,Disneyland Paris,Francia,24847,44.4,99.13,4.0,2463083.11
2024-03-31,3,1,Shanghai Disneyland,China,63561,79.5,125.0,3.83,7945125.0
2024-08-21,8,0,Disneyland Paris,Francia,55440,99.0,109.03,3.54,6044623.2
2024-05-22,5,0,Shanghai Disneyland,China,65762,82.2,96.43,3.89,6341429.66
2024-10-04,10,0,Hong Kong Disneyland,Hong Kong,25974,76.4,87.11,3.88,2262595.14
2024-04-10,4,0,Magic Kingdom,EEUU,41698,52.1,162.93,4.52,6793855.14
2024-10-08,10,0,Magic Kingdom,EEUU,60826,76.0,156.85,4.32,9540558.1
2024-04-22,4,0,EPCOT,EEUU,33471,55.8,155.39,4.39,5201058.69
2024-08-12,8,0,Shanghai Disneyland,China,65651,82.1,109.61,4.29,7196006.11
2024-05-22,5,0,Disneyland Park,EEUU,53855,76.9,154.5,3.79,8320597.5
2024-02-26,2,0,Tokyo Disneyland,Japón,40104,44.6,76.64,4.49,3073570.56
2024-11-28,11,0,Magic Kingdom,EEUU,49470,61.8,160.0,4.7,7915200.0
2024-02-11,2,1,Disneyland Paris,Francia,32386,57.8,113.39,3.98,3672248.54
2024-12-21,12,1,Disneyland Paris,Francia,54934,98.1,127.45,3.63,7001338.3
2024-03-10,3,1,Disneyland Park,EEUU,55915,79.9,203.28,4.18,11366401.2
2024-03-06,3,0,Hong Kong Disneyland,Hong Kong,20642,60.7,83.11,3.81,1715556.62
2024-04-03,4,0,Magic Kingdom,EEUU,48581,60.7,160.62,4.8,7803080.22
2024-08-19,8,0,Disneyland Park,EEUU,44604,63.7,175.9,4.73,7845843.6
2024-06-04,6,0,Disneyland Paris,Francia,22439,40.1,100.2,4.25,2248387.8
2024-01-20,1,1,Tokyo Disneyland,Japón,37028,41.1,91.75,5.0,3397319.0
2024-10-08,10,0,EPCOT,EEUU,36214,60.4,156.28,4.4,5659523.92
2024-04-17,4,0,Shanghai Disneyland,China,56672,70.8,98.84,3.97,5601460.48
2024-07-30,7,0,Hong Kong Disneyland,Hong Kong,29956,88.1,93.77,3.47,2808974.12
2024-09-05,9,0,Shanghai Disneyland,China,61517,76.9,98.95,3.98,6087107.15
2024-04-17,4,0,EPCOT,EEUU,33427,55.7,156.13,4.02,5218957.51
2024-04-30,4,0,Disneyland Paris,Francia,41879,74.8,97.67,3.82,4090321.93
2024-11-03,11,1,Magic Kingdom,EEUU,59922,74.9,210.34,4.45,12603993.48
2024-09-18,9,0,EPCOT,EEUU,26912,44.9,151.01,4.48,4063981.12
2024-04-18,4,0,Disneyland Paris,Francia,40067,71.5,100.64,4.16,4032342.88
2024-07-27,7,1,EPCOT,EEUU,59400,99.0,186.09,4.45,11053746.0
2024-10-28,10,0,EPCOT,EEUU,45865,76.4,154.76,4.25,7098067.4
2024-04-20,4,1,Hong Kong Disneyland,Hong Kong,25860,76.1,104.7,3.82,2707542.0
2024-11-14,11,0,Shanghai Disneyland,China,38511,48.1,94.82,4.19,3651613.02
2024-07-25,7,0,Shanghai Disneyland,China,53118,66.4,103.7,4.36,5508336.6
2024-11-27,11,0,Tokyo Disneyland,Japón,45235,50.3,79.91,4.55,3614728.85
2024-12-20,12,0,Disneyland Paris,Francia,36555,65.3,108.28,4.29,3958175.4
2024-11-06,11,0,Magic Kingdom,EEUU,40935,51.2,165.13,4.39,6759596.55
2024-06-01,6,1,Disneyland Paris,Francia,48783,87.1,125.79,4.41,6136413.57
2024-02-08,2,0,Magic Kingdom,EEUU,39288,49.1,155.33,5.0,6102605.04
2024-01-20,1,1,Hong Kong Disneyland,Hong Kong,17244,50.7,98.63,3.76,1700775.72
2024-04-25,4,0,EPCOT,EEUU,43037,71.7,145.01,4.34,6240795.37
2024-09-12,9,0,Magic Kingdom,EEUU,46349,57.9,161.76,4.91,7497414.24
2024-12-04,12,0,Disneyland Park,EEUU,62368,89.1,173.7,4.25,10833321.6
2024-10-12,10,1,Magic Kingdom,EEUU,60116,75.1,208.3,4.21,12522162.8
2024-01-06,1,1,EPCOT,EEUU,34670,57.8,175.71,3.89,6091865.7
2024-12-04,12,0,Magic Kingdom,EEUU,64993,81.2,173.33,4.57,11265236.69
2024-09-06,9,0,Disneyland Paris,Francia,35586,63.5,98.07,3.84,3489919.02
2024-01-12,1,0,Disneyland Park,EEUU,27121,38.7,150.32,4.47,4076828.72
2024-05-17,5,0,EPCOT,EEUU,33885,56.5,147.82,4.54,5008880.7
2024-10-02,10,0,EPCOT,EEUU,33110,55.2,149.98,4.13,4965837.8
2024-08-17,8,1,Shanghai Disneyland,China,79200,99.0,121.17,3.88,9596664.0
2024-12-19,12,0,Magic Kingdom,EEUU,66630,83.3,178.75,4.67,11910112.5
2024-10-18,10,0,Tokyo Disneyland,Japón,56719,63.0,81.56,5.0,4626001.64
2024-02-05,2,0,Hong Kong Disneyland,Hong Kong,13519,39.8,83.4,4.24,1127484.6
2024-03-26,3,0,Magic Kingdom,EEUU,40492,50.6,157.12,4.03,6362103.04
2024-10-11,10,0,Magic Kingdom,EEUU,47454,59.3,163.86,4.04,7775812.44
2024-03-04,3,0,Tokyo Disneyland,Japón,68017,75.6,80.6,4.51,5482170.2
2024-03-18,3,0,Tokyo Disneyland,Japón,34727,38.6,80.3,4.71,2788578.1
2024-08-25,8,1,Disneyland Paris,Francia,51444,91.9,119.7,3.67,6157846.8
2024-10-19,10,1,Hong Kong Disneyland,Hong Kong,22300,65.6,110.84,4.19,2471732.0
2024-05-27,5,0,EPCOT,EEUU,34326,57.2,154.04,4.4,5287577.04
2024-06-19,6,0,Shanghai Disneyland,China,63702,79.6,98.63,3.95,6282928.26
2024-07-02,7,0,Tokyo Disneyland,Japón,88789,98.7,86.05,4.25,7640293.45
2024-08-10,8,1,Disneyland Paris,Francia,54321,97.0,121.24,3.98,6585878.04
2024-12-19,12,0,Disneyland Paris,Francia,37328,66.7,111.78,3.61,4172523.84
2024-12-23,12,0,EPCOT,EEUU,40095,66.8,168.73,4.44,6765229.35
2024-09-18,9,0,Disneyland Paris,Francia,39563,70.6,96.75,3.87,3827720.25
2024-02-01,2,0,Shanghai Disneyland,China,34552,43.2,94.61,4.07,3268964.72
2024-05-16,5,0,EPCOT,EEUU,33802,56.3,155.25,4.23,5247760.5
2024-05-25,5,1,Shanghai Disneyland,China,63279,79.1,119.15,3.61,7539692.85
2024-03-17,3,1,Disneyland Paris,Francia,44536,79.5,121.62,4.01,5416468.32
2024-11-24,11,1,Disneyland Park,EEUU,63348,90.5,194.24,4.02,12304715.52
2024-01-13,1,1,Magic Kingdom,EEUU,39836,49.8,177.9,4.61,7086824.4
2024-04-05,4,0,Hong Kong Disneyland,Hong Kong,15367,45.2,85.41,3.42,1312495.47
2024-07-29,7,0,Disneyland Paris,Francia,42448,75.8,104.35,3.88,4429448.8
2024-09-19,9,0,Disneyland Park,EEUU,43405,62.0,156.56,4.34,6795486.8
2024-05-12,5,1,EPCOT,EEUU,39834,66.4,193.21,4.27,7696327.14
2024-04-25,4,0,Disneyland Paris,Francia,38670,69.1,94.81,4.3,3666302.7
2024-04-19,4,0,Shanghai Disneyland,China,40462,50.6,95.29,4.2,3855623.98
2024-11-14,11,0,Hong Kong Disneyland,Hong Kong,18059,53.1,86.38,4.03,1559936.42
2024-02-09,2,0,Disneyland Park,EEUU,43871,62.7,153.87,4.7,6750430.77
2024-08-25,8,1,Hong Kong Disneyland,Hong Kong,33348,98.1,105.98,4.08,3534221.04
2024-09-11,9,0,Disneyland Paris,Francia,46210,82.5,95.17,3.88,4397805.7
2024-10-25,10,0,Disneyland Paris,Francia,31147,55.6,97.97,4.12,3051471.59
2024-03-27,3,0,Shanghai Disneyland,China,39293,49.1,92.48,4.38,3633816.64
2024-12-21,12,1,Hong Kong Disneyland,Hong Kong,33660,99.0,112.65,4.05,3791799.0
2024-05-21,5,0,Magic Kingdom,EEUU,54998,68.7,161.9,4.53,8904176.2
2024-11-25,11,0,Disneyland Paris,Francia,41677,74.4,96.64,3.68,4027665.28
2024-12-05,12,0,Shanghai Disneyland,China,60433,75.5,101.45,3.96,6130927.85
2024-01-05,1,0,Disneyland Park,EEUU,23861,34.1,159.37,4.66,3802727.57
2024-06-26,6,0,Disneyland Paris,Francia,41024,73.3,94.94,3.91,3894818.56
2024-04-06,4,1,Disneyland Park,EEUU,51946,74.2,203.34,4.04,10562699.64
2024-09-07,9,1,Disneyland Park,EEUU,60656,86.7,193.24,3.98,11721165.44
2024-11-23,11,1,Magic Kingdom,EEUU,60774,76.0,202.3,4.39,12294580.2
2024-03-14,3,0,Magic Kingdom,EEUU,50841,63.6,159.06,4.57,8086769.46
2024-10-09,10,0,Disneyland Paris,Francia,44443,79.4,100.69,4.28,4474965.67
2024-09-11,9,0,Tokyo Disneyland,Japón,47225,52.5,77.97,4.07,3682133.25
2024-04-28,4,1,Shanghai Disneyland,China,61610,77.0,117.82,3.77,7258890.2
2024-05-07,5,0,Disneyland Park,EEUU,47430,67.8,150.4,4.29,7133472.0
2024-11-24,11,1,EPCOT,EEUU,59400,99.0,194.85,4.2,11574090.0
2024-04-26,4,0,Shanghai Disneyland,China,44126,55.2,95.7,4.39,4222858.2
2024-04-24,4,0,EPCOT,EEUU,33539,55.9,147.84,4.3,4958405.76
2024-06-02,6,1,EPCOT,EEUU,59400,99.0,191.63,3.85,11382822.0
2024-11-01,11,0,Disneyland Park,EEUU,39220,56.0,155.34,4.47,6092434.8
2024-03-16,3,1,EPCOT,EEUU,49636,82.7,195.04,4.34,9681005.44
2024-04-27,4,1,Tokyo Disneyland,Japón,56067,62.3,102.1,4.69,5724440.7
2024-03-25,3,0,Disneyland Park,EEUU,49551,70.8,159.37,4.0,7896942.87
2024-02-15,2,0,EPCOT,EEUU,20947,34.9,144.59,4.29,3028726.73
2024-04-05,4,0,Disneyland Park,EEUU,45951,65.6,161.45,4.01,7418788.95
2024-12-19,12,0,Tokyo Disneyland,Japón,69001,76.7,87.72,4.43,6052767.72
2024-02-14,2,0,Hong Kong Disneyland,Hong Kong,15071,44.3,82.75,3.68,1247125.25
2024-04-27,4,1,EPCOT,EEUU,36350,60.6,188.62,4.41,6856337.0
2024-02-14,2,0,Disneyland Park,EEUU,53564,76.5,155.85,4.39,8347949.4
2024-03-14,3,0,Tokyo Disneyland,Japón,46847,52.1,81.17,4.8,3802570.99
2024-06-27,6,0,Magic Kingdom,EEUU,36774,46.0,154.77,4.51,5691511.98
2024-08-09,8,0,Hong Kong Disneyland,Hong Kong,29231,86.0,92.62,3.54,2707375.22
2024-04-17,4,0,Disneyland Park,EEUU,32826,46.9,160.69,4.25,5274809.94
2024-11-13,11,0,Shanghai Disneyland,China,36750,45.9,95.57,4.53,3512197.5
2024-05-19,5,1,Magic Kingdom,EEUU,45785,57.2,207.35,4.34,9493519.75
2024-05-17,5,0,Magic Kingdom,EEUU,56976,71.2,165.63,4.77,9436934.88
2024-06-30,6,1,Magic Kingdom,EEUU,70170,87.7,197.61,4.65,13866293.7
2024-04-29,4,0,Tokyo Disneyland,Japón,67272,74.7,81.11,4.47,5456431.92
2024-01-23,1,0,Disneyland Paris,Francia,34386,61.4,95.68,4.07,3290052.48
2024-12-10,12,0,Hong Kong Disneyland,Hong Kong,20894,61.5,95.7,3.48,1999555.8
2024-07-23,7,0,Tokyo Disneyland,Japón,63681,70.8,86.24,4.39,5491849.44
2024-09-15,9,1,Magic Kingdom,EEUU,46927,58.7,201.96,4.59,9477376.92
2024-10-11,10,0,Disneyland Paris,Francia,38921,69.5,95.8,4.12,3728631.8
2024-08-19,8,0,EPCOT,EEUU,53324,88.9,162.18,3.91,8648086.32
2024-03-20,3,0,Disneyland Park,EEUU,50846,72.6,157.12,3.73,7988923.52
2024-04-30,4,0,Tokyo Disneyland,Japón,48306,53.7,82.02,4.86,3962058.12
2024-12-02,12,0,Disneyland Paris,Francia,45422,81.1,109.3,4.38,4964624.6
2024-09-02,9,0,Magic Kingdom,EEUU,47035,58.8,164.56,4.63,7740079.6
2024-05-06,5,0,Disneyland Paris,Francia,29565,52.8,96.34,3.9,2848292.1
2024-03-27,3,0,Tokyo Disneyland,Japón,64781,72.0,79.92,4.6,5177297.52
2024-05-09,5,0,Shanghai Disneyland,China,26317,32.9,98.73,4.41,2598277.41
2024-06-24,6,0,Magic Kingdom,EEUU,36564,45.7,160.77,4.53,5878394.28
2024-06-12,6,0,Disneyland Paris,Francia,20867,37.3,97.3,4.42,2030359.1
2024-06-06,6,0,EPCOT,EEUU,37184,62.0,150.91,4.6,5611437.44
2024-04-03,4,0,Disneyland Park,EEUU,37709,53.9,151.08,4.62,5697075.72
2024-03-26,3,0,Disneyland Park,EEUU,38323,54.7,149.85,4.42,5742701.55
2024-01-24,1,0,Shanghai Disneyland,China,43613,54.5,97.63,4.2,4257937.19
2024-11-01,11,0,Disneyland Paris,Francia,39188,70.0,96.06,3.83,3764399.28
2024-08-13,8,0,Magic Kingdom,EEUU,45121,56.4,179.87,4.23,8115914.27
2024-01-10,1,0,Magic Kingdom,EEUU,51391,64.2,157.39,4.25,8088429.49
2024-02-27,2,0,Disneyland Park,EEUU,49037,70.1,154.25,4.22,7563957.25
2024-08-21,8,0,EPCOT,EEUU,41137,68.6,166.69,4.36,6857126.53
2024-11-10,11,1,Shanghai Disneyland,China,54967,68.7,122.45,4.12,6730709.15
2024-02-16,2,0,Hong Kong Disneyland,Hong Kong,14654,43.1,82.51,3.91,1209101.54
2024-10-28,10,0,Magic Kingdom,EEUU,54638,68.3,156.94,4.81,8574887.72
2024-10-05,10,1,Magic Kingdom,EEUU,53188,66.5,199.37,4.29,10604091.56
2024-06-03,6,0,EPCOT,EEUU,31213,52.0,152.46,4.54,4758733.98
2024-09-11,9,0,Shanghai Disneyland,China,46320,57.9,98.25,4.22,4550940.0
2024-08-28,8,0,Hong Kong Disneyland,Hong Kong,28707,84.4,90.84,3.82,2607743.88
2024-03-13,3,0,EPCOT,EEUU,46338,77.2,150.5,4.34,6973869.0
2024-03-06,3,0,Disneyland Park,EEUU,32671,46.7,155.12,4.12,5067925.52
2024-12-24,12,0,Magic Kingdom,EEUU,69192,86.5,171.29,4.17,11851897.68
2024-10-11,10,0,Disneyland Park,EEUU,35412,50.6,149.75,4.43,5302947.0
2024-01-16,1,0,EPCOT,EEUU,23844,39.7,149.54,5.0,3565631.76
2024-07-27,7,1,Hong Kong Disneyland,Hong Kong,33028,97.1,112.7,3.89,3722255.6
2024-05-02,5,0,Hong Kong Disneyland,Hong Kong,29575,87.0,88.7,3.49,2623302.5
2024-03-24,3,1,Disneyland Park,EEUU,50837,72.6,203.99,4.01,10370239.63
2024-01-13,1,1,Disneyland Paris,Francia,38760,69.2,111.58,4.23,4324840.8
2024-05-27,5,0,Disneyland Park,EEUU,52433,74.9,150.58,4.37,7895361.14
2024-01-12,1,0,Hong Kong Disneyland,Hong Kong,13297,39.1,88.09,4.53,1171332.73
2024-01-31,1,0,EPCOT,EEUU,17577,29.3,154.5,4.91,2715646.5
2024-06-28,6,0,Hong Kong Disneyland,Hong Kong,24614,72.4,86.66,4.3,2133049.24
2024-05-27,5,0,Tokyo Disneyland,Japón,80529,89.5,79.35,4.95,6389976.15
2024-12-28,12,1,Disneyland Paris,Francia,55440,99.0,125.87,3.44,6978232.8
2024-06-06,6,0,Shanghai Disneyland,China,45057,56.3,93.75,4.22,4224093.75
2024-07-17,7,0,Disneyland Paris,Francia,42030,75.1,107.87,3.79,4533776.1
2024-08-19,8,0,Disneyland Paris,Francia,41301,73.8,107.55,3.83,4441922.55
2024-10-29,10,0,Magic Kingdom,EEUU,61956,77.4,155.53,4.06,9636016.68
2024-04-06,4,1,Disneyland Paris,Francia,41256,73.7,121.8,3.99,5024980.8
2024-04-05,4,0,Tokyo Disneyland,Japón,73941,82.2,82.51,4.71,6100871.91
2024-03-09,3,1,Magic Kingdom,EEUU,78471,98.1,201.5,4.39,15811906.5
2024-03-24,3,1,EPCOT,EEUU,49238,82.1,190.09,3.58,9359651.42
2024-01-13,1,1,Hong Kong Disneyland,Hong Kong,5571,16.4,101.32,4.28,564453.72
2024-10-30,10,0,Shanghai Disneyland,China,49001,61.3,94.13,4.31,4612464.13
2024-08-13,8,0,Disneyland Paris,Francia,44170,78.9,104.89,4.13,4632991.3
2024-05-30,5,0,Tokyo Disneyland,Japón,60384,67.1,82.41,4.6,4976245.44
2024-12-26,12,0,Disneyland Paris,Francia,50425,90.0,103.75,3.81,5231593.75
2024-03-11,3,0,Hong Kong Disneyland,Hong Kong,25419,74.8,85.47,4.44,2172561.93
2024-06-07,6,0,EPCOT,EEUU,47911,79.9,155.76,4.16,7462617.36
2024-06-26,6,0,Disneyland Park,EEUU,48897,69.9,159.64,4.32,7805917.08
2024-09-15,9,1,Disneyland Park,EEUU,55411,79.2,197.16,4.42,10924832.76
2024-09-03,9,0,Magic Kingdom,EEUU,39096,48.9,166.23,4.78,6498928.08
2024-07-21,7,1,Tokyo Disneyland,Japón,89100,99.0,98.66,4.32,8790606.0
2024-02-09,2,0,Magic Kingdom,EEUU,50225,62.8,163.71,4.39,8222334.75
2024-10-01,10,0,Magic Kingdom,EEUU,57441,71.8,157.51,4.55,9047531.91
2024-01-06,1,1,Disneyland Park,EEUU,45134,64.5,172.34,4.32,7778393.56
2024-10-28,10,0,Hong Kong Disneyland,Hong Kong,16728,49.2,82.84,4.36,1385747.52
2024-07-05,7,0,Disneyland Park,EEUU,59422,84.9,173.15,4.04,10288919.3
2024-05-30,5,0,Shanghai Disneyland,China,49338,61.7,99.58,4.12,4913078.04
2024-12-07,12,1,Disneyland Park,EEUU,61117,87.3,190.56,4.14,11646455.52
2024-11-28,11,0,Tokyo Disneyland,Japón,74651,82.9,77.9,4.75,5815312.9
2024-09-01,9,1,Shanghai Disneyland,China,56718,70.9,122.89,4.22,6970075.02
2024-12-13,12,0,Tokyo Disneyland,Japón,86658,96.3,88.7,4.62,7686564.6
2024-11-24,11,1,Shanghai Disneyland,China,63968,80.0,121.64,4.24,7781067.52
2024-01-19,1,0,EPCOT,EEUU,27646,46.1,153.59,4.43,4246149.14
2024-09-01,9,1,Magic Kingdom,EEUU,61280,76.6,205.27,4.49,12578945.6
2024-04-05,4,0,Disneyland Paris,Francia,38158,68.1,98.64,3.82,3763905.12
2024-09-22,9,1,EPCOT,EEUU,54579,91.0,194.84,3.82,10634172.36
2024-11-06,11,0,Disneyland Park,EEUU,35961,51.4,154.92,4.51,5571078.12
2024-03-16,3,1,Disneyland Paris,Francia,40395,72.1,127.56,3.86,5152786.2
2024-09-25,9,0,Tokyo Disneyland,Japón,56084,62.3,79.77,4.86,4473820.68
2024-02-01,2,0,Magic Kingdom,EEUU,48933,61.2,157.46,3.95,7704990.18
2024-07-04,7,0,Disneyland Paris,Francia,47755,85.3,105.43,3.8,5034809.65
2024-11-13,11,0,Hong Kong Disneyland,Hong Kong,16887,49.7,86.68,3.96,1463765.16
2024-03-06,3,0,Tokyo Disneyland,Japón,73695,81.9,80.63,4.14,5942027.85
2024-08-28,8,0,Disneyland Paris,Francia,44096,78.7,106.0,4.15,4674176.0
2024-12-16,12,0,Tokyo Disneyland,Japón,89100,99.0,86.93,4.66,7745463.0
2024-08-30,8,0,Shanghai Disneyland,China,52172,65.2,108.77,3.81,5674748.44
2024-09-05,9,0,Disneyland Park,EEUU,41556,59.4,150.16,4.16,6240048.96
2024-09-23,9,0,Disneyland Paris,Francia,42966,76.7,96.42,4.08,4142781.72
2024-04-20,4,1,Disneyland Park,EEUU,58793,84.0,202.05,4.43,11879125.65
2024-06-14,6,0,Disneyland Park,EEUU,47913,68.4,159.94,4.67,7663205.22
2024-01-06,1,1,Tokyo Disneyland,Japón,70438,78.3,92.31,4.09,6502131.78
2024-12-13,12,0,Magic Kingdom,EEUU,70273,87.8,170.4,4.3,11974519.2
2024-08-21,8,0,Magic Kingdom,EEUU,54617,68.3,170.37,4.42,9305098.29
2024-06-25,6,0,Tokyo Disneyland,Japón,46739,51.9,80.29,4.87,3752674.31
2024-06-01,6,1,EPCOT,EEUU,47193,78.7,183.95,3.79,8681152.35
2024-12-18,12,0,Disneyland Paris,Francia,49871,89.1,111.59,3.96,5565104.89
2024-07-02,7,0,Disneyland Paris,Francia,55440,99.0,108.27,4.26,6002488.8
2024-06-25,6,0,Shanghai Disneyland,China,59724,74.7,95.03,4.13,5675571.72
2024-02-05,2,0,Disneyland Paris,Francia,33452,59.7,100.47,4.39,3360922.44
2024-11-18,11,0,Disneyland Park,EEUU,44676,63.8,159.24,4.37,7114206.24
2024-07-15,7,0,Magic Kingdom,EEUU,73648,92.1,178.29,4.49,13130701.92
2024-06-30,6,1,Hong Kong Disneyland,Hong Kong,21947,64.6,104.69,4.11,2297631.43
2024-08-08,8,0,Disneyland Paris,Francia,51148,91.3,103.62,3.77,5299955.76
2024-01-08,1,0,Disneyland Park,EEUU,30379,43.4,152.12,4.83,4621253.48
2024-10-31,10,0,Tokyo Disneyland,Japón,67561,75.1,77.08,4.4,5207601.88
2024-05-20,5,0,Hong Kong Disneyland,Hong Kong,16765,49.3,85.57,3.9,1434581.05
2024-10-09,10,0,Disneyland Park,EEUU,34950,49.9,152.32,4.05,5323584.0
2024-02-16,2,0,Disneyland Park,EEUU,41287,59.0,149.44,4.38,6169929.28
2024-02-07,2,0,Magic Kingdom,EEUU,42190,52.7,155.95,4.53,6579530.5
2024-06-28,6,0,Magic Kingdom,EEUU,65230,81.5,155.08,4.52,10115868.4
2024-07-18,7,0,Tokyo Disneyland,Japón,69486,77.2,86.5,4.63,6010539.0
2024-02-21,2,0,Disneyland Park,EEUU,22592,32.3,158.67,4.52,3584672.64
2024-01-11,1,0,Disneyland Paris,Francia,35694,63.7,101.19,3.89,3611875.86
2024-09-03,9,0,EPCOT,EEUU,34373,57.3,153.87,4.49,5288973.51
2024-12-18,12,0,Shanghai Disneyland,China,51886,64.9,109.28,3.96,5670102.08
2024-06-17,6,0,EPCOT,EEUU,42272,70.5,152.95,4.59,6465502.4
2024-06-06,6,0,Hong Kong Disneyland,Hong Kong,25074,73.7,82.53,3.64,2069357.22
2024-03-18,3,0,Disneyland Paris,Francia,24642,44.0,101.81,3.9,2508802.02
2024-05-11,5,1,Shanghai Disneyland,China,63327,79.2,121.07,3.96,7666999.89
2024-06-17,6,0,Magic Kingdom,EEUU,48956,61.2,155.12,4.35,7594054.72
2024-10-21,10,0,Magic Kingdom,EEUU,38636,48.3,165.25,4.6,6384599.0
2024-01-24,1,0,Tokyo Disneyland,Japón,35804,39.8,82.53,5.0,2954904.12
2024-03-10,3,1,Disneyland Paris,Francia,47553,84.9,127.14,3.94,6045888.42
2024-11-08,11,0,Disneyland Paris,Francia,33692,60.2,99.36,3.91,3347637.12
2024-12-12,12,0,EPCOT,EEUU,41054,68.4,170.11,4.07,6983695.94
2024-10-05,10,1,Shanghai Disneyland,China,64163,80.2,124.84,4.46,8010108.92
2024-08-28,8,0,Magic Kingdom,EEUU,72338,90.4,180.46,4.05,13054115.48
2024-03-14,3,0,EPCOT,EEUU,36502,60.8,146.85,3.94,5360318.7
2024-12-20,12,0,Disneyland Park,EEUU,57276,81.8,177.64,4.33,10174508.64
2024-10-04,10,0,Tokyo Disneyland,Japón,52687,58.5,79.18,4.81,4171756.66
2024-03-18,3,0,Shanghai Disneyland,China,62187,77.7,93.45,4.23,5811375.15
2024-09-15,9,1,EPCOT,EEUU,47021,78.4,191.34,4.21,8996998.14
2024-11-08,11,0,Hong Kong Disneyland,Hong Kong,15029,44.2,87.77,4.15,1319095.33
2024-12-30,12,0,EPCOT,EEUU,39805,66.3,159.84,4.27,6362431.2
2024-09-25,9,0,Disneyland Paris,Francia,33029,59.0,96.49,4.38,3186968.21
2024-03-16,3,1,Disneyland Park,EEUU,49480,70.7,195.57,4.42,9676803.6
2024-01-12,1,0,Tokyo Disneyland,Japón,43384,48.2,77.67,5.0,3369635.28
2024-09-12,9,0,Shanghai Disneyland,China,58254,72.8,98.63,4.36,5745592.02
2024-04-23,4,0,Disneyland Paris,Francia,50152,89.6,97.74,3.74,4901856.48
2024-12-06,12,0,Magic Kingdom,EEUU,55106,68.9,171.27,4.13,9438004.62
2024-12-26,12,0,Tokyo Disneyland,Japón,75809,84.2,87.4,4.56,6625706.6
2024-11-19,11,0,Magic Kingdom,EEUU,61840,77.3,154.63,4.56,9562319.2
2024-11-19,11,0,EPCOT,EEUU,39442,65.7,155.25,4.03,6123370.5
2024-03-23,3,1,Shanghai Disneyland,China,54965,68.7,118.24,3.95,6499061.6
2024-06-29,6,1,Hong Kong Disneyland,Hong Kong,24519,72.1,107.34,4.18,2631869.46
2024-08-20,8,0,Magic Kingdom,EEUU,55859,69.8,175.97,4.99,9829508.23
2024-10-14,10,0,Disneyland Paris,Francia,35167,62.8,101.0,3.92,3551867.0
2024-03-08,3,0,EPCOT,EEUU,31857,53.1,149.05,4.03,4748285.85
2024-03-04,3,0,Disneyland Paris,Francia,32457,58.0,101.55,4.2,3296008.35
2024-10-16,10,0,Disneyland Park,EEUU,38932,55.6,157.61,4.37,6136072.52
2024-10-16,10,0,Magic Kingdom,EEUU,53895,67.4,155.46,4.36,8378516.7
2024-10-29,10,0,Tokyo Disneyland,Japón,42868,47.6,80.62,4.6,3456018.16
2024-12-28,12,1,EPCOT,EEUU,59400,99.0,192.02,3.8,11405988.0
2024-12-11,12,0,Disneyland Park,EEUU,68730,98.2,176.52,3.98,12132219.6
2024-05-16,5,0,Magic Kingdom,EEUU,53163,66.5,157.93,4.74,8396032.59
2024-09-25,9,0,Shanghai Disneyland,China,53073,66.3,94.63,4.42,5022297.99
2024-04-21,4,1,Tokyo Disneyland,Japón,63722,70.8,99.08,4.19,6313575.76
2024-05-28,5,0,EPCOT,EEUU,31569,52.6,148.26,4.36,4680419.94
2024-02-25,2,1,Disneyland Park,EEUU,51596,73.7,176.01,4.32,9081411.96
2024-06-26,6,0,Hong Kong Disneyland,Hong Kong,27642,81.3,87.96,3.92,2431390.32
2024-02-15,2,0,Disneyland Park,EEUU,30572,43.7,155.94,4.56,4767397.68
2024-12-21,12,1,Magic Kingdom,EEUU,79200,99.0,205.19,4.25,16251048.0
2024-03-25,3,0,Shanghai Disneyland,China,52721,65.9,94.07,4.11,4959464.47
2024-07-04,7,0,Shanghai Disneyland,China,69889,87.4,103.69,3.75,7246790.41
2024-06-16,6,1,EPCOT,EEUU,56088,93.5,188.93,4.04,10596705.84
2024-06-16,6,1,Shanghai Disneyland,China,63484,79.4,126.01,4.34,7999618.84
2024-08-27,8,0,Hong Kong Disneyland,Hong Kong,25647,75.4,96.91,3.91,2485450.77
2024-01-13,1,1,EPCOT,EEUU,36449,60.7,173.53,4.17,6324994.97
2024-03-20,3,0,Hong Kong Disneyland,Hong Kong,23986,70.5,86.36,3.95,2071430.96
2024-02-25,2,1,Magic Kingdom,EEUU,42188,52.7,189.34,4.84,7987875.92
2024-01-10,1,0,Disneyland Park,EEUU,44677,63.8,158.51,3.89,7081751.27
2024-11-10,11,1,Disneyland Paris,Francia,46117,82.4,126.17,3.69,5818581.89
2024-04-30,4,0,Disneyland Park,EEUU,49366,70.5,153.08,4.53,7556947.28
2024-07-11,7,0,Hong Kong Disneyland,Hong Kong,26709,78.6,97.05,3.65,2592108.45
2024-09-02,9,0,Disneyland Paris,Francia,30011,53.6,101.17,4.37,3036212.87
2024-04-04,4,0,Disneyland Park,EEUU,52367,74.8,161.48,4.49,8456223.16
2024-10-12,10,1,Hong Kong Disneyland,Hong Kong,18987,55.8,109.13,3.94,2072051.31
2024-10-31,10,0,Magic Kingdom,EEUU,52674,65.8,157.84,4.62,8314064.16
2024-07-01,7,0,EPCOT,EEUU,31906,53.2,167.59,4.85,5347126.54
2024-07-28,7,1,Tokyo Disneyland,Japón,89100,99.0,97.87,3.65,8720217.0
2024-03-09,3,1,Disneyland Park,EEUU,41276,59.0,197.1,4.53,8135499.6
2024-10-07,10,0,EPCOT,EEUU,41614,69.4,147.77,4.01,6149300.78
2024-10-26,10,1,Magic Kingdom,EEUU,57485,71.9,211.18,4.0,12139682.3
2024-03-25,3,0,Magic Kingdom,EEUU,36275,45.3,162.45,4.43,5892873.75
2024-10-02,10,0,Shanghai Disneyland,China,49345,61.7,98.17,4.28,4844198.65
2024-04-05,4,0,Shanghai Disneyland,China,45650,57.1,95.01,4.36,4337206.5
2024-04-21,4,1,EPCOT,EEUU,51220,85.4,183.8,4.48,9414236.0
2024-08-27,8,0,EPCOT,EEUU,51861,86.4,163.13,3.84,8460084.93
2024-07-13,7,1,EPCOT,EEUU,59400,99.0,187.28,3.81,11124432.0
2024-05-11,5,1,Hong Kong Disneyland,Hong Kong,23052,67.8,104.67,3.98,2412852.84
2024-11-05,11,0,Shanghai Disneyland,China,49462,61.8,97.36,4.13,4815620.32
2024-01-27,1,1,EPCOT,EEUU,35071,58.5,173.96,4.28,6100951.16
2024-08-17,8,1,Disneyland Park,EEUU,69300,99.0,190.03,3.65,13169079.0
2024-11-19,11,0,Disneyland Paris,Francia,34198,61.1,98.13,4.11,3355849.74
2024-12-07,12,1,Magic Kingdom,EEUU,79200,99.0,208.04,4.48,16476768.0
2024-04-07,4,1,Tokyo Disneyland,Japón,68621,76.2,104.77,5.0,7189422.17
2024-09-18,9,0,Magic Kingdom,EEUU,53927,67.4,158.81,4.62,8564146.87
2024-10-26,10,1,EPCOT,EEUU,44476,74.1,191.65,4.14,8523825.4
2024-02-26,2,0,Shanghai Disneyland,China,52925,66.2,94.03,4.53,4976537.75
2024-02-05,2,0,Disneyland Park,EEUU,23776,34.0,160.48,4.55,3815572.48
2024-07-14,7,1,Magic Kingdom,EEUU,68314,85.4,195.83,3.99,13377930.62
2024-02-15,2,0,Hong Kong Disneyland,Hong Kong,13207,38.8,83.54,4.05,1103312.78
2024-03-24,3,1,Magic Kingdom,EEUU,57847,72.3,205.63,4.73,11895078.61
2024-10-10,10,0,Shanghai Disneyland,China,28759,35.9,96.22,4.26,2767190.98
2024-06-04,6,0,Tokyo Disneyland,Japón,59367,66.0,78.23,4.03,4644280.41
2024-12-15,12,1,Hong Kong Disneyland,Hong Kong,33660,99.0,106.62,3.85,3588829.2
2024-03-14,3,0,Disneyland Park,EEUU,46679,66.7,155.82,4.07,7273521.78
2024-05-05,5,1,Hong Kong Disneyland,Hong Kong,24691,72.6,110.83,3.55,2736503.53
2024-06-29,6,1,Disneyland Park,EEUU,58396,83.4,201.27,3.75,11753362.92
2024-04-30,4,0,EPCOT,EEUU,39535,65.9,147.0,4.16,5811645.0
2024-09-29,9,1,EPCOT,EEUU,50676,84.5,190.1,4.24,9633507.6
2024-09-22,9,1,Magic Kingdom,EEUU,44616,55.8,202.03,4.65,9013770.48
2024-02-16,2,0,Shanghai Disneyland,China,34816,43.5,96.4,4.18,3356262.4
2024-10-21,10,0,Shanghai Disneyland,China,42884,53.6,93.49,4.43,4009225.16
2024-08-25,8,1,Magic Kingdom,EEUU,79200,99.0,206.38,3.96,16345296.0
2024-03-31,3,1,Disneyland Park,EEUU,44202,63.1,194.3,4.36,8588448.6
2024-03-24,3,1,Disneyland Paris,Francia,39588,70.7,123.13,3.92,4874470.44
2024-09-29,9,1,Magic Kingdom,EEUU,74617,93.3,196.73,4.27,14679402.41
2024-11-27,11,0,Shanghai Disneyland,China,45112,56.4,93.09,4.15,4199476.08
2024-07-14,7,1,Disneyland Paris,Francia,55440,99.0,119.84,3.81,6643929.6
2024-07-04,7,0,Tokyo Disneyland,Japón,71254,79.2,89.67,5.0,6389346.18
2024-04-25,4,0,Tokyo Disneyland,Japón,68025,75.6,82.32,5.0,5599818.0
2024-04-18,4,0,Disneyland Park,EEUU,33806,48.3,156.49,5.0,5290300.94
2024-05-19,5,1,Tokyo Disneyland,Japón,81491,90.5,100.79,4.5,8213477.89
2024-03-26,3,0,Shanghai Disneyland,China,39264,49.1,96.33,3.84,3782301.12
2024-12-27,12,0,Magic Kingdom,EEUU,58400,73.0,170.87,4.54,9978808.0
2024-02-01,2,0,Disneyland Park,EEUU,39375,56.3,160.31,3.96,6312206.25
2024-03-01,3,0,Shanghai Disneyland,China,46207,57.8,97.81,3.71,4519506.67
2024-10-10,10,0,Magic Kingdom,EEUU,41128,51.4,162.67,4.21,6690291.76
2024-11-05,11,0,Tokyo Disneyland,Japón,35823,39.8,77.79,4.64,2786671.17
2024-03-04,3,0,Hong Kong Disneyland,Hong Kong,24965,73.4,86.45,4.63,2158224.25
2024-12-07,12,1,Hong Kong Disneyland,Hong Kong,29917,88.0,109.16,3.88,3265739.72
2024-04-29,4,0,EPCOT,EEUU,30993,51.7,151.76,4.39,4703497.68
2024-08-11,8,1,EPCOT,EEUU,59400,99.0,190.72,3.94,11328768.0
2024-05-20,5,0,EPCOT,EEUU,18548,30.9,155.89,4.52,2891447.72
2024-12-18,12,0,Tokyo Disneyland,Japón,89100,99.0,90.22,4.36,8038602.0
2024-06-27,6,0,Tokyo Disneyland,Japón,62167,69.1,80.67,4.69,5015011.89
2024-07-25,7,0,Disneyland Park,EEUU,58922,84.2,166.95,3.93,9837027.9
2024-03-17,3,1,Magic Kingdom,EEUU,68403,85.5,205.98,3.91,14089649.94
2024-08-30,8,0,Disneyland Paris,Francia,55440,99.0,111.45,3.82,6178788.0
2024-04-21,4,1,Disneyland Park,EEUU,44185,63.1,204.38,4.06,9030530.3
2024-12-21,12,1,Shanghai Disneyland,China,79200,99.0,117.16,4.16,9279072.0
2024-12-30,12,0,Shanghai Disneyland,China,76922,96.2,103.7,3.79,7976811.4
2024-06-19,6,0,EPCOT,EEUU,45309,75.5,144.7,4.37,6556212.3
2024-02-03,2,1,Magic Kingdom,EEUU,49671,62.1,187.66,4.7,9321259.86
2024-06-13,6,0,Hong Kong Disneyland,Hong Kong,20907,61.5,88.8,4.47,1856541.6
2024-08-15,8,0,Disneyland Paris,Francia,50154,89.6,106.22,4.45,5327357.88
2024-11-16,11,1,Tokyo Disneyland,Japón,86819,96.5,101.88,4.58,8845119.72
2024-10-27,10,1,Magic Kingdom,EEUU,73220,91.5,210.7,4.14,15427454.0
2024-03-10,3,1,Shanghai Disneyland,China,65287,81.6,119.63,3.75,7810283.81
2024-11-27,11,0,EPCOT,EEUU,38335,63.9,150.04,4.47,5751783.4
2024-04-07,4,1,Shanghai Disneyland,China,66281,82.9,118.41,3.84,7848333.21
2024-08-25,8,1,Disneyland Park,EEUU,69300,99.0,192.06,3.78,13309758.0
2024-04-29,4,0,Magic Kingdom,EEUU,24411,30.5,166.88,4.43,4073707.68
2024-02-07,2,0,Disneyland Park,EEUU,34931,49.9,159.81,4.41,5582323.11
2024-01-04,1,0,EPCOT,EEUU,28523,47.5,146.42,4.25,4176337.66
2024-02-25,2,1,Hong Kong Disneyland,Hong Kong,23606,69.4,96.38,4.14,2275146.28
2024-05-30,5,0,EPCOT,EEUU,38386,64.0,153.89,4.26,5907221.54
2024-05-17,5,0,Hong Kong Disneyland,Hong Kong,22914,67.4,85.83,3.99,1966708.62
2024-06-12,6,0,EPCOT,EEUU,48682,81.1,154.82,4.01,7536947.24
2024-12-28,12,1,Hong Kong Disneyland,Hong Kong,28751,84.6,108.07,3.73,3107120.57
2024-04-18,4,0,Hong Kong Disneyland,Hong Kong,24620,72.4,83.92,3.81,2066110.4
2024-07-18,7,0,EPCOT,EEUU,59400,99.0,162.63,4.48,9660222.0
2024-09-07,9,1,Tokyo Disneyland,Japón,79145,87.9,103.45,4.76,8187550.25
2024-07-27,7,1,Tokyo Disneyland,Japón,83474,92.7,98.31,4.38,8206328.94
2024-03-26,3,0,Hong Kong Disneyland,Hong Kong,17824,52.4,85.95,4.02,1531972.8
2024-02-07,2,0,Disneyland Paris,Francia,22813,40.7,96.76,4.83,2207385.88
2024-05-24,5,0,EPCOT,EEUU,35996,60.0,151.05,4.47,5437195.8
2024-07-16,7,0,Shanghai Disneyland,China,74165,92.7,103.67,4.11,7688685.55
2024-09-05,9,0,Hong Kong Disneyland,Hong Kong,22840,67.2,83.38,4.16,1904399.2
2024-07-22,7,0,EPCOT,EEUU,48502,80.8,160.72,4.45,7795241.44
2024-05-04,5,1,Hong Kong Disneyland,Hong Kong,33388,98.2,104.35,3.86,3484037.8
2024-04-24,4,0,Disneyland Park,EEUU,38521,55.0,159.46,4.65,6142558.66
2024-08-22,8,0,Disneyland Park,EEUU,61161,87.4,170.55,4.38,10431008.55
2024-06-27,6,0,Hong Kong Disneyland,Hong Kong,21779,64.1,83.1,3.89,1809834.9
2024-08-20,8,0,Tokyo Disneyland,Japón,73613,81.8,89.62,4.42,6597197.06
2024-04-29,4,0,Shanghai Disneyland,China,49892,62.4,97.3,3.85,4854491.6
2024-06-22,6,1,Tokyo Disneyland,Japón,67704,75.2,99.05,4.21,6706081.2
2024-07-02,7,0,Shanghai Disneyland,China,78847,98.6,106.16,3.67,8370397.52
2024-03-07,3,0,Disneyland Park,EEUU,36058,51.5,159.95,4.06,5767477.1
2024-01-11,1,0,Magic Kingdom,EEUU,18991,23.7,154.78,4.94,2939426.98
2024-10-19,10,1,Tokyo Disneyland,Japón,69433,77.1,98.7,4.37,6853037.1
2024-09-07,9,1,EPCOT,EEUU,39475,65.8,194.13,4.45,7663281.75
2024-04-29,4,0,Disneyland Park,EEUU,43246,61.8,155.94,4.49,6743781.24
2024-01-08,1,0,EPCOT,EEUU,34300,57.2,154.86,4.45,5311698.0
2024-01-19,1,0,Disneyland Park,EEUU,47508,67.9,150.15,4.4,7133326.2
2024-02-27,2,0,EPCOT,EEUU,30034,50.1,146.31,4.37,4394274.54
2024-09-07,9,1,Shanghai Disneyland,China,64990,81.2,123.03,4.14,7995719.7
2024-03-14,3,0,Disneyland Paris,Francia,38230,68.3,98.22,4.09,3754950.6
2024-01-19,1,0,Disneyland Paris,Francia,31865,56.9,99.91,4.24,3183632.15
2024-08-10,8,1,Shanghai Disneyland,China,73552,91.9,123.99,3.7,9119712.48
2024-01-20,1,1,Disneyland Park,EEUU,58197,83.1,179.78,4.56,10462656.66
2024-05-23,5,0,Hong Kong Disneyland,Hong Kong,24749,72.8,84.85,4.08,2099952.65
2024-12-27,12,0,EPCOT,EEUU,44072,73.5,167.81,4.23,7395722.32
2024-05-28,5,0,Tokyo Disneyland,Japón,42549,47.3,79.23,4.69,3371157.27
2024-05-24,5,0,Disneyland Park,EEUU,63748,91.1,150.14,4.37,9571124.72
2024-05-25,5,1,Hong Kong Disneyland,Hong Kong,25024,73.6,107.41,4.47,2687827.84
2024-04-14,4,1,Magic Kingdom,EEUU,50203,62.8,204.97,4.53,10290108.91
2024-05-24,5,0,Disneyland Paris,Francia,43905,78.4,95.65,3.74,4199513.25
2024-03-25,3,0,Hong Kong Disneyland,Hong Kong,23479,69.1,85.82,4.05,2014967.78
2024-07-14,7,1,Tokyo Disneyland,Japón,89100,99.0,97.73,4.21,8707743.0
2024-08-21,8,0,Hong Kong Disneyland,Hong Kong,27763,81.7,92.15,3.84,2558360.45
2024-01-25,1,0,Disneyland Park,EEUU,46908,67.0,154.95,4.55,7268394.6
2024-04-13,4,1,Disneyland Paris,Francia,39856,71.2,119.95,3.88,4780727.2
2024-11-03,11,1,Tokyo Disneyland,Japón,64028,71.1,101.53,4.87,6500762.84
2024-07-29,7,0,Tokyo Disneyland,Japón,81330,90.4,86.06,5.0,6999259.8
2024-07-11,7,0,Magic Kingdom,EEUU,78561,98.2,178.8,4.62,14046706.8
2024-12-03,12,0,Tokyo Disneyland,Japón,69839,77.6,85.97,4.34,6004058.83
2024-04-17,4,0,Tokyo Disneyland,Japón,58788,65.3,78.61,4.84,4621324.68
2024-07-01,7,0,Disneyland Park,EEUU,69300,99.0,173.24,4.23,12005532.0
2024-07-15,7,0,Disneyland Paris,Francia,43782,78.2,110.27,3.57,4827841.14
2024-12-02,12,0,Disneyland Park,EEUU,60780,86.8,166.67,3.94,10130202.6
2024-06-04,6,0,EPCOT,EEUU,48688,81.1,148.97,4.54,7253051.36
2024-10-02,10,0,Disneyland Paris,Francia,42737,76.3,94.98,3.93,4059160.26
2024-12-16,12,0,Disneyland Park,EEUU,45168,64.5,174.28,4.36,7871879.04
2024-06-26,6,0,Magic Kingdom,EEUU,25435,31.8,160.52,4.39,4082826.2
2024-10-21,10,0,Disneyland Paris,Francia,31511,56.3,94.8,3.72,2987242.8
2024-09-18,9,0,Shanghai Disneyland,China,40304,50.4,95.52,4.48,3849838.08
2024-11-17,11,1,Hong Kong Disneyland,Hong Kong,28260,83.1,104.34,3.81,2948648.4
2024-06-30,6,1,Shanghai Disneyland,China,68047,85.1,126.1,3.49,8580726.7
2024-12-30,12,0,Disneyland Park,EEUU,60076,85.8,169.18,4.61,10163657.68
2024-03-22,3,0,Hong Kong Disneyland,Hong Kong,14321,42.1,85.08,4.46,1218430.68
2024-11-19,11,0,Hong Kong Disneyland,Hong Kong,23098,67.9,83.46,3.95,1927759.08
2024-10-28,10,0,Tokyo Disneyland,Japón,62709,69.7,82.83,4.56,5194186.47
2024-09-11,9,0,Disneyland Park,EEUU,35136,50.2,153.4,4.73,5389862.4
2024-05-11,5,1,Disneyland Park,EEUU,57546,82.2,199.06,4.38,11455106.76
2024-04-19,4,0,Tokyo Disneyland,Japón,38942,43.3,78.06,4.48,3039812.52
2024-04-06,4,1,Magic Kingdom,EEUU,63501,79.4,205.26,4.43,13034215.26
2024-02-12,2,0,Disneyland Park,EEUU,30491,43.6,150.91,4.31,4601396.81
2024-02-14,2,0,Magic Kingdom,EEUU,35969,45.0,154.7,4.5,5564404.3
2024-05-26,5,1,Disneyland Paris,Francia,40592,72.5,119.33,4.24,4843843.36
2024-11-05,11,0,Hong Kong Disneyland,Hong Kong,19159,56.4,88.48,3.94,1695188.32
2024-04-27,4,1,Disneyland Paris,Francia,42874,76.6,124.19,3.88,5324522.06
2024-01-31,1,0,Disneyland Park,EEUU,18683,26.7,158.18,4.84,2955276.94
2024-05-19,5,1,Shanghai Disneyland,China,64895,81.1,117.89,4.2,7650471.55
2024-05-09,5,0,Tokyo Disneyland,Japón,53798,59.8,80.64,4.27,4338270.72
2024-02-26,2,0,Magic Kingdom,EEUU,41066,51.3,161.39,4.74,6627641.74
2024-01-29,1,0,EPCOT,EEUU,23382,39.0,146.75,4.34,3431308.5
2024-07-12,7,0,Disneyland Park,EEUU,65289,93.3,168.02,3.89,10969857.78
2024-07-11,7,0,EPCOT,EEUU,45836,76.4,167.11,3.94,7659653.96
2024-04-28,4,1,Magic Kingdom,EEUU,73732,92.2,204.44,4.27,15073770.08
2024-10-14,10,0,Shanghai Disneyland,China,56203,70.3,98.39,4.53,5529813.17
2024-10-15,10,0,EPCOT,EEUU,50329,83.9,149.21,4.05,7509590.09
2024-03-06,3,0,Shanghai Disneyland,China,51814,64.8,95.29,3.58,4937356.06
2024-02-06,2,0,Disneyland Paris,Francia,23226,41.5,96.84,4.61,2249205.84
2024-08-07,8,0,Tokyo Disneyland,Japón,72795,80.9,90.72,4.57,6603962.4
2024-03-07,3,0,EPCOT,EEUU,32262,53.8,152.3,4.42,4913502.6
2024-12-05,12,0,Hong Kong Disneyland,Hong Kong,27897,82.1,97.37,3.61,2716330.89
2024-01-12,1,0,Magic Kingdom,EEUU,34095,42.6,154.64,4.22,5272450.8
2024-10-14,10,0,Magic Kingdom,EEUU,52018,65.0,161.46,4.24,8398826.28
2024-12-28,12,1,Tokyo Disneyland,Japón,89100,99.0,99.04,4.16,8824464.0
2024-08-17,8,1,Hong Kong Disneyland,Hong Kong,33660,99.0,106.74,3.83,3592868.4
2024-04-26,4,0,Magic Kingdom,EEUU,51830,64.8,160.62,4.69,8324934.6
2024-04-11,4,0,Disneyland Park,EEUU,25481,36.4,160.12,4.58,4080017.72
2024-11-16,11,1,Disneyland Paris,Francia,40719,72.7,127.55,3.82,5193708.45
2024-10-15,10,0,Hong Kong Disneyland,Hong Kong,22787,67.0,88.95,3.86,2026903.65
2024-06-08,6,1,Hong Kong Disneyland,Hong Kong,24851,73.1,107.84,3.44,2679931.84
2024-10-08,10,0,Hong Kong Disneyland,Hong Kong,28973,85.2,83.91,3.53,2431124.43
2024-11-06,11,0,EPCOT,EEUU,35660,59.4,150.36,4.63,5361837.6
2024-09-28,9,1,Tokyo Disneyland,Japón,75230,83.6,104.36,4.72,7851002.8
2024-04-18,4,0,Magic Kingdom,EEUU,51938,64.9,159.57,4.35,8287746.66
2024-11-10,11,1,Magic Kingdom,EEUU,55704,69.6,196.59,4.22,10950849.36
2024-10-17,10,0,Disneyland Paris,Francia,38329,68.4,99.66,3.64,3819868.14
2024-12-19,12,0,EPCOT,EEUU,53088,88.5,166.06,4.41,8815793.28
2024-02-11,2,1,EPCOT,EEUU,36719,61.2,166.21,4.29,6103064.99
2024-05-13,5,0,Hong Kong Disneyland,Hong Kong,22531,66.3,86.17,4.14,1941496.27
2024-02-29,2,0,Hong Kong Disneyland,Hong Kong,16406,48.3,87.78,4.22,1440118.68
2024-04-25,4,0,Disneyland Park,EEUU,40233,57.5,157.58,4.56,6339916.14
2024-10-19,10,1,EPCOT,EEUU,41314,68.9,193.19,3.85,7981451.66
2024-12-18,12,0,Magic Kingdom,EEUU,48066,60.1,178.1,4.36,8560554.6
2024-06-17,6,0,Hong Kong Disneyland,Hong Kong,21504,63.2,85.35,3.83,1835366.4
2024-03-15,3,0,Tokyo Disneyland,Japón,83297,92.6,81.65,4.54,6801200.05
2024-05-06,5,0,Magic Kingdom,EEUU,55341,69.2,165.26,4.21,9145653.66
2024-04-26,4,0,Disneyland Park,EEUU,45163,64.5,159.59,4.79,7207563.17
2024-09-01,9,1,EPCOT,EEUU,40635,67.7,185.05,4.58,7519506.75
2024-10-27,10,1,Shanghai Disneyland,China,69222,86.5,121.51,4.08,8411165.22
2024-11-25,11,0,Hong Kong Disneyland,Hong Kong,16287,47.9,85.78,4.28,1397098.86
2024-10-17,10,0,EPCOT,EEUU,34975,58.3,155.57,3.92,5441060.75
2024-06-24,6,0,Tokyo Disneyland,Japón,57659,64.1,82.27,4.65,4743605.93
2024-11-22,11,0,Magic Kingdom,EEUU,46158,57.7,161.96,4.63,7475749.68
2024-05-12,5,1,Magic Kingdom,EEUU,71620,89.5,207.68,4.39,14874041.6
2024-11-22,11,0,Disneyland Park,EEUU,30205,43.2,149.77,4.68,4523802.85
2024-10-09,10,0,Tokyo Disneyland,Japón,58978,65.5,80.76,5.0,4763063.28
2024-06-25,6,0,Disneyland Park,EEUU,28688,41.0,154.19,4.17,4423402.72
2024-12-19,12,0,Shanghai Disneyland,China,61465,76.8,103.68,4.14,6372691.2
2024-09-03,9,0,Shanghai Disneyland,China,54775,68.5,96.98,4.38,5312079.5
2024-07-14,7,1,Hong Kong Disneyland,Hong Kong,29760,87.5,112.0,3.89,3333120.0
2024-09-12,9,0,Tokyo Disneyland,Japón,48958,54.4,77.81,4.91,3809421.98
2024-06-13,6,0,Tokyo Disneyland,Japón,49126,54.6,80.09,4.48,3934501.34
2024-04-07,4,1,Disneyland Paris,Francia,51193,91.4,126.76,3.75,6489224.68
2024-08-26,8,0,Disneyland Paris,Francia,52491,93.7,105.57,3.79,5541474.87
2024-02-27,2,0,Tokyo Disneyland,Japón,44636,49.6,81.36,4.9,3631584.96
2024-12-04,12,0,EPCOT,EEUU,34063,56.8,169.33,4.28,5767887.79
2024-03-15,3,0,EPCOT,EEUU,33119,55.2,155.47,4.47,5149010.93
2024-07-15,7,0,Shanghai Disneyland,China,67183,84.0,103.19,3.89,6932613.77
2024-02-14,2,0,Shanghai Disneyland,China,35922,44.9,95.12,4.6,3416900.64
2024-12-06,12,0,Hong Kong Disneyland,Hong Kong,29760,87.5,95.23,4.11,2834044.8
2024-05-26,5,1,EPCOT,EEUU,56988,95.0,193.51,4.1,11027747.88
2024-02-08,2,0,Shanghai Disneyland,China,18456,23.1,93.07,4.43,1717699.92
2024-09-23,9,0,EPCOT,EEUU,33833,56.4,149.07,4.33,5043485.31
2024-10-12,10,1,Disneyland Park,EEUU,53649,76.6,192.94,4.11,10351038.06
2024-01-11,1,0,Disneyland Park,EEUU,28586,40.8,153.01,4.41,4373943.86
2024-10-16,10,0,Shanghai Disneyland,China,41754,52.2,93.24,4.46,3893142.96
2024-10-15,10,0,Shanghai Disneyland,China,68112,85.1,97.84,4.09,6664078.08
2024-03-15,3,0,Hong Kong Disneyland,Hong Kong,21800,64.1,86.24,4.03,1880032.0
2024-06-29,6,1,EPCOT,EEUU,58285,97.1,196.28,3.75,11440179.8
2024-04-23,4,0,Magic Kingdom,EEUU,58305,72.9,154.27,4.34,8994712.35
2024-07-18,7,0,Shanghai Disneyland,China,75542,94.4,101.78,3.8,7688664.76
2024-10-19,10,1,Magic Kingdom,EEUU,61961,77.5,210.97,4.3,13071912.17
2024-08-10,8,1,EPCOT,EEUU,59400,99.0,192.99,3.95,11463606.0
2024-11-14,11,0,Tokyo Disneyland,Japón,51879,57.6,82.84,4.87,4297656.36
2024-08-09,8,0,Tokyo Disneyland,Japón,78261,87.0,89.12,4.75,6974620.32
2024-10-23,10,0,Magic Kingdom,EEUU,52102,65.1,166.75,4.53,8688008.5
2024-01-23,1,0,Hong Kong Disneyland,Hong Kong,18928,55.7,84.63,4.04,1601876.64
2024-10-28,10,0,Disneyland Park,EEUU,55831,79.8,161.05,4.19,8991582.55
2024-11-25,11,0,Tokyo Disneyland,Japón,46801,52.0,79.77,4.62,3733315.77
2024-04-14,4,1,Tokyo Disneyland,Japón,80587,89.5,104.67,4.31,8435041.29
2024-04-13,4,1,Disneyland Park,EEUU,47417,67.7,195.84,4.29,9286145.28
2024-01-16,1,0,Tokyo Disneyland,Japón,59244,65.8,80.14,4.97,4747814.16
2024-11-20,11,0,Tokyo Disneyland,Japón,65045,72.3,80.85,4.75,5258888.25
2024-09-11,9,0,Magic Kingdom,EEUU,45221,56.5,163.25,4.77,7382328.25
2024-03-18,3,0,Disneyland Park,EEUU,31999,45.7,150.02,4.47,4800489.98
2024-11-03,11,1,Disneyland Paris,Francia,25455,45.5,119.72,4.67,3047472.6
2024-01-17,1,0,Magic Kingdom,EEUU,55496,69.4,164.36,4.48,9121322.56
2024-11-16,11,1,Disneyland Park,EEUU,54834,78.3,195.85,4.73,10739238.9
2024-03-10,3,1,Magic Kingdom,EEUU,61012,76.3,199.03,4.36,12143218.36
2024-08-27,8,0,Disneyland Park,EEUU,68475,97.8,172.61,4.22,11819469.75
2024-05-02,5,0,Shanghai Disneyland,China,79200,99.0,96.43,3.58,7637256.0
2024-05-04,5,1,Magic Kingdom,EEUU,75890,94.9,211.04,4.26,16015825.6
2024-05-28,5,0,Disneyland Park,EEUU,43627,62.3,152.43,4.41,6650063.61
2024-05-23,5,0,EPCOT,EEUU,34925,58.2,153.63,4.59,5365527.75
2024-03-31,3,1,Disneyland Paris,Francia,53333,95.2,126.32,3.69,6737024.56
2024-04-07,4,1,Magic Kingdom,EEUU,72109,90.1,200.67,4.77,14470113.03
2024-09-28,9,1,Disneyland Paris,Francia,44443,79.4,126.37,3.49,5616261.91
2024-03-01,3,0,Magic Kingdom,EEUU,46380,58.0,162.64,5.0,7543243.2
2024-12-26,12,0,Shanghai Disneyland,China,70843,88.6,103.14,3.99,7306747.02
2024-12-27,12,0,Hong Kong Disneyland,Hong Kong,25734,75.7,96.81,4.28,2491308.54
2024-09-19,9,0,Magic Kingdom,EEUU,40695,50.9,161.85,4.84,6586485.75
2024-11-28,11,0,Hong Kong Disneyland,Hong Kong,27239,80.1,87.21,4.17,2375513.19
2024-09-13,9,0,EPCOT,EEUU,20399,34.0,153.68,3.91,3134918.32
2024-06-04,6,0,Shanghai Disneyland,China,45821,57.3,93.72,4.59,4294344.12
2024-11-22,11,0,Disneyland Paris,Francia,36665,65.5,101.34,3.83,3715631.1
2024-08-13,8,0,Tokyo Disneyland,Japón,73144,81.3,88.6,4.55,6480558.4
2024-12-19,12,0,Hong Kong Disneyland,Hong Kong,28100,82.6,92.48,3.73,2598688.0
2024-03-09,3,1,Shanghai Disneyland,China,67759,84.7,118.07,3.8,8000305.13
2024-06-21,6,0,Tokyo Disneyland,Japón,61909,68.8,79.35,4.61,4912479.15
2024-11-03,11,1,Disneyland Park,EEUU,69300,99.0,191.93,4.21,13300749.0
2024-09-10,9,0,Tokyo Disneyland,Japón,41337,45.9,79.34,4.85,3279677.58
2024-05-30,5,0,Magic Kingdom,EEUU,47239,59.0,162.85,4.35,7692871.15
2024-10-26,10,1,Disneyland Park,EEUU,69300,99.0,199.36,3.72,13815648.0
2024-02-03,2,1,Disneyland Park,EEUU,36836,52.6,172.27,4.73,6345737.72
2024-05-12,5,1,Disneyland Paris,Francia,44585,79.6,119.33,3.96,5320328.05
2024-06-22,6,1,Hong Kong Disneyland,Hong Kong,30348,89.3,111.04,3.85,3369841.92
2024-01-17,1,0,Disneyland Park,EEUU,19755,28.2,151.96,4.96,3001969.8
2024-10-12,10,1,Tokyo Disneyland,Japón,83559,92.8,97.57,4.6,8152851.63
2024-12-12,12,0,Disneyland Paris,Francia,50433,90.1,108.89,3.7,5491649.37
2024-04-02,4,0,Disneyland Park,EEUU,32534,46.5,158.53,4.78,5157615.02
2024-01-10,1,0,Shanghai Disneyland,China,29069,36.3,96.17,4.38,2795565.73
2024-12-06,12,0,Shanghai Disneyland,China,75978,95.0,105.15,4.23,7989086.7
2024-02-11,2,1,Tokyo Disneyland,Japón,44993,50.0,88.79,4.4,3994928.47
2024-01-23,1,0,EPCOT,EEUU,27836,46.4,153.15,4.52,4263083.4
2024-12-06,12,0,EPCOT,EEUU,45254,75.4,171.01,4.15,7738886.54
2024-08-11,8,1,Tokyo Disneyland,Japón,82243,91.4,104.08,4.48,8559851.44
2024-07-12,7,0,Hong Kong Disneyland,Hong Kong,27659,81.4,97.16,4.2,2687348.44
2024-02-01,2,0,Hong Kong Disneyland,Hong Kong,16752,49.3,87.45,3.91,1464962.4
2024-10-17,10,0,Shanghai Disneyland,China,68403,85.5,98.51,4.03,6738379.53
2024-04-26,4,0,EPCOT,EEUU,35030,58.4,152.13,4.23,5329113.9
2024-10-12,10,1,EPCOT,EEUU,46370,77.3,187.79,4.11,8707822.3
2024-01-04,1,0,Tokyo Disneyland,Japón,49400,54.9,78.82,4.89,3893708.0
2024-03-25,3,0,Disneyland Paris,Francia,41519,74.1,97.13,4.07,4032740.47
2024-08-30,8,0,Disneyland Park,EEUU,55290,79.0,169.15,3.91,9352303.5
2024-02-29,2,0,Shanghai Disneyland,China,22476,28.1,99.26,4.67,2230967.76
2024-10-16,10,0,Tokyo Disneyland,Japón,69448,77.2,77.82,4.31,5404443.36
2024-03-26,3,0,EPCOT,EEUU,36308,60.5,155.05,4.54,5629555.4
2024-10-04,10,0,Disneyland Paris,Francia,26097,46.6,98.88,4.54,2580471.36
2024-05-03,5,0,EPCOT,EEUU,21362,35.6,151.71,4.07,3240829.02
2024-01-06,1,1,Disneyland Paris,Francia,35564,63.5,113.09,4.05,4021932.76
2024-09-22,9,1,Disneyland Park,EEUU,58088,83.0,194.25,4.54,11283594.0
2024-10-07,10,0,Magic Kingdom,EEUU,45161,56.5,161.06,4.63,7273630.66
2024-02-09,2,0,Tokyo Disneyland,Japón,14533,16.1,79.19,5.0,1150868.27
2024-10-11,10,0,Tokyo Disneyland,Japón,49920,55.5,79.17,4.97,3952166.4
2024-03-09,3,1,Tokyo Disneyland,Japón,70439,78.3,98.24,4.58,6919927.36
2024-04-22,4,0,Magic Kingdom,EEUU,51343,64.2,154.65,4.89,7940194.95
2024-07-16,7,0,EPCOT,EEUU,46703,77.8,159.66,4.26,7456600.98
2024-09-04,9,0,Disneyland Paris,Francia,27466,49.0,94.64,3.89,2599382.24
2024-08-06,8,0,Tokyo Disneyland,Japón,62720,69.7,84.46,4.7,5297331.2
2024-03-11,3,0,Shanghai Disneyland,China,30212,37.8,96.32,4.65,2910019.84
2024-01-29,1,0,Magic Kingdom,EEUU,48767,61.0,158.99,4.66,7753465.33
2024-03-15,3,0,Disneyland Paris,Francia,37925,67.7,94.96,3.47,3601358.0
2024-01-16,1,0,Hong Kong Disneyland,Hong Kong,19343,56.9,84.48,4.0,1634096.64
2024-01-08,1,0,Hong Kong Disneyland,Hong Kong,21222,62.4,85.73,3.74,1819362.06
2024-04-03,4,0,Hong Kong Disneyland,Hong Kong,20083,59.1,85.76,4.04,1722318.08
2024-01-30,1,0,EPCOT,EEUU,31296,52.2,146.5,3.98,4584864.0
2024-09-19,9,0,Hong Kong Disneyland,Hong Kong,24053,70.7,88.09,3.56,2118828.77
2024-09-10,9,0,Magic Kingdom,EEUU,43981,55.0,161.38,4.79,7097653.78
2024-08-08,8,0,Disneyland Park,EEUU,61009,87.2,168.22,4.38,10262933.98
2024-10-25,10,0,Tokyo Disneyland,Japón,47373,52.6,81.73,4.98,3871795.29
2024-04-10,4,0,Disneyland Paris,Francia,49327,88.1,95.84,4.11,4727499.68
2024-02-03,2,1,Tokyo Disneyland,Japón,62569,69.5,89.72,4.53,5613690.68
2024-06-26,6,0,EPCOT,EEUU,36329,60.5,155.73,4.58,5657515.17
2024-09-02,9,0,Tokyo Disneyland,Japón,51541,57.3,80.86,4.68,4167605.26
2024-08-11,8,1,Shanghai Disneyland,China,76986,96.2,125.62,4.2,9670981.32
2024-11-18,11,0,Tokyo Disneyland,Japón,47160,52.4,81.07,4.69,3823261.2
2024-04-17,4,0,Disneyland Paris,Francia,36641,65.4,101.76,3.95,3728588.16
2024-03-13,3,0,Disneyland Paris,Francia,23761,42.4,97.79,4.28,2323588.19
2024-09-06,9,0,EPCOT,EEUU,43382,72.3,147.62,4.08,6404050.84
2024-12-23,12,0,Disneyland Park,EEUU,49568,70.8,170.87,4.59,8469684.16
2024-11-17,11,1,Shanghai Disneyland,China,44996,56.2,125.82,4.07,5661396.72
2024-07-01,7,0,Disneyland Paris,Francia,48251,86.2,104.55,3.83,5044642.05
2024-06-13,6,0,Shanghai Disneyland,China,46155,57.7,99.33,4.23,4584576.15
2024-04-27,4,1,Hong Kong Disneyland,Hong Kong,31546,92.8,109.43,3.61,3452078.78
2024-08-10,8,1,Tokyo Disneyland,Japón,89100,99.0,99.19,5.0,8837829.0
2024-02-15,2,0,Shanghai Disneyland,China,38710,48.4,98.75,4.73,3822612.5
2024-05-25,5,1,Disneyland Paris,Francia,35526,63.4,122.76,4.11,4361171.76
2024-09-25,9,0,Hong Kong Disneyland,Hong Kong,22068,64.9,86.42,3.62,1907116.56
2024-03-07,3,0,Tokyo Disneyland,Japón,40612,45.1,78.11,4.68,3172203.32
2024-03-27,3,0,EPCOT,EEUU,35678,59.5,155.97,4.27,5564697.66
2024-12-30,12,0,Magic Kingdom,EEUU,50205,62.8,177.85,4.0,8928959.25
2024-09-23,9,0,Tokyo Disneyland,Japón,56257,62.5,80.54,4.82,4530938.78
2024-03-07,3,0,Magic Kingdom,EEUU,65056,81.3,161.6,3.92,10513049.6
2024-03-26,3,0,Disneyland Paris,Francia,40049,71.5,100.31,4.31,4017315.19
2024-03-16,3,1,Hong Kong Disneyland,Hong Kong,20938,61.6,109.74,4.18,2297736.12
2024-04-22,4,0,Hong Kong Disneyland,Hong Kong,17424,51.2,85.67,3.84,1492714.08
2024-06-07,6,0,Magic Kingdom,EEUU,56677,70.8,155.65,4.37,8821775.05
2024-02-03,2,1,Hong Kong Disneyland,Hong Kong,14318,42.1,98.61,4.11,1411897.98
2024-07-11,7,0,Disneyland Paris,Francia,45179,80.7,107.39,4.1,4851772.81
2024-04-30,4,0,Shanghai Disneyland,China,54628,68.3,93.16,4.2,5089144.48
2024-05-26,5,1,Magic Kingdom,EEUU,63388,79.2,197.19,4.47,12499479.72
2024-07-13,7,1,Magic Kingdom,EEUU,79200,99.0,208.88,3.95,16543296.0
2024-06-03,6,0,Magic Kingdom,EEUU,56534,70.7,162.08,4.19,9163030.72
2024-12-03,12,0,Disneyland Park,EEUU,57970,82.8,168.81,4.46,9785915.7
2024-03-04,3,0,Disneyland Park,EEUU,39936,57.1,151.89,4.07,6065879.04
2024-07-22,7,0,Tokyo Disneyland,Japón,64924,72.1,84.75,4.45,5502309.0
2024-04-02,4,0,Hong Kong Disneyland,Hong Kong,24237,71.3,87.59,4.19,2122918.83
2024-08-26,8,0,Shanghai Disneyland,China,68934,86.2,101.87,3.73,7022306.58
2024-08-06,8,0,Magic Kingdom,EEUU,78434,98.0,181.43,4.32,14230280.62
2024-03-17,3,1,Hong Kong Disneyland,Hong Kong,31403,92.4,110.06,3.69,3456214.18
2024-10-01,10,0,EPCOT,EEUU,33203,55.3,150.57,4.67,4999375.71
2024-01-20,1,1,Magic Kingdom,EEUU,25603,32.0,186.86,4.63,4784176.58
2024-01-25,1,0,Magic Kingdom,EEUU,32952,41.2,157.23,4.77,5181042.96
2024-07-22,7,0,Magic Kingdom,EEUU,60025,75.0,181.65,4.21,10903541.25
2024-05-17,5,0,Shanghai Disneyland,China,42827,53.5,97.39,4.27,4170921.53
2024-03-14,3,0,Shanghai Disneyland,China,52635,65.8,98.41,4.14,5179810.35
2024-10-21,10,0,Hong Kong Disneyland,Hong Kong,20406,60.0,83.38,4.27,1701452.28
2024-05-17,5,0,Tokyo Disneyland,Japón,54164,60.2,81.21,4.8,4398658.44
2024-08-30,8,0,Tokyo Disneyland,Japón,88428,98.3,84.88,4.51,7505768.64
2024-02-08,2,0,Hong Kong Disneyland,Hong Kong,12467,36.7,83.23,4.34,1037628.41
2024-05-24,5,0,Tokyo Disneyland,Japón,66545,73.9,76.96,4.55,5121303.2
2024-01-27,1,1,Magic Kingdom,EEUU,21799,27.2,188.66,4.67,4112599.34
2024-10-19,10,1,Disneyland Park,EEUU,51455,73.5,193.79,4.61,9971464.45
2024-08-28,8,0,Shanghai Disneyland,China,76458,95.6,108.12,4.23,8266638.96
2024-12-03,12,0,Hong Kong Disneyland,Hong Kong,27316,80.3,98.17,3.83,2681611.72
2024-12-26,12,0,Disneyland Park,EEUU,64058,91.5,170.86,4.53,10944949.88
2024-11-06,11,0,Hong Kong Disneyland,Hong Kong,23721,69.8,84.49,4.18,2004187.29
2024-08-20,8,0,EPCOT,EEUU,54865,91.4,167.91,4.23,9212382.15
2024-08-21,8,0,Shanghai Disneyland,China,79200,99.0,107.55,3.84,8517960.0
2024-05-21,5,0,Hong Kong Disneyland,Hong Kong,33660,99.0,85.72,3.32,2885335.2
2024-05-21,5,0,EPCOT,EEUU,40536,67.6,149.02,4.38,6040674.72
2024-01-03,1,0,Disneyland Paris,Francia,21116,37.7,94.72,4.13,2000107.52
2024-11-05,11,0,Disneyland Park,EEUU,32711,46.7,152.07,4.35,4974361.77
2024-07-21,7,1,Magic Kingdom,EEUU,78881,98.6,200.17,4.13,15789609.77
2024-02-29,2,0,Disneyland Park,EEUU,40272,57.5,149.89,4.56,6036370.08
2024-03-01,3,0,Tokyo Disneyland,Japón,52578,58.4,80.52,5.0,4233580.56
2024-05-02,5,0,Disneyland Paris,Francia,34846,62.2,94.82,4.25,3304097.72
2024-09-11,9,0,Hong Kong Disneyland,Hong Kong,21298,62.6,85.88,4.04,1829072.24
2024-10-01,10,0,Disneyland Paris,Francia,33069,59.1,96.32,4.32,3185206.08
2024-01-25,1,0,Disneyland Paris,Francia,29753,53.1,98.93,4.23,2943464.29
2024-07-30,7,0,Magic Kingdom,EEUU,69682,87.1,170.51,4.91,11881477.82
2024-03-09,3,1,EPCOT,EEUU,59400,99.0,183.09,3.93,10875546.0
2024-10-29,10,0,Shanghai Disneyland,China,73256,91.6,96.95,4.03,7102169.2
2024-05-19,5,1,Disneyland Paris,Francia,34613,61.8,123.53,4.13,4275743.89
2024-06-04,6,0,Disneyland Park,EEUU,49852,71.2,154.1,4.23,7682193.2
2024-12-06,12,0,Disneyland Paris,Francia,44011,78.6,111.21,3.61,4894463.31
2024-09-02,9,0,EPCOT,EEUU,38508,64.2,150.32,4.08,5788522.56
2024-09-22,9,1,Hong Kong Disneyland,Hong Kong,24763,72.8,109.99,4.49,2723682.37
2024-07-15,7,0,Hong Kong Disneyland,Hong Kong,28580,84.1,91.73,3.86,2621643.4
2024-07-01,7,0,Tokyo Disneyland,Japón,67619,75.1,87.87,5.0,5941681.53
2024-09-23,9,0,Magic Kingdom,EEUU,46327,57.9,161.82,4.45,7496635.14
2024-01-30,1,0,Tokyo Disneyland,Japón,66437,73.8,82.07,4.18,5452484.59
2024-11-19,11,0,Shanghai Disneyland,China,55399,69.2,93.8,3.99,5196426.2
2024-05-03,5,0,Tokyo Disneyland,Japón,65362,72.6,82.5,4.8,5392365.0
2024-04-13,4,1,Shanghai Disneyland,China,72076,90.1,118.45,3.61,8537402.2
2024-09-13,9,0,Disneyland Paris,Francia,45895,82.0,100.5,3.98,4612447.5
2024-04-27,4,1,Disneyland Park,EEUU,69300,99.0,200.8,3.74,13915440.0
2024-02-06,2,0,Hong Kong Disneyland,Hong Kong,18861,55.5,88.91,4.41,1676931.51
2024-10-27,10,1,Disneyland Paris,Francia,46548,83.1,125.45,4.24,5839446.6
2024-08-26,8,0,Tokyo Disneyland,Japón,72400,80.4,85.02,4.38,6155448.0
2024-03-23,3,1,Tokyo Disneyland,Japón,86178,95.8,98.77,4.75,8511801.06
2024-01-18,1,0,Shanghai Disneyland,China,56056,70.1,96.04,4.07,5383618.24
2024-06-12,6,0,Shanghai Disneyland,China,60341,75.4,93.05,4.54,5614730.05
2024-10-17,10,0,Magic Kingdom,EEUU,58932,73.7,165.33,4.72,9743227.56
2024-01-30,1,0,Disneyland Park,EEUU,26516,37.9,152.09,4.8,4032818.44
2024-03-24,3,1,Hong Kong Disneyland,Hong Kong,28048,82.5,106.01,4.09,2973368.48
2024-10-26,10,1,Disneyland Paris,Francia,46202,82.5,123.3,3.86,5696706.6
2024-04-05,4,0,EPCOT,EEUU,27640,46.1,152.71,4.41,4220904.4
2024-06-19,6,0,Hong Kong Disneyland,Hong Kong,27563,81.1,84.54,3.9,2330176.02
2024-05-09,5,0,Disneyland Paris,Francia,37288,66.6,101.42,3.85,3781748.96
2024-06-24,6,0,Disneyland Paris,Francia,51180,91.4,96.45,3.55,4936311.0
2024-06-28,6,0,Tokyo Disneyland,Japón,68898,76.6,82.22,4.44,5664793.56
2024-11-27,11,0,Disneyland Park,EEUU,48056,68.7,151.64,4.57,7287211.84
2024-03-30,3,1,Hong Kong Disneyland,Hong Kong,30939,91.0,106.62,3.55,3298716.18
2024-06-22,6,1,Shanghai Disneyland,China,70979,88.7,124.49,3.92,8836175.71
2024-02-03,2,1,Disneyland Paris,Francia,29354,52.4,115.11,4.41,3378938.94
2024-03-19,3,0,Shanghai Disneyland,China,34850,43.6,93.97,4.03,3274854.5
2024-04-24,4,0,Tokyo Disneyland,Japón,55108,61.2,82.5,4.54,4546410.0
2024-06-13,6,0,Disneyland Paris,Francia,29028,51.8,99.94,4.6,2901058.32
2024-11-08,11,0,Magic Kingdom,EEUU,40918,51.1,165.65,4.55,6778066.7
2024-06-27,6,0,Shanghai Disneyland,China,60968,76.2,97.03,4.15,5915725.04
2024-10-27,10,1,Tokyo Disneyland,Japón,64750,71.9,99.72,4.26,6456870.0
2024-12-23,12,0,Tokyo Disneyland,Japón,77290,85.9,84.3,4.06,6515547.0
2024-12-15,12,1,Magic Kingdom,EEUU,79200,99.0,207.91,3.66,16466472.0
2024-06-07,6,0,Shanghai Disneyland,China,57831,72.3,92.73,3.89,5362668.63
2024-06-26,6,0,Tokyo Disneyland,Japón,57982,64.4,76.97,4.83,4462874.54
2024-05-07,5,0,Hong Kong Disneyland,Hong Kong,18023,53.0,82.74,4.14,1491223.02
2024-01-27,1,1,Disneyland Park,EEUU,46719,66.7,183.5,4.74,8572936.5
2024-11-18,11,0,Hong Kong Disneyland,Hong Kong,19964,58.7,89.12,4.28,1779191.68
2024-09-13,9,0,Tokyo Disneyland,Japón,60887,67.7,81.81,4.69,4981165.47
2024-03-25,3,0,EPCOT,EEUU,24651,41.1,146.31,4.45,3606687.81
2024-05-03,5,0,Hong Kong Disneyland,Hong Kong,18924,55.7,87.43,4.29,1654525.32
2024-09-13,9,0,Hong Kong Disneyland,Hong Kong,25728,75.7,87.13,3.98,2241680.64
2024-07-01,7,0,Magic Kingdom,EEUU,68630,85.8,180.36,4.03,12378106.8
2024-04-29,4,0,Hong Kong Disneyland,Hong Kong,23670,69.6,86.15,3.8,2039170.5
2024-03-04,3,0,Magic Kingdom,EEUU,37012,46.3,161.13,4.91,5963743.56
2024-05-30,5,0,Disneyland Paris,Francia,37901,67.7,101.78,4.37,3857563.78
2024-12-12,12,0,Hong Kong Disneyland,Hong Kong,28591,84.1,96.07,4.31,2746737.37
2024-01-17,1,0,Tokyo Disneyland,Japón,67143,74.6,79.16,4.31,5315039.88
2024-01-07,1,1,Hong Kong Disneyland,Hong Kong,18364,54.0,102.1,4.11,1874964.4
2024-11-24,11,1,Disneyland Paris,Francia,43939,78.5,124.79,3.79,5483147.81
2024-12-18,12,0,Hong Kong Disneyland,Hong Kong,23769,69.9,94.05,4.1,2235474.45
2024-01-25,1,0,Shanghai Disneyland,China,25579,32.0,96.19,4.02,2460444.01
2024-06-12,6,0,Hong Kong Disneyland,Hong Kong,18348,54.0,83.59,3.79,1533709.32
2024-08-27,8,0,Shanghai Disneyland,China,56198,70.2,106.33,3.61,5975533.34
2024-07-01,7,0,Shanghai Disneyland,China,67372,84.2,107.52,4.34,7243837.44
2024-12-05,12,0,EPCOT,EEUU,48363,80.6,164.02,4.09,7932499.26
2024-07-13,7,1,Hong Kong Disneyland,Hong Kong,33660,99.0,109.32,4.03,3679711.2
2024-01-31,1,0,Disneyland Paris,Francia,42368,75.7,97.82,4.46,4144437.76
2024-05-21,5,0,Disneyland Paris,Francia,31427,56.1,98.08,4.25,3082360.16
2024-03-01,3,0,Disneyland Paris,Francia,46047,82.2,98.69,3.81,4544378.43
2024-12-12,12,0,Magic Kingdom,EEUU,70126,87.7,182.52,4.26,12799397.52
2024-12-16,12,0,EPCOT,EEUU,43180,72.0,169.27,4.57,7309078.6
2024-03-13,3,0,Shanghai Disneyland,China,51322,64.2,98.4,4.62,5050084.8
2024-04-23,4,0,Tokyo Disneyland,Japón,41890,46.5,80.36,4.15,3366280.4
2024-06-06,6,0,Tokyo Disneyland,Japón,60083,66.8,79.21,4.32,4759174.43
2024-12-11,12,0,Magic Kingdom,EEUU,75410,94.3,181.85,3.94,13713308.5
2024-07-12,7,0,Shanghai Disneyland,China,60729,75.9,109.24,3.99,6634035.96
2024-10-17,10,0,Tokyo Disneyland,Japón,58580,65.1,80.11,4.42,4692843.8
2024-08-26,8,0,Magic Kingdom,EEUU,56418,70.5,175.82,4.43,9919412.76
2024-06-16,6,1,Disneyland Paris,Francia,37371,66.7,119.44,3.88,4463592.24
2024-04-02,4,0,Disneyland Paris,Francia,37630,67.2,99.43,4.34,3741550.9
2024-03-17,3,1,Tokyo Disneyland,Japón,81961,91.1,100.14,4.88,8207574.54
2024-03-10,3,1,Tokyo Disneyland,Japón,78813,87.6,99.72,4.93,7859232.36
2024-12-07,12,1,Disneyland Paris,Francia,50690,90.5,122.0,3.87,6184180.0
2024-11-18,11,0,EPCOT,EEUU,36706,61.2,147.16,4.2,5401654.96
2024-09-22,9,1,Disneyland Paris,Francia,39592,70.7,126.34,4.03,5002053.28
2024-08-09,8,0,Magic Kingdom,EEUU,61773,77.2,176.37,4.03,10894904.01
2024-06-13,6,0,EPCOT,EEUU,40430,67.4,156.29,4.63,6318804.7
2024-12-05,12,0,Disneyland Paris,Francia,37631,67.2,105.39,4.21,3965931.09
2024-10-17,10,0,Hong Kong Disneyland,Hong Kong,24022,70.7,83.54,3.83,2006797.88
2024-12-18,12,0,Disneyland Park,EEUU,57482,82.1,167.44,4.16,9624786.08
2024-08-12,8,0,Hong Kong Disneyland,Hong Kong,25149,74.0,93.66,4.44,2355455.34
2024-03-09,3,1,Hong Kong Disneyland,Hong Kong,29635,87.2,112.72,3.48,3340457.2
2024-10-05,10,1,EPCOT,EEUU,39659,66.1,185.42,4.2,7353571.78
2024-03-08,3,0,Disneyland Paris,Francia,39472,70.5,97.55,4.26,3850493.6
2024-10-08,10,0,Disneyland Park,EEUU,46746,66.8,153.3,4.46,7166161.8
2024-09-02,9,0,Disneyland Park,EEUU,49953,71.4,160.11,4.33,7997974.83
2024-11-14,11,0,Magic Kingdom,EEUU,55495,69.4,162.68,4.21,9027926.6
2024-01-31,1,0,Hong Kong Disneyland,Hong Kong,17906,52.7,86.03,3.99,1540453.18
2024-01-03,1,0,Shanghai Disneyland,China,36091,45.1,93.97,4.53,3391471.27
2024-02-01,2,0,Disneyland Paris,Francia,37575,67.1,100.34,4.15,3770275.5
2024-05-05,5,1,Shanghai Disneyland,China,73042,91.3,121.85,4.02,8900167.7
2024-02-25,2,1,EPCOT,EEUU,34061,56.8,179.15,4.02,6102028.15
2024-08-09,8,0,Shanghai Disneyland,China,79200,99.0,106.94,3.7,8469648.0
2024-09-10,9,0,Hong Kong Disneyland,Hong Kong,23579,69.4,86.1,4.12,2030151.9
2024-05-11,5,1,Magic Kingdom,EEUU,59250,74.1,203.98,4.47,12085815.0
2024-02-21,2,0,Hong Kong Disneyland,Hong Kong,8853,26.0,82.9,4.62,733913.7
2024-08-07,8,0,Disneyland Park,EEUU,45215,64.6,175.67,4.58,7942919.05
2024-01-26,1,0,Shanghai Disneyland,China,15649,19.6,95.62,4.69,1496357.38
2024-12-03,12,0,Magic Kingdom,EEUU,51651,64.6,176.09,4.72,9095224.59
2024-04-20,4,1,Disneyland Paris,Francia,43661,78.0,124.51,3.99,5436231.11
2024-06-21,6,0,Hong Kong Disneyland,Hong Kong,17762,52.2,86.05,4.25,1528420.1
2024-10-07,10,0,Hong Kong Disneyland,Hong Kong,21028,61.8,84.17,4.02,1769926.76
2024-08-12,8,0,Tokyo Disneyland,Japón,75317,83.7,85.03,4.33,6404204.51
2024-07-30,7,0,Disneyland Park,EEUU,64332,91.9,168.71,4.13,10853451.72
2024-04-21,4,1,Shanghai Disneyland,China,65392,81.7,122.9,4.37,8036676.8
2024-01-26,1,0,Hong Kong Disneyland,Hong Kong,16035,47.2,86.12,4.73,1380934.2
2024-12-23,12,0,Disneyland Paris,Francia,38224,68.3,103.72,3.82,3964593.28
2024-04-17,4,0,Hong Kong Disneyland,Hong Kong,14454,42.5,83.22,4.18,1202861.88
2024-02-12,2,0,Magic Kingdom,EEUU,41563,52.0,161.72,4.75,6721568.36
2024-05-21,5,0,Disneyland Park,EEUU,54882,78.4,149.95,4.31,8229555.9
2024-06-01,6,1,Disneyland Park,EEUU,57530,82.2,200.5,4.84,11534765.0
2024-06-17,6,0,Disneyland Paris,Francia,38627,69.0,97.03,3.98,3747977.81
2024-03-23,3,1,Disneyland Paris,Francia,38227,68.3,125.81,3.89,4809338.87
2024-03-09,3,1,Disneyland Paris,Francia,46275,82.6,120.26,3.4,5565031.5
2024-07-12,7,0,Tokyo Disneyland,Japón,61142,67.9,85.52,4.85,5228863.84
2024-03-04,3,0,Shanghai Disneyland,China,57988,72.5,95.99,4.29,5566268.12
2024-08-16,8,0,Disneyland Paris,Francia,50423,90.0,106.42,4.18,5366015.66
2024-10-21,10,0,Disneyland Park,EEUU,52503,75.0,153.8,4.03,8074961.4
2024-10-18,10,0,Disneyland Park,EEUU,46866,67.0,149.97,4.19,7028494.02
2024-12-05,12,0,Tokyo Disneyland,Japón,72564,80.6,87.18,4.98,6326129.52
2024-05-20,5,0,Magic Kingdom,EEUU,42287,52.9,162.33,4.63,6864448.71
2024-02-06,2,0,Tokyo Disneyland,Japón,43439,48.3,77.06,4.74,3347409.34
2024-03-27,3,0,Hong Kong Disneyland,Hong Kong,22018,64.8,83.1,3.73,1829695.8
2024-04-23,4,0,Hong Kong Disneyland,Hong Kong,22295,65.6,84.39,4.03,1881475.05
2024-04-10,4,0,Hong Kong Disneyland,Hong Kong,20577,60.5,87.55,4.28,1801516.35
2024-04-28,4,1,Disneyland Paris,Francia,42631,76.1,128.11,3.93,5461457.41
2024-07-28,7,1,Disneyland Paris,Francia,55440,99.0,124.28,3.69,6890083.2
2024-11-22,11,0,Tokyo Disneyland,Japón,63009,70.0,82.11,4.41,5173668.99
2024-01-01,1,0,Disneyland Paris,Francia,17975,32.1,95.29,4.62,1712837.75
2024-07-25,7,0,Tokyo Disneyland,Japón,67770,75.3,86.1,4.31,5834997.0
2024-08-11,8,1,Magic Kingdom,EEUU,76493,95.6,195.87,4.2,14982683.91
2024-04-03,4,0,Shanghai Disneyland,China,44438,55.5,93.86,4.31,4170950.68
2024-03-08,3,0,Hong Kong Disneyland,Hong Kong,16031,47.2,83.67,4.26,1341313.77
2024-01-01,1,0,Shanghai Disneyland,China,40602,50.8,94.63,3.8,3842167.26
2024-02-11,2,1,Shanghai Disneyland,China,49254,61.6,112.37,3.67,5534671.98
2024-04-20,4,1,EPCOT,EEUU,49295,82.2,197.5,3.95,9735762.5
2024-02-12,2,0,Tokyo Disneyland,Japón,44479,49.4,82.34,5.0,3662400.86
2024-01-07,1,1,Tokyo Disneyland,Japón,37815,42.0,88.73,4.0,3355324.95
2024-04-19,4,0,Disneyland Paris,Francia,36616,65.4,100.87,4.24,3693455.92
2024-02-15,2,0,Tokyo Disneyland,Japón,47732,53.0,82.09,5.0,3918319.88
2024-11-27,11,0,Disneyland Paris,Francia,32836,58.6,95.56,4.43,3137808.16
2024-01-26,1,0,Disneyland Paris,Francia,23673,42.3,99.63,4.14,2358540.99
2024-08-06,8,0,Hong Kong Disneyland,Hong Kong,29533,86.9,97.15,3.7,2869130.95
2024-11-17,11,1,Tokyo Disneyland,Japón,84098,93.4,102.65,4.07,8632659.7
2024-10-15,10,0,Magic Kingdom,EEUU,44241,55.3,155.18,4.49,6865318.38
2024-06-17,6,0,Tokyo Disneyland,Japón,59209,65.8,78.99,4.73,4676918.91
2024-06-08,6,1,Disneyland Paris,Francia,40210,71.8,124.14,4.26,4991669.4
2024-03-30,3,1,Tokyo Disneyland,Japón,89100,99.0,98.7,4.56,8794170.0
2024-06-13,6,0,Disneyland Park,EEUU,55983,80.0,160.12,4.11,8963997.96
2024-07-04,7,0,Hong Kong Disneyland,Hong Kong,25286,74.4,93.21,4.06,2356908.06
2024-09-12,9,0,EPCOT,EEUU,30474,50.8,149.86,4.53,4566833.64
2024-12-28,12,1,Shanghai Disneyland,China,72567,90.7,125.15,4.11,9081760.05
2024-11-28,11,0,Disneyland Paris,Francia,44925,80.2,94.98,4.11,4266976.5
2024-04-25,4,0,Magic Kingdom,EEUU,38097,47.6,163.37,4.86,6223906.89
2024-11-18,11,0,Shanghai Disneyland,China,39438,49.3,99.73,4.06,3933151.74
2024-12-24,12,0,Tokyo Disneyland,Japón,70787,78.7,90.73,4.41,6422504.51
2024-05-07,5,0,Disneyland Paris,Francia,35962,64.2,100.81,3.8,3625329.22
2024-03-27,3,0,Disneyland Park,EEUU,51482,73.5,153.35,4.28,7894764.7
2024-12-05,12,0,Disneyland Park,EEUU,47907,68.4,169.61,3.87,8125506.27
2024-03-17,3,1,Shanghai Disneyland,China,48203,60.3,122.5,3.89,5904867.5
2024-09-28,9,1,Magic Kingdom,EEUU,66393,83.0,196.46,4.22,13043568.78
2024-08-09,8,0,Disneyland Park,EEUU,57830,82.6,168.66,4.46,9753607.8
2024-03-07,3,0,Hong Kong Disneyland,Hong Kong,29040,85.4,83.44,3.65,2423097.6
2024-03-30,3,1,EPCOT,EEUU,42817,71.4,196.83,4.02,8427670.11
2024-07-25,7,0,Magic Kingdom,EEUU,57640,72.1,177.58,4.76,10235711.2
2024-03-08,3,0,Tokyo Disneyland,Japón,57678,64.1,80.04,4.94,4616547.12
2024-02-29,2,0,EPCOT,EEUU,24508,40.8,148.37,4.72,3636251.96
2024-07-03,7,0,Magic Kingdom,EEUU,73392,91.7,178.05,4.59,13067445.6
2024-08-06,8,0,Shanghai Disneyland,China,73841,92.3,108.39,3.41,8003625.99
2024-11-03,11,1,Shanghai Disneyland,China,79200,99.0,117.6,4.56,9313920.0
2024-03-25,3,0,Tokyo Disneyland,Japón,58947,65.5,82.59,4.47,4868432.73
2024-04-21,4,1,Magic Kingdom,EEUU,45678,57.1,208.37,4.66,9517924.86
2024-04-26,4,0,Hong Kong Disneyland,Hong Kong,25355,74.6,85.2,3.8,2160246.0
2024-12-23,12,0,Shanghai Disneyland,China,70516,88.1,106.33,3.89,7497966.28
2024-03-16,3,1,Tokyo Disneyland,Japón,89100,99.0,98.36,3.91,8763876.0
2024-09-06,9,0,Shanghai Disneyland,China,55309,69.1,97.64,4.22,5400370.76
2024-06-30,6,1,EPCOT,EEUU,57386,95.6,187.41,3.99,10754710.26
2024-07-29,7,0,Disneyland Park,EEUU,57572,82.2,170.14,4.23,9795300.08
2024-10-21,10,0,Tokyo Disneyland,Japón,43990,48.9,78.1,4.91,3435619.0
2024-12-16,12,0,Hong Kong Disneyland,Hong Kong,22909,67.4,91.77,4.08,2102358.93
2024-02-12,2,0,Disneyland Paris,Francia,29823,53.3,101.71,3.77,3033297.33
2024-09-05,9,0,Magic Kingdom,EEUU,51412,64.3,156.41,4.05,8041350.92
2024-08-08,8,0,Tokyo Disneyland,Japón,81636,90.7,85.32,3.98,6965183.52
2024-08-27,8,0,Tokyo Disneyland,Japón,71188,79.1,89.79,4.45,6391970.52
2024-07-21,7,1,EPCOT,EEUU,54378,90.6,196.3,3.53,10674401.4
2024-01-12,1,0,Disneyland Paris,Francia,25214,45.0,98.6,4.38,2486100.4
2024-03-20,3,0,EPCOT,EEUU,22843,38.1,150.5,4.78,3437871.5
2024-04-24,4,0,Shanghai Disneyland,China,46052,57.6,97.7,3.94,4499280.4
2024-01-05,1,0,Disneyland Paris,Francia,29039,51.9,100.46,4.45,2917257.94
2024-02-09,2,0,EPCOT,EEUU,27418,45.7,150.76,4.25,4133537.68
2024-10-09,10,0,EPCOT,EEUU,30986,51.6,147.42,3.96,4567956.12
2024-01-27,1,1,Tokyo Disneyland,Japón,34174,38.0,92.59,4.72,3164170.66
2024-04-18,4,0,Tokyo Disneyland,Japón,50517,56.1,78.62,4.81,3971646.54
2024-06-04,6,0,Hong Kong Disneyland,Hong Kong,18646,54.8,88.33,4.31,1647001.18
2024-12-13,12,0,Hong Kong Disneyland,Hong Kong,26638,78.3,97.57,4.14,2599069.66
2024-07-14,7,1,Shanghai Disneyland,China,79200,99.0,117.46,3.73,9302832.0
2024-01-17,1,0,EPCOT,EEUU,36627,61.0,153.7,4.26,5629569.9
2024-11-24,11,1,Tokyo Disneyland,Japón,71179,79.1,104.27,4.61,7421834.33
2024-02-26,2,0,Hong Kong Disneyland,Hong Kong,9743,28.7,83.54,4.33,813930.22
2024-09-22,9,1,Shanghai Disneyland,China,74897,93.6,121.03,3.48,9064783.91
2024-07-30,7,0,Shanghai Disneyland,China,60651,75.8,109.7,4.16,6653414.7
2024-07-11,7,0,Shanghai Disneyland,China,79200,99.0,103.69,3.81,8212248.0
2024-11-24,11,1,Hong Kong Disneyland,Hong Kong,27911,82.1,110.95,3.83,3096725.45
2024-05-03,5,0,Magic Kingdom,EEUU,62681,78.4,165.61,4.15,10380600.41
2024-11-22,11,0,EPCOT,EEUU,38871,64.8,153.62,4.09,5971363.02
2024-12-07,12,1,EPCOT,EEUU,55195,92.0,188.62,4.05,10410880.9
2024-11-20,11,0,Hong Kong Disneyland,Hong Kong,25089,73.8,86.1,3.75,2160162.9
2024-09-04,9,0,EPCOT,EEUU,31689,52.8,152.94,3.76,4846515.66
2024-07-23,7,0,Hong Kong Disneyland,Hong Kong,25637,75.4,92.55,4.14,2372704.35
2024-04-11,4,0,EPCOT,EEUU,37721,62.9,153.99,4.27,5808656.79
2024-02-27,2,0,Magic Kingdom,EEUU,24466,30.6,161.74,5.0,3957130.84
2024-04-11,4,0,Disneyland Paris,Francia,45356,81.0,99.94,4.0,4532878.64
2024-08-26,8,0,EPCOT,EEUU,54463,90.8,159.78,3.99,8702098.14
2024-03-15,3,0,Shanghai Disneyland,China,39429,49.3,94.89,4.41,3741417.81
2024-10-21,10,0,EPCOT,EEUU,35584,59.3,149.83,4.56,5331550.72
2024-07-27,7,1,Magic Kingdom,EEUU,79200,99.0,202.9,4.42,16069680.0
2024-04-30,4,0,Hong Kong Disneyland,Hong Kong,27870,82.0,84.85,4.21,2364769.5
2024-01-01,1,0,Disneyland Park,EEUU,33124,47.3,154.78,4.4,5126932.72
2024-01-01,1,0,Hong Kong Disneyland,Hong Kong,13601,40.0,89.01,4.35,1210625.01
2024-09-06,9,0,Disneyland Park,EEUU,36705,52.4,160.0,5.0,5872800.0
2024-03-07,3,0,Disneyland Paris,Francia,34833,62.2,98.74,4.06,3439410.42
2024-09-01,9,1,Hong Kong Disneyland,Hong Kong,25574,75.2,111.08,3.89,2840759.92
2024-07-02,7,0,EPCOT,EEUU,48659,81.1,170.18,4.19,8280788.62
2024-05-09,5,0,Magic Kingdom,EEUU,56685,70.9,164.97,4.44,9351324.45
2024-03-16,3,1,Magic Kingdom,EEUU,53770,67.2,206.88,4.18,11123937.6
2024-12-26,12,0,Magic Kingdom,EEUU,76590,95.7,173.67,3.98,13301385.3
2024-02-09,2,0,Shanghai Disneyland,China,50005,62.5,96.24,4.26,4812481.2
2024-09-03,9,0,Hong Kong Disneyland,Hong Kong,27042,79.5,84.54,3.38,2286130.68
2024-01-05,1,0,Hong Kong Disneyland,Hong Kong,9511,28.0,86.91,4.54,826601.01
2024-09-15,9,1,Disneyland Paris,Francia,48786,87.1,120.92,4.13,5899203.12
2024-04-17,4,0,Magic Kingdom,EEUU,53342,66.7,155.41,4.25,8289880.22
2024-12-02,12,0,Tokyo Disneyland,Japón,79558,88.4,91.21,4.28,7256485.18
2024-07-05,7,0,Magic Kingdom,EEUU,79200,99.0,182.46,4.14,14450832.0
2024-05-04,5,1,EPCOT,EEUU,45609,76.0,192.37,4.08,8773803.33
2024-03-06,3,0,EPCOT,EEUU,46681,77.8,152.34,4.27,7111383.54
2024-05-20,5,0,Tokyo Disneyland,Japón,61480,68.3,82.74,4.6,5086855.2
2024-05-13,5,0,Shanghai Disneyland,China,67670,84.6,96.32,4.2,6517974.4
2024-10-14,10,0,EPCOT,EEUU,37665,62.8,155.36,3.86,5851634.4
2024-09-02,9,0,Shanghai Disneyland,China,42373,53.0,94.48,4.06,4003401.04
2024-05-02,5,0,EPCOT,EEUU,32314,53.9,152.64,4.37,4932408.96
2024-01-03,1,0,Magic Kingdom,EEUU,48819,61.0,156.7,4.45,7649937.3
2024-02-21,2,0,Tokyo Disneyland,Japón,49970,55.5,79.62,4.98,3978611.4
2024-06-03,6,0,Shanghai Disneyland,China,52132,65.2,97.25,3.78,5069837.0
2024-01-05,1,0,Tokyo Disneyland,Japón,29484,32.8,78.36,5.0,2310366.24
2024-03-11,3,0,Magic Kingdom,EEUU,52503,65.6,163.96,4.26,8608391.88
2024-04-23,4,0,Shanghai Disneyland,China,60726,75.9,92.53,4.1,5618976.78
2024-01-08,1,0,Shanghai Disneyland,China,39982,50.0,96.65,4.23,3864260.3
2024-10-11,10,0,Shanghai Disneyland,China,61547,76.9,97.1,4.07,5976213.7
2024-01-20,1,1,EPCOT,EEUU,53402,89.0,176.31,3.91,9415306.62
2024-03-13,3,0,Hong Kong Disneyland,Hong Kong,24819,73.0,82.93,3.86,2058239.67
2024-01-10,1,0,Hong Kong Disneyland,Hong Kong,21353,62.8,89.1,3.91,1902552.3
2024-02-15,2,0,Magic Kingdom,EEUU,42064,52.6,163.58,4.51,6880829.12
2024-02-09,2,0,Disneyland Paris,Francia,20289,36.2,100.96,4.98,2048377.44
2024-01-24,1,0,EPCOT,EEUU,42278,70.5,146.93,4.71,6211906.54
2024-08-15,8,0,Tokyo Disneyland,Japón,78316,87.0,85.69,3.65,6710898.04
2024-07-23,7,0,Magic Kingdom,EEUU,73239,91.5,179.31,4.46,13132485.09
2024-06-02,6,1,Disneyland Park,EEUU,40408,57.7,189.0,4.46,7637112.0
2024-01-13,1,1,Disneyland Park,EEUU,43371,62.0,180.08,4.43,7810249.68
2024-06-28,6,0,Shanghai Disneyland,China,47161,59.0,93.79,4.13,4423230.19
2024-06-06,6,0,Magic Kingdom,EEUU,59193,74.0,162.34,4.33,9609391.62
2024-11-10,11,1,Hong Kong Disneyland,Hong Kong,26350,77.5,105.4,4.27,2777290.0
2024-01-16,1,0,Magic Kingdom,EEUU,46195,57.7,166.54,4.38,7693315.3
2024-07-01,7,0,Hong Kong Disneyland,Hong Kong,32936,96.9,93.71,3.71,3086432.56
2024-08-09,8,0,EPCOT,EEUU,44491,74.2,159.85,4.14,7111886.35
2024-01-08,1,0,Disneyland Paris,Francia,31995,57.1,95.23,4.06,3046883.85
2024-12-20,12,0,EPCOT,EEUU,40546,67.6,165.86,4.17,6724959.56
2024-04-14,4,1,Shanghai Disneyland,China,53750,67.2,126.07,4.43,6776262.5
2024-02-14,2,0,EPCOT,EEUU,31609,52.7,147.11,4.66,4649999.99
2024-05-05,5,1,Magic Kingdom,EEUU,55127,68.9,208.65,4.51,11502248.55
2024-12-24,12,0,EPCOT,EEUU,39118,65.2,168.78,4.57,6602336.04
2024-10-04,10,0,EPCOT,EEUU,34200,57.0,149.22,4.26,5103324.0
2024-10-23,10,0,Tokyo Disneyland,Japón,74945,83.3,79.44,4.61,5953630.8
2024-04-18,4,0,EPCOT,EEUU,38994,65.0,146.81,4.37,5724709.14
2024-10-07,10,0,Disneyland Paris,Francia,28232,50.4,96.4,4.6,2721564.8
2024-10-04,10,0,Disneyland Park,EEUU,51805,74.0,153.65,4.37,7959838.25
2024-04-28,4,1,EPCOT,EEUU,39745,66.2,185.35,4.29,7366735.75
2024-04-03,4,0,Disneyland Paris,Francia,32072,57.3,97.1,4.02,3114191.2
2024-10-01,10,0,Hong Kong Disneyland,Hong Kong,21644,63.7,82.88,3.84,1793854.72
2024-06-01,6,1,Tokyo Disneyland,Japón,72835,80.9,98.31,4.27,7160408.85
2024-11-03,11,1,Hong Kong Disneyland,Hong Kong,20705,60.9,110.61,3.44,2290180.05
2024-07-30,7,0,EPCOT,EEUU,46473,77.5,171.62,4.09,7975696.26
2024-08-22,8,0,Tokyo Disneyland,Japón,77119,85.7,89.64,4.36,6912947.16
2024-01-11,1,0,Tokyo Disneyland,Japón,32393,36.0,78.75,4.83,2550948.75
2024-08-22,8,0,Hong Kong Disneyland,Hong Kong,27460,80.8,93.35,3.58,2563391.0
2024-12-06,12,0,Tokyo Disneyland,Japón,80333,89.3,90.83,4.39,7296646.39
2024-01-18,1,0,EPCOT,EEUU,24276,40.5,148.67,4.72,3609112.92
2024-05-09,5,0,EPCOT,EEUU,31134,51.9,147.56,4.47,4594133.04
2024-07-15,7,0,Tokyo Disneyland,Japón,69124,76.8,85.1,4.46,5882452.4
2024-11-03,11,1,EPCOT,EEUU,50019,83.4,186.19,3.8,9313037.61
2024-02-06,2,0,Shanghai Disneyland,China,35039,43.8,99.11,4.63,3472715.29
2024-02-29,2,0,Magic Kingdom,EEUU,47022,58.8,155.28,4.53,7301576.16
2024-05-16,5,0,Disneyland Park,EEUU,46021,65.7,156.81,4.39,7216553.01
2024-07-16,7,0,Disneyland Park,EEUU,48641,69.5,175.63,4.37,8542818.83
2024-03-15,3,0,Disneyland Park,EEUU,36489,52.1,159.43,4.43,5817441.27
2024-07-21,7,1,Shanghai Disneyland,China,79200,99.0,124.53,4.14,9862776.0
2024-04-14,4,1,EPCOT,EEUU,52180,87.0,185.38,4.02,9673128.4
2024-09-15,9,1,Shanghai Disneyland,China,37228,46.5,118.49,4.44,4411145.72
2024-08-08,8,0,Hong Kong Disneyland,Hong Kong,33660,99.0,98.09,3.42,3301709.4
2024-07-18,7,0,Magic Kingdom,EEUU,66345,82.9,180.15,4.45,11952051.75
2024-12-16,12,0,Magic Kingdom,EEUU,73440,91.8,171.09,3.81,12564849.6
2024-06-14,6,0,Magic Kingdom,EEUU,53004,66.3,160.75,4.44,8520393.0
2024-02-05,2,0,Magic Kingdom,EEUU,53533,66.9,163.12,4.47,8732302.96
2024-09-03,9,0,Disneyland Paris,Francia,44625,79.7,96.47,4.28,4304973.75
2024-09-04,9,0,Hong Kong Disneyland,Hong Kong,20718,60.9,82.83,4.03,1716071.94
2024-01-20,1,1,Shanghai Disneyland,China,51267,64.1,106.04,4.12,5436352.68
2024-10-19,10,1,Shanghai Disneyland,China,67180,84.0,117.43,3.92,7888947.4
2024-08-15,8,0,EPCOT,EEUU,56561,94.3,160.93,4.45,9102361.73
2024-09-23,9,0,Shanghai Disneyland,China,60570,75.7,96.03,4.38,5816537.1
2024-01-08,1,0,Magic Kingdom,EEUU,54611,68.3,166.55,4.54,9095462.05
2024-01-24,1,0,Hong Kong Disneyland,Hong Kong,17980,52.9,87.89,4.23,1580262.2
2024-02-08,2,0,EPCOT,EEUU,37148,61.9,153.16,4.46,5689587.68
2024-01-10,1,0,Disneyland Paris,Francia,30391,54.3,99.87,4.28,3035149.17
2024-04-19,4,0,Hong Kong Disneyland,Hong Kong,20681,60.8,82.57,4.35,1707630.17
2024-01-12,1,0,Shanghai Disneyland,China,50636,63.3,95.8,4.06,4850928.8
2024-07-22,7,0,Shanghai Disneyland,China,65073,81.3,105.52,4.27,6866502.96
2024-11-16,11,1,Magic Kingdom,EEUU,76452,95.6,195.57,4.37,14951717.64
2024-02-05,2,0,EPCOT,EEUU,18119,30.2,152.22,4.42,2758074.18
2024-01-26,1,0,Tokyo Disneyland,Japón,59584,66.2,77.28,4.64,4604651.52
2024-06-25,6,0,Disneyland Paris,Francia,36020,64.3,99.78,3.91,3594075.6
2024-06-02,6,1,Shanghai Disneyland,China,63363,79.2,120.28,3.92,7621301.64
2024-01-25,1,0,Hong Kong Disneyland,Hong Kong,6470,19.0,84.71,4.69,548073.7
2024-01-16,1,0,Disneyland Paris,Francia,27608,49.3,101.7,4.39,2807733.6
2024-10-09,10,0,Shanghai Disneyland,China,55784,69.7,95.87,3.73,5348012.08
2024-04-19,4,0,Disneyland Park,EEUU,49140,70.2,150.11,4.17,7376405.4
2024-10-18,10,0,Magic Kingdom,EEUU,44381,55.5,155.75,4.35,6912340.75
2024-07-12,7,0,Disneyland Paris,Francia,42541,76.0,111.29,3.47,4734387.89
2024-01-31,1,0,Tokyo Disneyland,Japón,59040,65.6,77.28,4.65,4562611.2
2024-02-16,2,0,Disneyland Paris,Francia,22398,40.0,101.14,4.42,2265333.72
2024-03-30,3,1,Shanghai Disneyland,China,49581,62.0,117.09,4.24,5805439.29
2024-07-25,7,0,Disneyland Paris,Francia,45637,81.5,104.89,3.72,4786864.93
2024-06-16,6,1,Tokyo Disneyland,Japón,55297,61.4,102.88,4.67,5688955.36
2024-09-19,9,0,Disneyland Paris,Francia,30535,54.5,96.53,4.17,2947543.55
2024-01-18,1,0,Hong Kong Disneyland,Hong Kong,14263,42.0,82.47,3.88,1176269.61
2024-12-26,12,0,EPCOT,EEUU,43038,71.7,161.31,3.88,6942459.78
2024-05-23,5,0,Disneyland Park,EEUU,31482,45.0,152.53,4.57,4801949.46
2024-08-15,8,0,Shanghai Disneyland,China,76827,96.0,109.02,3.75,8375679.54
2024-01-19,1,0,Tokyo Disneyland,Japón,29216,32.5,77.29,4.51,2258104.64
2024-03-27,3,0,Magic Kingdom,EEUU,51270,64.1,157.13,4.53,8056055.1
2024-01-13,1,1,Tokyo Disneyland,Japón,44324,49.2,89.95,4.62,3986943.8
2024-11-23,11,1,Disneyland Park,EEUU,49286,70.4,193.24,4.39,9524026.64
2024-08-08,8,0,EPCOT,EEUU,49619,82.7,163.16,3.32,8095836.04
2024-06-28,6,0,EPCOT,EEUU,38383,64.0,151.88,4.24,5829610.04
2024-11-08,11,0,Tokyo Disneyland,Japón,53526,59.5,81.5,4.67,4362369.0
2024-10-31,10,0,EPCOT,EEUU,29305,48.8,153.58,4.66,4500661.9
2024-10-23,10,0,Disneyland Paris,Francia,46757,83.5,95.44,3.95,4462488.08
2024-05-26,5,1,Hong Kong Disneyland,Hong Kong,33017,97.1,106.98,3.17,3532158.66
2024-07-13,7,1,Disneyland Park,EEUU,67959,97.1,195.82,4.02,13307731.38
2024-03-19,3,0,Disneyland Paris,Francia,36722,65.6,98.02,4.31,3599490.44
2024-02-14,2,0,Tokyo Disneyland,Japón,65995,73.3,81.36,4.43,5369353.2
2024-02-26,2,0,EPCOT,EEUU,46011,76.7,146.43,3.75,6737390.73
2024-08-06,8,0,Disneyland Park,EEUU,58093,83.0,172.9,4.66,10044279.7
2024-01-23,1,0,Shanghai Disneyland,China,46679,58.3,92.81,4.4,4332277.99
2024-10-19,10,1,Disneyland Paris,Francia,44603,79.6,120.19,4.05,5360834.57
2024-05-11,5,1,EPCOT,EEUU,58175,97.0,188.43,3.85,10961915.25
2024-02-16,2,0,Tokyo Disneyland,Japón,33093,36.8,77.85,5.0,2576290.05
2024-10-31,10,0,Shanghai Disneyland,China,59847,74.8,97.26,4.22,5820719.22
2024-01-18,1,0,Disneyland Paris,Francia,31322,55.9,95.09,4.06,2978408.98
2024-01-06,1,1,Shanghai Disneyland,China,40593,50.7,108.16,4.37,4390538.88
2024-12-26,12,0,Hong Kong Disneyland,Hong Kong,16840,49.5,92.63,4.6,1559889.2
2024-10-30,10,0,Hong Kong Disneyland,Hong Kong,23136,68.0,87.12,4.13,2015608.32
2024-03-31,3,1,Magic Kingdom,EEUU,78606,98.3,196.84,4.27,15472805.04
2024-05-20,5,0,Disneyland Park,EEUU,30718,43.9,155.03,4.56,4762211.54
2024-11-13,11,0,EPCOT,EEUU,44143,73.6,148.64,4.28,6561415.52
2024-10-05,10,1,Tokyo Disneyland,Japón,72592,80.7,104.18,4.43,7562634.56
2024-01-01,1,0,Magic Kingdom,EEUU,25840,32.3,155.13,4.85,4008559.2
2024-12-13,12,0,EPCOT,EEUU,55870,93.1,170.68,4.38,9535891.6
2024-01-16,1,0,Shanghai Disneyland,China,39611,49.5,96.31,4.17,3814935.41
2024-08-20,8,0,Hong Kong Disneyland,Hong Kong,30616,90.0,91.55,3.77,2802894.8
2024-05-11,5,1,Tokyo Disneyland,Japón,77017,85.6,97.94,4.45,7543044.98
2024-09-19,9,0,Tokyo Disneyland,Japón,39525,43.9,82.14,4.83,3246583.5
2024-07-23,7,0,Disneyland Paris,Francia,51147,91.3,111.59,3.72,5707493.73
2024-05-28,5,0,Magic Kingdom,EEUU,35304,44.1,164.61,4.88,5811391.44
2024-08-10,8,1,Magic Kingdom,EEUU,79200,99.0,211.11,4.52,16719912.0
2024-08-19,8,0,Hong Kong Disneyland,Hong Kong,17649,51.9,93.17,4.4,1644357.33
2024-10-27,10,1,Hong Kong Disneyland,Hong Kong,19603,57.7,110.9,4.08,2173972.7
2024-09-29,9,1,Tokyo Disneyland,Japón,60739,67.5,99.56,4.79,6047174.84
2024-03-22,3,0,Shanghai Disneyland,China,46011,57.5,98.62,4.38,4537604.82
2024-11-13,11,0,Disneyland Paris,Francia,28152,50.3,101.15,4.39,2847574.8
2024-10-29,10,0,Hong Kong Disneyland,Hong Kong,31338,92.2,87.1,3.95,2729539.8
2024-01-19,1,0,Hong Kong Disneyland,Hong Kong,9443,27.8,84.78,4.31,800577.54
2024-05-13,5,0,Disneyland Park,EEUU,33937,48.5,154.75,4.38,5251750.75
2024-08-22,8,0,Shanghai Disneyland,China,71842,89.8,104.99,4.37,7542691.58
2024-06-08,6,1,Magic Kingdom,EEUU,67389,84.2,205.27,4.46,13832940.03
2024-01-11,1,0,Hong Kong Disneyland,Hong Kong,12721,37.4,84.9,3.96,1080012.9
2024-06-14,6,0,Shanghai Disneyland,China,58388,73.0,97.87,4.36,5714433.56
2024-09-01,9,1,Tokyo Disneyland,Japón,74979,83.3,99.53,4.65,7462659.87
2024-02-11,2,1,Hong Kong Disneyland,Hong Kong,19726,58.0,97.14,3.98,1916183.64
2024-01-27,1,1,Shanghai Disneyland,China,43919,54.9,112.32,4.13,4932982.08
2024-08-06,8,0,Disneyland Paris,Francia,44047,78.7,110.38,4.27,4861907.86
2024-03-17,3,1,Disneyland Park,EEUU,57525,82.2,194.22,4.52,11172505.5
2024-09-12,9,0,Disneyland Park,EEUU,47414,67.7,154.45,4.59,7323092.3
2024-11-28,11,0,Shanghai Disneyland,China,47679,59.6,94.53,4.27,4507095.87
2024-10-01,10,0,Disneyland Park,EEUU,47002,67.1,159.3,4.5,7487418.6
2024-10-18,10,0,Shanghai Disneyland,China,70824,88.5,98.13,4.06,6949959.12
2024-08-17,8,1,Tokyo Disneyland,Japón,89100,99.0,98.25,4.29,8754075.0
2024-01-03,1,0,Disneyland Park,EEUU,21563,30.8,158.55,4.14,3418813.65
2024-03-31,3,1,EPCOT,EEUU,42164,70.3,197.38,4.29,8322330.32
2024-05-19,5,1,EPCOT,EEUU,49780,83.0,197.34,4.08,9823585.2
2024-02-21,2,0,Disneyland Paris,Francia,22306,39.8,100.07,4.38,2232161.42
2024-06-22,6,1,Magic Kingdom,EEUU,60598,75.7,199.58,4.7,12094148.84
2024-03-19,3,0,Tokyo Disneyland,Japón,52659,58.5,78.79,4.61,4149002.61
2024-06-26,6,0,Shanghai Disneyland,China,51306,64.1,92.68,4.18,4755040.08
2024-06-29,6,1,Magic Kingdom,EEUU,58601,73.3,202.11,4.18,11843848.11
2024-11-06,11,0,Tokyo Disneyland,Japón,51777,57.5,76.65,4.87,3968707.05
2024-08-12,8,0,EPCOT,EEUU,43175,72.0,166.2,3.84,7175685.0
2024-04-02,4,0,Shanghai Disneyland,China,51816,64.8,98.48,4.22,5102839.68
2024-12-28,12,1,Magic Kingdom,EEUU,79200,99.0,210.35,4.21,16659720.0
2024-07-03,7,0,Hong Kong Disneyland,Hong Kong,31485,92.6,95.3,3.99,3000520.5
2024-04-10,4,0,Tokyo Disneyland,Japón,53244,59.2,77.52,4.99,4127474.88
2024-05-23,5,0,Tokyo Disneyland,Japón,40884,45.4,78.5,5.0,3209394.0
2024-12-04,12,0,Tokyo Disneyland,Japón,69366,77.1,89.72,4.57,6223517.52
2024-06-19,6,0,Magic Kingdom,EEUU,61182,76.5,158.68,5.0,9708359.76
2024-05-22,5,0,Disneyland Paris,Francia,29317,52.4,101.51,4.35,2975968.67
2024-04-19,4,0,Magic Kingdom,EEUU,43894,54.9,163.94,4.49,7195982.36
2024-05-16,5,0,Tokyo Disneyland,Japón,57437,63.8,78.14,4.68,4488127.18
2024-11-23,11,1,Tokyo Disneyland,Japón,55627,61.8,97.29,4.23,5411950.83
2024-09-04,9,0,Shanghai Disneyland,China,58847,73.6,98.71,4.45,5808787.37
2024-07-21,7,1,Disneyland Park,EEUU,69300,99.0,196.77,3.99,13636161.0
2024-03-17,3,1,EPCOT,EEUU,33048,55.1,193.76,3.85,6403380.48
2024-05-09,5,0,Disneyland Park,EEUU,41984,60.0,152.81,4.45,6415575.04
2024-10-07,10,0,Shanghai Disneyland,China,55983,70.0,99.33,3.87,5560791.39
2024-03-15,3,0,Magic Kingdom,EEUU,44412,55.5,157.99,4.66,7016651.88
2024-07-05,7,0,EPCOT,EEUU,56563,94.3,161.6,4.41,9140580.8
2024-05-30,5,0,Hong Kong Disneyland,Hong Kong,21541,63.4,89.11,3.74,1919518.51
2024-05-23,5,0,Magic Kingdom,EEUU,47507,59.4,165.73,4.23,7873335.11
2024-07-21,7,1,Hong Kong Disneyland,Hong Kong,33660,99.0,107.09,3.96,3604649.4
2024-07-05,7,0,Tokyo Disneyland,Japón,59837,66.5,89.5,4.38,5355411.5
2024-12-16,12,0,Disneyland Paris,Francia,44719,79.9,104.14,3.52,4657036.66
2024-09-29,9,1,Disneyland Park,EEUU,62927,89.9,202.97,4.41,12772293.19
2024-09-29,9,1,Hong Kong Disneyland,Hong Kong,19878,58.5,105.47,3.85,2096532.66
2024-11-05,11,0,EPCOT,EEUU,32669,54.4,146.02,4.22,4770327.38
2024-11-10,11,1,EPCOT,EEUU,35986,60.0,190.59,3.85,6858571.74
2024-06-22,6,1,Disneyland Paris,Francia,48368,86.4,120.5,4.09,5828344.0
2024-01-16,1,0,Disneyland Park,EEUU,37537,53.6,159.3,4.75,5979644.1
2024-06-06,6,0,Disneyland Park,EEUU,46616,66.6,154.55,4.23,7204502.8
2024-08-20,8,0,Disneyland Paris,Francia,53391,95.3,104.95,3.52,5603385.45
2024-05-09,5,0,Hong Kong Disneyland,Hong Kong,17015,50.0,86.76,4.06,1476221.4
2024-11-17,11,1,Disneyland Paris,Francia,41226,73.6,127.42,3.97,5253016.92
2024-01-11,1,0,EPCOT,EEUU,33973,56.6,145.43,4.06,4940693.39
2024-01-26,1,0,Magic Kingdom,EEUU,45995,57.5,156.35,4.79,7191318.25
2024-08-13,8,0,Hong Kong Disneyland,Hong Kong,25319,74.5,91.57,3.82,2318460.83
2024-06-30,6,1,Disneyland Park,EEUU,55228,78.9,195.85,4.22,10816403.8
2024-11-01,11,0,Hong Kong Disneyland,Hong Kong,20432,60.1,84.21,4.31,1720578.72
2024-06-07,6,0,Tokyo Disneyland,Japón,54675,60.8,80.13,4.89,4381107.75
2024-04-11,4,0,Magic Kingdom,EEUU,58667,73.3,155.65,4.22,9131518.55
2024-11-20,11,0,EPCOT,EEUU,32310,53.9,156.25,3.97,5048437.5
2024-03-13,3,0,Tokyo Disneyland,Japón,66842,74.3,81.35,4.04,5437596.7
2024-03-19,3,0,EPCOT,EEUU,31776,53.0,152.53,4.55,4846793.28
2024-07-18,7,0,Disneyland Park,EEUU,52662,75.2,171.86,4.04,9050491.32
2024-06-24,6,0,Shanghai Disneyland,China,46759,58.4,92.25,4.49,4313517.75
2024-06-08,6,1,Disneyland Park,EEUU,59608,85.2,190.18,4.13,11336249.44
2024-12-11,12,0,Tokyo Disneyland,Japón,85065,94.5,90.03,4.55,7658401.95
2024-04-04,4,0,Hong Kong Disneyland,Hong Kong,23600,69.4,87.44,4.1,2063584.0
2024-09-25,9,0,Disneyland Park,EEUU,43294,61.8,158.01,4.57,6840884.94
2024-09-07,9,1,Disneyland Paris,Francia,38672,69.1,123.46,4.08,4774445.12
2024-05-06,5,0,EPCOT,EEUU,46565,77.6,151.14,4.11,7037834.1
2024-02-01,2,0,Tokyo Disneyland,Japón,41990,46.7,81.73,4.82,3431842.7
2024-08-16,8,0,EPCOT,EEUU,43141,71.9,166.89,3.8,7199801.49
2024-01-07,1,1,Disneyland Paris,Francia,35184,62.8,114.24,4.05,4019420.16
2024-05-19,5,1,Hong Kong Disneyland,Hong Kong,26391,77.6,107.67,3.91,2841518.97
2024-01-17,1,0,Hong Kong Disneyland,Hong Kong,19878,58.5,85.95,3.95,1708514.1
2024-12-19,12,0,Disneyland Park,EEUU,63508,90.7,172.85,4.39,10977357.8
2024-06-21,6,0,Magic Kingdom,EEUU,65349,81.7,159.14,4.16,10399639.86
2024-09-19,9,0,EPCOT,EEUU,38701,64.5,145.9,4.22,5646475.9
2024-08-07,8,0,EPCOT,EEUU,56564,94.3,172.02,4.2,9730139.28
2024-08-17,8,1,Magic Kingdom,EEUU,79200,99.0,208.54,4.24,16516368.0
2024-12-28,12,1,Disneyland Park,EEUU,65709,93.9,199.53,3.75,13110916.77
2024-12-23,12,0,Magic Kingdom,EEUU,45917,57.4,176.92,4.7,8123635.64
2024-04-10,4,0,Disneyland Park,EEUU,51901,74.1,159.13,3.72,8259006.13
2024-03-11,3,0,Disneyland Park,EEUU,40340,57.6,160.08,4.61,6457627.2
2024-01-06,1,1,Magic Kingdom,EEUU,61427,76.8,182.35,4.12,11201213.45
2024-08-27,8,0,Magic Kingdom,EEUU,54058,67.6,176.57,4.65,9545021.06
2024-11-27,11,0,Hong Kong Disneyland,Hong Kong,27499,80.9,84.64,3.97,2327515.36
2024-07-02,7,0,Magic Kingdom,EEUU,58528,73.2,171.5,4.64,10037552.0
2024-02-01,2,0,EPCOT,EEUU,28084,46.8,151.62,4.05,4258096.08
2024-09-10,9,0,Disneyland Park,EEUU,52005,74.3,152.67,4.21,7939603.35
2024-06-27,6,0,Disneyland Park,EEUU,44820,64.0,149.69,4.27,6709105.8
2024-04-07,4,1,EPCOT,EEUU,54212,90.4,184.13,3.88,9982055.56
2024-07-03,7,0,EPCOT,EEUU,49159,81.9,162.03,3.99,7965232.77
2024-08-07,8,0,Shanghai Disneyland,China,59258,74.1,105.06,3.99,6225645.48
2024-07-21,7,1,Disneyland Paris,Francia,48055,85.8,124.4,3.79,5978042.0
2024-04-25,4,0,Hong Kong Disneyland,Hong Kong,28350,83.4,86.85,3.55,2462197.5
2024-05-25,5,1,EPCOT,EEUU,40351,67.3,184.72,4.01,7453636.72
2024-05-06,5,0,Hong Kong Disneyland,Hong Kong,17145,50.4,85.19,4.31,1460582.55
2024-02-14,2,0,Disneyland Paris,Francia,26770,47.8,97.9,3.77,2620783.0
2024-05-22,5,0,Tokyo Disneyland,Japón,60567,67.3,78.05,4.43,4727254.35
2024-10-25,10,0,Hong Kong Disneyland,Hong Kong,21069,62.0,84.47,4.26,1779698.43
2024-08-17,8,1,EPCOT,EEUU,59400,99.0,185.84,3.65,11038896.0
2024-09-25,9,0,EPCOT,EEUU,40203,67.0,154.75,4.09,6221414.25
2024-10-25,10,0,Disneyland Park,EEUU,48479,69.3,157.12,4.25,7617020.48
2024-06-30,6,1,Disneyland Paris,Francia,43126,77.0,126.04,4.01,5435601.04
2024-07-28,7,1,EPCOT,EEUU,59400,99.0,194.75,4.07,11568150.0
2024-01-20,1,1,Disneyland Paris,Francia,22314,39.8,116.23,3.98,2593556.22
2024-10-09,10,0,Hong Kong Disneyland,Hong Kong,19526,57.4,84.43,3.88,1648580.18
2024-04-23,4,0,EPCOT,EEUU,37964,63.3,155.35,4.16,5897707.4
2024-08-19,8,0,Shanghai Disneyland,China,60743,75.9,102.31,3.87,6214616.33
2024-08-20,8,0,Shanghai Disneyland,China,79200,99.0,106.21,3.64,8411832.0
2024-06-24,6,0,EPCOT,EEUU,34035,56.7,152.48,4.73,5189656.8
2024-07-02,7,0,Disneyland Park,EEUU,36969,52.8,176.56,4.39,6527246.64
2024-07-23,7,0,Shanghai Disneyland,China,65440,81.8,108.54,4.02,7102857.6
2024-09-01,9,1,Disneyland Paris,Francia,48920,87.4,127.0,3.89,6212840.0
2024-12-11,12,0,Shanghai Disneyland,China,62174,77.7,107.2,4.32,6665052.8
2024-09-18,9,0,Hong Kong Disneyland,Hong Kong,19347,56.9,88.41,3.97,1710468.27
2024-06-22,6,1,Disneyland Park,EEUU,59407,84.9,196.16,4.33,11653277.12
2024-11-20,11,0,Shanghai Disneyland,China,52847,66.1,93.75,4.03,4954406.25
2024-06-14,6,0,Disneyland Paris,Francia,28627,51.1,100.96,4.6,2890181.92
2024-05-22,5,0,Hong Kong Disneyland,Hong Kong,13636,40.1,88.16,3.97,1202149.76
2024-05-20,5,0,Disneyland Paris,Francia,29193,52.1,99.51,4.49,2904995.43
2024-03-31,3,1,Hong Kong Disneyland,Hong Kong,21481,63.2,109.1,3.92,2343577.1
2024-02-25,2,1,Shanghai Disneyland,China,28770,36.0,108.78,4.25,3129600.6
2024-01-13,1,1,Shanghai Disneyland,China,38127,47.7,113.65,4.13,4333133.55
2024-03-30,3,1,Disneyland Paris,Francia,48414,86.5,121.56,3.8,5885205.84
2024-03-20,3,0,Disneyland Paris,Francia,37226,66.5,99.69,4.55,3711059.94
2024-02-03,2,1,EPCOT,EEUU,36511,60.9,170.81,4.48,6236443.91
2024-07-22,7,0,Hong Kong Disneyland,Hong Kong,29220,85.9,94.0,3.53,2746680.0
2024-12-15,12,1,EPCOT,EEUU,59400,99.0,192.79,4.01,11451726.0
2024-09-07,9,1,Hong Kong Disneyland,Hong Kong,26502,77.9,104.62,3.73,2772639.24
2024-11-20,11,0,Disneyland Park,EEUU,45354,64.8,152.56,5.0,6919206.24
2024-04-27,4,1,Magic Kingdom,EEUU,62778,78.5,208.97,4.15,13118718.66
2024-01-11,1,0,Shanghai Disneyland,China,41642,52.1,95.1,4.0,3960154.2
2024-06-19,6,0,Tokyo Disneyland,Japón,50525,56.1,80.46,4.56,4065241.5
2024-09-29,9,1,Shanghai Disneyland,China,57689,72.1,118.96,4.1,6862683.44
2024-12-10,12,0,EPCOT,EEUU,56187,93.6,170.63,4.11,9587187.81
2024-02-27,2,0,Shanghai Disneyland,China,34095,42.6,95.82,4.35,3266982.9
2024-01-07,1,1,EPCOT,EEUU,30361,50.6,173.53,4.04,5268544.33
2024-10-05,10,1,Disneyland Park,EEUU,43868,62.7,189.96,4.42,8333165.28
2024-05-07,5,0,Tokyo Disneyland,Japón,65071,72.3,82.59,4.64,5374213.89
2024-11-25,11,0,Magic Kingdom,EEUU,51708,64.6,156.4,4.39,8087131.2
2024-09-18,9,0,Tokyo Disneyland,Japón,57671,64.1,80.31,4.43,4631558.01
2024-07-11,7,0,Tokyo Disneyland,Japón,80411,89.3,86.7,4.95,6971633.7
2024-11-18,11,0,Disneyland Paris,Francia,37393,66.8,94.41,4.3,3530273.13
2024-05-23,5,0,Disneyland Paris,Francia,39733,71.0,94.34,3.61,3748411.22
2024-02-06,2,0,Disneyland Park,EEUU,42513,60.7,154.36,4.46,6562306.68
2024-06-28,6,0,Disneyland Park,EEUU,50204,71.7,156.73,4.04,7868472.92
2024-04-02,4,0,EPCOT,EEUU,31040,51.7,155.02,4.21,4811820.8
2024-05-11,5,1,Disneyland Paris,Francia,47755,85.3,119.38,4.09,5700991.9
2024-05-26,5,1,Tokyo Disneyland,Japón,76681,85.2,98.19,4.22,7529307.39
2024-11-25,11,0,EPCOT,EEUU,26885,44.8,152.75,4.36,4106683.75
2024-05-22,5,0,Magic Kingdom,EEUU,42581,53.2,154.64,4.61,6584725.84
2024-03-23,3,1,Hong Kong Disneyland,Hong Kong,30228,88.9,110.53,3.88,3341100.84
2024-08-07,8,0,Hong Kong Disneyland,Hong Kong,28810,84.7,97.45,3.75,2807534.5
2024-06-07,6,0,Hong Kong Disneyland,Hong Kong,21531,63.3,83.92,4.0,1806881.52
2024-10-01,10,0,Tokyo Disneyland,Japón,64066,71.2,82.08,4.74,5258537.28
2024-04-30,4,0,Magic Kingdom,EEUU,52415,65.5,166.95,4.16,8750684.25
2024-01-23,1,0,Disneyland Park,EEUU,37307,53.3,155.97,4.66,5818772.79
2024-03-24,3,1,Tokyo Disneyland,Japón,73929,82.1,102.38,4.86,7568851.02
2024-12-13,12,0,Shanghai Disneyland,China,62784,78.5,106.06,3.77,6658871.04
2024-07-05,7,0,Disneyland Paris,Francia,48744,87.0,110.81,3.53,5401322.64
2024-04-28,4,1,Disneyland Park,EEUU,54484,77.8,191.08,4.36,10410802.72
2024-12-15,12,1,Shanghai Disneyland,China,79200,99.0,124.02,3.8,9822384.0
2024-01-17,1,0,Shanghai Disneyland,China,28482,35.6,97.44,4.54,2775286.08
2024-06-14,6,0,EPCOT,EEUU,39300,65.5,152.62,4.15,5997966.0
2024-10-05,10,1,Hong Kong Disneyland,Hong Kong,30702,90.3,107.27,3.68,3293403.54
2024-12-15,12,1,Tokyo Disneyland,Japón,84504,93.9,97.94,4.29,8276321.76
2024-05-25,5,1,Tokyo Disneyland,Japón,85921,95.5,97.1,4.29,8342929.1
2024-04-10,4,0,EPCOT,EEUU,39895,66.5,147.24,4.26,5874139.8
2024-01-03,1,0,Tokyo Disneyland,Japón,61087,67.9,77.0,4.47,4703699.0
2024-03-20,3,0,Tokyo Disneyland,Japón,51897,57.7,81.8,4.61,4245174.6
2024-02-29,2,0,Tokyo Disneyland,Japón,44124,49.0,80.53,5.0,3553305.72
2024-07-28,7,1,Disneyland Park,EEUU,69300,99.0,190.61,3.81,13209273.0
2024-08-25,8,1,EPCOT,EEUU,59400,99.0,188.11,4.02,11173734.0
2024-05-13,5,0,Tokyo Disneyland,Japón,62590,69.5,80.24,4.32,5022221.6
2024-10-25,10,0,Shanghai Disneyland,China,56473,70.6,92.8,3.98,5240694.4
2024-12-07,12,1,Shanghai Disneyland,China,71772,89.7,116.74,4.32,8378663.28
2024-05-13,5,0,Disneyland Paris,Francia,26613,47.5,99.82,3.88,2656509.66
2024-06-14,6,0,Tokyo Disneyland,Japón,63640,70.7,82.2,4.38,5231208.0
2024-01-30,1,0,Shanghai Disneyland,China,24339,30.4,94.43,4.47,2298331.77
2024-06-24,6,0,Hong Kong Disneyland,Hong Kong,20116,59.2,82.56,3.87,1660776.96
2024-10-31,10,0,Hong Kong Disneyland,Hong Kong,23719,69.8,84.49,3.92,2004018.31
2024-02-21,2,0,Shanghai Disneyland,China,31569,39.5,97.07,4.84,3064402.83
2024-03-10,3,1,Hong Kong Disneyland,Hong Kong,24985,73.5,106.78,3.94,2667898.3
2024-12-10,12,0,Disneyland Park,EEUU,69300,99.0,168.61,4.06,11684673.0
2024-07-22,7,0,Disneyland Paris,Francia,45674,81.6,107.18,3.59,4895339.32
2024-04-13,4,1,Tokyo Disneyland,Japón,83472,92.7,99.15,4.26,8276248.8
2024-07-17,7,0,Magic Kingdom,EEUU,73107,91.4,174.02,4.29,12722080.14
2024-05-27,5,0,Shanghai Disneyland,China,47864,59.8,93.05,3.71,4453745.2
2024-11-16,11,1,Shanghai Disneyland,China,68614,85.8,121.02,3.86,8303666.28
2024-05-26,5,1,Shanghai Disneyland,China,64992,81.2,123.02,3.92,7995315.84
2024-09-04,9,0,Magic Kingdom,EEUU,63551,79.4,166.71,4.32,10594587.21
2024-08-26,8,0,Hong Kong Disneyland,Hong Kong,24829,73.0,92.59,3.81,2298917.11
2024-09-23,9,0,Hong Kong Disneyland,Hong Kong,18516,54.5,82.6,4.02,1529421.6
2024-12-27,12,0,Tokyo Disneyland,Japón,89100,99.0,89.71,4.47,7993161.0
2024-04-14,4,1,Disneyland Paris,Francia,52512,93.8,127.08,3.63,6673224.96
2024-01-05,1,0,EPCOT,EEUU,36341,60.6,152.6,4.43,5545636.6
2024-03-14,3,0,Hong Kong Disneyland,Hong Kong,16760,49.3,88.29,4.1,1479740.4
2024-09-10,9,0,Disneyland Paris,Francia,42373,75.7,96.62,4.0,4094079.26
2024-11-01,11,0,Shanghai Disneyland,China,49357,61.7,99.08,4.51,4890291.56
2024-03-11,3,0,Tokyo Disneyland,Japón,67780,75.3,80.48,4.21,5454934.4
2024-03-26,3,0,Tokyo Disneyland,Japón,29513,32.8,79.55,4.96,2347759.15
2024-04-04,4,0,Tokyo Disneyland,Japón,46031,51.1,81.28,4.7,3741399.68
2024-02-11,2,1,Magic Kingdom,EEUU,56197,70.2,183.47,4.37,10310463.59
2024-06-27,6,0,EPCOT,EEUU,27690,46.2,155.84,4.97,4315209.6
2024-09-01,9,1,Disneyland Park,EEUU,48815,69.7,198.88,4.07,9708327.2
2024-10-18,10,0,EPCOT,EEUU,34628,57.7,154.33,4.26,5344139.24
2024-07-16,7,0,Disneyland Paris,Francia,51556,92.1,108.33,3.78,5585061.48
2024-12-20,12,0,Hong Kong Disneyland,Hong Kong,32905,96.8,92.26,3.88,3035815.3
2024-01-18,1,0,Disneyland Park,EEUU,32977,47.1,155.96,4.38,5143092.92
2024-07-16,7,0,Magic Kingdom,EEUU,73147,91.4,180.08,4.32,13172311.76
2024-07-28,7,1,Hong Kong Disneyland,Hong Kong,33660,99.0,112.77,3.72,3795838.2
2024-08-07,8,0,Magic Kingdom,EEUU,68237,85.3,183.53,4.26,12523536.61
2024-10-16,10,0,Hong Kong Disneyland,Hong Kong,19143,56.3,85.94,3.91,1645149.42
2024-09-15,9,1,Hong Kong Disneyland,Hong Kong,23406,68.8,109.25,3.89,2557105.5
2024-05-16,5,0,Disneyland Paris,Francia,29969,53.5,99.3,4.14,2975921.7
2024-11-23,11,1,Disneyland Paris,Francia,50842,90.8,126.9,3.66,6451849.8
2024-07-14,7,1,Disneyland Park,EEUU,69300,99.0,195.37,4.14,13539141.0
2024-01-29,1,0,Hong Kong Disneyland,Hong Kong,9462,27.8,88.7,3.56,839279.4
2024-08-08,8,0,Magic Kingdom,EEUU,68901,86.1,182.59,4.23,12580633.59
2024-11-10,11,1,Tokyo Disneyland,Japón,62366,69.3,99.38,4.82,6197933.08
2024-12-30,12,0,Tokyo Disneyland,Japón,67585,75.1,90.78,4.53,6135366.3
2024-06-01,6,1,Shanghai Disneyland,China,78950,98.7,120.97,3.73,9550581.5
2024-04-24,4,0,Hong Kong Disneyland,Hong Kong,22482,66.1,84.21,4.14,1893209.22
2024-05-17,5,0,Disneyland Paris,Francia,37665,67.3,100.37,3.78,3780436.05
2024-08-28,8,0,EPCOT,EEUU,54610,91.0,159.17,4.47,8692273.7
2024-09-13,9,0,Magic Kingdom,EEUU,49906,62.4,162.12,4.8,8090760.72
2024-10-30,10,0,Tokyo Disneyland,Japón,36571,40.6,82.92,4.94,3032467.32
2024-09-06,9,0,Magic Kingdom,EEUU,51542,64.4,163.72,4.6,8438456.24
2024-04-06,4,1,Tokyo Disneyland,Japón,59446,66.1,103.23,4.41,6136610.58
2024-04-21,4,1,Hong Kong Disneyland,Hong Kong,23052,67.8,108.5,3.76,2501142.0
2024-08-15,8,0,Magic Kingdom,EEUU,58746,73.4,177.07,4.14,10402154.22
2024-08-10,8,1,Hong Kong Disneyland,Hong Kong,33660,99.0,112.69,3.8,3793145.4
2024-06-03,6,0,Disneyland Paris,Francia,37074,66.2,100.43,4.12,3723341.82
2024-04-13,4,1,EPCOT,EEUU,42767,71.3,189.64,4.51,8110333.88
2024-05-03,5,0,Disneyland Paris,Francia,27843,49.7,96.51,3.98,2687127.93
2024-09-28,9,1,EPCOT,EEUU,56398,94.0,186.96,3.75,10544170.08
2024-11-22,11,0,Shanghai Disneyland,China,69362,86.7,98.34,4.05,6821059.08
2024-08-16,8,0,Disneyland Park,EEUU,57395,82.0,170.05,4.58,9760019.75
2024-06-01,6,1,Hong Kong Disneyland,Hong Kong,26817,78.9,109.82,3.63,2945042.94
2024-01-23,1,0,Tokyo Disneyland,Japón,48768,54.2,79.98,4.54,3900464.64
2024-05-23,5,0,Shanghai Disneyland,China,48553,60.7,92.87,4.45,4509117.11
2024-07-30,7,0,Disneyland Paris,Francia,55196,98.6,105.64,4.12,5830905.44
2024-06-08,6,1,Tokyo Disneyland,Japón,72820,80.9,99.69,4.59,7259425.8
2024-01-24,1,0,Magic Kingdom,EEUU,20596,25.7,160.01,5.0,3295565.96
2024-05-06,5,0,Shanghai Disneyland,China,42923,53.7,93.36,4.64,4007291.28
2024-12-13,12,0,Disneyland Park,EEUU,56946,81.4,177.76,4.67,10122720.96
2024-05-03,5,0,Shanghai Disneyland,China,71101,88.9,97.05,4.08,6900352.05
2024-03-16,3,1,Shanghai Disneyland,China,51791,64.7,118.55,3.98,6139823.05
2024-02-26,2,0,Disneyland Park,EEUU,31217,44.6,155.91,4.23,4867042.47
2024-05-06,5,0,Tokyo Disneyland,Japón,44922,49.9,82.42,4.82,3702471.24
2024-06-30,6,1,Tokyo Disneyland,Japón,60419,67.1,98.46,4.3,5948854.74
2024-06-07,6,0,Disneyland Paris,Francia,43855,78.3,94.15,3.89,4128948.25
2024-06-17,6,0,Shanghai Disneyland,China,42274,52.8,92.94,4.32,3928945.56
2024-01-08,1,0,Tokyo Disneyland,Japón,24768,27.5,80.3,4.98,1988870.4
2024-11-08,11,0,EPCOT,EEUU,35993,60.0,145.08,4.35,5221864.44
2024-07-13,7,1,Tokyo Disneyland,Japón,89100,99.0,98.32,4.45,8760312.0
2024-06-21,6,0,EPCOT,EEUU,28161,46.9,151.68,4.49,4271460.48
2024-05-28,5,0,Disneyland Paris,Francia,32083,57.3,94.24,4.02,3023501.92
2024-08-30,8,0,EPCOT,EEUU,40081,66.8,159.73,4.52,6402138.13
2024-12-30,12,0,Hong Kong Disneyland,Hong Kong,30972,91.1,91.01,3.84,2818761.72
2024-01-01,1,0,Tokyo Disneyland,Japón,37392,41.5,76.88,5.0,2874696.96
2024-07-15,7,0,Disneyland Park,EEUU,64282,91.8,171.92,4.34,11051361.44
2024-11-13,11,0,Magic Kingdom,EEUU,33346,41.7,154.67,4.82,5157625.82
2024-02-25,2,1,Tokyo Disneyland,Japón,56965,63.3,94.36,4.73,5375217.4
2024-10-14,10,0,Tokyo Disneyland,Japón,53643,59.6,78.68,4.28,4220631.24
2024-12-02,12,0,EPCOT,EEUU,44459,74.1,168.9,4.27,7509125.1
2024-03-30,3,1,Disneyland Park,EEUU,53864,76.9,189.16,4.78,10188914.24
2024-07-15,7,0,EPCOT,EEUU,47601,79.3,170.43,4.26,8112638.43
2024-07-29,7,0,Hong Kong Disneyland,Hong Kong,33261,97.8,96.62,3.86,3213677.82
2024-06-12,6,0,Tokyo Disneyland,Japón,61984,68.9,77.4,4.72,4797561.6
2024-11-23,11,1,EPCOT,EEUU,49646,82.7,196.44,4.15,9752460.24
2024-03-06,3,0,Disneyland Paris,Francia,31430,56.1,100.11,4.29,3146457.3
2024-10-02,10,0,Magic Kingdom,EEUU,60941,76.2,158.52,4.07,9660367.32
2024-10-11,10,0,Hong Kong Disneyland,Hong Kong,16379,48.2,85.94,4.2,1407611.26
2024-03-07,3,0,Shanghai Disneyland,China,48155,60.2,94.66,4.45,4558352.3
2024-01-29,1,0,Disneyland Park,EEUU,28573,40.8,153.22,4.79,4377955.06
2024-08-16,8,0,Magic Kingdom,EEUU,55749,69.7,183.47,4.72,10228269.03
2024-08-28,8,0,Disneyland Park,EEUU,68936,98.5,169.57,3.68,11689477.52
2024-04-24,4,0,Magic Kingdom,EEUU,26710,33.4,157.01,4.35,4193737.1
2024-01-10,1,0,EPCOT,EEUU,22684,37.8,147.55,4.01,3347024.2
2024-10-23,10,0,Hong Kong Disneyland,Hong Kong,19244,56.6,85.48,4.07,1644977.12
2024-05-21,5,0,Shanghai Disneyland,China,58085,72.6,92.15,4.04,5352532.75
2024-06-12,6,0,Magic Kingdom,EEUU,42236,52.8,160.45,4.93,6776766.2
2024-10-04,10,0,Shanghai Disneyland,China,56387,70.5,94.31,4.8,5317857.97
2024-08-10,8,1,Disneyland Park,EEUU,66902,95.6,196.63,4.38,13154940.26
2024-08-19,8,0,Tokyo Disneyland,Japón,86729,96.4,91.21,5.0,7910552.09
2024-04-04,4,0,EPCOT,EEUU,45049,75.1,146.31,3.82,6591119.19
2024-07-05,7,0,Shanghai Disneyland,China,58953,73.7,103.73,4.06,6115194.69
2024-05-06,5,0,Disneyland Park,EEUU,46972,67.1,155.09,4.9,7284887.48
2024-03-22,3,0,Magic Kingdom,EEUU,30696,38.4,161.94,4.62,4970910.24
2024-04-13,4,1,Magic Kingdom,EEUU,49683,62.1,201.39,4.25,10005659.37
2024-03-08,3,0,Shanghai Disneyland,China,46512,58.1,92.54,4.1,4304220.48
2024-01-04,1,0,Shanghai Disneyland,China,57485,71.9,92.52,3.98,5318512.2
2024-05-12,5,1,Shanghai Disneyland,China,70774,88.5,125.01,3.74,8847457.74
2024-01-07,1,1,Magic Kingdom,EEUU,53838,67.3,188.19,4.16,10131773.22
2024-06-25,6,0,Hong Kong Disneyland,Hong Kong,26751,78.7,86.75,3.47,2320649.25
2024-06-08,6,1,EPCOT,EEUU,36346,60.6,186.33,4.1,6772350.18
2024-11-23,11,1,Hong Kong Disneyland,Hong Kong,31059,91.4,109.3,3.71,3394748.7
2024-03-23,3,1,EPCOT,EEUU,58304,97.2,192.17,3.98,11204279.68
2024-06-28,6,0,Disneyland Paris,Francia,37688,67.3,99.39,4.04,3745810.32
2024-04-18,4,0,Shanghai Disneyland,China,54107,67.6,99.69,3.89,5393926.83
2024-05-26,5,1,Disneyland Park,EEUU,44121,63.0,191.77,4.33,8461084.17
2024-07-27,7,1,Shanghai Disneyland,China,79200,99.0,119.81,4.19,9488952.0
2024-08-26,8,0,Disneyland Park,EEUU,50791,72.6,168.64,4.44,8565394.24
2024-02-16,2,0,Magic Kingdom,EEUU,25978,32.5,166.06,4.53,4313906.68
2024-08-12,8,0,Magic Kingdom,EEUU,72977,91.2,179.11,4.3,13070910.47
2024-06-01,6,1,Magic Kingdom,EEUU,49157,61.4,204.47,4.55,10051131.79
2024-12-20,12,0,Tokyo Disneyland,Japón,62885,69.9,90.71,4.29,5704298.35
2024-04-06,4,1,Hong Kong Disneyland,Hong Kong,24390,71.7,105.64,4.08,2576559.6
2024-01-30,1,0,Magic Kingdom,EEUU,32942,41.2,165.84,4.67,5463101.28
2024-07-04,7,0,Disneyland Park,EEUU,69300,99.0,174.66,4.02,12103938.0
2024-06-14,6,0,Hong Kong Disneyland,Hong Kong,25421,74.8,83.83,3.86,2131042.43
2024-09-18,9,0,Disneyland Park,EEUU,48152,68.8,154.27,4.22,7428409.04
2024-05-02,5,0,Disneyland Park,EEUU,39002,55.7,161.33,4.42,6292192.66
2024-05-12,5,1,Hong Kong Disneyland,Hong Kong,25904,76.2,110.86,3.75,2871717.44
2024-10-12,10,1,Disneyland Paris,Francia,52390,93.6,124.14,3.59,6503694.6
2024-04-23,4,0,Disneyland Park,EEUU,41844,59.8,154.93,4.0,6482890.92
2024-12-13,12,0,Disneyland Paris,Francia,50123,89.5,107.14,3.73,5370178.22
2024-01-04,1,0,Disneyland Paris,Francia,24153,43.1,101.69,4.08,2456118.57
2024-01-25,1,0,EPCOT,EEUU,33245,55.4,148.3,4.4,4930233.5
2024-09-28,9,1,Disneyland Park,EEUU,58776,84.0,201.26,4.39,11829257.76
2024-09-10,9,0,Shanghai Disneyland,China,40971,51.2,99.58,3.77,4079892.18
2024-12-24,12,0,Disneyland Paris,Francia,46544,83.1,110.55,3.93,5145439.2
2024-06-29,6,1,Disneyland Paris,Francia,35378,63.2,123.69,4.0,4375904.82
2024-07-12,7,0,Magic Kingdom,EEUU,70116,87.6,182.79,4.29,12816503.64
2024-12-23,12,0,Hong Kong Disneyland,Hong Kong,21342,62.8,95.76,4.39,2043709.92
2024-02-06,2,0,EPCOT,EEUU,33023,55.0,150.42,4.01,4967319.66
2024-08-13,8,0,Shanghai Disneyland,China,57440,71.8,101.72,4.28,5842796.8
2024-07-13,7,1,Shanghai Disneyland,China,73810,92.3,123.13,3.93,9088225.3
2024-12-21,12,1,Tokyo Disneyland,Japón,86139,95.7,99.54,4.34,8574276.06
2024-10-29,10,0,Disneyland Park,EEUU,43463,62.1,156.44,4.82,6799351.72
2024-04-28,4,1,Tokyo Disneyland,Japón,50663,56.3,99.44,4.37,5037928.72
2024-02-03,2,1,Shanghai Disneyland,China,48097,60.1,114.58,3.96,5510954.26
2024-03-06,3,0,Magic Kingdom,EEUU,48804,61.0,161.94,4.4,7903319.76
2024-04-07,4,1,Hong Kong Disneyland,Hong Kong,21169,62.3,112.45,3.71,2380454.05
2024-11-05,11,0,Disneyland Paris,Francia,37561,67.1,95.18,3.35,3575055.98
2024-11-08,11,0,Disneyland Park,EEUU,50277,71.8,151.56,4.34,7619982.12
2024-10-30,10,0,Magic Kingdom,EEUU,57560,72.0,165.29,4.64,9514092.4
2024-10-26,10,1,Hong Kong Disneyland,Hong Kong,30099,88.5,105.45,3.74,3173939.55
2024-04-13,4,1,Hong Kong Disneyland,Hong Kong,26548,78.1,108.15,4.09,2871166.2
2024-12-27,12,0,Shanghai Disneyland,China,60955,76.2,104.25,4.02,6354558.75
2024-07-28,7,1,Shanghai Disneyland,China,79200,99.0,123.89,3.63,9812088.0
2024-04-05,4,0,Magic Kingdom,EEUU,41161,51.5,162.34,4.43,6682076.74
2024-01-30,1,0,Disneyland Paris,Francia,26566,47.4,101.66,3.83,2700699.56
2024-09-03,9,0,Tokyo Disneyland,Japón,55135,61.3,77.86,4.68,4292811.1
2024-08-25,8,1,Shanghai Disneyland,China,79200,99.0,119.75,3.86,9484200.0
2024-01-04,1,0,Disneyland Park,EEUU,29699,42.4,150.51,4.34,4469996.49
2024-07-29,7,0,EPCOT,EEUU,59400,99.0,165.55,4.26,9833670.0
2024-12-24,12,0,Hong Kong Disneyland,Hong Kong,27425,80.7,93.97,4.1,2577127.25
2024-04-20,4,1,Magic Kingdom,EEUU,58106,72.6,210.65,4.38,12240028.9
2024-05-07,5,0,Magic Kingdom,EEUU,56385,70.5,161.78,4.65,9121965.3
2024-11-27,11,0,Magic Kingdom,EEUU,59212,74.0,166.25,4.15,9843995.0
2024-07-17,7,0,Tokyo Disneyland,Japón,86474,96.1,85.9,4.75,7428116.6
2024-11-16,11,1,Hong Kong Disneyland,Hong Kong,29391,86.4,109.78,3.78,3226543.98
2024-07-04,7,0,Magic Kingdom,EEUU,67727,84.7,179.5,4.71,12156996.5
2024-12-10,12,0,Tokyo Disneyland,Japón,66490,73.9,89.06,4.53,5921599.4
2024-02-29,2,0,Disneyland Paris,Francia,28404,50.7,95.05,4.21,2699800.2
2024-06-02,6,1,Hong Kong Disneyland,Hong Kong,26633,78.3,112.38,4.03,2993016.54
2024-12-02,12,0,Magic Kingdom,EEUU,44757,55.9,183.38,5.0,8207538.66
2024-02-12,2,0,EPCOT,EEUU,31212,52.0,145.07,4.3,4527924.84
2024-01-05,1,0,Shanghai Disneyland,China,31967,40.0,92.45,4.04,2955349.15
2024-11-19,11,0,Tokyo Disneyland,Japón,68867,76.5,78.79,4.84,5426030.93
2024-03-27,3,0,Disneyland Paris,Francia,34228,61.1,94.97,3.82,3250633.16
2024-12-20,12,0,Shanghai Disneyland,China,67872,84.8,101.62,3.93,6897152.64
2024-10-07,10,0,Disneyland Park,EEUU,50757,72.5,155.25,4.18,7880024.25
2024-02-12,2,0,Shanghai Disneyland,China,35767,44.7,98.52,4.16,3523764.84
2024-01-07,1,1,Disneyland Park,EEUU,20052,28.6,176.0,4.63,3529152.0
2024-05-25,5,1,Magic Kingdom,EEUU,70195,87.7,208.26,4.34,14618810.7
2024-07-23,7,0,Disneyland Park,EEUU,54725,78.2,165.36,4.02,9049326.0
2024-10-08,10,0,Shanghai Disneyland,China,47374,59.2,95.86,3.87,4541271.64
2024-04-04,4,0,Magic Kingdom,EEUU,65018,81.3,154.52,4.72,10046581.36
2024-11-05,11,0,Magic Kingdom,EEUU,51145,63.9,155.33,4.77,7944352.85
2024-12-24,12,0,Disneyland Park,EEUU,40063,57.2,166.61,4.93,6674896.43
2024-05-13,5,0,EPCOT,EEUU,31705,52.8,149.09,4.39,4726898.45
2024-12-03,12,0,Shanghai Disneyland,China,62347,77.9,102.14,3.96,6368122.58
2024-05-04,5,1,Disneyland Park,EEUU,55766,79.7,199.88,4.28,11146508.08
2024-11-08,11,0,Shanghai Disneyland,China,44731,55.9,97.73,4.19,4371560.63
2024-08-30,8,0,Magic Kingdom,EEUU,58957,73.7,171.51,4.56,10111715.07
2024-08-17,8,1,Disneyland Paris,Francia,42232,75.4,119.17,3.6,5032787.44
2024-10-11,10,0,EPCOT,EEUU,42895,71.5,156.41,4.31,6709206.95
2024-12-27,12,0,Disneyland Park,EEUU,69300,99.0,172.32,4.18,11941776.0
2024-09-13,9,0,Shanghai Disneyland,China,67743,84.7,99.19,4.17,6719428.17
2024-11-28,11,0,EPCOT,EEUU,26927,44.9,145.84,4.45,3927033.68
2024-06-03,6,0,Disneyland Park,EEUU,57676,82.4,153.41,4.22,8848075.16
2024-01-30,1,0,Hong Kong Disneyland,Hong Kong,12256,36.0,85.35,3.79,1046049.6
2024-07-03,7,0,Tokyo Disneyland,Japón,76864,85.4,90.72,4.64,6973102.08
2024-08-22,8,0,Disneyland Paris,Francia,53835,96.1,108.35,4.19,5833022.25
2024-06-07,6,0,Disneyland Park,EEUU,50590,72.3,159.56,4.54,8072140.4
2024-11-01,11,0,Tokyo Disneyland,Japón,57656,64.1,78.85,4.9,4546175.6
2024-06-21,6,0,Disneyland Park,EEUU,51317,73.3,156.25,4.51,8018281.25
2024-06-27,6,0,Disneyland Paris,Francia,33516,59.9,97.62,3.78,3271831.92
2024-01-29,1,0,Shanghai Disneyland,China,28413,35.5,95.3,4.46,2707758.9
2024-12-02,12,0,Hong Kong Disneyland,Hong Kong,21643,63.7,94.93,3.91,2054569.99
2024-11-20,11,0,Disneyland Paris,Francia,35541,63.5,96.74,3.93,3438236.34
2024-04-11,4,0,Shanghai Disneyland,China,50426,63.0,97.86,4.34,4934688.36
2024-08-13,8,0,EPCOT,EEUU,48083,80.1,161.35,4.05,7758192.05
2024-09-04,9,0,Tokyo Disneyland,Japón,65623,72.9,78.1,4.5,5125156.3
2024-10-30,10,0,Disneyland Park,EEUU,35290,50.4,155.85,4.41,5499946.5
2024-01-19,1,0,Shanghai Disneyland,China,29797,37.2,96.44,4.53,2873622.68
2024-10-16,10,0,Disneyland Paris,Francia,35911,64.1,100.27,3.54,3600795.97
2024-10-16,10,0,EPCOT,EEUU,36649,61.1,145.77,4.25,5342324.73
2024-04-25,4,0,Shanghai Disneyland,China,33525,41.9,97.85,4.12,3280421.25
2024-11-19,11,0,Disneyland Park,EEUU,35317,50.5,150.81,4.56,5326156.77
2024-08-15,8,0,Disneyland Park,EEUU,67510,96.4,169.35,4.15,11432818.5
2024-01-10,1,0,Tokyo Disneyland,Japón,29924,33.2,79.16,5.0,2368783.84
2024-01-29,1,0,Tokyo Disneyland,Japón,33247,36.9,81.61,5.0,2713287.67
2024-03-22,3,0,Tokyo Disneyland,Japón,58412,64.9,82.55,4.42,4821910.6
2024-12-20,12,0,Magic Kingdom,EEUU,54270,67.8,182.12,3.91,9883652.4
2024-02-08,2,0,Tokyo Disneyland,Japón,38498,42.8,80.35,4.87,3093314.3
2024-12-11,12,0,Hong Kong Disneyland,Hong Kong,29098,85.6,94.04,3.66,2736375.92
2024-08-11,8,1,Disneyland Park,EEUU,67576,96.5,198.29,3.73,13399645.04
2024-11-22,11,0,Hong Kong Disneyland,Hong Kong,17477,51.4,82.45,3.81,1440978.65
2024-01-03,1,0,EPCOT,EEUU,39879,66.5,146.18,4.06,5829512.22
2024-07-16,7,0,Hong Kong Disneyland,Hong Kong,26282,77.3,93.84,3.92,2466302.88
2024-11-23,11,1,Shanghai Disneyland,China,58045,72.6,117.69,3.65,6831316.05
2024-07-27,7,1,Disneyland Paris,Francia,55440,99.0,122.43,3.87,6787519.2
2024-03-31,3,1,Tokyo Disneyland,Japón,60474,67.2,98.15,4.7,5935523.1
2024-02-21,2,0,EPCOT,EEUU,27565,45.9,154.54,4.33,4259895.1
2024-09-22,9,1,Tokyo Disneyland,Japón,65759,73.1,97.44,4.59,6407556.96
2024-06-25,6,0,Magic Kingdom,EEUU,39695,49.6,155.92,4.86,6189244.4
2024-11-14,11,0,EPCOT,EEUU,39571,66.0,152.06,4.29,6017166.26
2024-06-21,6,0,Shanghai Disneyland,China,65254,81.6,96.99,4.63,6328985.46
2024-12-11,12,0,EPCOT,EEUU,37865,63.1,164.51,4.1,6229171.15
2024-05-02,5,0,Magic Kingdom,EEUU,44363,55.5,163.72,4.52,7263110.36
2024-03-13,3,0,Disneyland Park,EEUU,48628,69.5,159.82,4.34,7771726.96
2024-11-06,11,0,Disneyland Paris,Francia,39001,69.6,97.77,3.69,3813127.77
2024-02-25,2,1,Disneyland Paris,Francia,35666,63.7,110.26,4.21,3932533.16
2024-09-19,9,0,Shanghai Disneyland,China,49343,61.7,97.4,3.97,4806008.2
2024-10-15,10,0,Disneyland Paris,Francia,38678,69.1,99.36,4.07,3843046.08
2024-01-29,1,0,Disneyland Paris,Francia,29653,53.0,97.03,3.82,2877230.59
2024-04-04,4,0,Disneyland Paris,Francia,38437,68.6,98.13,3.91,3771822.81
2024-05-04,5,1,Disneyland Paris,Francia,41904,74.8,126.12,3.76,5284932.48
2024-12-27,12,0,Disneyland Paris,Francia,36107,64.5,106.11,3.98,3831313.77
2024-12-10,12,0,Shanghai Disneyland,China,55560,69.5,102.01,4.47,5667675.6
2024-04-20,4,1,Tokyo Disneyland,Japón,75899,84.3,102.01,5.0,7742456.99
2024-06-29,6,1,Tokyo Disneyland,Japón,68544,76.2,101.17,4.38,6934596.48
2024-04-06,4,1,Shanghai Disneyland,China,61361,76.7,120.69,4.13,7405659.09
2024-11-25,11,0,Shanghai Disneyland,China,58748,73.4,92.73,3.86,5447702.04
2024-08-20,8,0,Disneyland Park,EEUU,67877,97.0,164.95,4.33,11196311.15
2024-01-27,1,1,Hong Kong Disneyland,Hong Kong,16190,47.6,102.0,4.15,1651380.0
2024-11-06,11,0,Shanghai Disneyland,China,45298,56.6,94.55,3.98,4282925.9
2024-12-18,12,0,EPCOT,EEUU,48353,80.6,166.86,4.0,8068181.58
2024-03-22,3,0,Disneyland Paris,Francia,41109,73.4,95.89,3.15,3941942.01
2024-07-03,7,0,Disneyland Park,EEUU,61829,88.3,167.02,3.76,10326679.58
2024-12-10,12,0,Magic Kingdom,EEUU,61303,76.6,174.73,4.37,10711473.19
2024-05-07,5,0,EPCOT,EEUU,38565,64.3,150.1,4.49,5788606.5
2024-10-04,10,0,Magic Kingdom,EEUU,53245,66.6,166.23,4.89,8850916.35
2024-04-03,4,0,EPCOT,EEUU,35129,58.5,152.2,4.08,5346633.8
2024-09-28,9,1,Shanghai Disneyland,China,53563,67.0,119.12,4.42,6380424.56
2024-02-05,2,0,Tokyo Disneyland,Japón,56394,62.7,79.78,4.71,4499113.32
2024-08-15,8,0,Hong Kong Disneyland,Hong Kong,22778,67.0,92.16,3.69,2099220.48
2024-08-30,8,0,Hong Kong Disneyland,Hong Kong,27757,81.6,93.15,3.78,2585564.55
2024-04-28,4,1,Hong Kong Disneyland,Hong Kong,24662,72.5,107.52,4.17,2651658.24
2024-01-27,1,1,Disneyland Paris,Francia,31797,56.8,110.23,4.21,3504983.31
2024-05-25,5,1,Disneyland Park,EEUU,42685,61.0,200.85,4.28,8573282.25
2024-11-01,11,0,EPCOT,EEUU,41922,69.9,147.13,4.39,6167983.86
2024-07-12,7,0,EPCOT,EEUU,40223,67.0,161.14,4.19,6481534.22
2024-02-07,2,0,EPCOT,EEUU,15265,25.4,150.96,4.55,2304404.4
2024-06-22,6,1,EPCOT,EEUU,53983,90.0,183.78,4.18,9920995.74
2024-02-27,2,0,Hong Kong Disneyland,Hong Kong,13323,39.2,87.73,3.88,1168826.79
2024-03-01,3,0,Hong Kong Disneyland,Hong Kong,20320,59.8,82.75,4.26,1681480.0
2024-11-28,11,0,Disneyland Park,EEUU,52624,75.2,160.04,4.18,8421944.96
2024-03-22,3,0,EPCOT,EEUU,33482,55.8,155.89,4.57,5219508.98
2024-01-24,1,0,Disneyland Paris,Francia,42099,75.2,100.25,3.83,4220424.75
2024-08-27,8,0,Disneyland Paris,Francia,39945,71.3,106.29,3.79,4245754.05
2024-02-07,2,0,Hong Kong Disneyland,Hong Kong,14554,42.8,87.94,3.97,1279878.76
2024-10-18,10,0,Hong Kong Disneyland,Hong Kong,19635,57.8,85.82,4.28,1685075.7
2024-06-12,6,0,Disneyland Park,EEUU,55678,79.5,153.04,4.28,8520961.12
2024-02-16,2,0,EPCOT,EEUU,30188,50.3,146.79,4.22,4431296.52
2024-10-15,10,0,Tokyo Disneyland,Japón,76906,85.5,82.59,4.81,6351666.54
2024-12-12,12,0,Shanghai Disneyland,China,52821,66.0,106.43,4.27,5621739.03
2024-12-10,12,0,Disneyland Paris,Francia,37830,67.6,108.3,3.9,4096989.0
2024-08-16,8,0,Shanghai Disneyland,China,64109,80.1,102.34,4.06,6560915.06
2024-10-12,10,1,Shanghai Disneyland,China,58631,73.3,125.57,3.77,7362294.67
2024-03-18,3,0,Hong Kong Disneyland,Hong Kong,14731,43.3,88.04,3.68,1296917.24
2024-11-18,11,0,Magic Kingdom,EEUU,41191,51.5,160.71,4.52,6619805.61
2024-06-16,6,1,Magic Kingdom,EEUU,58278,72.8,203.65,4.23,11868314.7
2024-02-11,2,1,Disneyland Park,EEUU,37011,52.9,185.0,4.16,6847035.0
2024-05-04,5,1,Tokyo Disneyland,Japón,80138,89.0,97.13,4.19,7783803.94
2024-01-01,1,0,EPCOT,EEUU,23897,39.8,155.1,4.43,3706424.7
2024-01-23,1,0,Magic Kingdom,EEUU,44855,56.1,154.3,4.57,6921126.5
2024-05-16,5,0,Shanghai Disneyland,China,70013,87.5,97.05,4.09,6794761.65
2024-12-15,12,1,Disneyland Park,EEUU,66879,95.5,195.41,4.12,13068825.39
2024-07-02,7,0,Hong Kong Disneyland,Hong Kong,33660,99.0,95.1,4.25,3201066.0
2024-11-17,11,1,Magic Kingdom,EEUU,61022,76.3,197.51,4.6,12052455.22
2024-10-10,10,0,Disneyland Paris,Francia,34978,62.5,99.91,4.44,3494651.98
2024-10-10,10,0,Disneyland Park,EEUU,48743,69.6,152.54,3.92,7435257.22
2024-11-01,11,0,Magic Kingdom,EEUU,49140,61.4,154.65,4.4,7599501.0
2024-09-12,9,0,Disneyland Paris,Francia,29395,52.5,97.21,4.24,2857487.95
2024-11-25,11,0,Disneyland Park,EEUU,40271,57.5,150.39,4.59,6056355.69
2024-03-30,3,1,Magic Kingdom,EEUU,70257,87.8,201.35,3.75,14146246.95
2024-10-30,10,0,EPCOT,EEUU,34342,57.2,155.83,4.01,5351513.86
2024-08-13,8,0,Disneyland Park,EEUU,60116,85.9,165.83,3.77,9969036.28
2024-09-05,9,0,Disneyland Paris,Francia,30638,54.7,97.59,3.54,2989962.42
2024-12-06,12,0,Disneyland Park,EEUU,55811,79.7,171.36,4.5,9563772.96
2024-10-08,10,0,Tokyo Disneyland,Japón,45979,51.1,82.8,4.84,3807061.2
2024-05-07,5,0,Shanghai Disneyland,China,31556,39.4,99.27,4.07,3132564.12
2024-12-02,12,0,Shanghai Disneyland,China,63686,79.6,109.08,4.57,6946868.88
2024-09-05,9,0,Tokyo Disneyland,Japón,56760,63.1,79.59,4.95,4517528.4
2024-11-20,11,0,Magic Kingdom,EEUU,30620,38.3,166.5,4.94,5098230.0
2024-03-08,3,0,Disneyland Park,EEUU,29651,42.4,155.95,4.84,4624073.45
2024-05-05,5,1,Tokyo Disneyland,Japón,64681,71.9,97.11,4.43,6281171.91
2024-10-14,10,0,Hong Kong Disneyland,Hong Kong,16810,49.4,87.41,3.55,1469362.1
2024-10-23,10,0,Disneyland Park,EEUU,32399,46.3,156.39,4.02,5066879.61
2024-05-19,5,1,Disneyland Park,EEUU,59749,85.4,200.82,4.24,11998794.18
2024-10-05,10,1,Disneyland Paris,Francia,36252,64.7,124.08,3.89,4498148.16
2024-09-11,9,0,EPCOT,EEUU,43744,72.9,155.45,4.31,6800004.8
2024-07-05,7,0,Hong Kong Disneyland,Hong Kong,21630,63.6,93.18,3.81,2015483.4
2024-05-02,5,0,Tokyo Disneyland,Japón,55238,61.4,78.54,5.0,4338392.52
2024-05-03,5,0,Disneyland Park,EEUU,54158,77.4,155.25,4.36,8408029.5
2024-09-15,9,1,Tokyo Disneyland,Japón,45972,51.1,99.96,4.2,4595361.12
2024-10-09,10,0,Magic Kingdom,EEUU,56030,70.0,166.92,4.47,9352527.6
2024-10-10,10,0,EPCOT,EEUU,38806,64.7,152.56,4.53,5920243.36
2024-09-04,9,0,Disneyland Park,EEUU,36839,52.6,156.92,4.35,5780775.88
2024-12-21,12,1,Disneyland Park,EEUU,69300,99.0,200.43,4.2,13889799.0
2024-09-05,9,0,EPCOT,EEUU,36179,60.3,144.93,3.98,5243422.47
2024-10-26,10,1,Shanghai Disneyland,China,71558,89.4,118.68,3.59,8492503.44
2024-10-02,10,0,Hong Kong Disneyland,Hong Kong,15196,44.7,85.05,3.65,1292419.8
2024-10-31,10,0,Disneyland Paris,Francia,26033,46.5,98.76,3.91,2571019.08
2024-09-29,9,1,Disneyland Paris,Francia,36685,65.5,120.22,4.11,4410270.7
2024-12-16,12,0,Shanghai Disneyland,China,74373,93.0,103.48,4.19,7696118.04
2024-12-12,12,0,Tokyo Disneyland,Japón,64810,72.0,90.66,4.61,5875674.6
2024-12-04,12,0,Disneyland Paris,Francia,43126,77.0,107.94,3.84,4655020.44
2024-06-02,6,1,Tokyo Disneyland,Japón,76205,84.7,99.92,4.83,7614403.6
2024-05-05,5,1,EPCOT,EEUU,45517,75.9,185.02,3.77,8421555.34
2024-07-16,7,0,Tokyo Disneyland,Japón,72070,80.1,88.3,4.47,6363781.0
2024-12-03,12,0,EPCOT,EEUU,42366,70.6,161.07,3.86,6823891.62
2024-04-21,4,1,Disneyland Paris,Francia,47157,84.2,127.25,4.47,6000728.25
2024-05-12,5,1,Disneyland Park,EEUU,56700,81.0,202.03,4.19,11455101.0
2024-04-24,4,0,Disneyland Paris,Francia,41696,74.5,98.55,4.01,4109140.8
2024-08-09,8,0,Disneyland Paris,Francia,33517,59.9,107.67,4.04,3608775.39
2024-09-06,9,0,Hong Kong Disneyland,Hong Kong,24187,71.1,84.54,3.66,2044768.98
2024-08-22,8,0,Magic Kingdom,EEUU,61155,76.4,179.89,4.57,11001172.95
2024-04-14,4,1,Hong Kong Disneyland,Hong Kong,22034,64.8,110.54,3.95,2435638.36
2024-07-27,7,1,Disneyland Park,EEUU,67617,96.6,203.16,3.87,13737069.72
2024-04-19,4,0,EPCOT,EEUU,47697,79.5,155.3,4.02,7407344.1
2024-08-25,8,1,Tokyo Disneyland,Japón,88365,98.2,100.72,4.57,8900122.8
2024-05-24,5,0,Hong Kong Disneyland,Hong Kong,16658,49.0,87.61,4.54,1459407.38
2024-12-04,12,0,Hong Kong Disneyland,Hong Kong,25395,74.7,92.01,3.85,2336593.95
2024-10-14,10,0,Disneyland Park,EEUU,42845,61.2,161.03,4.76,6899330.35
2024-04-06,4,1,EPCOT,EEUU,47219,78.7,182.94,4.19,8638243.86
2024-01-18,1,0,Tokyo Disneyland,Japón,28690,31.9,77.21,4.63,2215154.9
2024-07-17,7,0,Shanghai Disneyland,China,70890,88.6,101.76,4.01,7213766.4
2024-04-22,4,0,Disneyland Paris,Francia,32374,57.8,101.45,4.03,3284342.3
2024-09-06,9,0,Tokyo Disneyland,Japón,64738,71.9,81.39,4.46,5269025.82
2024-05-24,5,0,Magic Kingdom,EEUU,50206,62.8,160.12,4.81,8038984.72
2024-06-17,6,0,Disneyland Park,EEUU,31196,44.6,149.94,4.17,4677528.24
2024-11-17,11,1,Disneyland Park,EEUU,52147,74.5,196.26,4.26,10234370.22
2024-10-25,10,0,Magic Kingdom,EEUU,32281,40.4,160.02,4.78,5165605.62
2024-06-24,6,0,Disneyland Park,EEUU,45365,64.8,159.39,4.27,7230727.35
2024-11-13,11,0,Disneyland Park,EEUU,50776,72.5,159.4,4.24,8093694.4
2024-07-22,7,0,Disneyland Park,EEUU,69300,99.0,170.48,3.72,11814264.0
2024-02-08,2,0,Disneyland Paris,Francia,35144,62.8,94.49,4.34,3320756.56
2024-03-20,3,0,Magic Kingdom,EEUU,53910,67.4,161.54,4.31,8708621.4
2024-06-02,6,1,Disneyland Paris,Francia,55440,99.0,121.12,3.54,6714892.8
2024-06-19,6,0,Disneyland Park,EEUU,49016,70.0,154.14,4.09,7555326.24
2024-03-20,3,0,Shanghai Disneyland,China,45432,56.8,99.43,4.09,4517303.76
2024-05-27,5,0,Disneyland Paris,Francia,35082,62.6,99.57,4.81,3493114.74
2024-12-03,12,0,Disneyland Paris,Francia,45555,81.3,107.76,4.38,4909006.8
2024-09-03,9,0,Disneyland Park,EEUU,37014,52.9,157.35,4.5,5824152.9
2024-07-18,7,0,Hong Kong Disneyland,Hong Kong,19252,56.6,93.06,3.86,1791591.12
2024-05-04,5,1,Shanghai Disneyland,China,66515,83.1,122.65,3.55,8158064.75
2024-12-11,12,0,Disneyland Paris,Francia,40238,71.9,109.24,4.08,4395599.12
2024-04-29,4,0,Disneyland Paris,Francia,31250,55.8,100.6,3.96,3143750.0
2024-07-04,7,0,EPCOT,EEUU,48972,81.6,168.27,4.28,8240518.44
2024-11-10,11,1,Disneyland Park,EEUU,58745,83.9,191.11,4.28,11226756.95
2024-05-21,5,0,Tokyo Disneyland,Japón,49238,54.7,78.18,4.93,3849426.84
2024-05-12,5,1,Tokyo Disneyland,Japón,60471,67.2,104.18,4.94,6299868.78
2024-01-19,1,0,Magic Kingdom,EEUU,38910,48.6,161.06,4.6,6266844.6
2024-06-03,6,0,Hong Kong Disneyland,Hong Kong,17172,50.5,86.9,4.24,1492246.8
2024-11-17,11,1,EPCOT,EEUU,45973,76.6,185.57,4.36,8531209.61
2024-03-23,3,1,Magic Kingdom,EEUU,49220,61.5,198.51,4.56,9770662.2
2024-04-10,4,0,Shanghai Disneyland,China,38806,48.5,92.89,4.45,3604689.34
2024-07-29,7,0,Magic Kingdom,EEUU,63438,79.3,175.9,4.72,11158744.2
2024-07-25,7,0,Hong Kong Disneyland,Hong Kong,33406,98.3,97.21,3.38,3247397.26
2024-06-29,6,1,Shanghai Disneyland,China,58050,72.6,122.63,3.98,7118671.5
2024-05-30,5,0,Disneyland Park,EEUU,38704,55.3,159.0,4.52,6153936.0
2024-02-07,2,0,Tokyo Disneyland,Japón,30554,33.9,81.09,4.46,2477623.86
2024-01-26,1,0,EPCOT,EEUU,27808,46.3,153.37,4.67,4264912.96
2024-07-25,7,0,EPCOT,EEUU,59400,99.0,168.84,4.31,10029096.0
2024-01-07,1,1,Shanghai Disneyland,China,48438,60.5,110.81,3.99,5367414.78
2024-07-17,7,0,Disneyland Park,EEUU,63115,90.2,175.77,4.11,11093723.55
2024-02-12,2,0,Hong Kong Disneyland,Hong Kong,18332,53.9,83.27,3.92,1526505.64
2024-10-29,10,0,EPCOT,EEUU,37166,61.9,154.89,4.38,5756641.74
2024-03-18,3,0,Magic Kingdom,EEUU,51483,64.4,157.68,4.31,8117839.44
2024-03-01,3,0,EPCOT,EEUU,52722,87.9,153.87,4.37,8112334.14
2024-03-24,3,1,Shanghai Disneyland,China,66392,83.0,119.68,3.72,7945794.56
2024-03-19,3,0,Hong Kong Disneyland,Hong Kong,26425,77.7,84.35,3.87,2228948.75
2024-04-26,4,0,Tokyo Disneyland,Japón,53789,59.8,82.38,4.51,4431137.82
2024-10-30,10,0,Disneyland Paris,Francia,33605,60.0,101.84,4.05,3422333.2
2024-08-19,8,0,Magic Kingdom,EEUU,68468,85.6,174.88,4.6,11973683.84
2024-08-06,8,0,EPCOT,EEUU,59400,99.0,167.81,3.96,9967914.0
2024-10-26,10,1,Tokyo Disneyland,Japón,73858,82.1,102.08,4.38,7539424.64
2024-05-05,5,1,Disneyland Paris,Francia,41524,74.2,121.9,4.24,5061775.6
2024-08-16,8,0,Tokyo Disneyland,Japón,79223,88.0,86.74,4.11,6871803.02
2024-10-02,10,0,Disneyland Park,EEUU,55984,80.0,158.62,4.21,8880182.08
2024-04-14,4,1,Disneyland Park,EEUU,69300,99.0,189.49,4.13,13131657.0
2024-01-12,1,0,EPCOT,EEUU,23253,38.8,151.72,4.07,3527945.16
2024-01-04,1,0,Magic Kingdom,EEUU,29639,37.0,163.52,5.0,4846569.28
2024-08-21,8,0,Tokyo Disneyland,Japón,70337,78.2,89.07,4.78,6264916.59
2024-07-28,7,1,Magic Kingdom,EEUU,71279,89.1,200.12,3.96,14264353.48
2024-04-07,4,1,Disneyland Park,EEUU,60860,86.9,197.51,3.96,12020458.6
2024-03-18,3,0,EPCOT,EEUU,49365,82.3,147.28,4.34,7270477.2
2024-02-05,2,0,Shanghai Disneyland,China,35772,44.7,95.93,4.15,3431607.96
2024-05-27,5,0,Magic Kingdom,EEUU,61997,77.5,159.16,3.51,9867442.52
2024-02-09,2,0,Hong Kong Disneyland,Hong Kong,20829,61.3,85.99,4.2,1791085.71
2024-06-02,6,1,Magic Kingdom,EEUU,53312,66.6,204.17,4.81,10884711.04
2024-07-29,7,0,Shanghai Disneyland,China,58644,73.3,103.0,3.28,6040332.0
2024-06-21,6,0,Disneyland Paris,Francia,27729,49.5,97.53,4.24,2704409.37
2024-03-11,3,0,EPCOT,EEUU,36397,60.7,155.27,4.49,5651362.19
2024-05-20,5,0,Shanghai Disneyland,China,59679,74.6,98.03,4.0,5850332.37
2024-03-04,3,0,EPCOT,EEUU,31127,51.9,149.34,4.36,4648506.18
2024-07-17,7,0,EPCOT,EEUU,55725,92.9,167.1,3.73,9311647.5
2024-09-10,9,0,EPCOT,EEUU,43749,72.9,155.1,4.02,6785469.9
2024-10-25,10,0,EPCOT,EEUU,33575,56.0,151.93,4.12,5101049.75
2024-04-02,4,0,Magic Kingdom,EEUU,55327,69.2,165.44,4.62,9153298.88
2024-12-30,12,0,Disneyland Paris,Francia,42158,75.3,110.29,4.28,4649605.82
2024-06-06,6,0,Disneyland Paris,Francia,44793,80.0,98.74,3.94,4422860.82
2024-02-26,2,0,Disneyland Paris,Francia,29492,52.7,101.6,4.09,2996387.2
2024-07-14,7,1,EPCOT,EEUU,56205,93.7,195.99,4.08,11015617.95
2024-02-07,2,0,Shanghai Disneyland,China,28130,35.2,92.73,4.97,2608494.9
2024-01-31,1,0,Magic Kingdom,EEUU,31755,39.7,160.19,4.94,5086833.45
2024-11-13,11,0,Tokyo Disneyland,Japón,59916,66.6,76.81,4.39,4602147.96
2024-05-22,5,0,EPCOT,EEUU,36591,61.0,147.81,4.12,5408515.71
2024-03-22,3,0,Disneyland Park,EEUU,47686,68.1,150.88,4.58,7194863.68
2024-05-17,5,0,Disneyland Park,EEUU,43579,62.3,160.55,4.48,6996608.45
2024-10-27,10,1,Disneyland Park,EEUU,52248,74.6,196.2,3.97,10251057.6
2024-08-12,8,0,Disneyland Park,EEUU,53094,75.8,172.17,4.53,9141193.98
2024-04-22,4,0,Shanghai Disneyland,China,41809,52.3,93.93,4.36,3927119.37
2024-10-10,10,0,Hong Kong Disneyland,Hong Kong,19245,56.6,88.83,4.46,1709533.35
2024-07-17,7,0,Hong Kong Disneyland,Hong Kong,25859,76.1,97.42,3.41,2519183.78
2024-07-18,7,0,Disneyland Paris,Francia,43926,78.4,107.92,3.82,4740493.92
2024-10-10,10,0,Tokyo Disneyland,Japón,57422,63.8,82.05,4.18,4711475.1
2024-11-14,11,0,Disneyland Paris,Francia,40316,72.0,95.22,4.22,3838889.52
2024-08-08,8,0,Shanghai Disneyland,China,68141,85.2,108.16,4.23,7370130.56
2024-02-08,2,0,Disneyland Park,EEUU,32883,47.0,160.51,4.51,5278050.33
2024-01-06,1,1,Hong Kong Disneyland,Hong Kong,24020,70.6,99.21,3.97,2383024.2
2024-05-28,5,0,Shanghai Disneyland,China,48522,60.7,98.82,4.37,4794944.04
2024-04-11,4,0,Tokyo Disneyland,Japón,45280,50.3,78.24,4.89,3542707.2
2024-10-17,10,0,Disneyland Park,EEUU,34090,48.7,151.0,4.89,5147590.0
2024-10-23,10,0,EPCOT,EEUU,45410,75.7,149.99,4.8,6811045.9
2024-12-24,12,0,Shanghai Disneyland,China,79200,99.0,108.99,3.9,8632008.0
2024-10-07,10,0,Tokyo Disneyland,Japón,44523,49.5,78.99,4.88,3516871.77
2024-01-18,1,0,Magic Kingdom,EEUU,37930,47.4,157.08,4.69,5958044.4
2024-10-01,10,0,Shanghai Disneyland,China,57756,72.2,92.46,3.99,5340119.76
2024-06-25,6,0,EPCOT,EEUU,35726,59.5,155.72,4.3,5563252.72
2024-04-22,4,0,Tokyo Disneyland,Japón,71267,79.2,80.67,4.48,5749108.89
2024-10-02,10,0,Tokyo Disneyland,Japón,63552,70.6,79.02,4.48,5021879.04
2024-05-28,5,0,Hong Kong Disneyland,Hong Kong,15239,44.8,84.87,4.27,1293333.93
2024-02-15,2,0,Disneyland Paris,Francia,32138,57.4,98.52,4.13,3166235.76
2024-01-03,1,0,Hong Kong Disneyland,Hong Kong,16560,48.7,85.96,4.23,1423497.6
2024-03-08,3,0,Magic Kingdom,EEUU,70621,88.3,166.3,3.96,11744272.3
2024-04-27,4,1,Shanghai Disneyland,China,60517,75.6,121.54,4.18,7355236.18
2024-03-19,3,0,Disneyland Park,EEUU,41412,59.2,159.09,4.31,6588235.08
2024-09-13,9,0,Disneyland Park,EEUU,55450,79.2,154.93,4.59,8590868.5
2024-01-31,1,0,Shanghai Disneyland,China,31749,39.7,97.87,4.31,3107274.63
2024-06-13,6,0,Magic Kingdom,EEUU,41772,52.2,158.5,4.34,6620862.0
2024-01-04,1,0,Hong Kong Disneyland,Hong Kong,15817,46.5,86.12,4.3,1362160.04
2024-05-05,5,1,Disneyland Park,EEUU,62493,89.3,192.26,4.47,12014904.18
2024-10-28,10,0,Disneyland Paris,Francia,30054,53.7,101.32,3.77,3045071.28
2024-08-16,8,0,Hong Kong Disneyland,Hong Kong,27558,81.1,94.13,3.77,2594034.54
2024-10-31,10,0,Disneyland Park,EEUU,37581,53.7,155.7,4.5,5851361.7
2024-06-08,6,1,Shanghai Disneyland,China,39305,49.1,116.7,4.02,4586893.5
2024-09-07,9,1,Magic Kingdom,EEUU,61193,76.5,207.07,4.36,12671234.51
2024-11-16,11,1,EPCOT,EEUU,41796,69.7,193.4,4.24,8083346.4
2024-04-22,4,0,Disneyland Park,EEUU,33988,48.6,153.58,4.46,5219877.04
2024-12-21,12,1,EPCOT,EEUU,59400,99.0,193.03,3.98,11465982.0
2024-05-13,5,0,Magic Kingdom,EEUU,33316,41.6,157.03,4.56,5231611.48
2024-07-03,7,0,Shanghai Disneyland,China,71084,88.9,101.42,4.31,7209339.28
2024-02-06,2,0,Magic Kingdom,EEUU,28571,35.7,163.54,4.47,4672501.34
2024-07-11,7,0,Disneyland Park,EEUU,59942,85.6,169.07,4.83,10134393.94
2024-05-16,5,0,Hong Kong Disneyland,Hong Kong,27078,79.6,83.84,3.92,2270219.52
2024-10-27,10,1,EPCOT,EEUU,49831,83.1,191.46,3.35,9540643.26
2024-12-07,12,1,Tokyo Disneyland,Japón,79043,87.8,102.31,4.74,8086889.33
2024-04-11,4,0,Hong Kong Disneyland,Hong Kong,28540,83.9,83.09,4.31,2371388.6
2024-07-30,7,0,Tokyo Disneyland,Japón,62750,69.7,85.14,4.77,5342535.0
2024-04-04,4,0,Shanghai Disneyland,China,43471,54.3,92.63,3.92,4026718.73
2024-11-14,11,0,Disneyland Park,EEUU,51952,74.2,151.84,3.63,7888391.68
2024-06-16,6,1,Disneyland Park,EEUU,51512,73.6,195.35,4.29,10062869.2
2024-05-24,5,0,Shanghai Disneyland,China,43899,54.9,97.71,4.0,4289371.29
2024-02-21,2,0,Magic Kingdom,EEUU,35076,43.8,157.83,4.68,5536045.08
2024-01-05,1,0,Magic Kingdom,EEUU,46537,58.2,166.24,4.9,7736310.88
2024-09-25,9,0,Magic Kingdom,EEUU,36323,45.4,159.16,4.32,5781168.68
2024-04-02,4,0,Tokyo Disneyland,Japón,63214,70.2,79.94,4.06,5053327.16
2024-08-22,8,0,EPCOT,EEUU,53041,88.4,159.87,3.5,8479664.67
2024-02-27,2,0,Disneyland Paris,Francia,34205,61.1,101.48,4.28,3471123.4
2024-07-03,7,0,Disneyland Paris,Francia,40153,71.7,111.6,3.81,4481074.8
2024-08-28,8,0,Tokyo Disneyland,Japón,65991,73.3,88.17,4.29,5818426.47
2024-03-19,3,0,Magic Kingdom,EEUU,49407,61.8,159.1,4.58,7860653.7
2024-06-04,6,0,Magic Kingdom,EEUU,40258,50.3,156.97,4.11,6319298.26
2024-10-15,10,0,Disneyland Park,EEUU,36673,52.4,159.16,4.14,5836874.68
2024-10-29,10,0,Disneyland Paris,Francia,29783,53.2,99.3,3.65,2957451.9
2024-03-13,3,0,Magic Kingdom,EEUU,50000,62.5,156.37,4.42,7818500.0
2024-05-27,5,0,Hong Kong Disneyland,Hong Kong,21843,64.2,87.05,4.02,1901433.15
2024-09-23,9,0,Disneyland Park,EEUU,44046,62.9,154.26,4.13,6794535.96
2024-12-04,12,0,Shanghai Disneyland,China,53219,66.5,108.13,3.71,5754570.47
2024-01-25,1,0,Tokyo Disneyland,Japón,16725,18.6,80.28,5.0,1342683.0
2024-12-05,12,0,Magic Kingdom,EEUU,64947,81.2,176.55,3.77,11466392.85
2024-06-19,6,0,Disneyland Paris,Francia,26444,47.2,97.12,4.53,2568241.28
2024-08-11,8,1,Disneyland Paris,Francia,52099,93.0,128.61,3.94,6700452.39
2024-10-08,10,0,Disneyland Paris,Francia,17541,31.3,99.01,4.36,1736734.41
2024-01-17,1,0,Disneyland Paris,Francia,13814,24.7,98.26,4.61,1357363.64
2024-10-23,10,0,Shanghai Disneyland,China,49142,61.4,94.4,4.08,4639004.8
2024-03-10,3,1,EPCOT,EEUU,47823,79.7,194.42,4.18,9297747.66
2024-09-02,9,0,Hong Kong Disneyland,Hong Kong,21021,61.8,83.02,3.95,1745163.42
2024-04-03,4,0,Tokyo Disneyland,Japón,66389,73.8,79.85,4.53,5301161.65
2024-01-24,1,0,Disneyland Park,EEUU,27656,39.5,151.09,4.63,4178545.04
2024-11-24,11,1,Magic Kingdom,EEUU,40743,50.9,200.87,4.47,8184046.41
2024-07-23,7,0,EPCOT,EEUU,58019,96.7,159.67,3.86,9263893.73
2024-12-12,12,0,Disneyland Park,EEUU,57191,81.7,172.85,4.45,9885464.35
2024-08-07,8,0,Disneyland Paris,Francia,55440,99.0,105.66,4.25,5857790.4
2024-08-12,8,0,Disneyland Paris,Francia,54040,96.5,107.48,3.68,5808219.2
2024-09-12,9,0,Hong Kong Disneyland,Hong Kong,22508,66.2,85.88,3.79,1932987.04
2024-06-16,6,1,Hong Kong Disneyland,Hong Kong,29559,86.9,112.81,3.06,3334550.79
2024-10-18,10,0,Disneyland Paris,Francia,35249,62.9,94.14,4.12,3318340.86
2024-08-11,8,1,Hong Kong Disneyland,Hong Kong,33660,99.0,112.25,3.74,3778335.0
