envio_id,fecha,servicio,hub_origen,hub_destino,zona,peso_kg,distancia_km,dias_prometidos,dias_reales,retrasado,coste_usd
pkg_400000,2024-09-19,Ground,Miami,Newark,Regional,6.34,946,5,5,0,17.7
pkg_400001,2024-10-28,Overnight,LosAngeles,LosAngeles,Nacional,5.47,2054,1,1,0,42.1
pkg_400002,2024-01-25,2Day,Memphis,Newark,Nacional,5.99,1281,2,2,0,26.01
pkg_400003,2024-01-17,International,Chicago,Miami,Internacional,1.98,3513,6,6,0,50.06
pkg_400004,2024-06-18,Ground,Chicago,LosAngeles,Regional,1.71,4079,5,5,0,25.23
pkg_400005,2024-09-13,Express_Saver,Memphis,Oakland,Regional,5.31,1059,3,3,0,20.52
pkg_400006,2024-10-21,Ground,Newark,LosAngeles,Nacional,3.31,1116,5,5,0,14.25
pkg_400007,2024-07-27,Ground,Memphis,LosAngeles,Regional,2.04,3008,5,5,0,21.05
pkg_400008,2024-02-03,Overnight,Newark,Miami,Nacional,0.6,402,1,1,0,32.08
pkg_400009,2024-11-08,2Day,Newark,Miami,Nacional,5.88,187,2,2,0,21.06
pkg_400010,2024-05-29,Overnight,LosAngeles,Indianapolis,Nacional,5.06,611,1,1,0,36.82
pkg_400011,2024-06-18,Ground,Oakland,Oakland,Nacional,1.93,793,5,5,0,12.16
pkg_400012,2024-08-10,Express_Saver,Chicago,Indianapolis,Regional,4.95,789,3,3,0,20.32
pkg_400013,2024-04-07,Overnight,Oakland,Oakland,Regional,3.9,575,1,1,0,36.51
pkg_400014,2024-09-14,Ground,Indianapolis,LosAngeles,Nacional,2.26,402,5,5,0,11.23
pkg_400015,2024-09-20,2Day,Indianapolis,LosAngeles,Nacional,0.74,2627,2,2,0,28.03
pkg_400016,2024-03-09,Ground,Memphis,Miami,Regional,1.08,3420,5,7,1,22.49
pkg_400017,2024-07-31,Overnight,Oakland,Miami,Nacional,1.53,510,1,1,0,33.02
pkg_400018,2024-09-02,Ground,Oakland,Memphis,Regional,1.09,2128,5,8,1,17.32
pkg_400019,2024-05-01,International,Newark,Indianapolis,Internacional,0.4,2594,6,6,0,45.68
pkg_400020,2024-08-31,Express_Saver,Indianapolis,Memphis,Regional,3.13,2465,3,3,0,24.35
pkg_400021,2024-12-01,2Day,Miami,Indianapolis,Regional,3.06,2984,2,2,0,30.65
pkg_400022,2024-08-20,Overnight,Memphis,Newark,Nacional,1.3,2097,1,1,0,39.78
pkg_400023,2024-06-08,Express_Saver,Oakland,Chicago,Regional,4.06,1189,3,4,1,22.2
pkg_400024,2024-01-09,International,Memphis,LosAngeles,Internacional,3.14,1044,6,6,0,41.13
pkg_400025,2024-12-08,Ground,LosAngeles,Oakland,Nacional,10.83,1712,5,5,0,21.01
pkg_400026,2024-04-12,Overnight,Memphis,LosAngeles,Nacional,1.93,1684,1,1,0,37.77
pkg_400027,2024-03-25,Ground,Oakland,Oakland,Nacional,2.35,4374,5,6,1,26.65
pkg_400028,2024-01-10,Ground,Chicago,Memphis,Nacional,1.27,3459,5,5,0,23.06
pkg_400029,2024-04-20,Ground,LosAngeles,LosAngeles,Nacional,4.22,633,5,5,0,13.66
pkg_400030,2024-11-03,Ground,Oakland,Chicago,Nacional,1.45,2271,5,5,0,18.31
pkg_400031,2024-10-21,Overnight,Memphis,LosAngeles,Regional,14.72,1915,1,1,0,48.36
pkg_400032,2024-10-07,Ground,LosAngeles,Memphis,Nacional,1.41,1164,5,5,0,13.74
pkg_400033,2024-11-13,Ground,Miami,LosAngeles,Nacional,1.23,2733,5,5,0,19.81
pkg_400034,2024-05-10,2Day,Indianapolis,Indianapolis,Regional,14.2,4318,2,3,1,45.86
pkg_400035,2024-04-14,Ground,Indianapolis,Oakland,Nacional,5.47,1430,5,5,0,16.5
pkg_400036,2024-10-20,Overnight,Newark,Memphis,Nacional,3.35,3747,1,1,0,47.92
pkg_400037,2024-03-07,2Day,Oakland,Chicago,Regional,1.42,2295,2,4,1,26.98
pkg_400038,2024-02-04,2Day,Miami,Newark,Nacional,1.37,81,2,2,0,17.97
pkg_400039,2024-12-24,Overnight,LosAngeles,Oakland,Nacional,6.26,4165,1,1,0,52.68
pkg_400040,2024-11-01,Ground,Miami,Miami,Regional,2.48,3725,5,5,0,25.38
pkg_400041,2024-06-01,Express_Saver,Newark,Miami,Nacional,1.95,2896,3,3,0,25.68
pkg_400042,2024-09-02,2Day,Newark,Oakland,Nacional,2.57,863,2,2,0,23.19
pkg_400043,2024-10-21,Express_Saver,Chicago,LosAngeles,Nacional,13.06,1511,3,3,0,29.14
pkg_400044,2024-12-14,Ground,Memphis,Oakland,Regional,0.94,2708,5,5,0,19.29
pkg_400045,2024-12-16,Overnight,Miami,Miami,Nacional,0.66,3279,1,1,0,43.75
pkg_400046,2024-07-09,Ground,Newark,LosAngeles,Regional,1.09,450,5,5,0,10.31
pkg_400047,2024-10-06,Overnight,Miami,Memphis,Nacional,0.35,2564,1,1,0,40.59
pkg_400048,2024-09-23,Express_Saver,Indianapolis,Miami,Regional,4.63,3547,3,4,1,31.17
pkg_400049,2024-04-09,Ground,Oakland,Indianapolis,Nacional,3.35,3036,5,5,0,22.34
pkg_400050,2024-03-05,2Day,Oakland,Indianapolis,Nacional,6.68,2519,2,2,0,33.16
pkg_400051,2024-12-27,International,Newark,Oakland,Internacional,5.81,3522,6,6,0,54.33
pkg_400052,2024-01-12,International,Oakland,Memphis,Internacional,22.08,3956,6,8,1,68.75
pkg_400053,2024-06-10,Overnight,Miami,Memphis,Regional,0.88,2071,1,1,0,38.82
pkg_400054,2024-10-11,International,LosAngeles,LosAngeles,Internacional,0.76,1789,6,6,0,42.61
pkg_400055,2024-11-24,Overnight,LosAngeles,Miami,Regional,3.08,4496,1,4,1,49.28
pkg_400056,2024-01-03,2Day,Newark,Indianapolis,Regional,5.69,114,2,2,0,19.88
pkg_400057,2024-01-21,Overnight,Memphis,LosAngeles,Regional,0.72,2746,1,1,0,41.68
pkg_400058,2024-02-11,International,Memphis,LosAngeles,Internacional,7.24,3698,6,9,1,53.71
pkg_400059,2024-09-25,Express_Saver,Memphis,Newark,Regional,1.28,3366,3,3,0,27.15
pkg_400060,2024-03-21,2Day,Memphis,Miami,Regional,0.78,2316,2,2,0,26.6
pkg_400061,2024-06-16,Ground,Chicago,Oakland,Nacional,1.68,820,5,5,0,12.87
pkg_400062,2024-04-04,Ground,Chicago,Miami,Nacional,8.92,2458,5,5,0,25.77
pkg_400063,2024-06-22,International,Miami,Indianapolis,Internacional,2.42,710,6,6,0,39.01
pkg_400064,2024-02-26,Overnight,Chicago,Indianapolis,Nacional,1.27,3545,1,1,0,45.05
pkg_400065,2024-06-22,2Day,Oakland,Chicago,Nacional,1.8,2667,2,2,0,28.67
pkg_400066,2024-05-05,Ground,Oakland,Newark,Regional,2.1,2662,5,5,0,20.65
pkg_400067,2024-11-20,Express_Saver,Newark,Newark,Nacional,3.32,2835,3,3,0,27.81
pkg_400068,2024-01-21,Express_Saver,LosAngeles,Newark,Regional,4.0,2360,3,3,0,24.36
pkg_400069,2024-04-24,Ground,Memphis,LosAngeles,Nacional,4.09,297,5,5,0,12.95
pkg_400070,2024-07-05,Overnight,Newark,LosAngeles,Regional,9.28,3205,1,1,0,47.31
pkg_400071,2024-09-08,International,Oakland,Memphis,Internacional,4.02,4479,6,6,0,56.51
pkg_400072,2024-06-01,Express_Saver,Chicago,Miami,Nacional,5.54,3416,3,3,0,29.52
pkg_400073,2024-02-21,International,LosAngeles,Chicago,Internacional,1.22,2524,6,6,0,45.97
pkg_400074,2024-03-30,Express_Saver,Oakland,Memphis,Regional,3.43,2184,3,3,0,23.54
pkg_400075,2024-06-29,Overnight,Chicago,Miami,Nacional,1.67,1086,1,1,0,35.11
pkg_400076,2024-09-22,2Day,LosAngeles,LosAngeles,Regional,2.31,1860,2,2,0,25.46
pkg_400077,2024-11-07,Express_Saver,Oakland,Chicago,Regional,4.49,1556,3,3,0,22.61
pkg_400078,2024-07-08,International,Oakland,Miami,Internacional,1.07,1759,6,6,0,42.86
pkg_400079,2024-03-11,Express_Saver,Memphis,Chicago,Regional,1.36,4132,3,3,0,30.1
pkg_400080,2024-03-03,International,Miami,Newark,Internacional,3.22,683,6,8,1,39.65
pkg_400081,2024-11-26,Ground,Miami,Miami,Regional,8.36,4419,5,5,0,33.24
pkg_400082,2024-08-25,International,Miami,LosAngeles,Internacional,1.04,380,6,6,0,37.26
pkg_400083,2024-10-01,Ground,Newark,Oakland,Regional,3.4,4365,5,5,0,27.64
pkg_400084,2024-03-29,Overnight,Oakland,Memphis,Regional,1.7,3943,1,1,0,47.62
pkg_400085,2024-10-28,Ground,Oakland,Miami,Nacional,1.53,427,5,5,0,10.36
pkg_400086,2024-09-27,2Day,Chicago,Memphis,Nacional,3.36,3443,2,2,0,34.15
pkg_400087,2024-01-02,Ground,LosAngeles,Oakland,Nacional,10.03,267,5,5,0,16.69
pkg_400088,2024-07-10,Ground,Newark,Memphis,Nacional,1.88,2767,5,5,0,20.94
pkg_400089,2024-11-20,Ground,Oakland,Chicago,Nacional,2.06,1380,5,5,0,14.61
pkg_400090,2024-07-14,Overnight,Miami,Oakland,Regional,5.1,2424,1,1,0,43.19
pkg_400091,2024-11-30,Ground,Memphis,Indianapolis,Regional,0.57,4489,5,5,0,26.38
pkg_400092,2024-11-18,Overnight,Memphis,Oakland,Nacional,4.61,2518,1,1,0,43.96
pkg_400093,2024-11-24,Express_Saver,Oakland,Chicago,Regional,1.21,4318,3,3,0,30.96
pkg_400094,2024-11-08,2Day,Chicago,Chicago,Nacional,0.27,1009,2,2,0,21.2
pkg_400095,2024-10-16,2Day,Indianapolis,Indianapolis,Regional,3.84,741,2,2,0,23.61
pkg_400096,2024-06-21,Express_Saver,Chicago,Newark,Regional,1.7,1187,3,3,0,19.37
pkg_400097,2024-06-07,Ground,Indianapolis,Oakland,Regional,1.85,503,5,5,0,10.8
pkg_400098,2024-04-06,International,LosAngeles,Memphis,Internacional,1.34,278,6,7,1,37.07
pkg_400099,2024-09-12,2Day,Newark,Memphis,Nacional,2.58,276,2,5,1,19.51
pkg_400100,2024-02-10,2Day,Newark,Oakland,Nacional,2.69,1340,2,2,0,23.44
pkg_400101,2024-04-05,Express_Saver,Newark,Memphis,Nacional,1.98,1532,3,3,0,20.37
pkg_400102,2024-06-30,2Day,Chicago,Newark,Regional,10.13,3360,2,2,0,34.84
pkg_400103,2024-01-04,Ground,Newark,Indianapolis,Nacional,2.3,719,5,5,0,12.1
pkg_400104,2024-06-29,Overnight,Indianapolis,Memphis,Regional,6.7,445,1,1,0,38.44
pkg_400105,2024-04-03,Ground,Memphis,Newark,Nacional,1.95,2805,5,5,0,21.25
pkg_400106,2024-02-11,Express_Saver,Chicago,Miami,Regional,7.56,3316,3,3,0,33.52
pkg_400107,2024-05-06,2Day,Miami,Newark,Nacional,4.82,1892,2,5,1,26.56
pkg_400108,2024-03-27,Overnight,Miami,LosAngeles,Regional,12.89,3725,1,1,0,55.41
pkg_400109,2024-01-02,Overnight,Memphis,Miami,Nacional,2.87,3134,1,1,0,43.72
pkg_400110,2024-03-01,International,Miami,Miami,Internacional,2.75,2598,6,6,0,47.52
pkg_400111,2024-11-02,2Day,Miami,LosAngeles,Nacional,4.31,274,2,2,0,19.87
pkg_400112,2024-10-02,Ground,Indianapolis,Indianapolis,Regional,2.82,2807,5,5,0,21.14
pkg_400113,2024-07-07,Ground,Miami,LosAngeles,Regional,0.89,2572,5,5,0,18.65
pkg_400114,2024-06-20,Ground,Oakland,Newark,Nacional,1.54,3486,5,5,0,23.3
pkg_400115,2024-11-30,International,Indianapolis,Indianapolis,Internacional,9.91,844,6,6,0,43.81
pkg_400116,2024-07-14,Express_Saver,Chicago,LosAngeles,Regional,2.79,1887,3,3,0,23.09
pkg_400117,2024-02-06,Ground,LosAngeles,Newark,Regional,1.38,515,5,5,0,10.81
pkg_400118,2024-08-17,Ground,Newark,Memphis,Regional,2.81,3632,5,5,0,24.43
pkg_400119,2024-06-20,Ground,Oakland,Newark,Nacional,6.5,2635,5,5,0,22.04
pkg_400120,2024-09-23,2Day,Oakland,Oakland,Nacional,3.68,1419,2,2,0,26.61
pkg_400121,2024-03-08,Overnight,Indianapolis,Newark,Regional,1.46,3403,1,1,0,44.73
pkg_400122,2024-11-19,Express_Saver,Newark,Indianapolis,Nacional,1.1,449,3,3,0,15.62
pkg_400123,2024-12-26,2Day,Memphis,Memphis,Regional,2.65,1361,2,2,0,25.33
pkg_400124,2024-10-25,International,Miami,Memphis,Internacional,3.53,4238,6,6,0,53.6
pkg_400125,2024-11-07,Ground,LosAngeles,Oakland,Nacional,2.81,2463,5,5,0,20.13
pkg_400126,2024-08-08,Ground,LosAngeles,Oakland,Nacional,3.86,543,5,5,0,12.27
pkg_400127,2024-03-06,Overnight,Chicago,Indianapolis,Nacional,2.89,4037,1,1,0,48.14
pkg_400128,2024-09-20,Express_Saver,Indianapolis,Indianapolis,Regional,7.7,2605,3,3,0,29.36
pkg_400129,2024-07-08,2Day,Indianapolis,Oakland,Regional,3.03,767,2,2,0,22.32
pkg_400130,2024-11-01,Express_Saver,Oakland,Newark,Nacional,2.91,1650,3,3,0,21.75
pkg_400131,2024-02-13,Overnight,Chicago,Oakland,Nacional,2.51,2517,1,3,1,42.68
pkg_400132,2024-02-22,2Day,Chicago,Miami,Nacional,3.53,2402,2,2,0,30.46
pkg_400133,2024-01-19,Ground,LosAngeles,Oakland,Nacional,4.18,2135,5,5,0,19.21
pkg_400134,2024-04-15,Ground,Miami,Miami,Regional,3.92,3731,5,5,0,25.69
pkg_400135,2024-02-17,Overnight,Miami,Newark,Nacional,1.39,4470,1,1,0,48.58
pkg_400136,2024-08-28,Ground,Newark,Oakland,Regional,1.11,1892,5,5,0,16.52
pkg_400137,2024-11-05,Express_Saver,Miami,Miami,Nacional,3.34,4277,3,3,0,31.54
pkg_400138,2024-05-12,Express_Saver,Oakland,Chicago,Regional,4.68,2065,3,3,0,24.12
pkg_400139,2024-07-05,2Day,Chicago,LosAngeles,Nacional,3.73,3336,2,2,0,34.2
pkg_400140,2024-04-28,Express_Saver,Indianapolis,Miami,Nacional,1.87,2116,3,3,0,22.33
pkg_400141,2024-10-11,Ground,Miami,LosAngeles,Nacional,0.89,2999,5,5,0,20.89
pkg_400142,2024-11-30,2Day,Chicago,Miami,Nacional,2.12,3458,2,2,0,32.68
pkg_400143,2024-04-03,2Day,Chicago,Chicago,Regional,1.96,2462,2,2,0,28.49
pkg_400144,2024-12-18,2Day,LosAngeles,Chicago,Nacional,1.73,2472,2,2,0,28.64
pkg_400145,2024-06-28,Express_Saver,Miami,Indianapolis,Regional,1.15,4214,3,3,0,30.82
pkg_400146,2024-12-30,2Day,LosAngeles,Indianapolis,Regional,4.43,1456,2,2,0,26.91
pkg_400147,2024-04-15,Ground,LosAngeles,Memphis,Nacional,10.22,2188,5,5,0,22.68
pkg_400148,2024-01-15,Ground,Oakland,Oakland,Nacional,1.8,1343,5,5,0,14.1
pkg_400149,2024-05-22,Ground,Oakland,Memphis,Nacional,2.28,3784,5,5,0,25.64
pkg_400150,2024-12-09,2Day,Chicago,Indianapolis,Nacional,34.07,3955,2,2,0,48.11
pkg_400151,2024-10-31,Ground,Memphis,Indianapolis,Regional,1.88,1254,5,5,0,14.0
pkg_400152,2024-01-12,Express_Saver,Newark,Newark,Nacional,5.56,3594,3,3,0,33.49
pkg_400153,2024-06-04,Overnight,Newark,Miami,Regional,8.31,3288,1,1,0,46.78
pkg_400154,2024-03-27,Ground,LosAngeles,Oakland,Regional,0.8,4082,5,5,0,24.83
pkg_400155,2024-02-05,Ground,LosAngeles,Indianapolis,Regional,2.98,2236,5,5,0,18.46
pkg_400156,2024-05-03,Express_Saver,Indianapolis,Memphis,Nacional,2.73,436,3,3,0,15.9
pkg_400157,2024-07-16,Ground,Miami,Oakland,Nacional,0.41,797,5,5,0,11.59
pkg_400158,2024-09-18,Overnight,Oakland,Oakland,Regional,2.87,1506,1,1,0,38.68
pkg_400159,2024-02-01,2Day,Newark,Oakland,Nacional,2.75,1025,2,2,0,22.54
pkg_400160,2024-12-01,Overnight,Memphis,LosAngeles,Nacional,6.46,3848,1,1,0,50.01
pkg_400161,2024-08-28,Ground,Oakland,Chicago,Regional,0.76,4391,5,5,0,26.02
pkg_400162,2024-12-06,Ground,Memphis,Newark,Nacional,24.82,1701,5,8,1,25.59
pkg_400163,2024-07-24,Express_Saver,Miami,Miami,Nacional,2.52,1207,3,3,0,19.52
pkg_400164,2024-01-04,2Day,Memphis,Newark,Nacional,5.87,2895,2,5,1,30.93
pkg_400165,2024-06-21,International,Indianapolis,LosAngeles,Internacional,4.72,2925,6,6,0,50.16
pkg_400166,2024-01-10,International,Newark,Memphis,Internacional,15.49,2159,6,8,1,57.2
pkg_400167,2024-11-10,Overnight,Indianapolis,Oakland,Nacional,3.97,971,1,1,0,36.36
pkg_400168,2024-01-12,2Day,Indianapolis,Memphis,Nacional,3.55,4185,2,2,0,37.37
pkg_400169,2024-11-07,Overnight,Chicago,LosAngeles,Nacional,0.36,527,1,1,0,32.44
pkg_400170,2024-02-01,Ground,Miami,Newark,Regional,1.21,984,5,5,0,13.22
pkg_400171,2024-12-21,Ground,Miami,Chicago,Regional,0.94,808,5,5,0,11.86
pkg_400172,2024-01-12,Express_Saver,LosAngeles,Miami,Nacional,4.54,1015,3,3,0,21.63
pkg_400173,2024-12-07,2Day,Miami,Miami,Nacional,2.89,1868,2,2,0,26.42
pkg_400174,2024-12-21,2Day,Indianapolis,Newark,Nacional,1.33,1345,2,2,0,23.21
pkg_400175,2024-03-19,2Day,Oakland,Newark,Nacional,6.68,471,2,2,0,24.19
pkg_400176,2024-08-28,Ground,Newark,Indianapolis,Regional,4.93,857,5,5,0,13.58
pkg_400177,2024-09-06,Express_Saver,Chicago,Memphis,Nacional,2.78,4161,3,6,1,31.85
pkg_400178,2024-12-08,Overnight,Oakland,LosAngeles,Regional,0.44,953,1,3,1,34.23
pkg_400179,2024-10-10,Ground,Oakland,Chicago,Nacional,3.17,1710,5,5,0,17.21
pkg_400180,2024-07-31,Express_Saver,Indianapolis,Chicago,Regional,1.5,3839,3,3,0,29.88
pkg_400181,2024-08-10,Overnight,Oakland,Oakland,Nacional,2.17,3658,1,1,0,46.15
pkg_400182,2024-09-24,2Day,Memphis,Oakland,Nacional,5.61,1034,2,2,0,24.57
pkg_400183,2024-09-01,Overnight,Chicago,Chicago,Nacional,7.94,2366,1,1,0,44.73
pkg_400184,2024-06-29,Ground,Memphis,Memphis,Nacional,3.54,4195,5,5,0,26.66
pkg_400185,2024-01-30,Overnight,Oakland,Newark,Nacional,3.94,4265,1,1,0,50.43
pkg_400186,2024-06-24,Ground,Chicago,Miami,Nacional,3.99,1671,5,5,0,19.05
pkg_400187,2024-12-08,Overnight,Chicago,Indianapolis,Nacional,2.46,3190,1,2,1,45.19
pkg_400188,2024-09-16,Overnight,Indianapolis,Memphis,Regional,4.14,3263,1,1,0,46.35
pkg_400189,2024-04-14,Express_Saver,Oakland,Chicago,Regional,5.91,330,3,3,0,20.67
pkg_400190,2024-08-17,Overnight,Miami,Chicago,Regional,0.7,614,1,1,0,33.2
pkg_400191,2024-09-14,Ground,Memphis,Oakland,Nacional,3.53,2478,5,5,0,20.52
pkg_400192,2024-09-22,Express_Saver,Chicago,Oakland,Nacional,2.96,557,3,4,1,18.03
pkg_400193,2024-03-16,International,Newark,LosAngeles,Internacional,1.67,2774,6,9,1,47.9
pkg_400194,2024-12-07,2Day,Oakland,Newark,Regional,0.76,230,2,3,1,18.31
pkg_400195,2024-03-14,2Day,Memphis,Indianapolis,Regional,4.89,2580,2,2,0,32.02
pkg_400196,2024-08-15,Ground,Miami,Chicago,Regional,9.31,549,5,5,0,16.77
pkg_400197,2024-08-27,2Day,Chicago,Oakland,Nacional,3.86,3479,2,2,0,34.28
pkg_400198,2024-08-03,Express_Saver,LosAngeles,Indianapolis,Regional,5.32,3232,3,3,0,28.46
pkg_400199,2024-06-23,Express_Saver,Newark,Memphis,Nacional,0.19,2311,3,3,0,22.38
pkg_400200,2024-06-29,Overnight,LosAngeles,Miami,Nacional,2.39,2769,1,1,0,42.82
pkg_400201,2024-06-05,Express_Saver,Chicago,LosAngeles,Regional,2.47,318,3,3,0,16.36
pkg_400202,2024-08-07,Ground,LosAngeles,Miami,Nacional,3.75,3512,5,5,0,24.52
pkg_400203,2024-09-29,Ground,Oakland,Oakland,Regional,0.8,2300,5,5,0,17.59
pkg_400204,2024-10-20,2Day,Oakland,Miami,Regional,2.29,3309,2,2,0,32.68
pkg_400205,2024-09-16,2Day,Indianapolis,Oakland,Nacional,3.01,1346,2,2,0,23.96
pkg_400206,2024-10-30,2Day,LosAngeles,Newark,Nacional,3.19,1155,2,2,0,24.12
pkg_400207,2024-06-13,Overnight,Miami,Oakland,Regional,0.97,2190,1,1,0,39.71
pkg_400208,2024-03-04,2Day,Oakland,Oakland,Nacional,2.25,1577,2,2,0,25.39
pkg_400209,2024-03-27,2Day,Oakland,Oakland,Nacional,6.09,632,2,2,0,25.22
pkg_400210,2024-06-10,International,Oakland,Newark,Internacional,2.05,155,6,6,0,37.32
pkg_400211,2024-01-06,International,Chicago,Newark,Internacional,7.18,3571,6,9,1,54.55
pkg_400212,2024-03-13,Express_Saver,Newark,Oakland,Nacional,6.58,2909,3,3,0,28.31
pkg_400213,2024-05-27,Ground,LosAngeles,LosAngeles,Regional,2.15,4476,5,5,0,27.17
pkg_400214,2024-09-30,Ground,Miami,Chicago,Nacional,1.32,2784,5,5,0,19.84
pkg_400215,2024-03-11,International,Memphis,LosAngeles,Internacional,0.79,1842,6,6,0,42.78
pkg_400216,2024-12-17,Ground,Chicago,Indianapolis,Regional,3.08,1382,5,5,0,15.27
pkg_400217,2024-04-02,International,Indianapolis,Newark,Internacional,5.24,1227,6,6,0,44.85
pkg_400218,2024-11-19,Ground,Miami,Oakland,Regional,0.87,3060,5,5,0,21.19
pkg_400219,2024-09-30,2Day,Memphis,Chicago,Regional,1.44,2359,2,2,0,27.39
pkg_400220,2024-02-19,2Day,Indianapolis,Indianapolis,Nacional,0.78,3347,2,2,0,31.08
pkg_400221,2024-10-03,Express_Saver,Chicago,Miami,Regional,11.25,1844,3,3,0,25.65
pkg_400222,2024-07-16,Express_Saver,Memphis,Indianapolis,Nacional,9.23,1109,3,3,0,26.99
pkg_400223,2024-05-27,2Day,LosAngeles,Miami,Nacional,2.92,1269,2,2,0,23.7
pkg_400224,2024-05-23,Ground,Miami,Oakland,Nacional,4.57,3550,5,5,0,24.7
pkg_400225,2024-04-21,Ground,Chicago,Indianapolis,Nacional,3.81,3825,5,5,0,26.47
pkg_400226,2024-03-09,Ground,Miami,Memphis,Regional,7.21,521,5,5,0,17.39
pkg_400227,2024-03-28,Ground,Newark,Memphis,Regional,1.8,3701,5,5,0,24.16
pkg_400228,2024-04-15,Express_Saver,Newark,Miami,Nacional,1.46,4326,3,3,0,31.64
pkg_400229,2024-12-01,Express_Saver,Miami,LosAngeles,Regional,0.56,888,3,3,0,17.16
pkg_400230,2024-02-05,2Day,Oakland,Miami,Nacional,7.94,1038,2,2,0,29.19
pkg_400231,2024-10-08,Ground,Indianapolis,Miami,Regional,3.07,1753,5,5,0,16.96
pkg_400232,2024-08-09,Ground,Oakland,Miami,Regional,2.11,2076,5,5,0,17.98
pkg_400233,2024-12-11,Overnight,Newark,Newark,Regional,3.4,1599,1,1,0,37.88
pkg_400234,2024-10-19,Ground,Newark,Indianapolis,Regional,1.68,1375,5,5,0,15.09
pkg_400235,2024-09-29,2Day,Indianapolis,Oakland,Regional,1.74,170,2,2,0,19.02
pkg_400236,2024-12-21,Express_Saver,Memphis,Newark,Regional,6.84,127,3,3,0,17.92
pkg_400237,2024-03-02,Overnight,Miami,Indianapolis,Regional,1.61,4376,1,1,0,48.39
pkg_400238,2024-09-25,Overnight,Indianapolis,Memphis,Nacional,15.34,440,1,1,0,46.78
pkg_400239,2024-09-17,Ground,Miami,Memphis,Regional,2.64,2857,5,5,0,21.31
pkg_400240,2024-10-19,2Day,Indianapolis,Newark,Nacional,1.3,3527,2,2,0,31.85
pkg_400241,2024-04-22,2Day,LosAngeles,Chicago,Regional,1.62,3102,2,2,0,30.3
pkg_400242,2024-06-11,Ground,Miami,Chicago,Nacional,1.63,1156,5,5,0,13.99
pkg_400243,2024-01-28,Ground,Miami,Chicago,Regional,1.35,651,5,5,0,11.57
pkg_400244,2024-06-18,Express_Saver,Newark,Memphis,Nacional,1.19,3754,3,3,0,29.18
pkg_400245,2024-06-29,Ground,Newark,Chicago,Nacional,7.45,2152,5,5,0,22.34
pkg_400246,2024-07-23,Ground,Chicago,LosAngeles,Nacional,2.96,3025,5,5,0,22.31
pkg_400247,2024-02-04,International,Newark,Newark,Internacional,3.57,2055,6,7,1,44.65
pkg_400248,2024-12-19,Express_Saver,Oakland,LosAngeles,Regional,2.03,1008,3,3,0,19.18
pkg_400249,2024-03-25,Ground,Indianapolis,Indianapolis,Regional,1.88,1501,5,5,0,15.95
pkg_400250,2024-09-06,Express_Saver,Indianapolis,LosAngeles,Regional,0.47,3641,3,3,0,27.83
pkg_400251,2024-11-10,Ground,Indianapolis,LosAngeles,Regional,4.2,4471,5,5,0,30.31
pkg_400252,2024-12-02,2Day,Oakland,Newark,Regional,4.98,4227,2,2,0,39.33
pkg_400253,2024-07-04,Ground,Chicago,Chicago,Nacional,3.95,1247,5,5,0,16.33
pkg_400254,2024-12-26,Express_Saver,Miami,LosAngeles,Nacional,1.6,2397,3,3,0,24.18
pkg_400255,2024-03-05,2Day,Newark,Memphis,Nacional,1.92,3429,2,2,0,32.37
pkg_400256,2024-07-08,2Day,Miami,Memphis,Nacional,1.46,3633,2,2,0,32.27
pkg_400257,2024-01-05,Express_Saver,Miami,Miami,Nacional,6.83,2020,3,3,0,24.67
pkg_400258,2024-03-12,International,Oakland,Newark,Internacional,3.36,4043,6,6,0,54.22
pkg_400259,2024-05-11,International,Miami,Chicago,Internacional,5.24,2248,6,6,0,46.91
pkg_400260,2024-08-19,Overnight,Memphis,Oakland,Regional,2.98,1498,1,1,0,38.46
pkg_400261,2024-03-30,Ground,LosAngeles,Indianapolis,Nacional,1.34,3217,5,5,0,21.44
pkg_400262,2024-08-10,2Day,Miami,Newark,Nacional,1.81,671,2,2,0,20.66
pkg_400263,2024-12-21,Overnight,Chicago,Oakland,Regional,2.8,4166,1,1,0,49.56
pkg_400264,2024-06-25,International,Indianapolis,Newark,Internacional,4.47,346,6,6,0,40.1
pkg_400265,2024-11-06,Ground,Oakland,Newark,Regional,1.02,733,5,5,0,11.68
pkg_400266,2024-09-23,Express_Saver,Newark,Oakland,Regional,1.09,153,3,3,0,14.22
pkg_400267,2024-05-18,International,Newark,Newark,Internacional,0.81,3316,6,6,0,49.07
pkg_400268,2024-06-14,2Day,Miami,Miami,Regional,2.96,472,2,2,0,20.38
pkg_400269,2024-04-14,Ground,Memphis,Chicago,Nacional,16.46,1561,5,5,0,24.69
pkg_400270,2024-05-09,Ground,LosAngeles,Newark,Regional,6.15,3614,5,5,0,25.41
pkg_400271,2024-04-14,Express_Saver,Chicago,Indianapolis,Nacional,1.4,680,3,5,1,16.42
pkg_400272,2024-04-30,Express_Saver,Miami,Oakland,Nacional,2.06,1944,3,3,0,22.14
pkg_400273,2024-10-23,Overnight,Miami,Oakland,Nacional,4.22,111,1,1,0,33.25
pkg_400274,2024-02-05,Express_Saver,Indianapolis,Miami,Nacional,3.25,3416,3,3,0,28.19
pkg_400275,2024-04-14,International,LosAngeles,Oakland,Internacional,6.48,149,6,6,0,41.76
pkg_400276,2024-10-17,Ground,Indianapolis,Chicago,Regional,1.81,1680,5,5,0,15.63
pkg_400277,2024-04-28,International,Oakland,Indianapolis,Internacional,1.0,122,6,6,0,36.22
pkg_400278,2024-01-17,International,Oakland,Newark,Internacional,2.69,3280,6,6,0,50.15
pkg_400279,2024-07-03,Express_Saver,Memphis,Memphis,Nacional,1.34,4188,3,3,0,31.09
pkg_400280,2024-09-15,Express_Saver,Memphis,Indianapolis,Regional,3.27,1514,3,3,0,20.79
pkg_400281,2024-09-03,Overnight,Oakland,Oakland,Nacional,1.79,1793,1,1,0,38.22
pkg_400282,2024-04-07,2Day,Oakland,Oakland,Regional,1.37,2956,2,2,0,29.92
pkg_400283,2024-02-15,International,Indianapolis,Newark,Internacional,5.42,1574,6,6,0,44.37
pkg_400284,2024-09-07,Ground,Oakland,Memphis,Regional,1.74,1057,5,5,0,13.79
pkg_400285,2024-08-12,2Day,Chicago,Newark,Nacional,2.06,774,2,2,0,20.94
pkg_400286,2024-10-28,International,Miami,Indianapolis,Internacional,2.0,4254,6,6,0,53.2
pkg_400287,2024-04-30,2Day,Memphis,Indianapolis,Nacional,2.85,908,2,2,0,21.95
pkg_400288,2024-12-07,Overnight,Indianapolis,Indianapolis,Regional,6.82,1612,1,1,0,41.71
pkg_400289,2024-10-07,Ground,Oakland,Memphis,Regional,3.06,3453,5,5,0,24.76
pkg_400290,2024-02-18,2Day,Memphis,Chicago,Nacional,10.9,2032,2,5,1,34.5
pkg_400291,2024-04-10,Ground,Memphis,LosAngeles,Regional,1.06,3606,5,8,1,23.16
pkg_400292,2024-11-11,Overnight,Miami,Newark,Nacional,4.22,3834,1,1,0,47.82
pkg_400293,2024-07-02,Express_Saver,Chicago,LosAngeles,Nacional,1.31,1508,3,3,0,19.7
pkg_400294,2024-06-30,2Day,Miami,Newark,Nacional,7.11,4344,2,2,0,41.13
pkg_400295,2024-08-01,Ground,Chicago,Indianapolis,Nacional,5.82,682,5,5,0,14.13
pkg_400296,2024-03-07,International,Chicago,Memphis,Internacional,3.88,1755,6,9,1,45.2
pkg_400297,2024-12-08,Overnight,LosAngeles,Newark,Nacional,5.25,2329,1,1,0,44.7
pkg_400298,2024-09-21,2Day,Indianapolis,Oakland,Nacional,5.0,2234,2,2,0,28.3
pkg_400299,2024-02-11,Express_Saver,Chicago,Oakland,Nacional,4.69,3932,3,6,1,33.66
pkg_400300,2024-07-20,International,Oakland,Oakland,Internacional,1.26,3088,6,6,0,48.02
pkg_400301,2024-05-04,2Day,Chicago,Newark,Nacional,4.68,3188,2,2,0,33.77
pkg_400302,2024-11-14,Overnight,LosAngeles,Chicago,Regional,2.76,2222,1,1,0,40.7
pkg_400303,2024-03-13,2Day,Newark,LosAngeles,Nacional,2.81,319,2,2,0,19.92
pkg_400304,2024-04-07,Ground,Oakland,Oakland,Nacional,1.67,4489,5,5,0,27.31
pkg_400305,2024-09-12,Express_Saver,Chicago,Memphis,Regional,4.71,4098,3,3,0,34.53
pkg_400306,2024-11-01,Express_Saver,Memphis,Memphis,Nacional,2.75,3184,3,3,0,28.23
pkg_400307,2024-01-14,Ground,Chicago,Chicago,Regional,1.33,2775,5,5,0,20.15
pkg_400308,2024-04-23,2Day,Indianapolis,Chicago,Regional,4.21,141,2,2,0,21.32
pkg_400309,2024-12-21,Overnight,Indianapolis,Newark,Regional,1.21,4001,1,1,0,47.09
pkg_400310,2024-12-15,Ground,Indianapolis,Oakland,Nacional,1.56,374,5,8,1,10.13
pkg_400311,2024-06-08,International,LosAngeles,Oakland,Internacional,4.99,3416,6,6,0,51.79
pkg_400312,2024-01-02,Express_Saver,Newark,Newark,Nacional,4.46,2799,3,6,1,27.18
pkg_400313,2024-12-02,2Day,Indianapolis,Indianapolis,Nacional,2.24,1329,2,2,0,23.26
pkg_400314,2024-02-18,Overnight,Memphis,Oakland,Nacional,3.05,1818,1,1,0,38.91
pkg_400315,2024-06-05,Express_Saver,Miami,LosAngeles,Nacional,7.35,2632,3,3,0,30.02
pkg_400316,2024-12-13,Ground,LosAngeles,Oakland,Nacional,0.66,1495,5,6,1,14.58
pkg_400317,2024-01-09,Ground,Oakland,Memphis,Regional,1.38,345,5,6,1,9.99
pkg_400318,2024-11-21,Ground,LosAngeles,Indianapolis,Nacional,3.79,1318,5,5,0,16.12
pkg_400319,2024-08-31,Overnight,Chicago,Miami,Nacional,9.32,3746,1,1,0,53.18
pkg_400320,2024-10-07,2Day,LosAngeles,Oakland,Nacional,2.13,1228,2,2,0,23.22
pkg_400321,2024-09-10,2Day,Indianapolis,Memphis,Regional,10.21,717,2,2,0,30.01
pkg_400322,2024-05-02,2Day,Newark,Indianapolis,Nacional,1.75,1364,2,2,0,23.21
pkg_400323,2024-08-05,Overnight,LosAngeles,LosAngeles,Regional,0.43,2684,1,2,1,41.21
pkg_400324,2024-06-20,2Day,Oakland,Indianapolis,Nacional,5.34,2772,2,2,0,33.04
pkg_400325,2024-12-07,Ground,Chicago,Indianapolis,Nacional,3.64,1150,5,5,0,15.79
pkg_400326,2024-12-23,International,Newark,Oakland,Internacional,4.19,4136,6,8,1,53.91
pkg_400327,2024-02-05,Overnight,Newark,LosAngeles,Nacional,2.19,4195,1,1,0,49.04
pkg_400328,2024-11-17,Ground,Memphis,Memphis,Regional,2.82,1216,5,5,0,15.41
pkg_400329,2024-06-08,2Day,Miami,Chicago,Regional,0.64,3152,2,2,0,30.2
pkg_400330,2024-01-22,International,Newark,Indianapolis,Internacional,0.61,3125,6,6,0,47.99
pkg_400331,2024-08-22,Express_Saver,Memphis,LosAngeles,Nacional,1.82,2644,3,3,0,25.31
pkg_400332,2024-07-22,Ground,Chicago,Newark,Regional,0.62,515,5,5,0,10.69
pkg_400333,2024-08-05,Overnight,Miami,Oakland,Nacional,0.74,2685,1,1,0,41.34
pkg_400334,2024-10-13,2Day,LosAngeles,Newark,Regional,0.51,1696,2,2,0,24.01
pkg_400335,2024-02-08,2Day,Indianapolis,Indianapolis,Regional,2.68,1711,2,2,0,25.55
pkg_400336,2024-03-09,Ground,LosAngeles,Oakland,Regional,1.15,2601,5,5,0,19.64
pkg_400337,2024-03-18,Overnight,Oakland,Chicago,Regional,4.55,4158,1,1,0,51.06
pkg_400338,2024-08-07,Express_Saver,Indianapolis,Memphis,Regional,5.43,2263,3,3,0,24.43
pkg_400339,2024-06-02,International,Chicago,Memphis,Internacional,2.95,2419,6,6,0,46.1
pkg_400340,2024-05-08,Overnight,Miami,Indianapolis,Regional,2.37,143,1,1,0,31.88
pkg_400341,2024-11-30,Ground,Indianapolis,LosAngeles,Regional,1.8,1688,5,5,0,16.61
pkg_400342,2024-11-28,Ground,Indianapolis,Miami,Regional,3.29,2337,5,8,1,20.87
pkg_400343,2024-06-08,Ground,Miami,Indianapolis,Nacional,2.45,1728,5,5,0,16.47
pkg_400344,2024-07-20,2Day,Memphis,Newark,Nacional,5.66,2027,2,2,0,28.54
pkg_400345,2024-01-10,Express_Saver,Newark,Memphis,Regional,1.66,2914,3,3,0,25.62
pkg_400346,2024-04-28,Express_Saver,Chicago,Memphis,Regional,6.22,563,3,3,0,20.37
pkg_400347,2024-07-23,Overnight,Oakland,LosAngeles,Regional,5.61,494,1,3,1,37.17
pkg_400348,2024-05-19,Ground,Oakland,Newark,Regional,2.24,3614,5,5,0,24.8
pkg_400349,2024-05-02,Ground,Memphis,Oakland,Nacional,2.55,391,5,5,0,10.88
pkg_400350,2024-09-25,Express_Saver,Memphis,Oakland,Regional,3.1,3521,3,3,0,28.96
pkg_400351,2024-09-01,Overnight,Chicago,Oakland,Regional,4.19,1860,1,1,0,40.46
pkg_400352,2024-04-20,Ground,Newark,Memphis,Nacional,16.75,3626,5,5,0,33.32
pkg_400353,2024-03-13,Ground,Chicago,Newark,Regional,1.93,2243,5,5,0,18.91
pkg_400354,2024-02-24,Ground,Chicago,Chicago,Regional,8.98,1611,5,5,0,21.63
pkg_400355,2024-06-30,Ground,Oakland,Oakland,Nacional,21.02,1574,5,7,1,35.77
pkg_400356,2024-09-18,Ground,Miami,Newark,Nacional,1.14,2787,5,5,0,19.76
pkg_400357,2024-09-23,Ground,LosAngeles,Chicago,Regional,6.65,2608,5,5,0,24.81
pkg_400358,2024-11-29,Ground,Indianapolis,LosAngeles,Regional,4.15,1091,5,5,0,15.34
pkg_400359,2024-05-25,Express_Saver,Chicago,Oakland,Nacional,1.67,2566,3,3,0,24.39
pkg_400360,2024-04-20,2Day,Indianapolis,Newark,Regional,2.28,2752,2,2,0,29.67
pkg_400361,2024-06-21,Express_Saver,Miami,Indianapolis,Nacional,1.48,1823,3,3,0,21.73
pkg_400362,2024-10-13,Ground,Memphis,Oakland,Regional,10.84,1265,5,5,0,19.56
pkg_400363,2024-05-19,2Day,LosAngeles,LosAngeles,Nacional,2.95,3037,2,2,0,32.14
pkg_400364,2024-12-08,International,Newark,Chicago,Internacional,5.05,3614,6,9,1,52.87
pkg_400365,2024-06-20,Ground,Chicago,Miami,Nacional,1.14,2420,5,5,0,18.85
pkg_400366,2024-01-11,2Day,Oakland,Indianapolis,Regional,23.42,377,2,2,0,30.16
pkg_400367,2024-07-06,2Day,Chicago,Oakland,Regional,3.46,2289,2,2,0,29.5
pkg_400368,2024-07-08,2Day,Miami,Oakland,Nacional,0.75,3801,2,2,0,32.71
pkg_400369,2024-06-17,Overnight,Chicago,Miami,Nacional,9.9,1379,1,1,0,40.73
pkg_400370,2024-11-11,Express_Saver,Indianapolis,Miami,Nacional,0.55,1393,3,3,0,19.09
pkg_400371,2024-03-23,Ground,Oakland,Indianapolis,Nacional,0.56,967,5,8,1,12.38
pkg_400372,2024-07-26,Ground,Memphis,Memphis,Regional,1.96,4082,5,5,0,26.04
pkg_400373,2024-12-11,Ground,Newark,LosAngeles,Nacional,1.0,4140,5,7,1,25.27
pkg_400374,2024-03-21,Ground,Memphis,LosAngeles,Regional,3.57,1382,5,5,0,15.08
pkg_400375,2024-02-12,2Day,LosAngeles,Miami,Nacional,3.01,2936,2,2,0,30.17
pkg_400376,2024-06-15,Ground,Indianapolis,Oakland,Nacional,3.2,1112,5,5,0,15.82
pkg_400377,2024-07-31,Ground,Oakland,Miami,Regional,0.84,384,5,5,0,10.24
pkg_400378,2024-08-10,2Day,Newark,Miami,Regional,24.84,92,2,4,1,37.66
pkg_400379,2024-01-17,2Day,Memphis,Miami,Regional,6.97,1513,2,2,0,30.1
pkg_400380,2024-02-09,Ground,Oakland,Memphis,Nacional,0.63,2370,5,5,0,17.92
pkg_400381,2024-09-27,2Day,Chicago,Miami,Nacional,1.45,3072,2,2,0,30.34
pkg_400382,2024-10-04,2Day,LosAngeles,LosAngeles,Regional,13.16,3879,2,2,0,45.39
pkg_400383,2024-10-15,Ground,Miami,Chicago,Nacional,29.12,2941,5,6,1,40.24
pkg_400384,2024-09-20,Express_Saver,LosAngeles,Indianapolis,Nacional,4.27,3992,3,4,1,32.97
pkg_400385,2024-12-09,Express_Saver,Oakland,Indianapolis,Regional,10.29,1969,3,3,0,29.75
pkg_400386,2024-05-31,Express_Saver,Indianapolis,LosAngeles,Nacional,4.5,3094,3,3,0,27.5
pkg_400387,2024-08-15,Overnight,Oakland,LosAngeles,Nacional,1.26,1876,1,4,1,38.41
pkg_400388,2024-07-15,Overnight,Newark,Indianapolis,Nacional,1.54,581,1,1,0,33.51
pkg_400389,2024-03-22,Overnight,Memphis,Indianapolis,Nacional,5.35,466,1,1,0,34.09
pkg_400390,2024-08-24,International,Oakland,Memphis,Internacional,2.74,911,6,6,0,40.92
pkg_400391,2024-08-16,International,Miami,LosAngeles,Internacional,6.57,443,6,9,1,41.33
pkg_400392,2024-08-05,Express_Saver,Newark,Chicago,Nacional,7.98,2195,3,3,0,30.38
pkg_400393,2024-07-14,International,Memphis,Oakland,Internacional,1.06,2576,6,8,1,46.23
pkg_400394,2024-07-22,Express_Saver,Oakland,Indianapolis,Nacional,9.31,3954,3,3,0,39.05
pkg_400395,2024-08-03,Overnight,Memphis,Memphis,Nacional,0.72,3049,1,1,0,42.67
pkg_400396,2024-09-27,Ground,Newark,Miami,Nacional,10.77,3245,5,5,0,28.84
pkg_400397,2024-10-25,Overnight,Oakland,Chicago,Nacional,0.36,1138,1,1,0,34.74
pkg_400398,2024-02-04,2Day,LosAngeles,Oakland,Nacional,5.35,143,2,2,0,20.29
pkg_400399,2024-01-05,Overnight,LosAngeles,Newark,Nacional,1.3,4114,1,1,0,47.2
pkg_400400,2024-12-05,International,Indianapolis,LosAngeles,Internacional,1.5,4106,6,6,0,52.29
pkg_400401,2024-08-26,2Day,Newark,LosAngeles,Nacional,6.81,1311,2,2,0,25.58
pkg_400402,2024-08-11,International,Chicago,Newark,Internacional,0.92,914,6,6,0,39.49
pkg_400403,2024-03-29,Ground,Chicago,LosAngeles,Nacional,11.23,1288,5,8,1,18.12
pkg_400404,2024-11-13,Ground,Chicago,Indianapolis,Regional,1.52,4179,5,5,0,25.91
pkg_400405,2024-10-30,Express_Saver,Newark,LosAngeles,Nacional,5.95,2965,3,5,1,29.71
pkg_400406,2024-10-04,2Day,Indianapolis,LosAngeles,Nacional,1.89,2973,2,2,0,29.75
pkg_400407,2024-09-16,2Day,LosAngeles,Oakland,Regional,11.47,4007,2,2,0,45.23
pkg_400408,2024-03-05,Overnight,Miami,Oakland,Nacional,2.02,1609,1,1,0,38.05
pkg_400409,2024-10-16,Overnight,Oakland,Oakland,Regional,0.87,1237,1,1,0,35.34
pkg_400410,2024-07-30,2Day,Oakland,Indianapolis,Regional,1.47,3243,2,4,1,30.75
pkg_400411,2024-12-22,2Day,Miami,Indianapolis,Regional,3.62,4163,2,2,0,36.27
pkg_400412,2024-08-10,Ground,Miami,Chicago,Nacional,2.51,2221,5,5,0,19.26
pkg_400413,2024-08-06,Express_Saver,Miami,Newark,Nacional,11.33,2797,3,3,0,32.22
pkg_400414,2024-01-25,2Day,Indianapolis,Chicago,Nacional,1.76,4116,2,2,0,35.07
pkg_400415,2024-11-27,Overnight,Newark,Newark,Regional,15.95,4339,1,1,0,57.5
pkg_400416,2024-10-26,Ground,Memphis,Miami,Nacional,5.29,1050,5,5,0,17.21
pkg_400417,2024-11-16,2Day,LosAngeles,Chicago,Nacional,7.04,963,2,2,0,28.18
pkg_400418,2024-02-28,Ground,Oakland,Chicago,Nacional,3.9,1229,5,5,0,15.18
pkg_400419,2024-08-22,International,Indianapolis,Indianapolis,Internacional,1.28,919,6,6,0,39.79
pkg_400420,2024-08-05,2Day,Miami,Miami,Nacional,4.21,1302,2,2,0,25.99
pkg_400421,2024-04-09,Express_Saver,Miami,Newark,Nacional,1.75,2864,3,3,0,25.35
pkg_400422,2024-08-16,2Day,LosAngeles,Oakland,Nacional,6.66,3091,2,2,0,32.63
pkg_400423,2024-01-16,International,Miami,Memphis,Internacional,1.77,1949,6,9,1,44.4
pkg_400424,2024-06-19,Ground,Newark,LosAngeles,Nacional,2.09,221,5,5,0,9.97
pkg_400425,2024-11-10,Overnight,Chicago,Indianapolis,Regional,0.66,3730,1,1,0,45.27
pkg_400426,2024-11-07,Overnight,Indianapolis,Miami,Nacional,6.98,1811,1,1,0,40.38
pkg_400427,2024-02-22,International,Memphis,Newark,Internacional,0.96,1438,6,6,0,41.62
pkg_400428,2024-08-29,Ground,Memphis,Miami,Nacional,1.34,2456,5,5,0,19.29
pkg_400429,2024-05-13,Ground,Miami,Newark,Regional,1.7,4431,5,5,0,26.41
pkg_400430,2024-12-09,Express_Saver,Miami,Chicago,Nacional,0.85,3725,3,4,1,28.29
pkg_400431,2024-07-21,Ground,LosAngeles,Indianapolis,Nacional,1.49,687,5,6,1,12.07
pkg_400432,2024-04-23,Ground,LosAngeles,Oakland,Nacional,4.44,2564,5,5,0,22.4
pkg_400433,2024-01-02,International,Chicago,LosAngeles,Internacional,4.96,2939,6,6,0,48.96
pkg_400434,2024-11-07,Overnight,Chicago,Memphis,Nacional,7.09,4368,1,1,0,51.03
pkg_400435,2024-10-24,2Day,LosAngeles,Miami,Nacional,1.9,107,2,2,0,19.2
pkg_400436,2024-03-02,Ground,Indianapolis,Memphis,Regional,1.2,2123,5,5,0,17.38
pkg_400437,2024-12-15,Overnight,Newark,Memphis,Nacional,1.45,2356,1,1,0,40.29
pkg_400438,2024-11-18,2Day,LosAngeles,Oakland,Regional,1.24,3223,2,2,0,30.49
pkg_400439,2024-07-21,2Day,Newark,Indianapolis,Regional,5.47,3618,2,2,0,34.7
pkg_400440,2024-01-02,Express_Saver,Miami,Memphis,Regional,0.71,3653,3,3,0,27.92
pkg_400441,2024-03-10,Ground,Memphis,Oakland,Nacional,0.8,369,5,5,0,10.22
pkg_400442,2024-07-27,International,Oakland,Memphis,Internacional,7.05,1441,6,6,0,47.09
pkg_400443,2024-08-31,Ground,Miami,Indianapolis,Nacional,7.35,2201,5,5,0,19.92
pkg_400444,2024-02-18,2Day,Memphis,Memphis,Nacional,2.82,185,2,2,0,19.05
pkg_400445,2024-12-19,2Day,Newark,Miami,Nacional,20.3,3256,2,2,0,48.89
pkg_400446,2024-02-01,Express_Saver,Chicago,Newark,Nacional,1.6,2164,3,3,0,23.42
pkg_400447,2024-12-07,Overnight,LosAngeles,Chicago,Nacional,10.58,325,1,2,1,42.47
pkg_400448,2024-10-16,Ground,LosAngeles,Miami,Nacional,6.16,906,5,5,0,14.46
pkg_400449,2024-11-05,Overnight,Oakland,Chicago,Regional,1.27,1981,1,1,0,38.79
pkg_400450,2024-06-13,Ground,Chicago,Newark,Nacional,6.49,2199,5,6,1,20.49
pkg_400451,2024-05-04,2Day,Oakland,Oakland,Regional,1.02,2384,2,2,0,27.53
pkg_400452,2024-04-30,Overnight,Indianapolis,Memphis,Nacional,2.05,3737,1,1,0,46.88
pkg_400453,2024-05-10,Overnight,Oakland,Newark,Nacional,6.46,566,1,1,0,37.38
pkg_400454,2024-02-15,Express_Saver,Newark,Miami,Regional,8.79,843,3,3,0,23.56
pkg_400455,2024-11-22,2Day,Oakland,Miami,Regional,3.49,3138,2,2,0,31.04
pkg_400456,2024-04-18,Ground,Memphis,Indianapolis,Nacional,1.83,2772,5,5,0,20.4
pkg_400457,2024-09-07,2Day,Chicago,Memphis,Regional,4.2,3904,2,2,0,35.91
pkg_400458,2024-08-25,International,Newark,Newark,Internacional,2.32,3961,6,6,0,53.35
pkg_400459,2024-08-25,Ground,Memphis,Chicago,Nacional,0.64,4174,5,5,0,24.98
pkg_400460,2024-11-16,Ground,Newark,Newark,Regional,2.88,3682,5,5,0,24.39
pkg_400461,2024-04-19,Overnight,Newark,LosAngeles,Nacional,2.11,2981,1,3,1,43.11
pkg_400462,2024-02-10,Ground,Memphis,LosAngeles,Nacional,12.41,1310,5,5,0,23.93
pkg_400463,2024-10-27,Overnight,Oakland,Oakland,Nacional,2.88,2402,1,1,0,41.89
pkg_400464,2024-06-10,Ground,Chicago,Chicago,Nacional,8.45,722,5,5,0,16.17
pkg_400465,2024-11-17,Ground,Memphis,Oakland,Nacional,4.21,1224,5,5,0,15.57
pkg_400466,2024-01-11,Ground,Miami,LosAngeles,Nacional,0.68,215,5,5,0,9.13
pkg_400467,2024-01-08,International,Memphis,Miami,Internacional,1.14,3531,6,6,0,50.21
pkg_400468,2024-05-22,Express_Saver,Newark,LosAngeles,Nacional,3.99,3302,3,3,0,29.53
pkg_400469,2024-05-29,2Day,Oakland,LosAngeles,Nacional,1.06,4352,2,2,0,35.24
pkg_400470,2024-01-30,Express_Saver,LosAngeles,LosAngeles,Regional,3.89,1358,3,3,0,21.91
pkg_400471,2024-03-17,Ground,LosAngeles,Newark,Regional,1.95,3164,5,5,0,22.12
pkg_400472,2024-09-30,Ground,Chicago,Memphis,Regional,0.44,1692,5,5,0,15.16
pkg_400473,2024-08-24,Express_Saver,LosAngeles,Oakland,Nacional,8.21,3851,3,5,1,35.82
pkg_400474,2024-02-15,Ground,LosAngeles,Newark,Regional,3.83,2115,5,5,0,19.89
pkg_400475,2024-03-04,International,Chicago,Newark,Internacional,2.99,4139,6,6,0,53.89
pkg_400476,2024-09-05,Ground,Newark,Newark,Regional,16.18,2701,5,5,0,30.17
pkg_400477,2024-06-22,Overnight,Memphis,Oakland,Nacional,1.67,3777,1,2,1,45.97
pkg_400478,2024-09-25,Ground,Oakland,LosAngeles,Nacional,1.27,3663,5,5,0,23.95
pkg_400479,2024-06-24,International,Newark,Newark,Internacional,0.83,1052,6,6,0,40.12
pkg_400480,2024-01-15,Overnight,Indianapolis,LosAngeles,Regional,6.31,1302,1,1,0,39.02
pkg_400481,2024-07-03,Express_Saver,LosAngeles,Newark,Regional,2.22,4169,3,3,0,31.97
pkg_400482,2024-03-06,2Day,Oakland,Chicago,Regional,5.97,121,2,2,0,21.15
pkg_400483,2024-10-27,Overnight,LosAngeles,Indianapolis,Nacional,2.11,1416,1,1,0,36.89
pkg_400484,2024-11-25,Ground,Indianapolis,Memphis,Regional,4.64,2837,5,5,0,24.18
pkg_400485,2024-04-30,Express_Saver,LosAngeles,Memphis,Regional,4.07,2204,3,3,0,25.74
pkg_400486,2024-01-02,Overnight,Indianapolis,Memphis,Regional,3.75,1111,1,1,0,36.29
pkg_400487,2024-03-13,2Day,Newark,Newark,Nacional,2.05,4213,2,2,0,35.0
pkg_400488,2024-05-09,Ground,Oakland,Oakland,Regional,2.46,4128,5,5,0,26.13
pkg_400489,2024-11-01,2Day,Indianapolis,Indianapolis,Regional,2.01,4341,2,2,0,36.11
pkg_400490,2024-07-08,Ground,LosAngeles,Chicago,Regional,2.14,686,5,5,0,13.05
pkg_400491,2024-10-21,Express_Saver,Miami,Newark,Nacional,6.89,2671,3,3,0,29.02
pkg_400492,2024-03-27,2Day,Miami,Memphis,Regional,1.29,2002,2,2,0,25.84
pkg_400493,2024-03-15,2Day,Oakland,Newark,Nacional,0.93,3873,2,2,0,33.07
pkg_400494,2024-06-23,Overnight,Newark,Indianapolis,Nacional,2.61,2433,1,1,0,42.44
pkg_400495,2024-05-19,Ground,Chicago,Oakland,Nacional,17.27,1120,5,5,0,26.35
pkg_400496,2024-12-04,2Day,LosAngeles,Miami,Nacional,1.32,4163,2,2,0,34.48
pkg_400497,2024-06-27,2Day,Miami,Chicago,Regional,1.85,287,2,2,0,19.13
pkg_400498,2024-08-16,Overnight,Miami,Oakland,Regional,10.1,1609,1,3,1,44.72
pkg_400499,2024-01-10,Ground,Memphis,Indianapolis,Nacional,1.36,3396,5,7,1,22.54
pkg_400500,2024-08-29,International,Memphis,Indianapolis,Internacional,5.9,4442,6,9,1,55.76
pkg_400501,2024-12-29,Ground,Oakland,LosAngeles,Regional,7.01,2003,5,5,0,22.52
pkg_400502,2024-07-26,Ground,Chicago,LosAngeles,Regional,5.23,3655,5,5,0,27.05
pkg_400503,2024-04-01,Ground,Newark,Indianapolis,Regional,3.37,1969,5,5,0,18.9
pkg_400504,2024-03-21,Ground,Newark,Chicago,Regional,0.72,2987,5,5,0,20.73
pkg_400505,2024-11-09,Ground,Indianapolis,Chicago,Nacional,5.19,3591,5,5,0,26.3
pkg_400506,2024-09-29,Overnight,Memphis,LosAngeles,Nacional,2.75,3445,1,1,0,45.04
pkg_400507,2024-04-11,Express_Saver,Newark,Indianapolis,Nacional,0.57,3393,3,3,0,27.17
pkg_400508,2024-11-01,Overnight,Indianapolis,Chicago,Nacional,16.06,1445,1,2,1,51.09
pkg_400509,2024-09-06,2Day,Newark,Indianapolis,Regional,1.82,2996,2,2,0,30.75
pkg_400510,2024-06-28,Ground,Oakland,Newark,Regional,5.19,3650,5,5,0,24.98
pkg_400511,2024-12-17,International,LosAngeles,Oakland,Internacional,2.34,1056,6,6,0,40.37
pkg_400512,2024-02-13,2Day,Miami,Miami,Nacional,4.35,91,2,2,0,20.82
pkg_400513,2024-03-16,Ground,Miami,Newark,Nacional,2.38,3513,5,6,1,23.52
pkg_400514,2024-12-08,Overnight,Indianapolis,Memphis,Nacional,3.5,3558,1,1,0,47.59
pkg_400515,2024-06-05,Overnight,Newark,Chicago,Nacional,4.8,2560,1,1,0,43.1
pkg_400516,2024-05-14,Ground,LosAngeles,LosAngeles,Regional,2.9,526,5,7,1,12.73
pkg_400517,2024-08-15,2Day,Newark,Memphis,Regional,0.58,1508,2,2,0,23.43
pkg_400518,2024-05-10,Express_Saver,Indianapolis,Oakland,Nacional,8.75,4436,3,3,0,35.98
pkg_400519,2024-09-15,Ground,Miami,Newark,Regional,2.39,2954,5,5,0,21.17
pkg_400520,2024-05-18,2Day,Newark,Oakland,Nacional,4.62,3815,2,2,0,34.82
pkg_400521,2024-09-04,Express_Saver,LosAngeles,Miami,Nacional,0.81,3192,3,6,1,26.29
pkg_400522,2024-02-21,International,Newark,Oakland,Internacional,4.11,72,6,6,0,38.28
pkg_400523,2024-01-01,2Day,Oakland,Indianapolis,Nacional,0.91,546,2,2,0,20.16
pkg_400524,2024-03-24,Overnight,LosAngeles,Oakland,Regional,1.94,2130,1,1,0,40.62
pkg_400525,2024-02-22,International,Memphis,Memphis,Internacional,5.79,3829,6,6,0,55.32
pkg_400526,2024-07-18,Express_Saver,Miami,Newark,Regional,0.26,3354,3,3,0,26.54
pkg_400527,2024-09-01,Overnight,Indianapolis,LosAngeles,Regional,2.18,3655,1,1,0,46.73
pkg_400528,2024-04-13,International,Newark,Newark,Internacional,11.07,751,6,6,0,49.14
pkg_400529,2024-06-06,Express_Saver,Oakland,Indianapolis,Nacional,5.86,1406,3,3,0,21.86
pkg_400530,2024-02-06,Ground,Indianapolis,Oakland,Regional,1.35,1451,5,5,0,15.13
pkg_400531,2024-01-14,International,Memphis,Miami,Internacional,0.78,2414,6,6,0,45.24
pkg_400532,2024-10-27,2Day,Newark,Oakland,Regional,31.99,3602,2,3,1,48.36
pkg_400533,2024-11-16,Ground,Indianapolis,LosAngeles,Regional,0.5,841,5,8,1,11.67
pkg_400534,2024-02-18,Express_Saver,Oakland,Chicago,Regional,0.94,547,3,3,0,16.21
pkg_400535,2024-04-10,Overnight,Chicago,Memphis,Nacional,2.76,1812,1,1,0,39.02
pkg_400536,2024-12-28,Overnight,Oakland,Newark,Nacional,0.99,359,1,1,0,31.93
pkg_400537,2024-06-29,2Day,Newark,Miami,Nacional,1.38,389,2,2,0,19.74
pkg_400538,2024-02-19,Overnight,Miami,Newark,Nacional,0.76,89,1,3,1,30.78
pkg_400539,2024-01-30,International,Newark,Newark,Internacional,1.53,4483,6,6,0,53.89
pkg_400540,2024-04-07,2Day,Indianapolis,Memphis,Nacional,24.57,3246,2,2,0,52.13
pkg_400541,2024-02-25,Ground,Oakland,Oakland,Nacional,0.83,1122,5,5,0,12.91
pkg_400542,2024-08-25,Ground,Oakland,Indianapolis,Nacional,3.64,2498,5,5,0,20.84
pkg_400543,2024-04-25,Express_Saver,Indianapolis,Chicago,Regional,0.75,440,3,3,0,15.53
pkg_400544,2024-03-06,Ground,Indianapolis,Chicago,Regional,3.28,2727,5,5,0,21.39
pkg_400545,2024-11-05,Ground,Oakland,Indianapolis,Nacional,3.25,2480,5,5,0,20.08
pkg_400546,2024-08-29,Ground,Chicago,Newark,Regional,2.62,3041,5,5,0,21.69
pkg_400547,2024-07-19,2Day,Indianapolis,Oakland,Regional,1.37,1681,2,2,0,24.7
pkg_400548,2024-09-27,Ground,Oakland,LosAngeles,Nacional,1.8,577,5,5,0,12.25
pkg_400549,2024-09-11,Overnight,Miami,Newark,Nacional,3.31,2658,1,1,0,44.06
pkg_400550,2024-06-09,2Day,LosAngeles,Oakland,Regional,5.31,4497,2,3,1,38.62
pkg_400551,2024-09-23,Ground,Miami,Memphis,Nacional,0.99,745,5,5,0,11.59
pkg_400552,2024-09-29,Ground,Chicago,Chicago,Nacional,1.46,730,5,5,0,11.61
pkg_400553,2024-08-15,Ground,LosAngeles,Newark,Nacional,6.08,879,5,5,0,16.87
pkg_400554,2024-09-04,International,Newark,Oakland,Internacional,4.15,2004,6,6,0,47.31
pkg_400555,2024-10-29,Ground,Memphis,Memphis,Regional,2.46,3289,5,5,0,23.47
pkg_400556,2024-09-13,Express_Saver,Oakland,LosAngeles,Nacional,0.8,1626,3,3,0,20.09
pkg_400557,2024-07-08,Ground,Chicago,Miami,Nacional,0.9,3997,5,5,0,24.65
pkg_400558,2024-05-05,Ground,Newark,Chicago,Regional,2.68,272,5,5,0,11.12
pkg_400559,2024-07-12,Express_Saver,Memphis,Memphis,Regional,2.38,3859,3,3,0,29.44
pkg_400560,2024-12-26,Express_Saver,Newark,Newark,Nacional,3.89,489,3,3,0,17.64
pkg_400561,2024-11-28,Express_Saver,Indianapolis,Oakland,Nacional,4.62,1999,3,5,1,23.07
pkg_400562,2024-01-12,Express_Saver,Indianapolis,Indianapolis,Nacional,3.95,2392,3,3,0,25.91
pkg_400563,2024-09-15,Overnight,Indianapolis,Chicago,Nacional,9.72,1848,1,1,0,48.05
pkg_400564,2024-03-08,2Day,Miami,LosAngeles,Nacional,7.37,2527,2,2,0,34.69
pkg_400565,2024-02-08,Overnight,LosAngeles,Chicago,Nacional,1.83,3162,1,1,0,43.55
pkg_400566,2024-12-29,Overnight,Chicago,Newark,Nacional,0.56,4475,1,1,0,48.23
pkg_400567,2024-10-22,Overnight,Newark,Memphis,Nacional,14.37,3986,1,1,0,52.76
pkg_400568,2024-10-06,Ground,Memphis,LosAngeles,Regional,4.49,3078,5,5,0,22.74
pkg_400569,2024-09-05,2Day,Miami,Memphis,Nacional,1.44,2049,2,2,0,25.84
pkg_400570,2024-10-28,International,Indianapolis,Miami,Internacional,5.32,1417,6,6,0,43.37
pkg_400571,2024-12-23,Ground,Indianapolis,Miami,Nacional,3.72,2734,5,5,0,20.51
pkg_400572,2024-08-17,Ground,Oakland,LosAngeles,Nacional,3.58,2215,5,5,0,19.64
pkg_400573,2024-04-06,Ground,Miami,Chicago,Nacional,2.96,3735,5,5,0,25.89
pkg_400574,2024-01-06,Overnight,Chicago,Indianapolis,Regional,1.28,1298,1,1,0,36.18
pkg_400575,2024-12-17,Overnight,LosAngeles,LosAngeles,Nacional,0.82,185,1,1,0,31.58
pkg_400576,2024-01-11,2Day,Newark,LosAngeles,Regional,2.5,1472,2,2,0,25.28
pkg_400577,2024-03-18,International,LosAngeles,Newark,Internacional,1.39,2179,6,6,0,44.31
pkg_400578,2024-10-13,Express_Saver,Chicago,LosAngeles,Nacional,8.04,4355,3,3,0,37.1
pkg_400579,2024-12-29,International,Memphis,Chicago,Internacional,1.95,745,6,8,1,39.59
pkg_400580,2024-03-04,Overnight,Indianapolis,Memphis,Nacional,8.58,2354,1,1,0,45.52
pkg_400581,2024-05-08,Express_Saver,Miami,Oakland,Nacional,4.42,3111,3,3,0,27.25
pkg_400582,2024-03-26,Overnight,Oakland,Newark,Nacional,2.0,113,1,1,0,32.37
pkg_400583,2024-11-08,Ground,Indianapolis,Indianapolis,Regional,8.07,63,5,5,0,13.72
pkg_400584,2024-01-07,Ground,Chicago,Newark,Regional,0.93,3687,5,5,0,23.16
pkg_400585,2024-06-22,Ground,LosAngeles,Indianapolis,Nacional,5.13,4145,5,8,1,29.65
pkg_400586,2024-09-06,Overnight,Indianapolis,Memphis,Nacional,2.53,2643,1,1,0,41.8
pkg_400587,2024-07-09,2Day,Newark,Newark,Regional,3.32,3299,2,2,0,33.46
pkg_400588,2024-07-07,2Day,Chicago,Memphis,Regional,1.84,2242,2,2,0,27.93
pkg_400589,2024-12-24,Express_Saver,Oakland,Miami,Nacional,1.95,3350,3,3,0,28.2
pkg_400590,2024-05-28,Overnight,Oakland,Newark,Nacional,1.77,3235,1,1,0,43.8
pkg_400591,2024-11-24,Overnight,Newark,Chicago,Nacional,14.29,2677,1,1,0,46.69
pkg_400592,2024-07-07,Express_Saver,LosAngeles,Oakland,Nacional,9.66,520,3,3,0,20.99
pkg_400593,2024-08-27,Ground,Indianapolis,Indianapolis,Nacional,2.42,2639,5,5,0,20.13
pkg_400594,2024-07-05,Express_Saver,Miami,Indianapolis,Regional,4.08,3822,3,3,0,32.05
pkg_400595,2024-11-16,2Day,Memphis,LosAngeles,Nacional,1.59,2134,2,2,0,26.35
pkg_400596,2024-12-09,2Day,Miami,Memphis,Regional,3.65,2842,2,2,0,31.19
pkg_400597,2024-03-24,Overnight,Memphis,Miami,Nacional,1.67,2322,1,1,0,40.65
pkg_400598,2024-10-20,2Day,Newark,Indianapolis,Nacional,1.17,1324,2,2,0,23.5
pkg_400599,2024-04-18,2Day,LosAngeles,LosAngeles,Nacional,10.76,2612,2,2,0,34.03
pkg_400600,2024-06-29,Overnight,Indianapolis,Oakland,Regional,2.17,2549,1,1,0,41.64
pkg_400601,2024-08-29,Ground,Newark,LosAngeles,Regional,0.36,140,5,5,0,8.84
pkg_400602,2024-05-11,2Day,Miami,Indianapolis,Nacional,1.08,3185,2,2,0,30.49
pkg_400603,2024-08-29,International,Oakland,Miami,Internacional,3.69,828,6,8,1,42.35
pkg_400604,2024-05-15,2Day,Memphis,Chicago,Nacional,2.4,388,2,2,0,20.61
pkg_400605,2024-10-16,2Day,Newark,Miami,Regional,0.7,3736,2,2,0,32.34
pkg_400606,2024-11-13,Ground,Miami,Indianapolis,Regional,1.46,3454,5,5,0,22.94
pkg_400607,2024-06-24,International,LosAngeles,LosAngeles,Internacional,3.2,527,6,6,0,39.49
pkg_400608,2024-06-16,Ground,Memphis,LosAngeles,Nacional,1.79,3483,5,5,0,22.81
pkg_400609,2024-07-07,Express_Saver,Oakland,Chicago,Regional,8.53,885,3,3,0,25.19
pkg_400610,2024-09-25,Overnight,Miami,Memphis,Nacional,5.32,3898,1,1,0,48.63
pkg_400611,2024-09-22,Express_Saver,Memphis,Chicago,Regional,7.7,3491,3,3,0,33.72
pkg_400612,2024-02-11,2Day,Chicago,Newark,Regional,0.78,2770,2,2,0,28.67
pkg_400613,2024-01-11,Ground,Memphis,Oakland,Nacional,15.14,3902,5,6,1,40.15
pkg_400614,2024-03-21,Express_Saver,Indianapolis,Oakland,Nacional,0.39,966,3,3,0,17.1
pkg_400615,2024-10-08,Ground,Memphis,Indianapolis,Regional,2.73,57,5,5,0,10.7
pkg_400616,2024-07-25,Overnight,Oakland,Miami,Regional,1.55,92,1,1,0,31.16
pkg_400617,2024-11-16,Ground,Miami,Indianapolis,Nacional,6.6,215,5,5,0,12.25
pkg_400618,2024-09-06,2Day,Newark,LosAngeles,Nacional,1.38,4130,2,2,0,34.14
pkg_400619,2024-07-04,Ground,Miami,Chicago,Regional,3.86,3831,5,5,0,27.33
pkg_400620,2024-02-18,Ground,Indianapolis,Chicago,Nacional,12.48,4371,5,5,0,32.32
pkg_400621,2024-12-03,Express_Saver,Chicago,Indianapolis,Nacional,3.64,859,3,3,0,20.41
pkg_400622,2024-02-25,Ground,Oakland,Miami,Nacional,7.22,4030,5,5,0,31.93
pkg_400623,2024-02-19,2Day,Chicago,Memphis,Nacional,4.69,3054,2,2,0,32.9
pkg_400624,2024-08-20,Express_Saver,Miami,Newark,Nacional,5.63,3401,3,3,0,29.29
pkg_400625,2024-06-12,Ground,Miami,Chicago,Nacional,2.4,1522,5,5,0,15.6
pkg_400626,2024-07-19,2Day,Miami,Miami,Nacional,9.86,343,2,2,0,23.84
pkg_400627,2024-12-02,Overnight,Indianapolis,Memphis,Nacional,3.56,2158,1,1,0,40.59
pkg_400628,2024-10-16,2Day,LosAngeles,Newark,Regional,4.52,2062,2,2,0,28.37
pkg_400629,2024-09-08,International,Chicago,Memphis,Internacional,6.66,527,6,7,1,44.04
pkg_400630,2024-09-10,Express_Saver,Indianapolis,Memphis,Nacional,4.12,2904,3,3,0,28.79
pkg_400631,2024-02-22,Overnight,Indianapolis,Newark,Nacional,2.22,1413,1,1,0,36.71
pkg_400632,2024-10-10,Overnight,Miami,Memphis,Regional,1.21,4229,1,1,0,48.02
pkg_400633,2024-06-21,2Day,Chicago,Memphis,Nacional,6.96,1320,2,2,0,26.26
pkg_400634,2024-11-21,Ground,LosAngeles,LosAngeles,Nacional,5.59,1916,5,5,0,19.95
pkg_400635,2024-02-19,International,LosAngeles,Chicago,Internacional,0.59,2027,6,6,0,43.47
pkg_400636,2024-01-24,Overnight,Newark,Oakland,Nacional,5.37,1218,1,1,0,39.15
pkg_400637,2024-07-17,2Day,Indianapolis,Oakland,Nacional,2.59,2677,2,2,0,29.23
pkg_400638,2024-02-28,Ground,LosAngeles,Memphis,Nacional,1.84,1164,5,5,0,13.92
pkg_400639,2024-09-30,International,Oakland,Memphis,Internacional,0.22,1577,6,6,0,41.5
pkg_400640,2024-07-20,Overnight,Oakland,Memphis,Regional,5.82,128,1,1,0,34.0
pkg_400641,2024-03-12,Overnight,Memphis,Newark,Regional,0.66,2022,1,1,0,38.6
pkg_400642,2024-12-01,2Day,Indianapolis,Newark,Regional,1.78,2161,2,2,0,26.44
pkg_400643,2024-04-09,Express_Saver,Chicago,Chicago,Regional,2.58,2291,3,3,0,24.39
pkg_400644,2024-12-13,Ground,LosAngeles,Indianapolis,Regional,1.82,1205,5,7,1,14.12
pkg_400645,2024-04-22,Overnight,Memphis,Newark,Nacional,1.97,1966,1,1,0,40.03
pkg_400646,2024-05-08,International,Indianapolis,Miami,Internacional,5.56,4277,6,6,0,57.25
pkg_400647,2024-04-25,Ground,Memphis,Newark,Nacional,3.48,2235,5,5,0,18.77
pkg_400648,2024-04-25,2Day,Newark,Newark,Regional,2.98,2571,2,2,0,28.57
pkg_400649,2024-07-30,Ground,Newark,Chicago,Nacional,1.59,3297,5,5,0,22.4
pkg_400650,2024-12-31,Ground,Chicago,Newark,Regional,5.18,178,5,5,0,12.6
pkg_400651,2024-05-30,Ground,Newark,Oakland,Nacional,5.22,3229,5,5,0,24.47
pkg_400652,2024-08-10,Overnight,Chicago,Oakland,Regional,1.64,872,1,1,0,34.93
pkg_400653,2024-02-27,2Day,LosAngeles,Miami,Nacional,3.12,3728,2,2,0,35.08
pkg_400654,2024-06-05,Express_Saver,Miami,Indianapolis,Nacional,2.04,77,3,3,0,15.06
pkg_400655,2024-02-01,Ground,Memphis,Memphis,Regional,1.92,947,5,5,0,13.83
pkg_400656,2024-12-08,Express_Saver,Miami,Miami,Nacional,2.46,3644,3,3,0,29.03
pkg_400657,2024-08-20,Ground,LosAngeles,Chicago,Nacional,0.56,562,5,5,0,10.64
pkg_400658,2024-04-27,2Day,Newark,Miami,Nacional,3.16,1349,2,2,0,25.17
pkg_400659,2024-11-10,2Day,Oakland,Miami,Nacional,8.05,716,2,2,0,27.85
pkg_400660,2024-09-05,Overnight,Memphis,Miami,Nacional,0.25,4462,1,1,0,48.0
pkg_400661,2024-07-01,Express_Saver,Miami,Memphis,Nacional,2.8,1032,3,3,0,18.81
pkg_400662,2024-06-15,Overnight,Chicago,Chicago,Regional,0.83,1564,1,1,0,36.98
pkg_400663,2024-10-25,Overnight,Indianapolis,Indianapolis,Nacional,7.59,2121,1,1,0,45.5
pkg_400664,2024-03-10,Ground,Miami,Chicago,Nacional,2.78,3291,5,5,0,23.2
pkg_400665,2024-08-18,2Day,Oakland,Miami,Regional,1.63,2208,2,2,0,27.38
pkg_400666,2024-05-25,2Day,Newark,Miami,Nacional,0.33,3953,2,2,0,32.99
pkg_400667,2024-08-05,Overnight,Chicago,Indianapolis,Regional,1.6,2698,1,1,0,42.31
pkg_400668,2024-12-09,Ground,Miami,Miami,Nacional,0.83,2801,5,5,0,19.67
pkg_400669,2024-02-28,Ground,Indianapolis,Newark,Nacional,8.01,1131,5,5,0,18.46
pkg_400670,2024-07-28,2Day,Indianapolis,Indianapolis,Nacional,5.94,138,2,3,1,22.51
pkg_400671,2024-06-19,Overnight,Miami,Indianapolis,Regional,0.56,1460,1,1,0,36.15
pkg_400672,2024-03-14,Ground,Oakland,Chicago,Regional,0.65,2943,5,5,0,20.17
pkg_400673,2024-11-08,Ground,Oakland,Newark,Regional,18.88,893,5,7,1,28.43
pkg_400674,2024-05-03,2Day,Miami,Miami,Nacional,1.82,4319,2,2,0,35.79
pkg_400675,2024-10-10,Ground,Indianapolis,Indianapolis,Nacional,2.12,3462,5,5,0,23.66
pkg_400676,2024-01-24,Ground,LosAngeles,Oakland,Nacional,4.5,393,5,5,0,11.99
pkg_400677,2024-11-03,Express_Saver,Oakland,LosAngeles,Regional,3.59,2215,3,3,0,25.51
pkg_400678,2024-02-10,Ground,Oakland,Miami,Regional,8.3,1960,5,5,0,19.31
pkg_400679,2024-11-23,Ground,Memphis,Memphis,Nacional,1.02,256,5,5,0,9.57
pkg_400680,2024-06-03,International,Chicago,LosAngeles,Internacional,6.52,1022,6,6,0,43.51
pkg_400681,2024-12-24,International,Indianapolis,Miami,Internacional,7.98,1071,6,8,1,43.74
pkg_400682,2024-12-24,Express_Saver,Newark,Newark,Nacional,4.4,2490,3,3,0,26.41
pkg_400683,2024-12-03,Overnight,Miami,Newark,Nacional,1.7,800,1,1,0,34.49
pkg_400684,2024-12-10,Ground,Memphis,Oakland,Nacional,2.66,1727,5,5,0,16.82
pkg_400685,2024-05-08,International,Newark,Miami,Internacional,17.44,1043,6,7,1,54.9
pkg_400686,2024-12-27,Overnight,Oakland,Miami,Nacional,3.42,3864,1,1,0,48.7
pkg_400687,2024-05-05,International,Oakland,LosAngeles,Internacional,3.69,1342,6,6,0,42.79
pkg_400688,2024-03-25,International,Memphis,Newark,Internacional,1.56,4058,6,6,0,52.8
pkg_400689,2024-03-01,2Day,Newark,Miami,Regional,15.04,151,2,2,0,26.65
pkg_400690,2024-01-10,Express_Saver,Miami,LosAngeles,Nacional,0.67,3389,3,3,0,26.88
pkg_400691,2024-04-22,Ground,Chicago,LosAngeles,Nacional,2.84,3461,5,5,0,23.84
pkg_400692,2024-03-06,Ground,LosAngeles,Newark,Nacional,0.65,600,5,5,0,11.1
pkg_400693,2024-01-15,Overnight,Oakland,Miami,Nacional,12.27,1026,1,2,1,40.97
pkg_400694,2024-01-29,Ground,Miami,Miami,Nacional,1.35,3364,5,5,0,22.79
pkg_400695,2024-06-22,Express_Saver,Chicago,Miami,Nacional,5.71,4029,3,6,1,32.27
pkg_400696,2024-06-26,Overnight,Oakland,Memphis,Nacional,0.72,1422,1,1,0,36.48
pkg_400697,2024-09-30,Overnight,Chicago,Chicago,Regional,0.53,1897,1,1,0,37.85
pkg_400698,2024-03-31,2Day,Miami,LosAngeles,Regional,6.8,4247,2,2,0,36.94
pkg_400699,2024-01-02,Overnight,Indianapolis,Memphis,Nacional,1.91,2293,1,1,0,40.84
pkg_400700,2024-03-17,Overnight,Memphis,Chicago,Nacional,2.08,2058,1,1,0,39.95
pkg_400701,2024-05-06,Overnight,Miami,Indianapolis,Regional,15.22,3053,1,1,0,56.33
pkg_400702,2024-12-25,Ground,Chicago,Indianapolis,Nacional,1.47,1374,5,5,0,14.1
pkg_400703,2024-03-30,International,Memphis,Indianapolis,Internacional,1.13,374,6,6,0,37.71
pkg_400704,2024-01-26,International,Oakland,Oakland,Internacional,0.81,1129,6,8,1,40.01
pkg_400705,2024-06-10,Overnight,Memphis,Oakland,Nacional,1.23,2545,1,1,0,40.79
pkg_400706,2024-10-05,Overnight,Oakland,Indianapolis,Nacional,1.93,132,1,1,0,31.85
pkg_400707,2024-02-20,Ground,Miami,LosAngeles,Nacional,4.6,869,5,5,0,14.26
pkg_400708,2024-09-12,2Day,Chicago,Indianapolis,Nacional,2.02,245,2,2,0,18.93
pkg_400709,2024-11-16,Express_Saver,LosAngeles,Miami,Nacional,1.17,326,3,3,0,15.27
pkg_400710,2024-11-01,Express_Saver,LosAngeles,Oakland,Nacional,4.12,1519,3,3,0,23.28
pkg_400711,2024-12-16,Overnight,Oakland,LosAngeles,Regional,3.01,1509,1,1,0,39.08
pkg_400712,2024-07-26,Ground,LosAngeles,Chicago,Nacional,2.83,4132,5,5,0,26.01
pkg_400713,2024-03-14,International,LosAngeles,Oakland,Internacional,0.4,1396,6,6,0,40.78
pkg_400714,2024-05-24,Ground,Miami,Newark,Nacional,0.5,3342,5,5,0,21.87
pkg_400715,2024-02-03,Ground,Miami,Chicago,Regional,17.35,2646,5,5,0,32.25
pkg_400716,2024-12-18,Ground,LosAngeles,LosAngeles,Nacional,2.53,1650,5,5,0,16.13
pkg_400717,2024-05-06,2Day,Indianapolis,Oakland,Nacional,5.35,1943,2,2,0,28.4
pkg_400718,2024-05-08,Overnight,Memphis,Chicago,Nacional,9.69,2251,1,1,0,48.74
pkg_400719,2024-05-05,Overnight,Memphis,Newark,Regional,1.17,701,1,1,0,33.9
pkg_400720,2024-04-08,Ground,Indianapolis,Indianapolis,Nacional,0.82,1296,5,5,0,13.89
pkg_400721,2024-04-19,2Day,LosAngeles,Chicago,Nacional,7.98,1561,2,2,0,26.82
pkg_400722,2024-08-17,Ground,LosAngeles,LosAngeles,Regional,6.75,2170,5,5,0,22.49
pkg_400723,2024-05-13,International,Miami,Oakland,Internacional,0.65,4180,6,6,0,52.35
pkg_400724,2024-05-22,Ground,Memphis,Memphis,Nacional,1.4,2192,5,5,0,17.75
pkg_400725,2024-08-25,Ground,LosAngeles,Memphis,Nacional,50.26,1454,5,5,0,57.91
pkg_400726,2024-12-14,2Day,LosAngeles,LosAngeles,Nacional,10.28,947,2,2,0,30.54
pkg_400727,2024-12-06,2Day,Indianapolis,Memphis,Nacional,6.13,3517,2,2,0,35.93
pkg_400728,2024-05-16,Express_Saver,LosAngeles,Chicago,Nacional,5.29,2795,3,3,0,27.5
pkg_400729,2024-07-21,Overnight,Miami,Newark,Nacional,3.04,3084,1,1,0,45.1
pkg_400730,2024-08-05,2Day,Indianapolis,Indianapolis,Nacional,6.16,4045,2,2,0,37.07
pkg_400731,2024-05-09,Ground,Indianapolis,Oakland,Nacional,1.21,2135,5,5,0,17.35
pkg_400732,2024-08-24,Express_Saver,LosAngeles,LosAngeles,Nacional,4.75,640,3,3,0,20.18
pkg_400733,2024-09-24,Ground,Chicago,Memphis,Nacional,3.07,1640,5,5,0,15.99
pkg_400734,2024-01-01,Ground,Newark,Indianapolis,Regional,2.32,378,5,5,0,11.77
pkg_400735,2024-07-15,International,LosAngeles,Newark,Internacional,5.08,1253,6,6,0,43.63
pkg_400736,2024-01-07,Overnight,Memphis,Miami,Regional,1.31,4309,1,1,0,47.92
pkg_400737,2024-09-27,2Day,Miami,Memphis,Regional,1.05,332,2,2,0,18.79
pkg_400738,2024-08-09,Ground,Indianapolis,LosAngeles,Nacional,3.03,3038,5,5,0,21.5
pkg_400739,2024-07-28,2Day,Chicago,Chicago,Nacional,1.64,3088,2,2,0,31.15
pkg_400740,2024-10-27,Overnight,Memphis,Memphis,Nacional,0.48,186,1,1,0,31.23
pkg_400741,2024-04-28,Express_Saver,Indianapolis,Miami,Nacional,3.53,3369,3,3,0,30.01
pkg_400742,2024-08-11,2Day,Chicago,Chicago,Nacional,3.58,2510,2,2,0,29.74
pkg_400743,2024-10-14,Ground,Memphis,Oakland,Nacional,2.04,3943,5,5,0,25.43
pkg_400744,2024-06-25,Overnight,Miami,Newark,Nacional,10.75,1638,1,1,0,42.18
pkg_400745,2024-04-13,Overnight,Indianapolis,Miami,Nacional,0.63,2587,1,1,0,41.0
pkg_400746,2024-11-02,2Day,Memphis,Indianapolis,Regional,7.83,3297,2,2,0,36.16
pkg_400747,2024-01-01,Ground,Oakland,Oakland,Nacional,7.69,3397,5,5,0,29.84
pkg_400748,2024-10-07,Ground,Memphis,Miami,Nacional,1.68,2621,5,5,0,19.89
pkg_400749,2024-08-30,Express_Saver,Miami,Chicago,Nacional,6.35,1330,3,3,0,24.77
pkg_400750,2024-04-08,2Day,Newark,Oakland,Regional,2.97,1203,2,2,0,23.21
pkg_400751,2024-03-12,International,Indianapolis,LosAngeles,Internacional,1.17,1149,6,9,1,40.78
pkg_400752,2024-08-06,Overnight,LosAngeles,Memphis,Nacional,0.82,3827,1,1,0,46.2
pkg_400753,2024-09-19,Ground,Miami,LosAngeles,Regional,3.14,3397,5,5,0,24.42
pkg_400754,2024-08-11,International,Indianapolis,Newark,Internacional,4.54,2606,6,6,0,48.6
pkg_400755,2024-05-31,Ground,LosAngeles,Miami,Nacional,2.4,91,5,5,0,10.29
pkg_400756,2024-01-25,Express_Saver,Chicago,Newark,Nacional,2.08,2059,3,3,0,22.88
pkg_400757,2024-04-15,Ground,Memphis,Newark,Regional,6.04,1959,5,5,0,21.01
pkg_400758,2024-04-11,Ground,Chicago,Indianapolis,Nacional,5.56,4368,5,7,1,29.42
pkg_400759,2024-10-08,Ground,Oakland,Indianapolis,Nacional,1.67,2784,5,5,0,19.87
pkg_400760,2024-07-06,2Day,Indianapolis,Oakland,Nacional,1.74,720,2,2,0,21.39
pkg_400761,2024-10-13,Ground,Indianapolis,Newark,Nacional,3.17,264,5,5,0,11.16
pkg_400762,2024-02-18,Ground,LosAngeles,Indianapolis,Nacional,1.56,4459,5,5,0,27.42
pkg_400763,2024-10-19,Ground,Newark,Indianapolis,Nacional,4.84,1653,5,5,0,17.0
pkg_400764,2024-12-13,Ground,LosAngeles,Oakland,Nacional,2.21,609,5,5,0,12.4
pkg_400765,2024-11-13,International,Indianapolis,Oakland,Internacional,0.96,2974,6,6,0,47.52
pkg_400766,2024-11-03,Ground,Indianapolis,Newark,Regional,4.67,4445,5,5,0,28.86
pkg_400767,2024-01-26,2Day,Chicago,Chicago,Nacional,5.19,821,2,5,1,23.07
pkg_400768,2024-01-03,Ground,Memphis,Chicago,Nacional,4.24,1123,5,5,0,16.41
pkg_400769,2024-02-05,Overnight,Oakland,Miami,Regional,1.36,4058,1,1,0,46.84
pkg_400770,2024-07-17,Ground,Miami,Newark,Nacional,2.0,2039,5,8,1,17.82
pkg_400771,2024-10-29,Ground,LosAngeles,Oakland,Regional,6.85,4424,5,5,0,33.22
pkg_400772,2024-10-10,Overnight,Chicago,Memphis,Regional,1.64,1422,1,1,0,37.26
pkg_400773,2024-11-20,Ground,Chicago,Chicago,Regional,4.12,1485,5,5,0,17.55
pkg_400774,2024-03-02,International,LosAngeles,Indianapolis,Internacional,12.44,4092,6,6,0,64.3
pkg_400775,2024-01-25,Ground,Oakland,Memphis,Regional,3.34,2899,5,5,0,21.36
pkg_400776,2024-05-01,International,Oakland,Chicago,Internacional,5.44,1077,6,6,0,44.38
pkg_400777,2024-01-20,Overnight,LosAngeles,Oakland,Nacional,4.93,2762,1,1,0,43.3
pkg_400778,2024-11-02,International,Oakland,LosAngeles,Internacional,6.54,3707,6,6,0,54.08
pkg_400779,2024-07-11,2Day,Miami,LosAngeles,Regional,2.7,3370,2,2,0,31.98
pkg_400780,2024-03-08,Overnight,Miami,Miami,Nacional,0.51,3927,1,1,0,46.27
pkg_400781,2024-10-24,Ground,Newark,Newark,Regional,2.83,1133,5,5,0,14.58
pkg_400782,2024-08-09,Ground,Memphis,Miami,Nacional,0.47,4044,5,5,0,24.53
pkg_400783,2024-07-25,Ground,Chicago,Newark,Nacional,6.7,1812,5,5,0,20.31
pkg_400784,2024-08-23,Ground,Chicago,Miami,Regional,3.85,1552,5,5,0,15.95
pkg_400785,2024-05-08,Ground,Miami,Newark,Regional,5.84,2380,5,5,0,21.53
pkg_400786,2024-09-23,Ground,Oakland,LosAngeles,Regional,10.8,2068,5,5,0,25.78
pkg_400787,2024-08-27,Express_Saver,Indianapolis,Newark,Regional,4.92,3573,3,3,0,31.15
pkg_400788,2024-08-12,Overnight,Chicago,Chicago,Nacional,7.62,385,1,1,0,36.36
pkg_400789,2024-02-06,Ground,Indianapolis,Indianapolis,Regional,1.33,2107,5,5,0,17.69
pkg_400790,2024-11-04,International,LosAngeles,Chicago,Internacional,2.19,4326,6,7,1,54.44
pkg_400791,2024-08-24,Express_Saver,Miami,Newark,Nacional,47.55,2517,3,4,1,66.53
pkg_400792,2024-07-23,Ground,Miami,Oakland,Regional,0.39,602,5,5,0,10.74
pkg_400793,2024-03-05,Overnight,Oakland,Newark,Nacional,0.55,739,1,1,0,33.45
pkg_400794,2024-05-22,2Day,Indianapolis,Oakland,Nacional,5.94,3219,2,2,0,32.43
pkg_400795,2024-07-08,Overnight,Indianapolis,LosAngeles,Nacional,7.64,3800,1,1,0,52.79
pkg_400796,2024-07-16,Overnight,Miami,LosAngeles,Nacional,23.81,2041,1,3,1,61.58
pkg_400797,2024-08-16,Overnight,Memphis,LosAngeles,Nacional,2.47,3600,1,1,0,45.89
pkg_400798,2024-08-24,Overnight,LosAngeles,Chicago,Nacional,3.62,2507,1,1,0,42.98
pkg_400799,2024-09-30,Ground,LosAngeles,LosAngeles,Nacional,1.71,3916,5,6,1,24.71
pkg_400800,2024-08-22,Ground,Newark,Indianapolis,Regional,7.49,2914,5,8,1,27.86
pkg_400801,2024-05-24,2Day,Indianapolis,Miami,Nacional,3.27,1159,2,2,0,24.44
pkg_400802,2024-03-02,Ground,Indianapolis,Miami,Nacional,2.05,1719,5,8,1,16.08
pkg_400803,2024-06-16,Ground,Memphis,Newark,Regional,4.55,1689,5,5,0,16.72
pkg_400804,2024-01-30,Express_Saver,Indianapolis,Miami,Nacional,3.7,1926,3,3,0,22.22
pkg_400805,2024-04-14,Express_Saver,Indianapolis,Indianapolis,Regional,26.46,1431,3,3,0,40.81
pkg_400806,2024-09-05,Ground,Oakland,Oakland,Nacional,2.32,2166,5,5,0,17.95
pkg_400807,2024-10-29,2Day,LosAngeles,LosAngeles,Regional,2.69,763,2,2,0,21.76
pkg_400808,2024-06-25,Ground,Miami,Oakland,Nacional,2.63,2429,5,5,0,18.97
pkg_400809,2024-07-31,International,Miami,Newark,Internacional,5.48,4090,6,6,0,56.68
pkg_400810,2024-12-25,Ground,Oakland,LosAngeles,Nacional,4.2,2319,5,5,0,20.88
pkg_400811,2024-08-17,Ground,LosAngeles,Memphis,Regional,24.61,3864,5,6,1,35.38
pkg_400812,2024-09-25,Overnight,Chicago,Indianapolis,Regional,8.61,3181,1,1,0,51.55
pkg_400813,2024-12-04,Ground,Memphis,Memphis,Regional,3.79,3781,5,5,0,25.1
pkg_400814,2024-03-04,2Day,Memphis,Newark,Nacional,2.17,4121,2,2,0,35.74
pkg_400815,2024-12-30,2Day,Indianapolis,LosAngeles,Nacional,2.85,1945,2,2,0,26.97
pkg_400816,2024-01-21,Express_Saver,LosAngeles,Oakland,Nacional,2.19,1985,3,3,0,22.65
pkg_400817,2024-10-22,2Day,LosAngeles,Indianapolis,Nacional,2.37,173,2,2,0,20.11
pkg_400818,2024-10-17,Ground,Chicago,Oakland,Nacional,2.19,3740,5,5,0,24.58
pkg_400819,2024-03-07,2Day,Indianapolis,Miami,Regional,4.63,657,2,3,1,24.11
pkg_400820,2024-02-12,Express_Saver,Miami,Miami,Nacional,0.96,527,3,3,0,15.51
pkg_400821,2024-05-07,Overnight,Miami,Chicago,Regional,0.22,476,1,1,0,32.1
pkg_400822,2024-01-21,Overnight,Memphis,Memphis,Regional,0.35,833,1,1,0,33.49
pkg_400823,2024-11-01,Ground,Newark,Oakland,Nacional,5.49,671,5,5,0,14.53
pkg_400824,2024-07-07,International,Indianapolis,Chicago,Internacional,2.56,242,6,6,0,37.14
pkg_400825,2024-02-18,2Day,Oakland,Indianapolis,Nacional,3.19,4286,2,2,0,37.35
pkg_400826,2024-07-05,Overnight,Indianapolis,Memphis,Nacional,1.65,835,1,3,1,34.37
pkg_400827,2024-09-22,Overnight,Indianapolis,Chicago,Nacional,4.53,2429,1,1,0,42.36
pkg_400828,2024-10-02,2Day,LosAngeles,Indianapolis,Regional,3.38,3913,2,2,0,34.45
pkg_400829,2024-04-29,Overnight,Indianapolis,Newark,Regional,3.33,2898,1,1,0,45.06
pkg_400830,2024-07-19,Ground,LosAngeles,LosAngeles,Regional,0.76,4208,5,5,0,25.19
pkg_400831,2024-05-04,Overnight,Newark,Indianapolis,Regional,1.13,67,1,1,0,31.17
pkg_400832,2024-08-30,International,LosAngeles,Miami,Internacional,0.58,3322,6,6,0,48.8
pkg_400833,2024-09-15,Express_Saver,Chicago,Newark,Nacional,5.87,1795,3,3,0,24.0
pkg_400834,2024-02-02,2Day,Chicago,Newark,Nacional,1.53,1774,2,2,0,24.92
pkg_400835,2024-02-19,Ground,LosAngeles,Memphis,Regional,0.81,1218,5,5,0,13.31
pkg_400836,2024-01-19,Express_Saver,LosAngeles,Memphis,Nacional,1.41,2745,3,3,0,25.52
pkg_400837,2024-05-24,Express_Saver,Newark,Oakland,Nacional,1.68,2536,3,3,0,24.16
pkg_400838,2024-05-06,Overnight,Indianapolis,LosAngeles,Nacional,4.26,4067,1,1,0,49.56
pkg_400839,2024-02-23,2Day,Miami,Newark,Nacional,0.82,1991,2,2,0,25.58
pkg_400840,2024-12-18,Overnight,LosAngeles,Newark,Nacional,17.23,2138,1,1,0,51.35
pkg_400841,2024-11-02,2Day,LosAngeles,Newark,Nacional,5.47,1616,2,2,0,27.82
pkg_400842,2024-08-19,Ground,Memphis,Indianapolis,Nacional,1.7,685,5,6,1,12.54
pkg_400843,2024-05-10,Ground,Chicago,Indianapolis,Regional,1.44,1734,5,5,0,16.43
pkg_400844,2024-06-13,International,Chicago,Miami,Internacional,24.57,4274,6,6,0,77.14
pkg_400845,2024-10-20,Overnight,Memphis,Newark,Nacional,10.04,3184,1,2,1,47.01
pkg_400846,2024-08-30,Overnight,LosAngeles,Newark,Nacional,6.36,3695,1,2,1,50.56
pkg_400847,2024-05-22,Ground,Indianapolis,Indianapolis,Nacional,2.25,3387,5,5,0,22.58
pkg_400848,2024-11-25,Ground,Indianapolis,Newark,Nacional,1.05,1246,5,5,0,13.93
pkg_400849,2024-10-21,International,Chicago,Chicago,Internacional,2.62,4460,6,6,0,55.07
pkg_400850,2024-06-12,2Day,Newark,Chicago,Nacional,1.53,1557,2,5,1,24.58
pkg_400851,2024-02-25,2Day,LosAngeles,Memphis,Nacional,1.07,3206,2,2,0,30.77
pkg_400852,2024-09-26,Express_Saver,Memphis,Newark,Regional,4.45,2905,3,3,0,27.58
pkg_400853,2024-05-27,Overnight,Chicago,Miami,Nacional,0.92,2709,1,1,0,41.36
pkg_400854,2024-07-24,Express_Saver,Memphis,Chicago,Nacional,0.26,3810,3,3,0,28.42
pkg_400855,2024-06-14,Overnight,Oakland,Miami,Regional,3.34,3226,1,1,0,44.9
pkg_400856,2024-10-13,Ground,Chicago,Chicago,Regional,2.23,2818,5,5,0,20.84
pkg_400857,2024-05-07,Express_Saver,Indianapolis,Oakland,Regional,3.07,1510,3,3,0,21.64
pkg_400858,2024-02-14,Express_Saver,Newark,Memphis,Regional,9.68,2832,3,3,0,31.95
pkg_400859,2024-04-14,International,Miami,Indianapolis,Internacional,8.1,279,6,6,0,40.52
pkg_400860,2024-06-07,2Day,Miami,Chicago,Nacional,6.13,2333,2,2,0,31.61
pkg_400861,2024-03-14,Overnight,LosAngeles,Indianapolis,Nacional,2.65,3954,1,1,0,47.13
pkg_400862,2024-01-08,Ground,Chicago,Oakland,Nacional,13.84,346,5,5,0,16.43
pkg_400863,2024-03-12,Ground,Newark,Chicago,Nacional,2.64,766,5,5,0,13.46
pkg_400864,2024-07-11,International,Memphis,Indianapolis,Internacional,1.74,628,6,7,1,39.13
pkg_400865,2024-03-15,International,Newark,Newark,Internacional,3.31,2427,6,6,0,48.07
pkg_400866,2024-04-13,Ground,Memphis,Oakland,Nacional,4.18,1889,5,8,1,17.29
pkg_400867,2024-02-09,Express_Saver,Memphis,Memphis,Nacional,2.27,2126,3,3,0,23.87
pkg_400868,2024-09-12,Ground,Miami,Oakland,Nacional,5.31,3928,5,5,0,27.68
pkg_400869,2024-06-20,Ground,Chicago,LosAngeles,Nacional,3.5,3666,5,5,0,25.74
pkg_400870,2024-09-26,Ground,Memphis,Oakland,Nacional,10.36,2006,5,5,0,25.58
pkg_400871,2024-09-18,Ground,Newark,LosAngeles,Regional,1.64,2321,5,5,0,18.25
pkg_400872,2024-01-23,Ground,Oakland,LosAngeles,Nacional,0.63,2801,5,5,0,19.63
pkg_400873,2024-10-16,International,Miami,Miami,Internacional,8.16,2579,6,9,1,51.0
pkg_400874,2024-09-26,2Day,Oakland,Oakland,Regional,1.68,4461,2,2,0,36.66
pkg_400875,2024-08-31,2Day,Chicago,Memphis,Nacional,27.33,2982,2,2,0,56.11
pkg_400876,2024-09-03,Overnight,Oakland,LosAngeles,Nacional,2.17,1175,1,1,0,36.46
pkg_400877,2024-12-11,2Day,Chicago,Indianapolis,Regional,2.18,2627,2,5,1,28.45
pkg_400878,2024-01-05,Ground,Chicago,Miami,Regional,2.2,3521,5,5,0,23.19
pkg_400879,2024-06-13,Ground,Newark,Chicago,Nacional,2.29,2948,5,5,0,20.78
pkg_400880,2024-04-16,2Day,Memphis,Oakland,Regional,3.72,1256,2,2,0,23.73
pkg_400881,2024-03-03,International,Indianapolis,Oakland,Internacional,1.16,3185,6,6,0,48.3
pkg_400882,2024-09-01,Ground,Memphis,Newark,Regional,3.09,875,5,5,0,13.86
pkg_400883,2024-11-12,Ground,Indianapolis,Chicago,Nacional,0.95,208,5,5,0,9.37
pkg_400884,2024-08-30,Ground,Chicago,Memphis,Nacional,2.55,1993,5,5,0,18.55
pkg_400885,2024-09-09,Express_Saver,Indianapolis,Newark,Nacional,1.08,1619,3,3,0,20.34
pkg_400886,2024-05-10,Express_Saver,Miami,Miami,Regional,5.77,190,3,3,0,18.52
pkg_400887,2024-10-27,Ground,Newark,Indianapolis,Regional,1.1,2023,5,5,0,17.0
pkg_400888,2024-04-30,Ground,Indianapolis,Indianapolis,Nacional,2.49,2563,5,5,0,20.75
pkg_400889,2024-05-07,2Day,Newark,LosAngeles,Nacional,0.98,3133,2,2,0,30.09
pkg_400890,2024-10-28,2Day,Oakland,Memphis,Nacional,2.26,3815,2,2,0,33.42
pkg_400891,2024-09-18,Overnight,LosAngeles,Miami,Nacional,4.7,3903,1,3,1,48.34
pkg_400892,2024-01-07,Express_Saver,Indianapolis,Memphis,Regional,2.7,1391,3,3,0,20.11
pkg_400893,2024-11-28,Ground,Indianapolis,Oakland,Nacional,1.49,1266,5,6,1,14.33
pkg_400894,2024-03-22,Ground,Oakland,Indianapolis,Regional,2.12,2758,5,5,0,20.74
pkg_400895,2024-01-09,2Day,LosAngeles,Newark,Regional,5.16,593,2,2,0,24.39
pkg_400896,2024-03-04,2Day,LosAngeles,Oakland,Regional,0.41,117,2,3,1,17.9
pkg_400897,2024-05-17,Ground,Oakland,Miami,Regional,1.64,4452,5,5,0,27.15
pkg_400898,2024-10-29,International,Newark,LosAngeles,Internacional,1.86,1914,6,6,0,43.58
pkg_400899,2024-11-05,2Day,LosAngeles,LosAngeles,Regional,20.22,3234,2,2,0,43.23
pkg_400900,2024-08-25,2Day,Miami,Newark,Nacional,1.64,243,2,2,0,19.65
pkg_400901,2024-03-22,Express_Saver,Memphis,Miami,Regional,0.48,2989,3,3,0,25.27
pkg_400902,2024-03-11,International,LosAngeles,Chicago,Internacional,7.09,2089,6,6,0,46.48
pkg_400903,2024-09-21,Ground,Chicago,Oakland,Nacional,8.53,2080,5,5,0,23.06
pkg_400904,2024-06-07,2Day,Oakland,Miami,Regional,9.68,1571,2,2,0,28.29
pkg_400905,2024-08-18,Ground,Newark,Newark,Nacional,7.02,750,5,5,0,16.89
pkg_400906,2024-05-23,Ground,Miami,LosAngeles,Regional,2.73,1654,5,5,0,16.43
pkg_400907,2024-10-02,Overnight,Oakland,Oakland,Nacional,1.81,1936,1,1,0,39.2
pkg_400908,2024-12-01,Ground,Newark,Newark,Regional,4.63,2107,5,5,0,18.33
pkg_400909,2024-01-04,Ground,Miami,Oakland,Nacional,0.97,1526,5,8,1,14.56
pkg_400910,2024-01-11,Overnight,Oakland,Miami,Nacional,0.47,550,1,4,1,32.48
pkg_400911,2024-11-19,International,LosAngeles,Newark,Internacional,3.51,2000,6,6,0,45.42
pkg_400912,2024-01-09,2Day,Chicago,Memphis,Nacional,1.57,4321,2,2,0,35.62
pkg_400913,2024-06-19,Express_Saver,LosAngeles,Newark,Nacional,4.84,3697,3,3,0,33.03
pkg_400914,2024-01-25,Express_Saver,Newark,Oakland,Nacional,1.54,948,3,3,0,17.82
pkg_400915,2024-09-20,Ground,Oakland,Oakland,Regional,2.64,320,5,5,0,11.74
pkg_400916,2024-07-04,Ground,Oakland,Oakland,Nacional,3.87,2996,5,5,0,23.04
pkg_400917,2024-06-29,2Day,LosAngeles,Memphis,Nacional,1.97,2522,2,2,0,28.4
pkg_400918,2024-10-05,International,Indianapolis,LosAngeles,Internacional,3.25,440,6,6,0,39.85
pkg_400919,2024-08-20,2Day,Indianapolis,Memphis,Nacional,2.77,1554,2,2,0,24.69
pkg_400920,2024-05-15,Overnight,Memphis,Chicago,Regional,1.28,1476,1,3,1,36.93
pkg_400921,2024-08-14,Overnight,Newark,Miami,Regional,15.96,3882,1,1,0,54.79
pkg_400922,2024-11-22,International,Indianapolis,Oakland,Internacional,1.87,1212,6,6,0,41.88
pkg_400923,2024-01-30,Ground,Chicago,Newark,Regional,16.34,4458,5,5,0,34.9
pkg_400924,2024-04-30,Express_Saver,Miami,Indianapolis,Regional,4.58,3762,3,3,0,31.19
pkg_400925,2024-03-20,2Day,Memphis,LosAngeles,Nacional,10.42,1088,2,2,0,32.13
pkg_400926,2024-09-03,Overnight,Memphis,Oakland,Nacional,1.02,1312,1,3,1,36.12
pkg_400927,2024-07-02,Ground,Newark,Oakland,Nacional,11.63,2574,5,5,0,23.16
pkg_400928,2024-09-23,2Day,LosAngeles,Miami,Nacional,7.94,3954,2,2,0,40.45
pkg_400929,2024-08-17,International,Chicago,Chicago,Internacional,3.4,1943,6,6,0,45.61
pkg_400930,2024-11-12,2Day,Chicago,Memphis,Nacional,4.11,505,2,2,0,20.7
pkg_400931,2024-04-26,International,Miami,Oakland,Internacional,2.48,1652,6,6,0,43.43
pkg_400932,2024-07-28,Ground,Indianapolis,LosAngeles,Regional,1.59,2992,5,5,0,21.27
pkg_400933,2024-04-12,Ground,Miami,Memphis,Regional,4.36,3386,5,5,0,25.1
pkg_400934,2024-07-07,Ground,Indianapolis,LosAngeles,Nacional,2.39,2499,5,5,0,19.39
pkg_400935,2024-09-12,2Day,Chicago,Memphis,Nacional,10.93,4387,2,2,0,43.85
pkg_400936,2024-07-04,Ground,Memphis,Chicago,Nacional,14.66,3941,5,5,0,34.7
pkg_400937,2024-09-18,Ground,Newark,Chicago,Regional,0.95,1752,5,5,0,15.98
pkg_400938,2024-12-20,Ground,Miami,Chicago,Nacional,2.64,1956,5,5,0,17.41
pkg_400939,2024-05-24,2Day,Newark,Indianapolis,Nacional,1.55,4095,2,2,0,34.1
pkg_400940,2024-09-14,Ground,Indianapolis,Newark,Nacional,15.31,3654,5,5,0,32.61
pkg_400941,2024-03-13,International,Indianapolis,Oakland,Internacional,2.43,2547,6,6,0,47.5
pkg_400942,2024-03-11,Ground,Miami,Chicago,Regional,1.91,1774,5,5,0,16.7
pkg_400943,2024-11-27,Overnight,Miami,Memphis,Nacional,2.59,73,1,1,0,32.27
pkg_400944,2024-02-02,Ground,Indianapolis,LosAngeles,Regional,3.48,4007,5,5,0,27.23
pkg_400945,2024-01-20,Ground,Chicago,Indianapolis,Regional,6.22,2402,5,5,0,20.1
pkg_400946,2024-07-05,Express_Saver,Newark,Memphis,Regional,2.48,1812,3,3,0,22.92
pkg_400947,2024-05-03,Overnight,Oakland,Newark,Nacional,0.25,169,1,1,0,30.86
pkg_400948,2024-08-08,Overnight,Indianapolis,Newark,Nacional,2.68,3009,1,1,0,43.11
pkg_400949,2024-09-27,2Day,Indianapolis,Newark,Nacional,2.69,601,2,2,0,22.15
pkg_400950,2024-12-25,International,Memphis,Miami,Internacional,1.6,1850,6,6,0,44.12
pkg_400951,2024-03-21,Express_Saver,Chicago,Oakland,Nacional,2.4,1499,3,3,0,20.58
pkg_400952,2024-06-10,Express_Saver,Memphis,Memphis,Nacional,0.59,4013,3,3,0,29.46
pkg_400953,2024-09-20,Overnight,Indianapolis,Memphis,Nacional,2.63,1266,1,1,0,37.86
pkg_400954,2024-05-24,Express_Saver,Memphis,Miami,Regional,1.26,2773,3,3,0,25.3
pkg_400955,2024-11-03,2Day,Newark,Newark,Nacional,1.41,4470,2,2,0,36.23
pkg_400956,2024-05-21,2Day,Chicago,Miami,Regional,22.09,997,2,2,0,34.9
pkg_400957,2024-06-24,Ground,Newark,Newark,Regional,1.87,3774,5,5,0,24.28
pkg_400958,2024-05-11,2Day,LosAngeles,Memphis,Nacional,2.65,3738,2,4,1,33.51
pkg_400959,2024-08-01,Ground,Memphis,Chicago,Nacional,3.02,2578,5,5,0,20.96
pkg_400960,2024-10-06,Express_Saver,LosAngeles,LosAngeles,Regional,2.5,2019,3,3,0,23.22
pkg_400961,2024-04-26,Overnight,Oakland,Oakland,Regional,5.38,4302,1,1,0,51.09
pkg_400962,2024-06-18,Ground,Newark,Oakland,Nacional,2.26,4218,5,5,0,26.27
pkg_400963,2024-09-17,Overnight,Miami,Newark,Regional,2.23,1085,1,1,0,36.43
pkg_400964,2024-03-17,Overnight,LosAngeles,LosAngeles,Regional,7.23,1607,1,1,0,42.36
pkg_400965,2024-11-09,Ground,Newark,Memphis,Nacional,4.39,4496,5,5,0,30.67
pkg_400966,2024-01-23,2Day,Memphis,Indianapolis,Nacional,1.02,819,2,2,0,21.35
pkg_400967,2024-07-18,Ground,Oakland,Miami,Nacional,2.12,925,5,5,0,13.64
pkg_400968,2024-06-12,Ground,LosAngeles,Oakland,Nacional,4.15,3974,5,5,0,26.5
pkg_400969,2024-04-05,Express_Saver,Indianapolis,Oakland,Nacional,0.66,3120,3,3,0,25.89
pkg_400970,2024-04-22,Overnight,Newark,Miami,Nacional,3.12,3128,1,1,0,45.5
pkg_400971,2024-05-05,Overnight,Chicago,Oakland,Regional,1.58,3983,1,1,0,46.57
pkg_400972,2024-05-09,International,Chicago,Miami,Internacional,3.25,2770,6,8,1,47.78
pkg_400973,2024-01-25,Express_Saver,Miami,Chicago,Regional,0.91,3552,3,3,0,28.01
pkg_400974,2024-07-06,Ground,Chicago,Indianapolis,Nacional,0.39,2015,5,5,0,16.25
pkg_400975,2024-04-20,Overnight,Miami,LosAngeles,Nacional,4.34,169,1,1,0,33.09
pkg_400976,2024-05-17,2Day,Miami,Oakland,Regional,1.62,4299,2,2,0,35.39
pkg_400977,2024-12-27,Ground,LosAngeles,Memphis,Regional,4.03,1340,5,5,0,17.45
pkg_400978,2024-09-01,2Day,LosAngeles,LosAngeles,Regional,1.96,2327,2,2,0,27.93
pkg_400979,2024-11-19,Overnight,Newark,Oakland,Regional,8.2,2044,1,4,1,46.2
pkg_400980,2024-09-06,Ground,Indianapolis,Memphis,Nacional,1.53,4364,5,5,0,27.05
pkg_400981,2024-10-04,Ground,Oakland,Miami,Nacional,8.3,4136,5,5,0,30.14
pkg_400982,2024-02-23,Ground,Newark,Miami,Regional,4.54,272,5,5,0,11.33
pkg_400983,2024-03-09,International,Chicago,Oakland,Internacional,4.5,3598,6,6,0,52.35
pkg_400984,2024-08-14,2Day,Memphis,LosAngeles,Nacional,3.24,2842,2,2,0,29.84
pkg_400985,2024-07-13,Ground,Chicago,Indianapolis,Regional,2.58,2080,5,5,0,18.17
pkg_400986,2024-09-21,Overnight,LosAngeles,LosAngeles,Nacional,3.11,1077,1,1,0,36.43
pkg_400987,2024-04-29,2Day,Miami,Miami,Regional,3.97,817,2,2,0,21.99
pkg_400988,2024-02-21,Overnight,Newark,Oakland,Regional,11.57,2465,1,1,0,47.96
pkg_400989,2024-05-22,Express_Saver,Indianapolis,Miami,Regional,13.76,991,3,3,0,31.15
pkg_400990,2024-03-28,Ground,Chicago,Newark,Nacional,3.32,621,5,5,0,13.85
pkg_400991,2024-02-17,2Day,Memphis,LosAngeles,Nacional,13.62,2438,2,2,0,32.55
pkg_400992,2024-01-07,Overnight,Miami,Chicago,Nacional,4.06,4015,1,1,0,48.09
pkg_400993,2024-03-08,Ground,Indianapolis,Miami,Regional,3.27,2181,5,5,0,18.24
pkg_400994,2024-01-26,Overnight,LosAngeles,LosAngeles,Regional,1.04,2261,1,1,0,39.85
pkg_400995,2024-05-08,Ground,LosAngeles,Miami,Nacional,5.75,699,5,5,0,14.53
pkg_400996,2024-06-24,2Day,Miami,Chicago,Nacional,8.68,1079,2,2,0,25.57
pkg_400997,2024-11-09,2Day,Memphis,Chicago,Nacional,1.15,1210,2,2,0,23.02
pkg_400998,2024-09-30,Express_Saver,Miami,Oakland,Regional,3.04,4212,3,3,0,31.75
pkg_400999,2024-03-18,Ground,Newark,LosAngeles,Regional,4.42,110,5,5,0,12.57
pkg_401000,2024-09-15,Ground,LosAngeles,Memphis,Nacional,3.83,1710,5,5,0,18.72
pkg_401001,2024-10-01,Overnight,Newark,Indianapolis,Nacional,3.97,520,1,1,0,34.19
pkg_401002,2024-09-25,International,Newark,Indianapolis,Internacional,6.15,4497,6,6,0,58.24
pkg_401003,2024-03-22,Overnight,LosAngeles,Chicago,Nacional,12.27,93,1,1,0,43.15
pkg_401004,2024-10-04,International,LosAngeles,LosAngeles,Internacional,7.52,3313,6,7,1,54.7
pkg_401005,2024-06-02,2Day,Miami,Miami,Nacional,14.53,2153,2,2,0,37.56
pkg_401006,2024-07-18,International,Indianapolis,Newark,Internacional,1.09,2830,6,9,1,47.25
pkg_401007,2024-03-18,Ground,Newark,LosAngeles,Regional,8.37,220,5,8,1,13.28
pkg_401008,2024-06-12,Ground,Indianapolis,Miami,Nacional,7.0,1667,5,5,0,19.37
pkg_401009,2024-12-01,Express_Saver,Newark,Newark,Nacional,2.18,1271,3,3,0,19.8
pkg_401010,2024-03-09,Ground,Oakland,Oakland,Regional,2.44,3807,5,5,0,24.24
pkg_401011,2024-09-29,International,Chicago,Indianapolis,Internacional,1.41,3441,6,6,0,49.66
pkg_401012,2024-12-26,Express_Saver,Newark,Miami,Nacional,2.68,2586,3,3,0,25.25
pkg_401013,2024-08-08,Ground,Newark,Oakland,Regional,5.74,4341,5,5,0,29.85
pkg_401014,2024-08-15,Overnight,Miami,Miami,Regional,2.88,262,1,1,0,32.93
pkg_401015,2024-03-25,Overnight,Memphis,Newark,Nacional,1.76,1615,1,1,0,38.13
pkg_401016,2024-04-04,Ground,LosAngeles,Oakland,Nacional,0.51,3456,5,5,0,22.04
pkg_401017,2024-04-08,International,Oakland,Miami,Internacional,0.4,2308,6,7,1,44.66
pkg_401018,2024-04-13,Express_Saver,Indianapolis,Miami,Regional,4.97,4070,3,3,0,31.46
pkg_401019,2024-09-07,Overnight,Memphis,Oakland,Regional,4.12,3984,1,1,0,50.24
pkg_401020,2024-01-20,2Day,Newark,Oakland,Regional,2.26,3974,2,2,0,33.99
pkg_401021,2024-12-23,2Day,Newark,Chicago,Nacional,2.92,3983,2,2,0,35.43
pkg_401022,2024-08-27,International,Miami,Memphis,Internacional,0.77,107,6,6,0,36.22
pkg_401023,2024-10-16,Overnight,Memphis,LosAngeles,Nacional,0.3,1683,1,1,0,36.97
pkg_401024,2024-12-03,2Day,Memphis,Indianapolis,Regional,0.72,1487,2,2,0,23.69
pkg_401025,2024-05-28,Ground,LosAngeles,Indianapolis,Regional,5.63,2792,5,5,0,23.78
pkg_401026,2024-09-09,International,Memphis,Chicago,Internacional,2.21,1908,6,6,0,45.04
pkg_401027,2024-09-01,Overnight,LosAngeles,Oakland,Regional,3.27,1485,1,1,0,38.2
pkg_401028,2024-04-28,Express_Saver,Chicago,LosAngeles,Nacional,9.17,861,3,3,0,22.17
pkg_401029,2024-11-26,Overnight,LosAngeles,Miami,Nacional,7.82,664,1,1,0,36.05
pkg_401030,2024-09-12,Ground,Newark,Newark,Regional,3.29,2831,5,5,0,20.65
pkg_401031,2024-11-30,International,Newark,Newark,Internacional,0.67,2598,6,9,1,45.81
pkg_401032,2024-09-10,Ground,LosAngeles,Miami,Nacional,3.73,1577,5,5,0,17.63
pkg_401033,2024-10-17,2Day,LosAngeles,Oakland,Nacional,5.79,2400,2,2,0,32.06
pkg_401034,2024-08-09,Overnight,Newark,Newark,Nacional,8.18,4075,1,1,0,50.4
pkg_401035,2024-03-04,Ground,Newark,Newark,Regional,3.02,1686,5,5,0,17.93
pkg_401036,2024-05-19,Express_Saver,Oakland,Newark,Nacional,2.34,2543,3,3,0,25.7
pkg_401037,2024-07-01,Ground,Chicago,Newark,Regional,3.31,2060,5,5,0,19.12
pkg_401038,2024-04-19,2Day,Oakland,Oakland,Nacional,1.57,2321,2,2,0,27.18
pkg_401039,2024-07-12,2Day,Miami,Miami,Nacional,0.91,3744,2,2,0,32.69
pkg_401040,2024-01-03,Ground,Memphis,Oakland,Nacional,4.02,3002,5,5,0,23.49
pkg_401041,2024-07-16,Ground,Newark,LosAngeles,Nacional,1.8,1945,5,6,1,17.55
pkg_401042,2024-12-13,Ground,Newark,Newark,Nacional,10.99,1192,5,5,0,23.75
pkg_401043,2024-06-09,Overnight,Oakland,Oakland,Regional,1.9,1233,1,1,0,36.14
pkg_401044,2024-07-18,2Day,Memphis,LosAngeles,Nacional,5.38,55,2,4,1,21.03
pkg_401045,2024-07-17,Express_Saver,Newark,Miami,Regional,2.23,3682,3,3,0,29.63
pkg_401046,2024-01-17,2Day,Newark,LosAngeles,Regional,1.98,917,2,2,0,22.05
pkg_401047,2024-12-10,Overnight,Chicago,Newark,Nacional,4.84,174,1,1,0,33.49
pkg_401048,2024-06-10,2Day,Newark,Miami,Nacional,9.12,597,2,2,0,27.45
pkg_401049,2024-03-14,Overnight,Memphis,LosAngeles,Regional,5.18,442,1,1,0,37.01
pkg_401050,2024-11-09,2Day,Newark,Miami,Regional,1.86,1902,2,2,0,25.85
pkg_401051,2024-07-02,Ground,Chicago,Chicago,Nacional,0.72,3817,5,5,0,23.65
pkg_401052,2024-12-20,Express_Saver,Chicago,Miami,Regional,14.34,4003,3,3,0,37.47
pkg_401053,2024-10-12,Ground,Indianapolis,Chicago,Nacional,8.97,1626,5,5,0,20.22
pkg_401054,2024-10-22,International,Chicago,Memphis,Internacional,2.34,3882,6,6,0,51.87
pkg_401055,2024-08-25,2Day,Newark,Memphis,Regional,6.86,2515,2,2,0,32.58
pkg_401056,2024-07-30,2Day,Newark,Indianapolis,Regional,4.93,4150,2,2,0,38.35
pkg_401057,2024-08-08,International,Indianapolis,Newark,Internacional,4.1,3102,6,6,0,50.02
pkg_401058,2024-06-16,2Day,Indianapolis,LosAngeles,Regional,0.69,4162,2,2,0,33.96
pkg_401059,2024-09-14,Overnight,Miami,Memphis,Nacional,3.35,1281,1,1,0,37.75
pkg_401060,2024-09-28,Ground,Indianapolis,Miami,Nacional,2.41,3586,5,5,0,23.72
pkg_401061,2024-09-30,Ground,LosAngeles,LosAngeles,Nacional,2.78,2777,5,5,0,21.12
pkg_401062,2024-11-05,Overnight,Chicago,Indianapolis,Nacional,1.38,3868,1,2,1,46.28
pkg_401063,2024-12-13,Ground,Memphis,Chicago,Regional,4.28,600,5,5,0,12.93
pkg_401064,2024-04-07,Overnight,Memphis,Oakland,Regional,5.68,2969,1,1,0,45.02
pkg_401065,2024-05-20,Ground,Miami,Memphis,Regional,0.31,2432,5,5,0,17.99
pkg_401066,2024-05-23,Ground,Indianapolis,Memphis,Regional,1.2,1643,5,5,0,15.85
pkg_401067,2024-07-05,International,Miami,Oakland,Internacional,8.81,884,6,6,0,44.29
pkg_401068,2024-09-20,International,Indianapolis,Memphis,Internacional,4.46,1976,6,6,0,47.75
pkg_401069,2024-10-24,Overnight,Chicago,LosAngeles,Nacional,2.09,4187,1,1,0,48.43
pkg_401070,2024-01-27,Ground,Memphis,Indianapolis,Nacional,1.84,1026,5,5,0,13.22
pkg_401071,2024-03-24,Overnight,Newark,LosAngeles,Regional,2.22,809,1,1,0,34.46
pkg_401072,2024-09-26,Ground,Chicago,Indianapolis,Nacional,8.78,984,5,5,0,16.99
pkg_401073,2024-11-20,Express_Saver,Chicago,Chicago,Regional,1.67,1326,3,3,0,19.04
pkg_401074,2024-04-14,Ground,LosAngeles,Miami,Nacional,2.63,1915,5,5,0,16.97
pkg_401075,2024-11-06,Ground,Indianapolis,Chicago,Nacional,7.05,3210,5,5,0,24.09
pkg_401076,2024-10-25,Overnight,Oakland,Miami,Nacional,3.46,3227,1,1,0,46.47
pkg_401077,2024-11-24,International,LosAngeles,Oakland,Internacional,4.65,4068,6,6,0,56.15
pkg_401078,2024-06-23,International,Miami,LosAngeles,Internacional,1.88,3678,6,6,0,51.34
pkg_401079,2024-05-04,Ground,Chicago,LosAngeles,Nacional,1.24,4251,5,6,1,25.62
pkg_401080,2024-10-20,Express_Saver,Indianapolis,Indianapolis,Regional,0.87,221,3,3,0,14.25
pkg_401081,2024-12-19,Ground,LosAngeles,Oakland,Regional,1.54,2477,5,5,0,19.3
pkg_401082,2024-07-30,Ground,Memphis,Oakland,Nacional,6.66,2330,5,5,0,21.53
pkg_401083,2024-06-27,2Day,Miami,Miami,Regional,1.84,1223,2,2,0,23.13
pkg_401084,2024-06-16,Ground,Oakland,Chicago,Nacional,0.83,3124,5,5,0,21.01
pkg_401085,2024-03-03,Ground,Memphis,LosAngeles,Nacional,6.21,1961,5,5,0,20.11
pkg_401086,2024-06-29,Ground,Chicago,Newark,Regional,8.34,3081,5,5,0,26.87
pkg_401087,2024-08-03,Express_Saver,Miami,Oakland,Regional,6.85,3393,3,3,0,32.08
pkg_401088,2024-06-10,2Day,Chicago,Miami,Regional,2.34,745,2,2,0,22.15
pkg_401089,2024-06-04,Overnight,Chicago,Memphis,Nacional,2.7,617,1,1,0,34.56
pkg_401090,2024-08-20,2Day,Oakland,Newark,Regional,5.85,3399,2,2,0,36.94
pkg_401091,2024-10-26,2Day,Chicago,Miami,Nacional,4.76,2787,2,2,0,33.18
pkg_401092,2024-06-10,Overnight,Miami,Newark,Nacional,0.83,3340,1,1,0,44.27
pkg_401093,2024-03-13,Ground,Memphis,Newark,Nacional,1.39,394,5,5,0,10.31
pkg_401094,2024-05-12,Ground,Memphis,LosAngeles,Regional,2.15,3440,5,5,0,23.52
pkg_401095,2024-12-09,2Day,Miami,Miami,Regional,20.96,1207,2,2,0,38.76
pkg_401096,2024-12-09,2Day,Indianapolis,Oakland,Regional,2.75,4253,2,2,0,35.49
pkg_401097,2024-08-25,2Day,Chicago,Oakland,Regional,7.25,1916,2,2,0,32.15
pkg_401098,2024-04-25,Ground,Indianapolis,LosAngeles,Nacional,4.37,1398,5,7,1,17.69
pkg_401099,2024-08-01,2Day,Oakland,Oakland,Nacional,8.58,1203,2,2,0,26.78
pkg_401100,2024-03-23,2Day,Memphis,LosAngeles,Nacional,2.4,1029,2,2,0,23.56
pkg_401101,2024-05-06,International,Miami,Indianapolis,Internacional,1.02,3927,6,6,0,51.4
pkg_401102,2024-11-25,Ground,Indianapolis,Indianapolis,Nacional,2.91,1851,5,5,0,18.56
pkg_401103,2024-01-28,Express_Saver,Indianapolis,LosAngeles,Regional,5.41,4342,3,3,0,35.92
pkg_401104,2024-03-22,Ground,Indianapolis,Miami,Nacional,3.1,3792,5,5,0,25.51
pkg_401105,2024-10-20,Express_Saver,Memphis,Memphis,Nacional,3.61,4182,3,3,0,32.86
pkg_401106,2024-06-16,Ground,Memphis,Memphis,Regional,3.4,716,5,5,0,12.73
pkg_401107,2024-04-19,2Day,Newark,Oakland,Regional,2.97,147,2,2,0,19.55
pkg_401108,2024-10-31,Express_Saver,Miami,Oakland,Regional,0.9,3205,3,3,0,26.6
pkg_401109,2024-10-24,2Day,Miami,Memphis,Regional,0.73,329,2,2,0,18.77
pkg_401110,2024-01-09,Ground,Oakland,Oakland,Regional,3.3,1887,5,5,0,17.24
pkg_401111,2024-11-23,Ground,Chicago,Indianapolis,Nacional,2.42,1077,5,5,0,13.46
pkg_401112,2024-03-05,International,Oakland,Newark,Internacional,5.37,3389,6,8,1,54.31
pkg_401113,2024-05-23,2Day,Chicago,Memphis,Nacional,3.81,4250,2,4,1,35.66
pkg_401114,2024-08-08,Express_Saver,Memphis,Memphis,Regional,8.48,358,3,3,0,22.38
pkg_401115,2024-12-09,Ground,Indianapolis,Memphis,Nacional,4.43,2574,5,5,0,22.13
pkg_401116,2024-05-21,International,Miami,Chicago,Internacional,9.4,2990,6,6,0,53.93
pkg_401117,2024-06-03,International,Indianapolis,LosAngeles,Internacional,2.58,3281,6,6,0,50.51
pkg_401118,2024-07-30,International,LosAngeles,Oakland,Internacional,8.18,337,6,6,0,42.51
pkg_401119,2024-09-28,Overnight,Memphis,Indianapolis,Regional,8.11,1834,1,1,0,45.97
pkg_401120,2024-02-09,Express_Saver,LosAngeles,Memphis,Regional,1.53,3890,3,3,0,29.17
pkg_401121,2024-02-13,Ground,Oakland,Indianapolis,Nacional,9.06,1799,5,5,0,23.21
pkg_401122,2024-12-27,Ground,Miami,Oakland,Regional,2.46,1384,5,6,1,15.05
pkg_401123,2024-01-14,Ground,Indianapolis,Oakland,Regional,0.8,4138,5,5,0,25.18
pkg_401124,2024-10-09,Overnight,LosAngeles,Chicago,Regional,0.69,3851,1,1,0,46.07
pkg_401125,2024-09-07,2Day,Newark,Memphis,Nacional,1.14,2897,2,2,0,29.7
pkg_401126,2024-07-20,Overnight,Memphis,Oakland,Regional,4.54,999,1,1,0,36.94
pkg_401127,2024-11-26,Express_Saver,LosAngeles,Oakland,Nacional,4.05,2840,3,6,1,28.48
pkg_401128,2024-01-09,Ground,LosAngeles,Indianapolis,Nacional,1.09,551,5,5,0,11.32
pkg_401129,2024-12-25,Overnight,Indianapolis,Miami,Nacional,0.96,4059,1,1,0,46.7
pkg_401130,2024-04-03,Ground,Newark,Oakland,Nacional,1.88,1900,5,5,0,16.89
pkg_401131,2024-06-30,Ground,Miami,Indianapolis,Regional,2.35,3268,5,5,0,22.94
pkg_401132,2024-08-02,Overnight,LosAngeles,Oakland,Nacional,2.43,645,1,1,0,34.28
pkg_401133,2024-07-16,Ground,Newark,Memphis,Nacional,4.51,1985,5,6,1,19.47
pkg_401134,2024-09-08,Ground,Chicago,Chicago,Regional,2.85,2791,5,5,0,21.97
pkg_401135,2024-09-07,Ground,Chicago,Oakland,Regional,2.91,890,5,5,0,13.74
pkg_401136,2024-01-22,Ground,Miami,Oakland,Nacional,0.85,2965,5,5,0,20.4
pkg_401137,2024-07-20,2Day,Memphis,Memphis,Regional,1.21,3800,2,2,0,33.35
pkg_401138,2024-11-09,2Day,Newark,Chicago,Nacional,2.99,982,2,2,0,23.47
pkg_401139,2024-10-06,Ground,LosAngeles,Indianapolis,Regional,3.35,1921,5,5,0,17.75
pkg_401140,2024-04-30,2Day,Newark,Oakland,Regional,3.12,617,2,2,0,20.96
pkg_401141,2024-03-13,International,LosAngeles,Miami,Internacional,3.22,454,6,6,0,38.28
pkg_401142,2024-07-21,International,Oakland,Chicago,Internacional,3.13,3178,6,6,0,50.4
pkg_401143,2024-07-10,Ground,Miami,Indianapolis,Nacional,3.06,2956,5,5,0,21.82
pkg_401144,2024-06-15,Express_Saver,Indianapolis,LosAngeles,Nacional,4.19,738,3,3,0,19.96
pkg_401145,2024-07-20,2Day,Newark,LosAngeles,Nacional,5.16,3657,2,2,0,36.49
pkg_401146,2024-11-24,Ground,Newark,Chicago,Nacional,5.79,566,5,5,0,16.36
pkg_401147,2024-11-30,International,Oakland,Chicago,Internacional,1.87,2742,6,7,1,47.44
pkg_401148,2024-04-15,Overnight,Chicago,Memphis,Regional,1.83,3970,1,1,0,46.97
pkg_401149,2024-07-02,2Day,Newark,Indianapolis,Regional,4.78,4261,2,2,0,39.17
pkg_401150,2024-03-30,Express_Saver,Memphis,Newark,Regional,1.57,4496,3,3,0,32.29
pkg_401151,2024-10-27,International,Oakland,Newark,Internacional,2.39,1898,6,6,0,44.71
pkg_401152,2024-08-20,Ground,LosAngeles,Indianapolis,Regional,3.37,4110,5,5,0,27.53
pkg_401153,2024-01-03,Overnight,Indianapolis,Indianapolis,Nacional,2.52,4272,1,1,0,48.65
pkg_401154,2024-09-27,International,LosAngeles,Oakland,Internacional,2.64,3877,6,6,0,52.94
pkg_401155,2024-02-23,Ground,Miami,Oakland,Regional,0.75,2940,5,5,0,20.42
pkg_401156,2024-07-21,Ground,Newark,Oakland,Regional,12.69,1992,5,5,0,23.24
pkg_401157,2024-08-17,2Day,Oakland,Miami,Nacional,1.71,4046,2,2,0,35.0
pkg_401158,2024-01-04,Ground,Newark,Oakland,Regional,4.08,3074,5,5,0,23.7
pkg_401159,2024-05-12,Ground,Indianapolis,Memphis,Nacional,2.79,1659,5,5,0,16.03
pkg_401160,2024-03-21,Express_Saver,Miami,Newark,Regional,3.66,2643,3,3,0,26.21
pkg_401161,2024-07-15,Ground,Memphis,Chicago,Regional,0.96,2987,5,5,0,20.37
pkg_401162,2024-11-13,2Day,Oakland,Chicago,Regional,1.77,4350,2,2,0,35.43
pkg_401163,2024-08-19,Overnight,Indianapolis,Indianapolis,Regional,0.61,3295,1,1,0,43.67
pkg_401164,2024-09-08,Ground,LosAngeles,Indianapolis,Regional,4.9,852,5,5,0,15.7
pkg_401165,2024-07-05,Overnight,Oakland,LosAngeles,Regional,3.35,1395,1,1,0,38.13
pkg_401166,2024-03-07,Overnight,Chicago,Miami,Nacional,8.02,2938,1,1,0,47.98
pkg_401167,2024-05-18,2Day,Memphis,Newark,Nacional,1.0,4453,2,2,0,35.69
pkg_401168,2024-03-20,2Day,Oakland,Newark,Regional,5.14,2733,2,2,0,30.42
pkg_401169,2024-04-09,2Day,Oakland,Indianapolis,Nacional,1.08,881,2,2,0,21.17
pkg_401170,2024-04-17,International,Oakland,Chicago,Internacional,1.0,2234,6,6,0,44.82
pkg_401171,2024-03-07,International,Miami,Memphis,Internacional,4.69,348,6,6,0,38.69
pkg_401172,2024-08-14,Ground,Memphis,LosAngeles,Regional,3.55,3030,5,5,0,23.05
pkg_401173,2024-01-12,Ground,LosAngeles,Newark,Nacional,2.22,1145,5,5,0,14.75
pkg_401174,2024-06-19,Express_Saver,Newark,Oakland,Nacional,1.98,517,3,3,0,16.07
pkg_401175,2024-05-05,Overnight,Oakland,Indianapolis,Nacional,2.18,552,1,1,0,33.81
pkg_401176,2024-05-21,Express_Saver,Miami,Memphis,Nacional,1.38,829,3,3,0,16.99
pkg_401177,2024-07-13,Ground,LosAngeles,Oakland,Nacional,0.95,67,5,6,1,8.67
pkg_401178,2024-09-04,Ground,Oakland,Newark,Regional,2.73,3057,5,5,0,23.21
pkg_401179,2024-06-24,Overnight,Oakland,Chicago,Nacional,2.03,1666,1,1,0,38.56
pkg_401180,2024-09-01,2Day,LosAngeles,Newark,Nacional,3.53,3543,2,4,1,34.21
pkg_401181,2024-10-12,Ground,Indianapolis,Chicago,Nacional,5.87,2574,5,5,0,22.88
pkg_401182,2024-06-28,Ground,Newark,Oakland,Regional,19.36,1502,5,5,0,25.41
pkg_401183,2024-08-31,Express_Saver,Indianapolis,Indianapolis,Nacional,1.07,908,3,3,0,17.36
pkg_401184,2024-07-22,Express_Saver,Memphis,LosAngeles,Regional,1.81,2824,3,3,0,26.25
pkg_401185,2024-11-13,Ground,Miami,Memphis,Nacional,1.04,3057,5,5,0,20.82
pkg_401186,2024-01-31,Ground,Oakland,Indianapolis,Regional,2.8,2179,5,5,0,19.04
pkg_401187,2024-09-29,2Day,Miami,Chicago,Regional,8.21,3693,2,2,0,38.27
pkg_401188,2024-09-27,Ground,Newark,Newark,Regional,2.92,1383,5,5,0,15.27
pkg_401189,2024-11-28,2Day,Memphis,Oakland,Nacional,3.9,3529,2,2,0,35.08
pkg_401190,2024-07-19,Ground,Oakland,Chicago,Nacional,0.81,2683,5,5,0,19.55
pkg_401191,2024-09-27,Ground,LosAngeles,LosAngeles,Nacional,2.02,4038,5,5,0,26.2
pkg_401192,2024-07-19,Ground,Memphis,LosAngeles,Regional,2.3,3272,5,8,1,22.9
pkg_401193,2024-03-04,Ground,Memphis,LosAngeles,Nacional,3.2,1785,5,5,0,17.98
pkg_401194,2024-03-22,Overnight,Oakland,Memphis,Nacional,4.93,1514,1,1,0,40.82
pkg_401195,2024-08-06,Ground,Miami,Indianapolis,Nacional,2.02,4395,5,5,0,27.16
pkg_401196,2024-12-20,2Day,Oakland,Chicago,Regional,2.79,1477,2,2,0,24.78
pkg_401197,2024-05-27,Ground,LosAngeles,Memphis,Nacional,1.95,350,5,5,0,11.07
pkg_401198,2024-01-18,Ground,Indianapolis,Chicago,Nacional,2.19,1771,5,5,0,17.31
pkg_401199,2024-01-10,Overnight,Miami,Oakland,Regional,7.5,2233,1,1,0,44.56
pkg_401200,2024-09-14,Overnight,Miami,Memphis,Nacional,3.32,2420,1,1,0,42.65
pkg_401201,2024-04-26,2Day,LosAngeles,Indianapolis,Nacional,1.64,1801,2,2,0,25.06
pkg_401202,2024-01-30,2Day,Oakland,Chicago,Regional,5.64,1547,2,2,0,27.05
pkg_401203,2024-05-28,Express_Saver,LosAngeles,Miami,Nacional,2.74,1094,3,3,0,19.3
pkg_401204,2024-04-11,2Day,Miami,Newark,Nacional,1.68,4059,2,2,0,34.79
pkg_401205,2024-05-19,2Day,Memphis,Miami,Nacional,9.76,2009,2,2,0,31.34
pkg_401206,2024-11-11,Ground,LosAngeles,Indianapolis,Nacional,6.43,2840,5,5,0,22.91
pkg_401207,2024-10-06,Express_Saver,Memphis,Oakland,Nacional,6.42,4204,3,4,1,35.92
pkg_401208,2024-06-23,Ground,Chicago,Memphis,Regional,1.65,2001,5,5,0,17.24
pkg_401209,2024-08-26,International,Oakland,Miami,Internacional,0.4,2162,6,6,0,43.81
pkg_401210,2024-12-09,Ground,Oakland,Indianapolis,Nacional,16.01,2194,5,5,0,25.06
pkg_401211,2024-10-29,2Day,Newark,LosAngeles,Nacional,9.74,4112,2,2,0,37.73
pkg_401212,2024-11-09,2Day,LosAngeles,Memphis,Nacional,3.06,3259,2,2,0,32.4
pkg_401213,2024-12-23,Ground,Newark,Chicago,Nacional,0.57,3728,5,5,0,23.15
pkg_401214,2024-02-14,Express_Saver,Indianapolis,Chicago,Nacional,3.13,3553,3,3,0,30.51
pkg_401215,2024-06-27,Express_Saver,LosAngeles,Memphis,Regional,0.66,4379,3,3,0,30.79
pkg_401216,2024-11-06,Overnight,LosAngeles,Miami,Nacional,7.71,3891,1,4,1,51.07
pkg_401217,2024-08-26,International,Miami,Memphis,Internacional,7.54,1381,6,6,0,45.61
pkg_401218,2024-03-14,Ground,Chicago,LosAngeles,Nacional,14.81,2756,5,5,0,32.44
pkg_401219,2024-12-01,Ground,Newark,Memphis,Nacional,0.71,3730,5,5,0,23.4
pkg_401220,2024-04-17,International,Oakland,Newark,Internacional,0.98,2512,6,6,0,45.69
pkg_401221,2024-01-24,Overnight,Memphis,Indianapolis,Nacional,9.86,669,1,1,0,38.45
pkg_401222,2024-04-10,Express_Saver,Newark,Chicago,Nacional,0.45,1770,3,3,0,20.51
pkg_401223,2024-11-01,International,LosAngeles,Newark,Internacional,0.31,2882,6,8,1,46.84
pkg_401224,2024-04-30,International,Newark,Newark,Internacional,1.69,1456,6,6,0,41.92
pkg_401225,2024-09-04,Ground,Miami,Memphis,Nacional,4.12,1594,5,5,0,18.16
pkg_401226,2024-11-08,Overnight,Oakland,LosAngeles,Regional,1.7,4195,1,1,0,47.89
pkg_401227,2024-07-11,2Day,Memphis,Chicago,Nacional,3.44,159,2,2,0,20.03
pkg_401228,2024-02-12,Ground,Memphis,Newark,Nacional,1.09,420,5,5,0,10.47
pkg_401229,2024-09-19,Ground,Oakland,Indianapolis,Nacional,2.32,4367,5,5,0,27.58
pkg_401230,2024-09-27,Ground,Oakland,Indianapolis,Nacional,8.76,4096,5,5,0,30.12
pkg_401231,2024-08-14,Express_Saver,Newark,Memphis,Regional,3.22,1979,3,3,0,24.12
pkg_401232,2024-05-09,Ground,Indianapolis,Chicago,Regional,0.86,689,5,5,0,11.25
pkg_401233,2024-08-02,2Day,Miami,Indianapolis,Nacional,4.52,2940,2,2,0,30.65
pkg_401234,2024-09-14,Ground,Memphis,Newark,Regional,1.76,4242,5,5,0,26.83
pkg_401235,2024-05-14,Ground,Indianapolis,Newark,Regional,7.02,271,5,5,0,12.45
pkg_401236,2024-02-29,2Day,Oakland,Oakland,Nacional,7.46,3298,2,2,0,35.59
pkg_401237,2024-07-30,2Day,Memphis,Indianapolis,Nacional,8.74,1863,2,2,0,30.95
pkg_401238,2024-06-01,Express_Saver,Chicago,Miami,Nacional,1.58,3261,3,3,0,27.42
pkg_401239,2024-10-10,Overnight,Memphis,Oakland,Regional,14.84,4066,1,1,0,52.58
pkg_401240,2024-10-11,Express_Saver,Miami,Memphis,Nacional,0.82,1062,3,3,0,18.0
pkg_401241,2024-04-04,Ground,Miami,Newark,Nacional,1.59,2982,5,5,0,21.11
pkg_401242,2024-09-29,Overnight,Oakland,Newark,Nacional,1.51,3338,1,1,0,44.97
pkg_401243,2024-03-30,2Day,Newark,Memphis,Regional,2.74,179,2,2,0,20.24
pkg_401244,2024-11-22,International,LosAngeles,Oakland,Internacional,2.98,1969,6,7,1,45.62
pkg_401245,2024-04-29,International,Chicago,Memphis,Internacional,1.54,3539,6,6,0,50.13
pkg_401246,2024-12-06,Ground,Oakland,Memphis,Regional,10.32,113,5,5,0,15.4
pkg_401247,2024-05-12,Ground,Memphis,LosAngeles,Regional,18.51,2707,5,5,0,35.09
pkg_401248,2024-03-10,Ground,Miami,Chicago,Nacional,5.05,2546,5,5,0,21.53
pkg_401249,2024-05-05,Express_Saver,Miami,Chicago,Regional,0.75,1671,3,3,0,20.35
pkg_401250,2024-05-27,Ground,Oakland,LosAngeles,Nacional,1.71,953,5,5,0,13.01
pkg_401251,2024-06-20,Overnight,Chicago,LosAngeles,Regional,2.03,3189,1,1,0,44.78
pkg_401252,2024-09-14,International,Oakland,Chicago,Internacional,1.4,3277,6,6,0,49.28
pkg_401253,2024-12-13,Overnight,Miami,Miami,Nacional,6.21,3859,1,1,0,52.23
pkg_401254,2024-03-07,Express_Saver,Memphis,Indianapolis,Nacional,4.23,2742,3,3,0,26.86
pkg_401255,2024-05-23,Express_Saver,Memphis,Memphis,Regional,1.4,3904,3,3,0,29.28
pkg_401256,2024-11-04,International,Memphis,Miami,Internacional,1.62,1353,6,6,0,41.34
pkg_401257,2024-08-23,Overnight,Newark,LosAngeles,Regional,1.66,2121,1,1,0,39.41
pkg_401258,2024-12-13,Ground,Memphis,Indianapolis,Nacional,4.1,1019,5,5,0,14.68
pkg_401259,2024-06-20,Overnight,LosAngeles,Memphis,Nacional,2.45,3344,1,1,0,45.27
pkg_401260,2024-01-09,Express_Saver,Chicago,Memphis,Nacional,0.83,260,3,5,1,14.59
pkg_401261,2024-04-24,Ground,Miami,Indianapolis,Nacional,4.15,3735,5,5,0,24.76
pkg_401262,2024-12-23,Overnight,Miami,LosAngeles,Nacional,2.95,116,1,1,0,33.37
pkg_401263,2024-09-08,Overnight,Miami,Memphis,Nacional,1.1,3506,1,1,0,44.7
pkg_401264,2024-01-10,International,Memphis,Miami,Internacional,7.21,3551,6,6,0,54.34
pkg_401265,2024-10-07,Express_Saver,Miami,Memphis,Nacional,1.03,3445,3,3,0,27.75
pkg_401266,2024-07-22,International,Chicago,Memphis,Internacional,1.55,687,6,6,0,38.6
pkg_401267,2024-06-28,Overnight,Chicago,Indianapolis,Nacional,1.23,1543,1,1,0,37.46
pkg_401268,2024-05-31,Express_Saver,LosAngeles,Newark,Regional,1.72,1135,3,4,1,18.99
pkg_401269,2024-11-11,Ground,LosAngeles,Memphis,Regional,1.81,989,5,5,0,13.67
pkg_401270,2024-10-03,Ground,Indianapolis,Miami,Regional,2.13,2950,5,5,0,21.56
pkg_401271,2024-03-31,Overnight,Newark,Oakland,Regional,0.78,3173,1,1,0,43.53
pkg_401272,2024-06-24,Ground,LosAngeles,Newark,Nacional,1.15,2893,5,5,0,20.08
pkg_401273,2024-06-10,Ground,Memphis,Oakland,Regional,1.82,954,5,5,0,13.42
pkg_401274,2024-11-26,Ground,Indianapolis,Newark,Nacional,0.76,2932,5,5,0,20.33
pkg_401275,2024-09-15,Ground,Indianapolis,Indianapolis,Nacional,2.2,2353,5,5,0,18.75
pkg_401276,2024-04-30,Ground,Oakland,Indianapolis,Nacional,3.03,1184,5,5,0,15.95
pkg_401277,2024-03-06,Ground,Indianapolis,Newark,Nacional,3.18,3019,5,5,0,22.65
pkg_401278,2024-03-14,International,Oakland,Chicago,Internacional,1.75,540,6,7,1,39.06
pkg_401279,2024-02-05,2Day,Indianapolis,LosAngeles,Nacional,4.98,2812,2,2,0,30.31
pkg_401280,2024-12-12,Overnight,Chicago,Oakland,Regional,4.55,4005,1,1,0,50.13
pkg_401281,2024-08-23,2Day,Chicago,Chicago,Regional,0.98,4495,2,2,0,35.72
pkg_401282,2024-09-01,International,LosAngeles,Chicago,Internacional,2.04,1956,6,6,0,44.48
pkg_401283,2024-09-09,Overnight,Memphis,LosAngeles,Nacional,4.37,392,1,1,0,35.26
pkg_401284,2024-02-01,Ground,Indianapolis,Indianapolis,Nacional,2.71,2075,5,5,0,18.76
pkg_401285,2024-12-07,Ground,Memphis,Indianapolis,Nacional,6.99,1991,5,5,0,23.09
pkg_401286,2024-12-16,2Day,Oakland,Oakland,Nacional,1.54,3805,2,4,1,33.39
pkg_401287,2024-07-17,Ground,Memphis,Memphis,Nacional,1.09,2314,5,5,0,18.18
pkg_401288,2024-03-29,International,Oakland,Newark,Internacional,4.82,3760,6,6,0,52.76
pkg_401289,2024-08-06,Overnight,Miami,Indianapolis,Regional,5.13,4437,1,1,0,50.79
pkg_401290,2024-01-11,Ground,Chicago,Miami,Nacional,1.78,4310,5,5,0,26.74
pkg_401291,2024-09-03,Overnight,Memphis,Memphis,Nacional,3.15,141,1,1,0,33.31
pkg_401292,2024-04-27,Overnight,Newark,Memphis,Regional,2.12,4476,1,1,0,49.96
pkg_401293,2024-01-20,Ground,Memphis,Miami,Regional,2.04,585,5,5,0,11.95
pkg_401294,2024-07-07,Overnight,Indianapolis,Miami,Nacional,1.5,1076,1,4,1,35.14
pkg_401295,2024-02-20,Ground,LosAngeles,Oakland,Nacional,2.29,3850,5,5,0,25.48
pkg_401296,2024-09-07,Overnight,Memphis,Chicago,Regional,16.17,984,1,1,0,44.32
pkg_401297,2024-03-07,Ground,LosAngeles,Indianapolis,Nacional,5.19,2405,5,5,0,23.12
pkg_401298,2024-06-05,Express_Saver,Indianapolis,Newark,Regional,0.68,2930,3,3,0,25.29
pkg_401299,2024-09-22,Overnight,Indianapolis,Indianapolis,Nacional,11.71,1998,1,1,0,44.05
pkg_401300,2024-04-08,Ground,Oakland,Chicago,Regional,2.21,710,5,5,0,12.28
pkg_401301,2024-08-23,Ground,Chicago,Chicago,Regional,17.05,3561,5,5,0,29.35
pkg_401302,2024-12-29,Ground,Miami,LosAngeles,Regional,4.12,3736,5,5,0,27.17
pkg_401303,2024-06-16,Ground,Memphis,LosAngeles,Nacional,2.7,2265,5,5,0,19.75
pkg_401304,2024-09-15,Ground,Oakland,Indianapolis,Regional,0.94,2001,5,5,0,16.41
pkg_401305,2024-01-28,Express_Saver,Chicago,Miami,Regional,2.49,1656,3,3,0,21.91
pkg_401306,2024-07-02,International,Chicago,Chicago,Internacional,3.38,3638,6,6,0,53.19
pkg_401307,2024-05-27,Express_Saver,Chicago,Memphis,Nacional,8.38,1839,3,3,0,26.09
pkg_401308,2024-09-22,Ground,Indianapolis,Memphis,Regional,3.91,2731,5,6,1,22.83
pkg_401309,2024-01-22,Overnight,Chicago,Memphis,Nacional,1.38,727,1,1,0,33.99
pkg_401310,2024-03-20,Express_Saver,LosAngeles,Newark,Nacional,2.14,1449,3,4,1,19.82
pkg_401311,2024-10-16,2Day,Chicago,Newark,Nacional,3.06,1416,2,2,0,25.2
pkg_401312,2024-08-21,Ground,Newark,Oakland,Regional,5.24,3067,5,5,0,23.33
pkg_401313,2024-05-15,Ground,Memphis,Memphis,Regional,7.13,85,5,5,0,14.22
pkg_401314,2024-10-19,Ground,Memphis,Indianapolis,Nacional,6.3,3341,5,5,0,25.55
pkg_401315,2024-08-15,Overnight,Chicago,Memphis,Nacional,2.09,392,1,1,0,33.37
pkg_401316,2024-12-26,Express_Saver,Newark,Oakland,Nacional,1.62,3368,3,3,0,27.87
pkg_401317,2024-01-08,Ground,Chicago,Miami,Regional,3.25,642,5,5,0,13.24
pkg_401318,2024-01-08,Express_Saver,Chicago,LosAngeles,Nacional,2.32,3329,3,3,0,27.31
pkg_401319,2024-09-10,2Day,LosAngeles,Chicago,Nacional,2.72,2064,2,2,0,26.51
pkg_401320,2024-03-29,2Day,Newark,LosAngeles,Regional,1.79,2084,2,2,0,26.2
pkg_401321,2024-03-22,Ground,Miami,Oakland,Nacional,2.39,3674,5,5,0,24.52
pkg_401322,2024-04-16,Ground,Newark,Indianapolis,Nacional,0.88,3058,5,5,0,20.66
pkg_401323,2024-01-22,Overnight,Memphis,Newark,Regional,2.19,902,1,1,0,35.1
pkg_401324,2024-03-15,Overnight,Newark,Miami,Regional,9.04,1203,1,1,0,42.8
pkg_401325,2024-01-21,Express_Saver,Memphis,Oakland,Nacional,2.58,3466,3,3,0,29.64
pkg_401326,2024-09-13,Overnight,Indianapolis,Memphis,Nacional,1.88,471,1,1,0,33.84
pkg_401327,2024-06-15,Express_Saver,Newark,Indianapolis,Nacional,5.77,1767,3,3,0,24.46
pkg_401328,2024-06-01,Ground,Indianapolis,Indianapolis,Regional,6.59,159,5,8,1,12.06
pkg_401329,2024-08-22,Ground,Newark,Newark,Nacional,15.66,4344,5,5,0,33.94
pkg_401330,2024-08-10,Ground,Chicago,LosAngeles,Nacional,2.85,110,5,5,0,10.97
pkg_401331,2024-07-08,Overnight,Oakland,Newark,Nacional,5.25,520,1,1,0,36.02
pkg_401332,2024-04-23,Overnight,Miami,Newark,Nacional,1.71,3200,1,1,0,43.48
pkg_401333,2024-04-01,Overnight,LosAngeles,Memphis,Nacional,4.28,4165,1,1,0,48.98
pkg_401334,2024-12-15,2Day,Indianapolis,LosAngeles,Regional,4.45,1293,2,2,0,24.33
pkg_401335,2024-01-15,2Day,Miami,Oakland,Regional,0.33,1052,2,2,0,21.55
pkg_401336,2024-12-17,Ground,LosAngeles,Newark,Nacional,2.12,1578,5,5,0,16.13
pkg_401337,2024-07-02,Ground,LosAngeles,Oakland,Nacional,0.98,4148,5,5,0,25.4
pkg_401338,2024-12-07,Ground,Memphis,Newark,Regional,5.23,3775,5,5,0,27.51
pkg_401339,2024-02-09,2Day,Chicago,Chicago,Nacional,0.58,1504,2,2,0,23.61
pkg_401340,2024-09-12,2Day,Miami,Newark,Nacional,4.75,492,2,2,0,23.08
pkg_401341,2024-03-16,Ground,Memphis,Newark,Nacional,1.69,2313,5,5,0,18.97
pkg_401342,2024-08-03,2Day,Memphis,Indianapolis,Nacional,2.26,1738,2,2,0,25.22
pkg_401343,2024-08-19,Ground,LosAngeles,Oakland,Nacional,5.79,1423,5,5,0,18.23
pkg_401344,2024-03-18,Overnight,Miami,Chicago,Regional,0.43,1415,1,1,0,36.06
pkg_401345,2024-12-23,Express_Saver,Memphis,Memphis,Nacional,1.28,1543,3,3,0,19.7
pkg_401346,2024-11-17,Overnight,Memphis,Oakland,Regional,1.74,902,1,1,0,34.42
pkg_401347,2024-02-08,2Day,Chicago,Miami,Nacional,6.12,2908,2,2,0,31.62
pkg_401348,2024-07-05,2Day,Miami,Memphis,Regional,5.21,4446,2,2,0,39.9
pkg_401349,2024-02-21,2Day,LosAngeles,Newark,Nacional,6.88,1540,2,2,0,27.63
pkg_401350,2024-07-25,Express_Saver,Memphis,Oakland,Nacional,0.28,1637,3,3,0,19.8
pkg_401351,2024-03-07,Overnight,Indianapolis,Miami,Nacional,3.38,1401,1,1,0,37.71
pkg_401352,2024-07-21,Ground,Memphis,Newark,Nacional,3.47,1604,5,5,0,17.35
pkg_401353,2024-12-30,2Day,LosAngeles,Newark,Nacional,4.05,3276,2,2,0,32.33
pkg_401354,2024-11-18,Overnight,Indianapolis,Chicago,Nacional,2.77,979,1,1,0,36.48
pkg_401355,2024-07-10,Overnight,LosAngeles,Miami,Regional,3.72,4497,1,1,0,50.87
pkg_401356,2024-04-30,Overnight,Indianapolis,Newark,Regional,1.48,523,1,1,0,33.34
pkg_401357,2024-09-09,International,Oakland,Memphis,Internacional,2.69,3189,6,7,1,49.61
pkg_401358,2024-02-04,Ground,Newark,Indianapolis,Nacional,2.44,3432,5,5,0,24.21
pkg_401359,2024-12-17,Ground,Newark,Newark,Nacional,1.81,362,5,5,0,10.45
pkg_401360,2024-04-01,Overnight,Miami,Newark,Regional,4.5,1720,1,1,0,41.03
pkg_401361,2024-02-18,Overnight,Newark,Memphis,Regional,2.3,3245,1,1,0,45.44
pkg_401362,2024-10-14,Ground,Newark,LosAngeles,Regional,4.25,3262,5,5,0,24.73
pkg_401363,2024-12-21,Overnight,Memphis,Newark,Regional,2.92,2871,1,4,1,42.94
pkg_401364,2024-10-08,2Day,Newark,Chicago,Regional,0.92,4144,2,2,0,34.13
pkg_401365,2024-04-18,International,Oakland,Newark,Internacional,1.06,3879,6,6,0,51.18
pkg_401366,2024-01-07,Ground,Newark,Memphis,Nacional,2.23,632,5,5,0,11.91
pkg_401367,2024-01-05,2Day,Memphis,Oakland,Nacional,3.51,452,2,2,0,22.55
pkg_401368,2024-04-06,Overnight,Indianapolis,Oakland,Regional,10.75,2232,1,1,0,47.42
pkg_401369,2024-10-29,Ground,Indianapolis,Newark,Nacional,0.74,3081,5,7,1,20.79
pkg_401370,2024-01-06,Overnight,Miami,Newark,Regional,3.4,436,1,1,0,34.71
pkg_401371,2024-05-04,International,Newark,Oakland,Internacional,14.22,246,6,6,0,46.53
pkg_401372,2024-01-01,Ground,Oakland,Oakland,Regional,1.98,59,5,5,0,9.78
pkg_401373,2024-02-23,International,Memphis,LosAngeles,Internacional,4.13,4082,6,6,0,54.44
pkg_401374,2024-06-22,2Day,LosAngeles,Chicago,Nacional,4.54,3321,2,5,1,34.43
pkg_401375,2024-01-17,Ground,Indianapolis,Miami,Regional,7.79,3935,5,7,1,27.34
pkg_401376,2024-03-06,Ground,Chicago,Oakland,Nacional,12.94,554,5,5,0,18.15
pkg_401377,2024-10-23,Overnight,Newark,Oakland,Nacional,7.15,4148,1,1,0,52.71
pkg_401378,2024-12-28,Ground,Indianapolis,Oakland,Nacional,8.45,512,5,5,0,14.64
pkg_401379,2024-09-14,2Day,Indianapolis,LosAngeles,Nacional,2.67,91,2,2,0,19.48
pkg_401380,2024-10-30,Ground,Newark,Memphis,Nacional,6.19,1954,5,5,0,21.16
pkg_401381,2024-05-12,Ground,Miami,Newark,Regional,5.09,3273,5,6,1,25.01
pkg_401382,2024-07-07,Ground,Oakland,Oakland,Nacional,3.19,3087,5,5,0,22.02
pkg_401383,2024-04-24,Express_Saver,Oakland,Chicago,Nacional,10.18,1382,3,3,0,28.2
pkg_401384,2024-11-24,Overnight,LosAngeles,Oakland,Nacional,5.32,224,1,1,0,36.41
pkg_401385,2024-11-30,Ground,Oakland,Indianapolis,Regional,3.96,1414,5,5,0,17.56
pkg_401386,2024-03-26,International,Memphis,Memphis,Internacional,0.65,3775,6,6,0,50.58
pkg_401387,2024-05-09,Ground,Oakland,Miami,Regional,0.63,1043,5,5,0,12.51
pkg_401388,2024-10-14,Overnight,Indianapolis,LosAngeles,Nacional,4.28,3749,1,1,0,49.24
pkg_401389,2024-11-22,International,Newark,Miami,Internacional,4.34,937,6,6,0,42.0
pkg_401390,2024-06-19,Overnight,Indianapolis,Oakland,Regional,1.29,3890,1,3,1,46.68
pkg_401391,2024-07-19,Express_Saver,LosAngeles,Indianapolis,Regional,3.97,2644,3,3,0,27.58
pkg_401392,2024-08-16,Ground,Memphis,Newark,Nacional,5.33,853,5,6,1,15.37
pkg_401393,2024-07-05,International,Miami,Indianapolis,Internacional,10.75,3219,6,6,0,59.51
pkg_401394,2024-09-18,Express_Saver,Chicago,LosAngeles,Nacional,1.64,3652,3,3,0,28.27
pkg_401395,2024-07-22,2Day,Indianapolis,Newark,Regional,3.28,1700,2,2,0,25.13
pkg_401396,2024-06-21,2Day,Miami,Chicago,Regional,1.64,219,2,2,0,19.42
pkg_401397,2024-07-25,Overnight,Chicago,Chicago,Nacional,0.81,4287,1,1,0,47.68
pkg_401398,2024-10-03,Ground,Newark,Indianapolis,Nacional,1.24,3882,5,5,0,24.61
pkg_401399,2024-03-11,Ground,Newark,Memphis,Regional,6.86,3049,5,5,0,26.2
pkg_401400,2024-10-21,Overnight,LosAngeles,Indianapolis,Regional,5.03,163,1,1,0,33.49
pkg_401401,2024-04-03,Overnight,Memphis,Memphis,Regional,4.03,1138,1,1,0,37.64
pkg_401402,2024-02-09,Overnight,Newark,Miami,Regional,3.24,4074,1,1,0,48.29
pkg_401403,2024-07-29,Ground,Miami,Miami,Nacional,1.44,687,5,5,0,11.9
pkg_401404,2024-12-09,Ground,Miami,Newark,Nacional,3.51,2755,5,5,0,22.7
pkg_401405,2024-04-07,Express_Saver,Indianapolis,Chicago,Nacional,1.14,2652,3,3,0,24.47
pkg_401406,2024-12-12,Overnight,Indianapolis,Memphis,Nacional,1.82,2750,1,1,0,41.83
pkg_401407,2024-08-13,Ground,Memphis,Chicago,Nacional,1.73,813,5,5,0,12.53
pkg_401408,2024-03-09,Overnight,Miami,LosAngeles,Nacional,0.92,1375,1,1,0,36.05
pkg_401409,2024-06-03,2Day,Newark,Newark,Nacional,1.36,4483,2,2,0,35.77
pkg_401410,2024-03-24,Express_Saver,Memphis,Chicago,Regional,6.91,3140,3,3,0,28.73
pkg_401411,2024-05-16,2Day,Memphis,Newark,Regional,2.35,2167,2,2,0,27.89
pkg_401412,2024-07-18,Express_Saver,Oakland,Indianapolis,Nacional,2.77,4195,3,3,0,30.92
pkg_401413,2024-04-03,2Day,Miami,Newark,Nacional,2.02,3886,2,2,0,33.69
pkg_401414,2024-09-30,Ground,Memphis,LosAngeles,Regional,2.92,4048,5,5,0,26.25
pkg_401415,2024-08-24,International,Indianapolis,Indianapolis,Internacional,4.38,4384,6,6,0,55.09
pkg_401416,2024-04-14,Ground,Memphis,Memphis,Nacional,0.33,1118,5,5,0,12.71
pkg_401417,2024-08-29,Express_Saver,Chicago,LosAngeles,Regional,6.75,4056,3,3,0,35.57
pkg_401418,2024-11-30,2Day,Miami,Memphis,Nacional,0.77,3821,2,2,0,32.91
pkg_401419,2024-05-29,Overnight,Memphis,Newark,Nacional,1.57,3530,1,1,0,45.76
pkg_401420,2024-03-02,Overnight,Miami,Memphis,Regional,9.35,2067,1,1,0,46.91
pkg_401421,2024-02-10,Express_Saver,Memphis,Oakland,Nacional,1.6,4037,3,3,0,30.36
pkg_401422,2024-03-20,Ground,Chicago,Memphis,Nacional,1.91,1148,5,5,0,14.28
pkg_401423,2024-10-09,Express_Saver,LosAngeles,Oakland,Regional,0.98,4308,3,3,0,30.79
pkg_401424,2024-03-19,Ground,Oakland,Miami,Nacional,1.97,2492,5,5,0,19.05
pkg_401425,2024-10-21,Overnight,Chicago,Indianapolis,Regional,2.15,3472,1,4,1,46.02
pkg_401426,2024-09-21,2Day,Chicago,Newark,Regional,3.9,3064,2,2,0,31.29
pkg_401427,2024-05-26,2Day,LosAngeles,Indianapolis,Nacional,1.97,4208,2,2,0,35.75
pkg_401428,2024-05-28,Ground,Oakland,LosAngeles,Nacional,3.08,3336,5,5,0,23.47
pkg_401429,2024-02-20,Express_Saver,Newark,Indianapolis,Regional,11.39,1968,3,3,0,30.0
pkg_401430,2024-04-21,Overnight,Indianapolis,LosAngeles,Regional,3.09,1745,1,1,0,38.71
pkg_401431,2024-10-16,Overnight,Newark,Indianapolis,Regional,2.5,4045,1,1,0,47.94
pkg_401432,2024-03-08,Overnight,Newark,Oakland,Regional,1.26,4392,1,1,0,48.24
pkg_401433,2024-12-17,Overnight,Chicago,Newark,Nacional,3.9,2649,1,1,0,44.28
pkg_401434,2024-09-23,Express_Saver,Miami,Newark,Regional,1.13,4440,3,3,0,31.4
pkg_401435,2024-08-20,Ground,Memphis,Miami,Nacional,1.48,2752,5,5,0,20.26
pkg_401436,2024-11-16,Overnight,Miami,Chicago,Regional,4.48,4061,1,1,0,50.65
pkg_401437,2024-10-25,International,LosAngeles,Newark,Internacional,5.56,2884,6,6,0,49.79
pkg_401438,2024-11-12,2Day,Newark,LosAngeles,Nacional,8.83,2385,2,2,0,31.73
pkg_401439,2024-12-29,Ground,Miami,LosAngeles,Nacional,2.41,2079,5,5,0,18.59
pkg_401440,2024-09-04,2Day,Chicago,Miami,Nacional,1.53,562,2,2,0,20.07
pkg_401441,2024-10-01,2Day,LosAngeles,Memphis,Regional,7.95,3418,2,2,0,34.39
pkg_401442,2024-03-15,Express_Saver,Miami,Newark,Regional,1.32,3989,3,3,0,29.97
pkg_401443,2024-10-11,Ground,LosAngeles,Miami,Regional,1.33,2188,5,5,0,17.39
pkg_401444,2024-05-04,Express_Saver,Memphis,Miami,Regional,1.3,78,3,3,0,13.96
pkg_401445,2024-09-04,2Day,Miami,Memphis,Regional,9.05,2547,2,2,0,36.07
pkg_401446,2024-01-02,Express_Saver,Newark,Newark,Nacional,5.09,3135,3,3,0,30.31
pkg_401447,2024-12-27,Ground,Memphis,Memphis,Nacional,1.79,821,5,5,0,13.25
pkg_401448,2024-12-17,Ground,Memphis,Miami,Regional,3.57,2189,5,7,1,19.96
pkg_401449,2024-05-18,2Day,Chicago,Newark,Nacional,1.88,2112,2,2,0,27.44
pkg_401450,2024-10-11,Ground,Miami,Memphis,Regional,2.03,4439,5,5,0,27.76
pkg_401451,2024-08-23,Overnight,Oakland,Memphis,Nacional,4.96,1442,1,1,0,39.37
pkg_401452,2024-12-01,Ground,LosAngeles,Newark,Regional,4.24,2750,5,5,0,21.33
pkg_401453,2024-10-18,Ground,LosAngeles,Memphis,Nacional,6.97,1358,5,5,0,16.38
pkg_401454,2024-05-25,2Day,Indianapolis,Oakland,Nacional,1.66,387,2,2,0,19.77
pkg_401455,2024-12-28,Express_Saver,LosAngeles,LosAngeles,Regional,3.07,2119,3,3,0,24.57
pkg_401456,2024-12-05,Ground,Memphis,Memphis,Nacional,1.47,78,5,5,0,9.44
pkg_401457,2024-11-13,Overnight,Chicago,Oakland,Nacional,5.24,2538,1,1,0,42.62
pkg_401458,2024-07-23,2Day,Memphis,Miami,Nacional,3.48,2396,2,2,0,28.69
pkg_401459,2024-09-14,International,Indianapolis,Miami,Internacional,0.67,1780,6,6,0,42.44
pkg_401460,2024-03-05,Overnight,Miami,LosAngeles,Regional,2.33,3186,1,1,0,43.85
pkg_401461,2024-08-11,Express_Saver,Indianapolis,LosAngeles,Regional,0.72,1305,3,3,0,18.73
pkg_401462,2024-02-09,Ground,Newark,Memphis,Nacional,5.45,2769,5,6,1,22.57
pkg_401463,2024-10-21,Overnight,Miami,Chicago,Regional,2.87,3274,1,1,0,44.67
pkg_401464,2024-03-29,International,Miami,Miami,Internacional,1.33,3458,6,6,0,49.79
pkg_401465,2024-09-08,Ground,Oakland,Indianapolis,Regional,1.96,3274,5,5,0,22.81
pkg_401466,2024-03-20,Express_Saver,Newark,Oakland,Regional,2.16,1517,3,3,0,20.34
pkg_401467,2024-10-26,Overnight,Memphis,Indianapolis,Regional,10.94,3142,1,1,0,48.95
pkg_401468,2024-12-11,International,Indianapolis,Newark,Internacional,0.73,3463,6,6,0,49.54
pkg_401469,2024-07-09,Ground,Memphis,Chicago,Regional,4.17,3464,5,5,0,26.0
pkg_401470,2024-10-12,2Day,LosAngeles,Memphis,Nacional,13.4,3351,2,2,0,42.18
pkg_401471,2024-04-24,2Day,Chicago,Oakland,Nacional,9.43,3437,2,2,0,37.18
pkg_401472,2024-04-06,Express_Saver,Chicago,Indianapolis,Nacional,1.94,2758,3,3,0,26.07
pkg_401473,2024-06-05,Ground,Miami,Oakland,Regional,3.37,2973,5,5,0,22.7
pkg_401474,2024-08-14,Ground,Memphis,Memphis,Nacional,1.81,654,5,5,0,11.71
pkg_401475,2024-10-15,Ground,Indianapolis,Miami,Regional,0.46,4140,5,5,0,24.98
pkg_401476,2024-02-07,Express_Saver,Chicago,Oakland,Nacional,1.93,2836,3,3,0,26.36
pkg_401477,2024-12-17,International,Miami,Chicago,Internacional,1.79,2161,6,6,0,45.56
pkg_401478,2024-01-01,Ground,Newark,Newark,Nacional,2.65,4445,5,5,0,28.24
pkg_401479,2024-12-27,International,Chicago,Memphis,Internacional,1.15,4267,6,6,0,52.7
pkg_401480,2024-10-28,2Day,Chicago,Chicago,Regional,4.45,3151,2,2,0,34.33
pkg_401481,2024-08-10,Express_Saver,Miami,Memphis,Regional,4.36,2502,3,3,0,25.6
pkg_401482,2024-09-20,Express_Saver,Chicago,Indianapolis,Nacional,1.14,357,3,3,0,15.0
pkg_401483,2024-08-10,Ground,Memphis,Chicago,Nacional,0.16,1036,5,5,0,12.29
pkg_401484,2024-02-29,Ground,Newark,Indianapolis,Regional,0.83,2568,5,5,0,18.92
pkg_401485,2024-02-13,Ground,Chicago,Miami,Regional,1.02,232,5,5,0,9.91
pkg_401486,2024-09-17,Ground,LosAngeles,Oakland,Regional,0.88,2601,5,5,0,18.93
pkg_401487,2024-06-06,Ground,Chicago,Miami,Nacional,3.02,2349,5,5,0,20.58
pkg_401488,2024-05-08,International,LosAngeles,LosAngeles,Internacional,6.22,2958,6,9,1,52.92
pkg_401489,2024-07-13,International,Newark,Indianapolis,Internacional,3.15,1731,6,6,0,45.09
pkg_401490,2024-04-18,International,Oakland,Newark,Internacional,0.92,784,6,6,0,39.13
pkg_401491,2024-06-13,Ground,Oakland,Memphis,Regional,2.02,1319,5,5,0,14.61
pkg_401492,2024-02-28,2Day,Miami,Memphis,Nacional,0.89,1733,2,2,0,24.75
pkg_401493,2024-03-25,2Day,Indianapolis,Miami,Nacional,1.64,4214,2,2,0,34.83
pkg_401494,2024-05-27,2Day,Memphis,Oakland,Regional,3.37,1331,2,2,0,25.95
pkg_401495,2024-07-09,Ground,Memphis,Oakland,Regional,7.04,1505,5,8,1,17.96
pkg_401496,2024-03-04,Ground,Indianapolis,Miami,Regional,1.6,2886,5,5,0,21.3
pkg_401497,2024-09-05,Ground,LosAngeles,Newark,Nacional,1.85,3908,5,5,0,24.86
pkg_401498,2024-07-19,Overnight,Chicago,LosAngeles,Nacional,1.44,2398,1,1,0,41.03
pkg_401499,2024-06-13,Ground,Memphis,Chicago,Regional,3.58,2776,5,5,0,21.61
pkg_401500,2024-06-03,2Day,Memphis,Oakland,Nacional,0.84,3388,2,2,0,31.18
pkg_401501,2024-09-04,2Day,Indianapolis,Memphis,Regional,3.08,2021,2,2,0,26.48
pkg_401502,2024-12-10,International,Newark,Oakland,Internacional,0.2,72,6,7,1,35.48
pkg_401503,2024-11-11,2Day,Indianapolis,Newark,Regional,1.97,858,2,2,0,22.47
pkg_401504,2024-06-02,Express_Saver,Memphis,Indianapolis,Nacional,5.17,1619,3,6,1,22.06
pkg_401505,2024-02-23,Overnight,Miami,LosAngeles,Nacional,1.93,264,1,1,0,32.14
pkg_401506,2024-10-06,Ground,LosAngeles,Indianapolis,Nacional,2.15,992,5,5,0,13.23
pkg_401507,2024-01-04,Ground,Indianapolis,Oakland,Regional,1.29,1162,5,5,0,13.96
pkg_401508,2024-05-03,Ground,Oakland,LosAngeles,Nacional,13.08,4150,5,5,0,35.15
pkg_401509,2024-01-07,Express_Saver,Newark,LosAngeles,Regional,5.26,3170,3,3,0,30.06
pkg_401510,2024-01-04,Ground,Newark,Memphis,Nacional,1.87,1654,5,5,0,15.83
pkg_401511,2024-01-07,Overnight,Oakland,LosAngeles,Nacional,2.93,2990,1,1,0,43.49
pkg_401512,2024-06-03,Overnight,Indianapolis,Memphis,Regional,21.05,3833,1,1,0,55.5
pkg_401513,2024-10-10,Express_Saver,Indianapolis,Chicago,Regional,2.9,2922,3,3,0,26.48
pkg_401514,2024-07-10,Overnight,Oakland,Indianapolis,Nacional,2.83,4303,1,1,0,49.87
pkg_401515,2024-04-17,Ground,Oakland,LosAngeles,Nacional,11.33,391,5,5,0,19.79
pkg_401516,2024-03-08,Ground,Newark,LosAngeles,Nacional,0.33,2523,5,5,0,18.4
pkg_401517,2024-01-29,Express_Saver,Miami,Memphis,Regional,2.79,3419,3,3,0,28.77
pkg_401518,2024-07-29,Ground,Chicago,LosAngeles,Nacional,14.22,3850,5,5,0,34.35
pkg_401519,2024-03-24,Ground,Newark,Oakland,Nacional,4.13,1118,5,8,1,15.15
pkg_401520,2024-05-11,Express_Saver,Memphis,Indianapolis,Nacional,2.93,2132,3,3,0,22.83
pkg_401521,2024-04-27,Ground,Memphis,Miami,Nacional,1.27,3092,5,5,0,21.73
pkg_401522,2024-10-03,2Day,Oakland,Memphis,Nacional,2.34,2371,2,2,0,27.92
pkg_401523,2024-12-17,Ground,Memphis,Newark,Nacional,15.37,2282,5,5,0,33.3
pkg_401524,2024-07-09,Express_Saver,Memphis,Indianapolis,Regional,1.19,3838,3,3,0,29.24
pkg_401525,2024-12-27,Ground,LosAngeles,Miami,Regional,2.44,3948,5,5,0,26.41
pkg_401526,2024-12-21,Ground,Indianapolis,LosAngeles,Nacional,2.38,4432,5,8,1,27.06
pkg_401527,2024-05-07,Ground,Oakland,Chicago,Nacional,7.48,2545,5,5,0,21.25
pkg_401528,2024-03-10,Ground,LosAngeles,Indianapolis,Nacional,1.03,4016,5,5,0,24.58
pkg_401529,2024-12-16,Ground,Oakland,Newark,Regional,18.04,246,5,5,0,21.42
pkg_401530,2024-06-22,Express_Saver,Indianapolis,Memphis,Nacional,0.17,2407,3,3,0,22.72
pkg_401531,2024-09-26,2Day,Miami,Memphis,Nacional,0.9,1501,2,2,0,23.4
pkg_401532,2024-09-25,Express_Saver,Oakland,Chicago,Nacional,1.88,3616,3,3,0,28.82
pkg_401533,2024-06-17,Express_Saver,Indianapolis,Newark,Nacional,14.23,4156,3,3,0,44.11
pkg_401534,2024-03-20,2Day,Newark,Miami,Regional,5.7,895,2,2,0,26.1
pkg_401535,2024-11-24,Express_Saver,Indianapolis,LosAngeles,Regional,1.26,623,3,4,1,16.26
pkg_401536,2024-10-13,Ground,Memphis,Oakland,Regional,1.21,2116,5,5,0,17.23
pkg_401537,2024-06-15,Overnight,Indianapolis,Miami,Nacional,4.14,3192,1,1,0,46.46
pkg_401538,2024-12-16,Express_Saver,LosAngeles,Chicago,Regional,12.16,1280,3,3,0,31.31
pkg_401539,2024-09-04,Ground,LosAngeles,LosAngeles,Nacional,12.51,785,5,5,0,19.41
pkg_401540,2024-03-28,Express_Saver,Memphis,Indianapolis,Nacional,1.2,296,3,3,0,15.46
pkg_401541,2024-02-08,Ground,LosAngeles,Miami,Regional,1.85,2315,5,5,0,18.84
pkg_401542,2024-08-08,Overnight,LosAngeles,Memphis,Regional,0.68,4190,1,2,1,47.45
pkg_401543,2024-05-03,Overnight,Memphis,Newark,Regional,3.65,3258,1,1,0,45.1
pkg_401544,2024-06-29,Ground,Chicago,LosAngeles,Nacional,2.24,2655,5,6,1,19.96
pkg_401545,2024-12-17,Ground,Memphis,LosAngeles,Regional,1.64,1188,5,5,0,13.83
pkg_401546,2024-02-06,Overnight,Miami,LosAngeles,Nacional,8.03,2641,1,1,0,43.81
pkg_401547,2024-10-25,Express_Saver,Newark,Chicago,Nacional,1.85,2954,3,3,0,26.54
pkg_401548,2024-12-21,Express_Saver,Miami,Oakland,Nacional,5.41,1190,3,4,1,20.5
pkg_401549,2024-09-12,Ground,LosAngeles,LosAngeles,Regional,13.2,3812,5,5,0,31.12
pkg_401550,2024-10-11,Express_Saver,Memphis,Chicago,Regional,0.46,99,3,3,0,13.59
pkg_401551,2024-07-14,Overnight,Memphis,Oakland,Nacional,2.99,3142,1,1,0,44.59
pkg_401552,2024-06-29,Express_Saver,Miami,Newark,Nacional,0.53,3616,3,3,0,27.86
pkg_401553,2024-02-15,Ground,Memphis,Miami,Nacional,0.39,1411,5,5,0,13.87
pkg_401554,2024-12-23,2Day,Newark,Chicago,Nacional,4.39,2526,2,2,0,29.03
pkg_401555,2024-10-09,Overnight,Chicago,Newark,Regional,1.72,4048,1,1,0,47.61
pkg_401556,2024-05-10,Ground,LosAngeles,Memphis,Nacional,0.59,286,5,5,0,9.59
pkg_401557,2024-11-05,Ground,Indianapolis,Miami,Regional,1.64,3642,5,5,0,23.64
pkg_401558,2024-06-08,Ground,LosAngeles,Miami,Nacional,2.16,1193,5,5,0,14.94
pkg_401559,2024-09-20,Overnight,Miami,Chicago,Nacional,9.84,3180,1,1,0,50.74
pkg_401560,2024-09-18,Ground,LosAngeles,Newark,Nacional,3.33,1839,5,5,0,17.75
pkg_401561,2024-11-26,Express_Saver,LosAngeles,LosAngeles,Regional,0.25,2689,3,3,0,24.0
pkg_401562,2024-12-26,Overnight,Miami,Oakland,Nacional,4.1,2506,1,1,0,43.86
pkg_401563,2024-02-11,Express_Saver,Oakland,Chicago,Regional,2.03,3902,3,3,0,29.72
pkg_401564,2024-05-04,Express_Saver,Indianapolis,Indianapolis,Regional,5.11,2852,3,3,0,27.81
pkg_401565,2024-12-29,Ground,Newark,LosAngeles,Regional,2.82,447,5,5,0,11.29
pkg_401566,2024-03-19,Overnight,Oakland,Miami,Nacional,1.23,1682,1,2,1,37.67
pkg_401567,2024-04-14,Ground,Indianapolis,Memphis,Nacional,4.41,3865,5,5,0,25.96
pkg_401568,2024-12-10,Ground,Newark,Oakland,Nacional,4.9,170,5,5,0,11.36
pkg_401569,2024-02-21,2Day,Chicago,Oakland,Regional,2.97,3036,2,2,0,31.34
pkg_401570,2024-02-05,Express_Saver,Indianapolis,LosAngeles,Regional,1.5,1311,3,3,0,18.92
pkg_401571,2024-05-04,Ground,Oakland,Memphis,Nacional,1.37,2676,5,5,0,20.05
pkg_401572,2024-07-04,Express_Saver,LosAngeles,Newark,Nacional,1.16,3492,3,3,0,27.7
pkg_401573,2024-05-21,Overnight,Miami,Oakland,Regional,1.24,4473,1,1,0,49.01
pkg_401574,2024-02-15,Ground,LosAngeles,Miami,Regional,1.08,2555,5,5,0,19.13
pkg_401575,2024-07-04,Ground,Newark,Newark,Nacional,1.05,73,5,5,0,8.98
pkg_401576,2024-05-15,Express_Saver,Chicago,Newark,Regional,0.97,601,3,3,0,15.93
pkg_401577,2024-04-06,Ground,Indianapolis,Oakland,Nacional,10.77,2969,5,5,0,26.5
pkg_401578,2024-10-13,Ground,Chicago,LosAngeles,Nacional,5.08,1395,5,5,0,18.39
pkg_401579,2024-06-18,Express_Saver,Indianapolis,Memphis,Nacional,2.42,576,3,5,1,17.38
pkg_401580,2024-06-19,Ground,Chicago,Memphis,Nacional,0.88,3302,5,5,0,21.75
pkg_401581,2024-04-22,Ground,LosAngeles,Newark,Nacional,1.33,4426,5,5,0,26.28
pkg_401582,2024-04-13,Overnight,Miami,Newark,Regional,1.19,571,1,1,0,33.07
pkg_401583,2024-05-12,Overnight,Chicago,Indianapolis,Regional,1.0,3772,1,1,0,45.99
pkg_401584,2024-02-27,Ground,Oakland,Oakland,Regional,2.14,3763,5,5,0,24.34
pkg_401585,2024-07-26,2Day,Indianapolis,Miami,Regional,6.17,3428,2,2,0,36.07
pkg_401586,2024-06-19,Ground,Oakland,Chicago,Nacional,3.7,997,5,5,0,14.7
pkg_401587,2024-01-05,Overnight,Memphis,Indianapolis,Nacional,6.84,4212,1,1,0,50.65
pkg_401588,2024-09-12,2Day,Indianapolis,Newark,Nacional,2.49,2218,2,3,1,26.87
pkg_401589,2024-09-12,2Day,Oakland,Memphis,Nacional,3.59,4271,2,2,0,37.13
pkg_401590,2024-12-17,Overnight,Memphis,Miami,Nacional,4.56,723,1,1,0,36.71
pkg_401591,2024-03-01,Overnight,Miami,Memphis,Regional,7.2,3027,1,1,0,46.45
pkg_401592,2024-02-07,Ground,Chicago,Oakland,Regional,9.02,2501,5,5,0,25.47
pkg_401593,2024-12-31,2Day,Newark,LosAngeles,Regional,14.05,3800,2,2,0,42.6
pkg_401594,2024-03-29,Ground,Indianapolis,Miami,Nacional,5.27,4331,5,5,0,28.63
pkg_401595,2024-03-31,Ground,LosAngeles,Memphis,Nacional,0.83,3145,5,5,0,20.96
pkg_401596,2024-11-23,Overnight,Chicago,Indianapolis,Nacional,5.86,2182,1,1,0,43.23
pkg_401597,2024-07-14,Ground,Chicago,LosAngeles,Regional,5.38,120,5,5,0,12.34
pkg_401598,2024-03-16,Express_Saver,LosAngeles,LosAngeles,Nacional,4.53,1691,3,3,0,22.37
pkg_401599,2024-07-18,International,Oakland,Indianapolis,Internacional,13.16,1113,6,6,0,50.4
pkg_401600,2024-10-31,Express_Saver,Newark,Chicago,Regional,5.32,4049,3,3,0,33.48
pkg_401601,2024-09-09,Ground,Oakland,LosAngeles,Nacional,0.91,814,5,5,0,11.62
pkg_401602,2024-10-22,Express_Saver,Newark,Oakland,Regional,1.49,857,3,3,0,17.64
pkg_401603,2024-02-09,Ground,LosAngeles,Miami,Nacional,2.08,4274,5,5,0,27.09
pkg_401604,2024-11-23,Overnight,Indianapolis,Newark,Nacional,1.84,3112,1,1,0,43.51
pkg_401605,2024-04-12,International,Oakland,Newark,Internacional,7.1,500,6,6,0,41.22
pkg_401606,2024-05-05,Ground,Indianapolis,Miami,Regional,1.97,51,5,5,0,10.17
pkg_401607,2024-12-25,2Day,Chicago,Oakland,Regional,3.1,4435,2,2,0,36.94
pkg_401608,2024-06-16,Ground,Chicago,Miami,Regional,2.78,3988,5,5,0,25.83
pkg_401609,2024-08-20,Ground,LosAngeles,Memphis,Regional,1.37,3758,5,5,0,24.43
pkg_401610,2024-05-15,Ground,Indianapolis,Chicago,Regional,0.83,3422,5,5,0,22.28
pkg_401611,2024-07-10,2Day,Indianapolis,Oakland,Regional,2.07,873,2,2,0,21.96
pkg_401612,2024-06-07,Ground,Chicago,Newark,Nacional,2.4,2565,5,5,0,20.51
pkg_401613,2024-02-09,Express_Saver,Indianapolis,Oakland,Regional,0.87,842,3,3,0,17.15
pkg_401614,2024-01-30,2Day,Chicago,Newark,Nacional,4.55,3255,2,2,0,32.86
pkg_401615,2024-07-08,2Day,Memphis,Indianapolis,Nacional,2.71,379,2,2,0,20.04
pkg_401616,2024-11-29,Express_Saver,Memphis,Indianapolis,Nacional,4.36,1347,3,3,0,22.99
pkg_401617,2024-02-22,International,Miami,Miami,Internacional,0.73,1192,6,6,0,40.47
pkg_401618,2024-04-11,Overnight,Chicago,Oakland,Regional,0.48,4149,1,1,0,46.81
pkg_401619,2024-06-16,Overnight,Chicago,Oakland,Nacional,2.05,1186,1,1,0,36.94
pkg_401620,2024-07-08,Overnight,LosAngeles,Chicago,Nacional,2.53,2059,1,1,0,40.87
pkg_401621,2024-08-28,2Day,Miami,Chicago,Nacional,5.55,1281,2,4,1,26.73
pkg_401622,2024-06-05,International,Indianapolis,Newark,Internacional,0.63,4383,6,8,1,53.06
pkg_401623,2024-09-21,Overnight,LosAngeles,Oakland,Regional,2.51,1466,1,1,0,37.88
pkg_401624,2024-09-30,Overnight,Miami,LosAngeles,Regional,1.66,2867,1,1,0,42.83
pkg_401625,2024-06-09,Express_Saver,Oakland,Miami,Nacional,2.23,3179,3,4,1,28.05
pkg_401626,2024-03-23,Ground,Indianapolis,Oakland,Regional,2.41,2215,5,5,0,19.07
pkg_401627,2024-02-01,Ground,Miami,Memphis,Nacional,3.65,1497,5,5,0,17.11
pkg_401628,2024-04-09,Ground,LosAngeles,Indianapolis,Nacional,2.05,130,5,5,0,9.96
pkg_401629,2024-09-05,Overnight,Chicago,Newark,Regional,2.67,1796,1,1,0,39.91
pkg_401630,2024-08-09,Ground,Memphis,Miami,Nacional,0.69,3202,5,5,0,21.2
pkg_401631,2024-11-12,Express_Saver,Oakland,Oakland,Nacional,2.56,2255,3,3,0,24.14
pkg_401632,2024-01-13,Overnight,Chicago,Oakland,Nacional,0.75,899,1,1,0,34.26
pkg_401633,2024-03-02,2Day,Memphis,Memphis,Nacional,4.16,127,2,2,0,21.01
pkg_401634,2024-04-17,2Day,Memphis,Oakland,Regional,3.23,2665,2,2,0,30.57
pkg_401635,2024-08-30,International,Indianapolis,Newark,Internacional,10.04,4490,6,6,0,57.56
pkg_401636,2024-09-23,Ground,Memphis,Newark,Nacional,8.0,428,5,5,0,15.82
pkg_401637,2024-11-09,Ground,Newark,Memphis,Regional,3.03,3726,5,5,0,24.44
pkg_401638,2024-06-12,Express_Saver,Miami,Memphis,Nacional,2.27,4031,3,3,0,30.09
pkg_401639,2024-09-18,Ground,Chicago,Newark,Regional,16.7,2383,5,5,0,25.61
pkg_401640,2024-06-27,International,Memphis,Memphis,Internacional,2.82,4172,6,6,0,52.95
pkg_401641,2024-11-04,Express_Saver,Memphis,LosAngeles,Nacional,1.27,4473,3,3,0,31.66
pkg_401642,2024-03-24,Ground,Indianapolis,Chicago,Nacional,1.27,239,5,5,0,9.8
pkg_401643,2024-01-05,Ground,Oakland,Miami,Regional,22.06,4190,5,5,0,36.27
pkg_401644,2024-04-13,Overnight,Indianapolis,Memphis,Regional,2.16,2597,1,1,0,41.63
pkg_401645,2024-10-02,Overnight,Indianapolis,Miami,Nacional,2.52,1190,1,1,0,36.88
pkg_401646,2024-05-21,International,Indianapolis,Newark,Internacional,3.44,214,6,6,0,38.03
pkg_401647,2024-01-26,Ground,Indianapolis,Newark,Regional,5.04,296,5,5,0,12.71
pkg_401648,2024-08-08,2Day,Oakland,Chicago,Regional,5.97,1559,2,2,0,28.64
pkg_401649,2024-07-02,2Day,Memphis,Newark,Nacional,2.69,107,2,2,0,20.25
pkg_401650,2024-02-10,Overnight,Miami,Memphis,Regional,3.95,1618,1,1,0,40.73
pkg_401651,2024-07-24,Ground,LosAngeles,Newark,Nacional,1.59,1041,5,5,0,13.38
pkg_401652,2024-03-20,Ground,Newark,Newark,Nacional,4.81,3920,5,5,0,25.69
pkg_401653,2024-10-06,International,Memphis,LosAngeles,Internacional,2.86,3182,6,6,0,49.71
pkg_401654,2024-04-28,Express_Saver,Miami,Newark,Nacional,10.68,3922,3,3,0,34.23
pkg_401655,2024-09-26,Overnight,Memphis,LosAngeles,Nacional,2.07,3918,1,1,0,47.15
pkg_401656,2024-09-01,International,Miami,Miami,Internacional,3.51,3988,6,8,1,54.69
pkg_401657,2024-12-09,2Day,Chicago,Miami,Nacional,0.78,2845,2,2,0,28.88
pkg_401658,2024-12-05,Ground,Memphis,LosAngeles,Nacional,2.79,778,5,5,0,14.18
pkg_401659,2024-06-13,2Day,Memphis,Newark,Nacional,0.54,695,2,2,0,20.25
pkg_401660,2024-04-24,2Day,Chicago,Oakland,Regional,4.11,2875,2,2,0,31.58
pkg_401661,2024-06-20,Express_Saver,Indianapolis,Newark,Nacional,5.35,3052,3,3,0,30.56
pkg_401662,2024-10-20,Express_Saver,Oakland,Oakland,Nacional,0.44,3836,3,3,0,28.7
pkg_401663,2024-04-20,2Day,Indianapolis,LosAngeles,Nacional,2.31,2546,2,2,0,28.25
pkg_401664,2024-07-18,Express_Saver,Indianapolis,Memphis,Nacional,28.5,502,3,3,0,45.28
pkg_401665,2024-02-27,International,Memphis,Miami,Internacional,2.31,3610,6,8,1,51.85
pkg_401666,2024-06-21,2Day,LosAngeles,Chicago,Nacional,1.17,3503,2,2,0,31.83
pkg_401667,2024-03-03,2Day,Chicago,Chicago,Regional,1.61,4151,2,2,0,34.95
pkg_401668,2024-04-05,International,Indianapolis,Chicago,Internacional,1.22,3535,6,6,0,49.83
pkg_401669,2024-01-29,2Day,Chicago,LosAngeles,Nacional,5.25,735,2,2,0,25.23
pkg_401670,2024-07-02,Ground,Newark,Indianapolis,Regional,1.78,202,5,5,0,10.22
pkg_401671,2024-07-08,2Day,Oakland,Indianapolis,Regional,2.63,2656,2,2,0,30.08
pkg_401672,2024-08-23,Overnight,Newark,Memphis,Nacional,9.43,2474,1,3,1,47.58
pkg_401673,2024-07-12,Ground,Miami,Oakland,Nacional,1.36,2944,5,5,0,20.52
pkg_401674,2024-12-07,Ground,Miami,Miami,Regional,3.91,3292,5,5,0,24.46
pkg_401675,2024-04-18,International,Chicago,Chicago,Internacional,2.98,61,6,9,1,37.06
pkg_401676,2024-08-07,Express_Saver,Memphis,Memphis,Nacional,3.0,4040,3,3,0,32.46
pkg_401677,2024-07-03,2Day,Newark,Memphis,Nacional,0.77,3846,2,2,0,32.74
pkg_401678,2024-02-13,Overnight,LosAngeles,Newark,Nacional,1.4,1495,1,1,0,36.76
pkg_401679,2024-04-11,Overnight,Newark,Oakland,Regional,5.44,3018,1,1,0,47.43
pkg_401680,2024-08-08,Ground,Oakland,Miami,Nacional,2.74,754,5,5,0,13.64
pkg_401681,2024-10-11,Ground,Memphis,LosAngeles,Nacional,1.16,1619,5,5,0,15.17
pkg_401682,2024-08-03,Overnight,Indianapolis,Indianapolis,Nacional,0.48,2443,1,1,0,39.97
pkg_401683,2024-11-10,Ground,Miami,Oakland,Nacional,4.23,2958,5,5,0,23.44
pkg_401684,2024-11-04,Overnight,LosAngeles,LosAngeles,Nacional,2.23,3816,1,1,0,47.53
pkg_401685,2024-12-02,Overnight,Indianapolis,Chicago,Nacional,0.54,1195,1,1,0,35.17
pkg_401686,2024-02-13,Express_Saver,Chicago,Indianapolis,Nacional,0.53,1896,3,3,0,21.12
pkg_401687,2024-01-02,Overnight,Miami,Miami,Nacional,1.69,3183,1,1,0,43.65
pkg_401688,2024-03-24,2Day,Indianapolis,Miami,Nacional,0.43,4349,2,2,0,34.6
pkg_401689,2024-02-25,Express_Saver,Indianapolis,Chicago,Regional,1.18,2503,3,3,0,24.07
pkg_401690,2024-09-04,Overnight,LosAngeles,Miami,Nacional,1.59,2590,1,1,0,41.52
pkg_401691,2024-08-31,International,Oakland,Indianapolis,Internacional,6.39,1343,6,6,0,44.37
pkg_401692,2024-05-27,Ground,Memphis,Memphis,Nacional,1.24,1903,5,5,0,16.28
pkg_401693,2024-12-08,Express_Saver,Memphis,Oakland,Nacional,2.78,2426,3,3,0,24.61
pkg_401694,2024-03-05,Overnight,Oakland,Oakland,Regional,2.97,2305,1,1,0,41.96
pkg_401695,2024-06-18,2Day,Chicago,Newark,Nacional,1.18,919,2,2,0,21.71
pkg_401696,2024-02-26,International,Chicago,Miami,Internacional,12.9,3239,6,6,0,56.93
pkg_401697,2024-10-01,2Day,Chicago,Memphis,Nacional,5.54,2136,2,2,0,30.23
pkg_401698,2024-04-28,2Day,Oakland,Memphis,Nacional,2.87,3597,2,2,0,34.29
pkg_401699,2024-08-25,2Day,LosAngeles,Chicago,Regional,0.9,2863,2,2,0,29.06
pkg_401700,2024-05-31,Ground,Chicago,Chicago,Regional,1.49,79,5,5,0,9.57
pkg_401701,2024-09-14,2Day,Chicago,Indianapolis,Regional,9.81,3823,2,2,0,37.3
pkg_401702,2024-05-26,Ground,Memphis,Newark,Nacional,3.41,2345,5,5,0,20.6
pkg_401703,2024-04-13,Ground,LosAngeles,Oakland,Nacional,3.4,4231,5,5,0,28.04
pkg_401704,2024-09-13,2Day,Miami,LosAngeles,Regional,0.76,1074,2,2,0,21.61
pkg_401705,2024-04-13,Express_Saver,LosAngeles,Memphis,Nacional,2.13,2229,3,3,0,23.39
pkg_401706,2024-08-26,International,Miami,Memphis,Internacional,3.85,270,6,6,0,37.98
pkg_401707,2024-09-24,Overnight,LosAngeles,Oakland,Nacional,4.52,3010,1,1,0,46.85
pkg_401708,2024-03-22,2Day,Indianapolis,Chicago,Nacional,4.4,560,2,2,0,22.37
pkg_401709,2024-02-21,Ground,Memphis,Indianapolis,Regional,2.26,1903,5,5,0,17.48
pkg_401710,2024-11-19,2Day,Memphis,Indianapolis,Nacional,3.89,3718,2,2,0,36.09
pkg_401711,2024-04-18,Overnight,Oakland,Chicago,Nacional,1.21,685,1,1,0,33.35
pkg_401712,2024-03-24,Ground,Indianapolis,Oakland,Nacional,0.63,933,5,5,0,12.34
pkg_401713,2024-09-12,Ground,Miami,Chicago,Nacional,2.31,3487,5,5,0,23.96
pkg_401714,2024-06-25,Express_Saver,Indianapolis,LosAngeles,Nacional,1.99,4129,3,3,0,31.24
pkg_401715,2024-09-25,Ground,Indianapolis,Oakland,Nacional,3.2,2333,5,5,0,19.5
pkg_401716,2024-05-29,2Day,LosAngeles,Oakland,Nacional,2.32,3634,2,5,1,32.67
pkg_401717,2024-03-30,Ground,Chicago,Oakland,Regional,1.64,1990,5,7,1,17.6
pkg_401718,2024-11-16,Ground,Chicago,Chicago,Nacional,0.82,1885,5,5,0,16.37
pkg_401719,2024-05-05,2Day,Indianapolis,Miami,Regional,2.31,2635,2,2,0,29.12
pkg_401720,2024-02-16,2Day,Indianapolis,Chicago,Nacional,1.21,2546,2,2,0,28.34
pkg_401721,2024-06-05,2Day,Indianapolis,Newark,Nacional,0.81,1747,2,2,0,24.72
pkg_401722,2024-02-21,Express_Saver,Newark,Memphis,Nacional,3.55,1335,3,3,0,21.13
pkg_401723,2024-01-06,Ground,Indianapolis,Indianapolis,Nacional,1.03,175,5,5,0,9.45
pkg_401724,2024-06-28,Ground,Newark,Memphis,Regional,1.04,2312,5,5,0,17.91
pkg_401725,2024-06-30,Ground,Miami,Miami,Nacional,1.82,3513,5,5,0,22.78
pkg_401726,2024-03-05,2Day,Indianapolis,Miami,Regional,6.15,2178,2,2,0,32.19
pkg_401727,2024-12-02,Overnight,Miami,Miami,Regional,12.73,703,1,1,0,46.36
pkg_401728,2024-11-22,2Day,Newark,LosAngeles,Regional,4.43,3908,2,2,0,35.55
pkg_401729,2024-08-23,Ground,Chicago,LosAngeles,Nacional,2.45,1355,5,7,1,15.53
pkg_401730,2024-02-21,Ground,Newark,Chicago,Nacional,12.71,2341,5,5,0,27.03
pkg_401731,2024-07-02,Overnight,Memphis,Chicago,Nacional,3.94,1256,1,1,0,39.35
pkg_401732,2024-06-09,Ground,Memphis,Oakland,Regional,0.99,2319,5,5,0,17.97
pkg_401733,2024-03-31,Overnight,LosAngeles,LosAngeles,Regional,7.47,2798,1,1,0,49.06
pkg_401734,2024-10-31,Ground,Indianapolis,Memphis,Nacional,1.85,870,5,5,0,13.36
pkg_401735,2024-02-25,Overnight,Indianapolis,Memphis,Regional,3.42,2781,1,1,0,42.9
pkg_401736,2024-11-03,International,Indianapolis,Memphis,Internacional,2.16,4426,6,6,0,54.17
pkg_401737,2024-04-26,Overnight,LosAngeles,Newark,Nacional,8.02,2943,1,1,0,49.85
pkg_401738,2024-10-05,International,Memphis,LosAngeles,Internacional,5.43,1948,6,6,0,46.69
pkg_401739,2024-10-16,Ground,Miami,Indianapolis,Nacional,2.32,1285,5,5,0,14.64
pkg_401740,2024-08-18,2Day,Memphis,LosAngeles,Regional,5.58,3537,2,2,0,36.37
pkg_401741,2024-12-05,2Day,Miami,Newark,Nacional,1.44,148,2,2,0,18.32
pkg_401742,2024-02-14,International,Memphis,Newark,Internacional,11.71,4033,6,6,0,60.38
pkg_401743,2024-01-23,Overnight,Chicago,Indianapolis,Regional,12.73,960,1,1,0,39.62
pkg_401744,2024-05-06,Ground,Newark,Newark,Nacional,14.6,3067,5,5,0,28.93
pkg_401745,2024-08-10,2Day,Oakland,Newark,Nacional,1.87,3446,2,2,0,32.62
pkg_401746,2024-05-24,Express_Saver,Miami,Newark,Nacional,3.74,1010,3,3,0,19.55
pkg_401747,2024-05-28,2Day,Memphis,LosAngeles,Regional,4.55,2428,2,2,0,31.61
pkg_401748,2024-11-18,Ground,Memphis,Indianapolis,Regional,3.15,828,5,5,0,14.19
pkg_401749,2024-10-30,2Day,Miami,Oakland,Nacional,2.34,299,2,2,0,20.51
pkg_401750,2024-11-22,Overnight,Chicago,Memphis,Regional,1.62,2424,1,2,1,41.19
pkg_401751,2024-03-20,Express_Saver,Miami,Oakland,Regional,3.95,3132,3,3,0,28.42
pkg_401752,2024-05-30,Express_Saver,Newark,Oakland,Nacional,1.3,1933,3,3,0,21.57
pkg_401753,2024-06-04,Ground,LosAngeles,Indianapolis,Regional,2.02,1766,5,5,0,16.69
pkg_401754,2024-04-29,Ground,Indianapolis,Oakland,Regional,3.38,3710,5,5,0,26.53
pkg_401755,2024-03-15,2Day,Indianapolis,LosAngeles,Regional,1.44,837,2,2,0,21.82
pkg_401756,2024-03-14,Express_Saver,LosAngeles,Miami,Nacional,6.67,3093,3,3,0,30.25
pkg_401757,2024-01-02,2Day,Indianapolis,Oakland,Nacional,15.84,77,2,2,0,31.37
pkg_401758,2024-04-19,International,LosAngeles,Miami,Internacional,0.71,2921,6,6,0,47.2
pkg_401759,2024-12-23,Ground,Memphis,Oakland,Regional,0.66,4328,5,5,0,25.61
pkg_401760,2024-03-14,Overnight,Oakland,LosAngeles,Nacional,3.0,2735,1,1,0,42.19
pkg_401761,2024-12-17,Express_Saver,Newark,Memphis,Nacional,1.57,2504,3,3,0,24.03
pkg_401762,2024-09-27,Overnight,Memphis,LosAngeles,Regional,1.98,808,1,1,0,34.23
pkg_401763,2024-09-21,2Day,Newark,Indianapolis,Regional,7.74,123,2,2,0,25.97
pkg_401764,2024-01-25,Express_Saver,Oakland,Oakland,Nacional,2.72,324,3,3,0,16.06
pkg_401765,2024-10-05,Ground,Memphis,Oakland,Nacional,0.76,3734,5,5,0,23.45
pkg_401766,2024-11-27,Express_Saver,Memphis,Memphis,Nacional,4.15,1006,3,5,1,19.17
pkg_401767,2024-10-19,Ground,Oakland,Indianapolis,Regional,10.28,1667,5,5,0,19.69
pkg_401768,2024-02-13,Express_Saver,Oakland,Memphis,Nacional,8.97,2298,3,3,0,29.19
pkg_401769,2024-12-06,Express_Saver,Chicago,Chicago,Nacional,3.86,2847,3,3,0,28.46
pkg_401770,2024-02-16,2Day,LosAngeles,Miami,Regional,5.67,3433,2,2,0,36.17
pkg_401771,2024-04-19,Express_Saver,Oakland,Indianapolis,Regional,0.5,567,3,3,0,15.76
pkg_401772,2024-02-28,Ground,LosAngeles,Memphis,Nacional,2.73,3811,5,7,1,26.18
pkg_401773,2024-08-28,Express_Saver,Indianapolis,Newark,Regional,2.32,1155,3,3,0,20.02
pkg_401774,2024-05-21,Ground,Newark,Oakland,Nacional,3.04,3178,5,6,1,22.37
pkg_401775,2024-06-19,Overnight,LosAngeles,Memphis,Regional,1.37,1319,1,1,0,36.04
pkg_401776,2024-01-21,International,Memphis,Indianapolis,Internacional,15.08,682,6,8,1,45.01
pkg_401777,2024-03-01,2Day,Newark,Indianapolis,Regional,0.97,1093,2,2,0,21.88
pkg_401778,2024-03-27,Ground,Memphis,Indianapolis,Nacional,10.96,2779,5,5,0,25.66
pkg_401779,2024-11-01,2Day,Chicago,Memphis,Nacional,2.72,1627,2,2,0,24.61
pkg_401780,2024-12-11,Express_Saver,Chicago,LosAngeles,Nacional,1.66,3322,3,3,0,27.44
pkg_401781,2024-05-08,International,Oakland,Memphis,Internacional,1.83,2437,6,6,0,46.11
pkg_401782,2024-08-27,Express_Saver,Indianapolis,LosAngeles,Nacional,1.44,2761,3,3,0,25.14
pkg_401783,2024-08-21,Ground,Newark,Oakland,Nacional,1.92,2964,5,5,0,21.36
pkg_401784,2024-11-30,Overnight,Memphis,LosAngeles,Nacional,7.04,3342,1,1,0,49.87
pkg_401785,2024-04-24,Overnight,Indianapolis,Oakland,Nacional,1.54,3027,1,1,0,43.79
pkg_401786,2024-04-01,Overnight,LosAngeles,Oakland,Regional,5.98,283,1,1,0,34.11
pkg_401787,2024-06-19,Overnight,LosAngeles,Newark,Nacional,7.73,1859,1,3,1,44.3
pkg_401788,2024-02-05,Overnight,Miami,Chicago,Nacional,4.41,3876,1,1,0,47.88
pkg_401789,2024-08-15,Ground,Newark,LosAngeles,Nacional,1.78,1978,5,5,0,17.74
pkg_401790,2024-04-17,2Day,Indianapolis,Miami,Regional,3.95,3681,2,2,0,34.86
pkg_401791,2024-11-26,Overnight,Oakland,Newark,Nacional,7.93,4488,1,1,0,56.49
pkg_401792,2024-12-07,Ground,Chicago,Chicago,Regional,3.25,1539,5,5,0,15.48
pkg_401793,2024-11-23,Express_Saver,Indianapolis,Oakland,Nacional,1.94,1064,3,3,0,19.34
pkg_401794,2024-07-26,International,Indianapolis,Miami,Internacional,4.76,86,6,9,1,37.75
pkg_401795,2024-04-18,Ground,Oakland,Newark,Nacional,5.98,3082,5,5,0,24.07
pkg_401796,2024-03-21,2Day,Oakland,LosAngeles,Nacional,1.22,3928,2,2,0,34.04
pkg_401797,2024-04-05,Ground,Miami,Memphis,Nacional,1.41,4090,5,5,0,25.37
pkg_401798,2024-03-17,Express_Saver,Oakland,Oakland,Nacional,2.46,4435,3,3,0,32.93
pkg_401799,2024-11-06,Overnight,Memphis,Oakland,Nacional,5.86,479,1,1,0,37.66
pkg_401800,2024-02-18,Ground,Indianapolis,Miami,Regional,1.3,3980,5,5,0,25.11
pkg_401801,2024-03-02,Ground,LosAngeles,Oakland,Nacional,1.34,997,5,7,1,12.55
pkg_401802,2024-07-30,2Day,Oakland,Chicago,Nacional,1.01,4041,2,2,0,34.04
pkg_401803,2024-11-28,Overnight,Miami,Chicago,Nacional,1.24,2325,1,1,0,39.97
pkg_401804,2024-05-01,Ground,Indianapolis,LosAngeles,Regional,2.57,1596,5,5,0,15.46
pkg_401805,2024-10-17,Express_Saver,Miami,Miami,Regional,9.56,1154,3,3,0,27.26
pkg_401806,2024-11-27,Ground,LosAngeles,Memphis,Nacional,3.71,184,5,5,0,11.8
pkg_401807,2024-06-27,2Day,Indianapolis,Indianapolis,Nacional,1.33,2124,2,3,1,26.19
pkg_401808,2024-08-22,Ground,Newark,Memphis,Nacional,3.77,1438,5,5,0,15.98
pkg_401809,2024-05-21,2Day,Indianapolis,Memphis,Nacional,0.4,3970,2,2,0,33.26
pkg_401810,2024-03-20,International,Indianapolis,Newark,Internacional,1.2,621,6,6,0,38.37
pkg_401811,2024-09-06,International,Indianapolis,Newark,Internacional,4.47,4325,6,6,0,56.68
pkg_401812,2024-04-06,Express_Saver,Miami,Oakland,Nacional,3.94,3060,3,3,0,27.11
pkg_401813,2024-11-19,Ground,Oakland,Memphis,Nacional,1.05,1848,5,5,0,15.86
pkg_401814,2024-01-26,Express_Saver,Newark,Miami,Nacional,1.94,1480,3,3,0,19.88
pkg_401815,2024-01-29,Ground,LosAngeles,Memphis,Nacional,2.1,2194,5,5,0,17.92
pkg_401816,2024-04-02,Ground,Newark,Indianapolis,Nacional,2.3,3741,5,8,1,24.09
pkg_401817,2024-05-08,Ground,Newark,Memphis,Regional,2.93,2069,5,5,0,17.78
pkg_401818,2024-01-10,2Day,Chicago,Indianapolis,Nacional,1.34,624,2,2,0,20.52
pkg_401819,2024-06-07,2Day,Chicago,Indianapolis,Regional,1.29,3511,2,2,0,31.8
pkg_401820,2024-01-10,Express_Saver,Newark,Memphis,Regional,1.34,2803,3,3,0,24.97
pkg_401821,2024-05-14,Ground,Memphis,Indianapolis,Regional,1.99,646,5,5,0,11.89
pkg_401822,2024-12-20,Ground,Oakland,Newark,Nacional,0.9,1371,5,5,0,14.11
pkg_401823,2024-02-06,Ground,Miami,Chicago,Nacional,1.99,3768,5,5,0,24.89
pkg_401824,2024-02-08,Overnight,Memphis,Miami,Nacional,5.1,2093,1,1,0,43.66
pkg_401825,2024-02-09,Express_Saver,Miami,Indianapolis,Regional,2.49,3377,3,3,0,29.21
pkg_401826,2024-04-04,Overnight,Indianapolis,Indianapolis,Nacional,1.54,689,1,1,0,33.72
pkg_401827,2024-02-13,Overnight,Indianapolis,Oakland,Nacional,4.58,3554,1,1,0,47.75
pkg_401828,2024-07-01,International,Miami,LosAngeles,Internacional,0.77,521,6,7,1,37.82
pkg_401829,2024-11-14,Ground,Oakland,Chicago,Nacional,1.79,3339,5,5,0,22.49
pkg_401830,2024-12-29,Overnight,Oakland,Chicago,Regional,3.74,3918,1,1,0,49.75
pkg_401831,2024-07-10,2Day,Chicago,Indianapolis,Nacional,1.66,1701,2,2,0,25.59
pkg_401832,2024-11-23,Express_Saver,Indianapolis,LosAngeles,Regional,2.99,3585,3,3,0,29.88
pkg_401833,2024-08-15,Ground,Memphis,LosAngeles,Nacional,2.1,2128,5,5,0,18.26
pkg_401834,2024-12-03,Overnight,Chicago,Oakland,Nacional,0.96,3522,1,3,1,45.12
pkg_401835,2024-11-14,2Day,Oakland,Chicago,Nacional,0.41,4143,2,2,0,33.77
pkg_401836,2024-04-04,Overnight,Oakland,Chicago,Nacional,1.57,1521,1,1,0,37.58
pkg_401837,2024-06-16,Overnight,Chicago,Oakland,Regional,1.08,2784,1,1,0,41.69
pkg_401838,2024-04-20,Ground,Indianapolis,Chicago,Nacional,2.68,2228,5,6,1,18.47
pkg_401839,2024-03-25,Overnight,LosAngeles,Memphis,Regional,2.01,631,1,1,0,34.45
pkg_401840,2024-01-31,Ground,LosAngeles,LosAngeles,Nacional,4.98,2466,5,5,0,20.45
pkg_401841,2024-02-14,2Day,Oakland,Miami,Regional,12.87,875,2,2,0,31.14
pkg_401842,2024-05-18,Ground,Chicago,Chicago,Nacional,2.24,2542,5,5,0,20.52
pkg_401843,2024-07-20,Ground,Miami,Newark,Regional,0.39,3948,5,5,0,24.22
pkg_401844,2024-05-07,Express_Saver,Miami,Oakland,Nacional,2.19,543,3,3,0,16.09
pkg_401845,2024-04-25,2Day,LosAngeles,Chicago,Nacional,1.08,799,2,2,0,20.63
pkg_401846,2024-07-11,Ground,Memphis,Memphis,Nacional,10.25,632,5,5,0,17.12
pkg_401847,2024-02-15,Overnight,Indianapolis,Memphis,Nacional,28.97,3924,1,1,0,72.96
pkg_401848,2024-07-07,Overnight,Newark,Newark,Regional,1.59,3378,1,1,0,45.24
pkg_401849,2024-02-02,Ground,Oakland,Indianapolis,Regional,2.81,727,5,5,0,13.06
pkg_401850,2024-10-10,2Day,Indianapolis,Miami,Regional,0.64,981,2,2,0,21.48
pkg_401851,2024-10-04,International,Memphis,LosAngeles,Internacional,1.51,2790,6,6,0,47.64
pkg_401852,2024-07-04,Ground,Miami,Newark,Nacional,1.38,169,5,5,0,9.81
pkg_401853,2024-03-02,Ground,Miami,LosAngeles,Regional,0.83,2511,5,5,0,18.71
pkg_401854,2024-05-24,Ground,Newark,Newark,Regional,12.67,2419,5,5,0,31.08
pkg_401855,2024-04-24,2Day,Oakland,Memphis,Nacional,3.46,1920,2,2,0,27.65
pkg_401856,2024-04-26,Ground,Memphis,Miami,Nacional,7.64,3156,5,5,0,25.79
pkg_401857,2024-02-28,Express_Saver,Miami,LosAngeles,Nacional,1.39,3949,3,3,0,29.93
pkg_401858,2024-07-30,Express_Saver,Indianapolis,Chicago,Regional,2.95,1224,3,3,0,20.23
pkg_401859,2024-08-21,Overnight,Indianapolis,Oakland,Nacional,1.62,2846,1,1,0,42.31
pkg_401860,2024-05-09,Ground,Indianapolis,Memphis,Nacional,3.77,1449,5,5,0,17.34
pkg_401861,2024-08-10,Ground,Memphis,Miami,Nacional,4.61,2691,5,5,0,23.71
pkg_401862,2024-06-29,Overnight,Miami,Miami,Regional,3.65,3601,1,1,0,47.15
pkg_401863,2024-11-05,2Day,LosAngeles,Memphis,Regional,4.37,3638,2,2,0,33.59
pkg_401864,2024-12-28,Ground,Memphis,Oakland,Regional,3.15,404,5,5,0,10.97
pkg_401865,2024-07-04,Ground,Oakland,Oakland,Regional,1.78,3334,5,5,0,22.68
pkg_401866,2024-12-15,Overnight,Chicago,Miami,Regional,0.41,2308,1,1,0,39.61
pkg_401867,2024-05-12,Ground,Indianapolis,Oakland,Nacional,0.32,1139,5,5,0,12.73
pkg_401868,2024-02-22,Ground,Memphis,Chicago,Nacional,2.52,958,5,5,0,14.31
pkg_401869,2024-02-19,Express_Saver,Newark,Indianapolis,Nacional,0.94,749,3,3,0,16.97
pkg_401870,2024-12-17,2Day,Oakland,Oakland,Regional,2.57,1609,2,2,0,24.77
pkg_401871,2024-05-08,Ground,Indianapolis,Memphis,Regional,1.14,1494,5,5,0,14.83
pkg_401872,2024-06-02,Ground,Newark,Chicago,Regional,1.62,4062,5,5,0,25.91
pkg_401873,2024-05-23,Express_Saver,Chicago,Indianapolis,Regional,3.11,809,3,3,0,18.7
pkg_401874,2024-07-16,2Day,Memphis,Miami,Regional,2.47,4271,2,2,0,35.78
pkg_401875,2024-02-07,Express_Saver,Newark,LosAngeles,Regional,3.38,1674,3,3,0,23.41
pkg_401876,2024-06-11,Ground,LosAngeles,Memphis,Nacional,1.35,57,5,5,0,9.25
pkg_401877,2024-04-28,International,Newark,LosAngeles,Internacional,3.01,3019,6,6,0,49.77
pkg_401878,2024-06-25,Ground,Miami,LosAngeles,Nacional,4.46,3986,5,5,0,27.02
pkg_401879,2024-09-15,2Day,LosAngeles,Miami,Regional,2.47,3132,2,2,0,30.87
pkg_401880,2024-03-08,Overnight,Oakland,LosAngeles,Regional,1.73,3981,1,1,0,47.71
pkg_401881,2024-03-24,International,LosAngeles,Newark,Internacional,5.84,3758,6,6,0,53.96
pkg_401882,2024-07-25,Ground,Chicago,Indianapolis,Regional,7.59,2735,5,5,0,26.44
pkg_401883,2024-04-18,Express_Saver,Chicago,Newark,Nacional,1.46,3149,3,3,0,26.2
pkg_401884,2024-12-15,Express_Saver,Chicago,Indianapolis,Regional,2.31,2089,3,3,0,23.75
pkg_401885,2024-01-22,2Day,Miami,Memphis,Regional,1.12,3642,2,2,0,32.8
pkg_401886,2024-09-25,Ground,Miami,Indianapolis,Regional,2.69,150,5,5,0,10.39
pkg_401887,2024-09-17,2Day,Indianapolis,LosAngeles,Nacional,11.75,2073,2,2,0,35.56
pkg_401888,2024-03-02,2Day,Indianapolis,Memphis,Regional,10.83,2949,2,2,0,37.93
pkg_401889,2024-05-18,Express_Saver,Chicago,Miami,Regional,4.11,3553,3,3,0,29.69
pkg_401890,2024-12-01,2Day,Indianapolis,LosAngeles,Regional,2.58,1519,2,2,0,25.05
pkg_401891,2024-06-23,Ground,LosAngeles,Memphis,Nacional,3.52,3401,5,5,0,24.45
pkg_401892,2024-09-30,Ground,Miami,Chicago,Nacional,18.07,1707,5,5,0,32.53
pkg_401893,2024-06-06,Ground,LosAngeles,Chicago,Nacional,15.43,3676,5,5,0,29.39
pkg_401894,2024-05-09,2Day,Oakland,LosAngeles,Regional,1.68,610,2,4,1,20.72
pkg_401895,2024-05-19,Overnight,Oakland,Chicago,Nacional,7.17,521,1,1,0,37.14
pkg_401896,2024-10-02,Ground,Oakland,Chicago,Regional,3.27,2539,5,5,0,21.04
pkg_401897,2024-06-05,Ground,Newark,LosAngeles,Nacional,2.44,2103,5,5,0,18.38
pkg_401898,2024-01-22,Express_Saver,Indianapolis,Memphis,Nacional,2.68,3850,3,3,0,29.49
pkg_401899,2024-08-27,Express_Saver,Memphis,Oakland,Nacional,4.42,888,3,3,0,18.42
pkg_401900,2024-06-23,Express_Saver,Oakland,LosAngeles,Nacional,5.0,2340,3,5,1,25.21
pkg_401901,2024-03-22,International,Chicago,Newark,Internacional,6.82,3890,6,6,0,55.12
pkg_401902,2024-07-10,Ground,LosAngeles,Chicago,Nacional,22.15,2066,5,5,0,26.1
pkg_401903,2024-05-26,Overnight,Chicago,LosAngeles,Nacional,1.43,3091,1,1,0,43.48
pkg_401904,2024-02-11,Ground,Newark,Chicago,Nacional,0.61,1555,5,5,0,14.83
pkg_401905,2024-12-22,Ground,Chicago,Newark,Regional,44.28,2585,5,5,0,43.84
pkg_401906,2024-02-19,Ground,Oakland,Newark,Nacional,2.13,221,5,5,0,10.98
pkg_401907,2024-06-12,International,Oakland,LosAngeles,Internacional,4.54,2935,6,6,0,51.45
pkg_401908,2024-02-24,Overnight,Chicago,Oakland,Regional,1.25,3082,1,1,0,43.66
pkg_401909,2024-07-21,Ground,Newark,Miami,Regional,1.26,3822,5,5,0,24.46
pkg_401910,2024-04-19,Ground,LosAngeles,LosAngeles,Regional,2.47,3861,5,5,0,24.83
pkg_401911,2024-11-02,Ground,Newark,LosAngeles,Nacional,3.21,3687,5,5,0,25.32
pkg_401912,2024-04-23,2Day,Indianapolis,Chicago,Nacional,1.66,945,2,2,0,22.42
pkg_401913,2024-03-10,Ground,Memphis,Oakland,Regional,3.89,3256,5,5,0,23.43
pkg_401914,2024-03-09,International,Indianapolis,Miami,Internacional,3.63,2842,6,6,0,49.67
pkg_401915,2024-10-17,Overnight,Chicago,LosAngeles,Regional,5.69,3421,1,1,0,48.03
pkg_401916,2024-12-24,Overnight,Chicago,Indianapolis,Nacional,4.31,2537,1,1,0,44.09
pkg_401917,2024-12-22,Express_Saver,Memphis,Newark,Regional,4.58,1464,3,3,0,20.73
pkg_401918,2024-04-14,2Day,Chicago,LosAngeles,Nacional,5.95,2736,2,2,0,31.16
pkg_401919,2024-01-21,Express_Saver,Indianapolis,Newark,Nacional,2.58,4254,3,5,1,31.17
pkg_401920,2024-01-15,Ground,Chicago,Indianapolis,Nacional,0.59,3071,5,5,0,20.52
pkg_401921,2024-12-13,Ground,Newark,Memphis,Regional,2.99,1096,5,5,0,13.59
pkg_401922,2024-05-27,Express_Saver,Miami,Oakland,Regional,1.16,1291,3,3,0,18.69
pkg_401923,2024-11-30,Ground,Miami,Chicago,Regional,2.58,3753,5,5,0,25.49
pkg_401924,2024-12-30,International,Memphis,Chicago,Internacional,4.24,4088,6,6,0,53.56
pkg_401925,2024-07-13,Express_Saver,Miami,Chicago,Nacional,10.04,2055,3,3,0,26.34
pkg_401926,2024-04-10,Ground,Oakland,Memphis,Nacional,0.84,1910,5,5,0,16.33
pkg_401927,2024-07-24,Express_Saver,Chicago,Memphis,Nacional,7.88,3982,3,4,1,37.36
pkg_401928,2024-10-20,Ground,Oakland,Miami,Nacional,1.25,2444,5,5,0,19.14
pkg_401929,2024-12-15,2Day,Oakland,Miami,Nacional,2.06,205,2,2,0,18.76
pkg_401930,2024-05-21,Ground,Oakland,LosAngeles,Regional,3.79,879,5,5,0,15.32
pkg_401931,2024-03-12,Express_Saver,Oakland,LosAngeles,Nacional,1.87,2879,3,3,0,25.57
pkg_401932,2024-12-30,Ground,Chicago,Memphis,Nacional,1.07,1988,5,5,0,17.0
pkg_401933,2024-05-05,Express_Saver,Oakland,Memphis,Nacional,4.29,2721,3,3,0,26.77
pkg_401934,2024-11-18,Overnight,Oakland,Chicago,Regional,20.2,1240,1,1,0,51.14
pkg_401935,2024-02-16,International,Memphis,Miami,Internacional,1.86,3504,6,6,0,50.35
pkg_401936,2024-03-08,Overnight,Chicago,Indianapolis,Regional,5.75,1985,1,1,0,43.76
pkg_401937,2024-12-04,International,Chicago,Miami,Internacional,2.51,4079,6,6,0,52.54
pkg_401938,2024-10-22,Overnight,Newark,Newark,Nacional,5.45,668,1,1,0,36.97
pkg_401939,2024-05-29,Ground,Oakland,Newark,Nacional,2.22,498,5,5,0,11.4
pkg_401940,2024-08-03,Overnight,Miami,Miami,Nacional,3.71,2691,1,1,0,42.82
pkg_401941,2024-11-24,Overnight,Miami,LosAngeles,Regional,2.75,913,1,1,0,36.17
pkg_401942,2024-01-20,International,Indianapolis,Chicago,Internacional,5.28,3718,6,6,0,54.56
pkg_401943,2024-11-09,Overnight,Oakland,Memphis,Regional,1.95,468,1,1,0,33.66
pkg_401944,2024-10-20,Express_Saver,Newark,Indianapolis,Regional,1.16,3140,3,3,0,26.2
pkg_401945,2024-09-09,Overnight,Newark,Newark,Nacional,6.82,605,1,1,0,38.99
pkg_401946,2024-04-02,Ground,Oakland,Memphis,Regional,1.87,3390,5,5,0,23.23
pkg_401947,2024-09-14,Ground,Indianapolis,Memphis,Nacional,0.57,608,5,5,0,10.93
pkg_401948,2024-07-18,Ground,Memphis,LosAngeles,Regional,1.3,1983,5,5,0,17.13
pkg_401949,2024-08-11,2Day,Indianapolis,Memphis,Nacional,10.16,1237,2,2,0,30.69
pkg_401950,2024-03-26,2Day,Memphis,LosAngeles,Regional,2.49,2915,2,2,0,31.29
pkg_401951,2024-06-13,Overnight,Oakland,Newark,Nacional,1.96,680,1,1,0,34.66
pkg_401952,2024-05-05,Overnight,Miami,Newark,Regional,1.65,993,1,1,0,35.21
pkg_401953,2024-09-15,Overnight,Miami,Oakland,Nacional,5.45,3680,1,1,0,50.27
pkg_401954,2024-01-19,International,Chicago,Indianapolis,Internacional,3.14,1119,6,6,0,41.77
pkg_401955,2024-09-02,Overnight,Chicago,Newark,Nacional,2.19,4180,1,1,0,48.78
pkg_401956,2024-12-28,Overnight,Miami,Miami,Regional,6.26,94,1,1,0,35.66
pkg_401957,2024-04-25,Ground,Newark,Oakland,Nacional,8.23,2773,5,5,0,24.12
pkg_401958,2024-08-23,2Day,Newark,LosAngeles,Regional,2.8,2797,2,2,0,29.74
pkg_401959,2024-08-12,2Day,Indianapolis,Indianapolis,Nacional,3.7,478,2,2,0,21.32
pkg_401960,2024-09-17,International,Miami,Chicago,Internacional,2.21,3566,6,6,0,51.08
pkg_401961,2024-01-08,Overnight,Chicago,Chicago,Nacional,3.91,2515,1,3,1,42.43
pkg_401962,2024-06-09,Overnight,Memphis,Oakland,Regional,0.72,3114,1,4,1,43.17
pkg_401963,2024-09-23,2Day,Indianapolis,Newark,Regional,0.8,2349,2,2,0,27.01
pkg_401964,2024-03-07,Ground,Indianapolis,Indianapolis,Nacional,11.46,407,5,5,0,16.15
pkg_401965,2024-04-11,Express_Saver,Indianapolis,Memphis,Regional,8.68,1045,3,3,0,25.38
pkg_401966,2024-04-24,2Day,Oakland,Newark,Regional,1.3,2125,2,2,0,26.28
pkg_401967,2024-02-19,Express_Saver,Miami,Miami,Regional,2.26,4173,3,3,0,31.63
pkg_401968,2024-03-13,2Day,Chicago,Indianapolis,Nacional,0.54,4176,2,2,0,34.13
pkg_401969,2024-09-26,International,Chicago,LosAngeles,Internacional,9.28,3828,6,6,0,60.36
pkg_401970,2024-08-12,Overnight,Oakland,Oakland,Nacional,3.47,1997,1,4,1,40.25
pkg_401971,2024-09-30,Express_Saver,Miami,Newark,Regional,2.12,691,3,3,0,18.08
pkg_401972,2024-11-03,2Day,Miami,LosAngeles,Nacional,0.75,3024,2,2,0,29.42
pkg_401973,2024-04-26,Ground,LosAngeles,Chicago,Regional,17.19,773,5,5,0,28.57
pkg_401974,2024-05-05,Ground,Memphis,LosAngeles,Regional,8.07,1018,5,5,0,16.91
pkg_401975,2024-06-08,International,LosAngeles,Chicago,Internacional,1.21,2947,6,9,1,47.79
pkg_401976,2024-05-12,Overnight,Memphis,Memphis,Regional,6.06,1226,1,1,0,40.07
pkg_401977,2024-10-29,Ground,Newark,Indianapolis,Nacional,11.66,2330,5,8,1,22.91
pkg_401978,2024-11-13,2Day,Memphis,Newark,Nacional,5.93,1462,2,2,0,25.59
pkg_401979,2024-05-24,Ground,Miami,Chicago,Regional,9.52,617,5,5,0,20.41
pkg_401980,2024-04-20,2Day,Chicago,Miami,Regional,7.42,2072,2,5,1,32.03
pkg_401981,2024-07-18,Ground,Indianapolis,Oakland,Nacional,10.79,3168,5,5,0,32.33
pkg_401982,2024-06-02,Ground,Newark,Miami,Nacional,5.65,2782,5,5,0,22.75
pkg_401983,2024-08-29,Ground,Newark,Chicago,Regional,7.41,848,5,5,0,14.59
pkg_401984,2024-11-17,Express_Saver,Chicago,LosAngeles,Nacional,4.44,2512,3,3,0,27.07
pkg_401985,2024-06-29,Overnight,Miami,LosAngeles,Nacional,19.5,3350,1,1,0,61.37
pkg_401986,2024-10-10,2Day,Chicago,Memphis,Regional,1.4,1253,2,2,0,23.07
pkg_401987,2024-12-09,Ground,Oakland,Newark,Nacional,2.0,2794,5,5,0,21.12
pkg_401988,2024-08-27,2Day,Oakland,Newark,Regional,3.07,2753,2,2,0,30.02
pkg_401989,2024-01-13,International,Chicago,Newark,Internacional,2.32,3620,6,6,0,51.09
pkg_401990,2024-12-17,2Day,Chicago,Newark,Nacional,17.41,3054,2,2,0,37.11
pkg_401991,2024-04-19,2Day,Newark,LosAngeles,Nacional,1.62,1472,2,2,0,24.48
pkg_401992,2024-09-08,Overnight,Indianapolis,LosAngeles,Nacional,1.15,3867,1,1,0,46.43
pkg_401993,2024-07-01,Ground,Miami,Newark,Nacional,5.64,549,5,5,0,14.65
pkg_401994,2024-06-18,Ground,Memphis,LosAngeles,Regional,7.26,2061,5,5,0,21.6
pkg_401995,2024-01-26,Ground,Memphis,Chicago,Nacional,4.26,2727,5,5,0,22.42
pkg_401996,2024-08-14,Ground,LosAngeles,Newark,Nacional,1.52,1596,5,5,0,15.28
pkg_401997,2024-07-09,Overnight,Chicago,Indianapolis,Nacional,3.05,482,1,1,0,33.91
pkg_401998,2024-02-01,Overnight,Newark,Miami,Nacional,2.0,1122,1,1,0,36.48
pkg_401999,2024-03-26,Express_Saver,Memphis,Memphis,Nacional,8.14,4027,3,3,0,37.46
